
############# Contextual Self-Modulation #############

Jax version: 0.4.28
Available devices: [cuda(id=0)]
Created a new run folder at: ./runs/241026-122758/
Completed copied scripts 
Created a new adaptation folder at: ./runs/241026-122758/adapt/

Using 64 environments to estimate the global training loss function ...


Total number of parameters in the model: 1979958
Total number of parameters in one context: 128

Loading model and results from ./runs/241026-122758/ folder ...

WARNING: No training history found at all. Using tens.
WARNING: No validation history found at all. Using ten.
WARNING: No optimiser state found in the provided path.
No checkpoints or error when attempting to load training configs - '[Errno 2] No such file or directory: 'runs/241026-122758/model.eqx'' - Starting from scratch ...


=== Beginning Meta-Training ... ===
    Number of examples in a batch along envs: 64
    Maximum number of batches (along envs): 1
    Total number of epochs: 1
    Number of outer minimizations: 2000
    Maximum numbers of inner steps per outer minimizations: (1, 1)
    Training on 1 batches
    Validating on 1 batches
     ### Compiling function "train_step" for the model ...  
    Minimizing coefficient of variation in the loss function ...
     ### Compiling function "train_step" for the contexts ...  
    Minimizing coefficient of variation in the loss function ...
12:29:23      Epoch:   0      Batch:   0      OuterStep:   0      LossModel: 1.24459445     LossTerm2: 0.00000000      Time/Step(s): 83.7289Term3 quantities: 
 [[0.33333334 0.33333334 0.33333334 0.         0.         0.        ]
 [0.33333334 0.33333334 0.33333334 0.         0.         0.        ]
 [0.33333334 0.33333334 0.33333334 0.         0.         0.        ]
 [0.33333334 0.33333334 0.33333334 0.         0.         0.        ]
 [0.33333334 0.33333334 0.33333334 0.         0.         0.        ]
 [0.33333334 0.33333334 0.33333334 0.         0.         0.        ]
 [0.33333334 0.33333334 0.33333334 0.         0.         0.        ]
 [0.33333334 0.33333334 0.33333334 0.         0.         0.        ]
 [0.33333334 0.33333334 0.33333334 0.         0.         0.        ]
 [0.33333334 0.33333334 0.33333334 0.         0.         0.        ]
 [0.33333334 0.33333334 0.33333334 0.         0.         0.        ]
 [0.33333334 0.33333334 0.33333334 0.         0.         0.        ]
 [0.33333334 0.33333334 0.33333334 0.         0.         0.        ]
 [0.33333334 0.33333334 0.33333334 0.         0.         0.        ]
 [0.33333334 0.33333334 0.33333334 0.         0.         0.        ]
 [0.33333334 0.33333334 0.33333334 0.         0.         0.        ]
 [0.33333334 0.33333334 0.33333334 0.         0.         0.        ]
 [0.33333334 0.33333334 0.33333334 0.         0.         0.        ]
 [0.33333334 0.33333334 0.33333334 0.         0.         0.        ]
 [0.33333334 0.33333334 0.33333334 0.         0.         0.        ]
 [0.33333334 0.33333334 0.33333334 0.         0.         0.        ]
 [0.33333334 0.33333334 0.33333334 0.         0.         0.        ]
 [0.33333334 0.33333334 0.33333334 0.         0.         0.        ]
 [0.33333334 0.33333334 0.33333334 0.         0.         0.        ]
 [0.33333334 0.33333334 0.33333334 0.         0.         0.        ]
 [0.33333334 0.33333334 0.33333334 0.         0.         0.        ]
 [0.33333334 0.33333334 0.33333334 0.         0.         0.        ]
 [0.33333334 0.33333334 0.33333334 0.         0.         0.        ]
 [0.33333334 0.33333334 0.33333334 0.         0.         0.        ]
 [0.33333334 0.33333334 0.33333334 0.         0.         0.        ]
 [0.33333334 0.33333334 0.33333334 0.         0.         0.        ]
 [0.33333334 0.33333334 0.33333334 0.         0.         0.        ]
 [0.33333334 0.33333334 0.33333334 0.         0.         0.        ]
 [0.33333334 0.33333334 0.33333334 0.         0.         0.        ]
 [0.33333334 0.33333334 0.33333334 0.         0.         0.        ]
 [0.33333334 0.33333334 0.33333334 0.         0.         0.        ]
 [0.33333334 0.33333334 0.33333334 0.         0.         0.        ]
 [0.33333334 0.33333334 0.33333334 0.         0.         0.        ]
 [0.33333334 0.33333334 0.33333334 0.         0.         0.        ]
 [0.33333334 0.33333334 0.33333334 0.         0.         0.        ]
 [0.33333334 0.33333334 0.33333334 0.         0.         0.        ]
 [0.33333334 0.33333334 0.33333334 0.         0.         0.        ]
 [0.33333334 0.33333334 0.33333334 0.         0.         0.        ]
 [0.33333334 0.33333334 0.33333334 0.         0.         0.        ]
 [0.33333334 0.33333334 0.33333334 0.         0.         0.        ]
 [0.33333334 0.33333334 0.33333334 0.         0.         0.        ]
 [0.33333334 0.33333334 0.33333334 0.         0.         0.        ]
 [0.33333334 0.33333334 0.33333334 0.         0.         0.        ]
 [0.33333334 0.33333334 0.33333334 0.         0.         0.        ]
 [0.33333334 0.33333334 0.33333334 0.         0.         0.        ]
 [0.33333334 0.33333334 0.33333334 0.         0.         0.        ]
 [0.33333334 0.33333334 0.33333334 0.         0.         0.        ]
 [0.33333334 0.33333334 0.33333334 0.         0.         0.        ]
 [0.33333334 0.33333334 0.33333334 0.         0.         0.        ]
 [0.33333334 0.33333334 0.33333334 0.         0.         0.        ]
 [0.33333334 0.33333334 0.33333334 0.         0.         0.        ]
 [0.33333334 0.33333334 0.33333334 0.         0.         0.        ]
 [0.33333334 0.33333334 0.33333334 0.         0.         0.        ]
 [0.33333334 0.33333334 0.33333334 0.         0.         0.        ]
 [0.33333334 0.33333334 0.33333334 0.         0.         0.        ]
 [0.33333334 0.33333334 0.33333334 0.         0.         0.        ]
 [0.33333334 0.33333334 0.33333334 0.         0.         0.        ]
 [0.33333334 0.33333334 0.33333334 0.         0.         0.        ]
 [0.33333334 0.33333334 0.33333334 0.         0.         0.        ]]
12:29:33      Epoch:   0      Batch:   0      OuterStep:  10      LossModel: 0.16872627     LossTerm2: 0.00000000      Time/Step(s): 0.9536Term3 quantities: 
 [[0.33325586 0.33337688 0.         0.         0.33336726 0.        ]
 [0.         0.33334932 0.         0.         0.33339295 0.3332577 ]
 [0.         0.33337182 0.         0.         0.3334011  0.3332271 ]
 [0.         0.         0.33392507 0.33306605 0.         0.3330089 ]
 [0.         0.         0.33391795 0.33307955 0.         0.33300248]
 [0.         0.33318865 0.33359322 0.         0.33321813 0.        ]
 [0.33335057 0.3332682  0.         0.33338118 0.         0.        ]
 [0.         0.         0.33395374 0.33301854 0.         0.33302766]
 [0.         0.         0.33396253 0.33302975 0.         0.33300775]
 [0.33324042 0.33337337 0.         0.         0.33338627 0.        ]
 [0.33321202 0.3333882  0.         0.         0.3333998  0.        ]
 [0.33321196 0.33338833 0.         0.         0.33339968 0.        ]
 [0.3333154  0.33335808 0.         0.         0.33332655 0.        ]
 [0.         0.         0.33382642 0.3331573  0.         0.33301625]
 [0.33326665 0.3333775  0.         0.         0.3333559  0.        ]
 [0.         0.         0.33393255 0.33303615 0.         0.3330313 ]
 [0.         0.         0.33370954 0.33325058 0.         0.3330399 ]
 [0.         0.33337435 0.         0.         0.33340454 0.33322117]
 [0.         0.         0.33387387 0.         0.33306167 0.3330645 ]
 [0.         0.         0.33378172 0.33320057 0.         0.33301777]
 [0.3333264  0.         0.         0.33345443 0.         0.33321914]
 [0.         0.         0.33396944 0.33304188 0.         0.3329887 ]
 [0.         0.         0.33356196 0.33335078 0.         0.33308727]
 [0.33324113 0.         0.         0.33356562 0.         0.3331933 ]
 [0.         0.         0.33370206 0.3332553  0.         0.3330427 ]
 [0.         0.33309525 0.33379138 0.         0.33311334 0.        ]
 [0.         0.33324626 0.33347198 0.         0.3332817  0.        ]
 [0.         0.33334646 0.33326077 0.         0.33339286 0.        ]
 [0.         0.33333763 0.33327854 0.         0.33338383 0.        ]
 [0.33334574 0.33324313 0.         0.33341113 0.         0.        ]
 [0.         0.33337325 0.         0.         0.3334038  0.33322293]
 [0.         0.         0.33358604 0.3333346  0.         0.3330794 ]
 [0.33323398 0.         0.3331948  0.3335712  0.         0.        ]
 [0.3332424  0.         0.33320162 0.333556   0.         0.        ]
 [0.33323058 0.         0.33324105 0.3335284  0.         0.        ]
 [0.3332364  0.         0.33320218 0.33356148 0.         0.        ]
 [0.33325353 0.         0.         0.3335574  0.         0.33318913]
 [0.33316487 0.         0.33338827 0.33344692 0.         0.        ]
 [0.33323625 0.         0.33320233 0.33356145 0.         0.        ]
 [0.33319423 0.         0.33329716 0.33350858 0.         0.        ]
 [0.33314237 0.         0.33342698 0.3334307  0.         0.        ]
 [0.33325008 0.         0.         0.33354136 0.         0.3332086 ]
 [0.3332372  0.         0.         0.33357254 0.         0.33319026]
 [0.33325192 0.         0.         0.33355686 0.         0.33319125]
 [0.3332419  0.         0.33320743 0.33355066 0.         0.        ]
 [0.33321947 0.         0.33325094 0.33352965 0.         0.        ]
 [0.33322945 0.         0.33319756 0.333573   0.         0.        ]
 [0.33321422 0.         0.33325547 0.33353028 0.         0.        ]
 [0.3333065  0.         0.         0.33347768 0.         0.3332159 ]
 [0.3332914  0.         0.         0.33350858 0.         0.33319998]
 [0.33327475 0.         0.         0.33353096 0.         0.3331943 ]
 [0.33332777 0.         0.         0.3334527  0.         0.3332195 ]
 [0.3332917  0.         0.         0.33350778 0.         0.33320054]
 [0.33326903 0.         0.         0.3335353  0.         0.33319566]
 [0.33331278 0.         0.         0.33347812 0.         0.33320916]
 [0.33332002 0.         0.         0.33346614 0.         0.33321387]
 [0.33325952 0.         0.         0.33354056 0.         0.33319998]
 [0.33333555 0.         0.         0.33343625 0.         0.3332282 ]
 [0.3332756  0.         0.         0.3335     0.         0.33322445]
 [0.33325547 0.         0.         0.3335364  0.         0.33320817]
 [0.33333907 0.         0.         0.3334297  0.         0.33323124]
 [0.3333336  0.         0.         0.333443   0.         0.33322343]
 [0.3332751  0.         0.         0.33352566 0.         0.33319923]
 [0.3333434  0.3332388  0.         0.3334178  0.         0.        ]]
12:29:42      Epoch:   0      Batch:   0      OuterStep:  20      LossModel: 0.15324262     LossTerm2: 0.00000000      Time/Step(s): 0.9452Term3 quantities: 
 [[0.33368033 0.33332208 0.         0.33299756 0.         0.        ]
 [0.         0.33326533 0.         0.         0.33356023 0.33317444]
 [0.         0.33339036 0.         0.         0.33355215 0.33305743]
 [0.         0.         0.3340652  0.         0.332754   0.3331809 ]
 [0.         0.         0.33398828 0.3328743  0.         0.33313742]
 [0.         0.         0.33367    0.         0.33317646 0.33315364]
 [0.33370137 0.3327725  0.         0.33352607 0.         0.        ]
 [0.         0.         0.33438382 0.         0.33252582 0.3330904 ]
 [0.         0.         0.33436292 0.3325526  0.         0.33308446]
 [0.33337116 0.33337098 0.         0.         0.33325785 0.        ]
 [0.33313242 0.3334798  0.         0.         0.33338785 0.        ]
 [0.3330984  0.3334895  0.         0.         0.33341205 0.        ]
 [0.33366278 0.3330761  0.         0.3332611  0.         0.        ]
 [0.         0.         0.33348972 0.33359793 0.         0.3329124 ]
 [0.3338075  0.33334386 0.         0.         0.33284873 0.        ]
 [0.         0.         0.33413398 0.3326758  0.         0.33319023]
 [0.         0.         0.33314717 0.33421373 0.         0.33263916]
 [0.         0.3333821  0.         0.         0.3337153  0.33290267]
 [0.         0.         0.3345552  0.         0.3325365  0.33290833]
 [0.         0.         0.33351064 0.33378237 0.         0.33270705]
 [0.33350652 0.33239925 0.         0.33409423 0.         0.        ]
 [0.         0.         0.33477178 0.         0.33228862 0.33293957]
 [0.33282182 0.         0.33271804 0.33446014 0.         0.        ]
 [0.33303297 0.         0.         0.3347602  0.         0.33220693]
 [0.         0.         0.3330968  0.33425966 0.         0.33264354]
 [0.         0.         0.3342319  0.         0.33283967 0.33292842]
 [0.         0.33321527 0.33327442 0.         0.33351034 0.        ]
 [0.         0.3332715  0.         0.         0.33370915 0.3330193 ]
 [0.         0.3332415  0.         0.         0.33371717 0.3330414 ]
 [0.3336044  0.33257946 0.         0.33381623 0.         0.        ]
 [0.         0.33336398 0.         0.         0.33367223 0.33296373]
 [0.33282924 0.         0.33278555 0.33438522 0.         0.        ]
 [0.33282077 0.         0.33222726 0.334952   0.         0.        ]
 [0.33291805 0.         0.         0.33492705 0.         0.33215496]
 [0.33290517 0.         0.         0.33474702 0.         0.33234784]
 [0.3328696  0.         0.         0.33503398 0.         0.33209643]
 [0.33292273 0.         0.33209682 0.33498052 0.         0.        ]
 [0.33290425 0.         0.         0.33471286 0.         0.33238286]
 [0.33281928 0.         0.33209357 0.33508712 0.         0.        ]
 [0.33276734 0.         0.         0.33501315 0.         0.3322195 ]
 [0.332683   0.         0.33250108 0.33481592 0.         0.        ]
 [0.33292776 0.         0.         0.33472523 0.         0.33234698]
 [0.33285576 0.         0.         0.33497968 0.         0.3321646 ]
 [0.33296424 0.         0.3320655  0.3349703  0.         0.        ]
 [0.33283854 0.         0.         0.3349178  0.         0.33224368]
 [0.33282146 0.         0.         0.33490074 0.         0.3322779 ]
 [0.33276963 0.         0.         0.335152   0.         0.3320784 ]
 [0.33279034 0.         0.         0.33504155 0.         0.33216816]
 [0.33348125 0.33246002 0.         0.33405882 0.         0.        ]
 [0.33330843 0.3321803  0.         0.33451137 0.         0.        ]
 [0.3331842  0.3320947  0.         0.33472112 0.         0.        ]
 [0.33352166 0.3323716  0.         0.33410674 0.         0.        ]
 [0.33332625 0.33220053 0.         0.33447322 0.         0.        ]
 [0.33315173 0.3320934  0.         0.3347549  0.         0.        ]
 [0.3334436  0.33229104 0.         0.33426538 0.         0.        ]
 [0.3334791  0.33233008 0.         0.33419082 0.         0.        ]
 [0.33314148 0.33216384 0.         0.33469468 0.         0.        ]
 [0.3335803  0.33251402 0.         0.33390564 0.         0.        ]
 [0.33342955 0.33276084 0.         0.33380967 0.         0.        ]
 [0.33318922 0.33233342 0.         0.33447742 0.         0.        ]
 [0.33360556 0.33254537 0.         0.3338491  0.         0.        ]
 [0.33356106 0.33243454 0.         0.33400443 0.         0.        ]
 [0.33324414 0.33217826 0.         0.33457762 0.         0.        ]
 [0.3336482  0.33261916 0.         0.33373266 0.         0.        ]]
12:29:52      Epoch:   0      Batch:   0      OuterStep:  30      LossModel: 0.11003722     LossTerm2: 0.00000000      Time/Step(s): 1.2421Term3 quantities: 
 [[0.3337784  0.33382717 0.         0.         0.3323944  0.        ]
 [0.         0.33302882 0.         0.3330627  0.33390844 0.        ]
 [0.         0.33314174 0.         0.         0.33390656 0.33295172]
 [0.33237594 0.         0.33407292 0.         0.         0.33355123]
 [0.33247653 0.         0.33399603 0.         0.         0.33352748]
 [0.         0.         0.3331125  0.         0.33373836 0.3331492 ]
 [0.33377013 0.33351582 0.         0.33271405 0.         0.        ]
 [0.         0.         0.33466366 0.         0.33179095 0.33354545]
 [0.33160272 0.         0.33473715 0.         0.         0.3336602 ]
 [0.3333097  0.         0.33331615 0.         0.         0.33337417]
 [0.3328415  0.33358636 0.         0.         0.33357218 0.        ]
 [0.33270884 0.3335906  0.         0.         0.3337006  0.        ]
 [0.33398032 0.33369142 0.         0.         0.         0.33232817]
 [0.         0.         0.33381245 0.33272487 0.         0.33346263]
 [0.33393753 0.3340173  0.         0.         0.3320452  0.        ]
 [0.33212072 0.         0.33428642 0.         0.         0.33359286]
 [0.         0.         0.33287835 0.33441305 0.         0.3327087 ]
 [0.         0.33297157 0.33206716 0.         0.3349613  0.        ]
 [0.         0.         0.33471075 0.         0.3322714  0.33301783]
 [0.         0.         0.33396816 0.33278716 0.         0.33324468]
 [0.3330278  0.33192685 0.         0.33504528 0.         0.        ]
 [0.         0.         0.3354799  0.3309388  0.         0.33358136]
 [0.         0.         0.33275062 0.33443797 0.         0.3328115 ]
 [0.33227155 0.         0.         0.3359371  0.         0.33179137]
 [0.         0.         0.33268914 0.33466232 0.         0.33264863]
 [0.         0.         0.3339686  0.         0.33331707 0.33271432]
 [0.33309105 0.         0.         0.         0.33385122 0.33305773]
 [0.         0.33263    0.         0.         0.3347998  0.3325703 ]
 [0.         0.         0.33267796 0.         0.33476406 0.332558  ]
 [0.3335932  0.33308205 0.         0.33332473 0.         0.        ]
 [0.         0.33299276 0.33244774 0.         0.33455953 0.        ]
 [0.         0.         0.3329275  0.33412552 0.         0.332947  ]
 [0.33188015 0.         0.         0.33634084 0.         0.33177912]
 [0.33186495 0.         0.         0.33668518 0.         0.33144987]
 [0.         0.         0.33232176 0.33520645 0.         0.33247176]
 [0.33166674 0.         0.         0.33730832 0.         0.33102497]
 [0.33170637 0.         0.         0.33759716 0.         0.33069646]
 [0.         0.         0.3324049  0.33502218 0.         0.3325729 ]
 [0.33149552 0.         0.         0.33756277 0.         0.3309417 ]
 [0.         0.         0.3316998  0.3365176  0.         0.33178264]
 [0.         0.         0.33239448 0.33546454 0.         0.332141  ]
 [0.         0.         0.33247688 0.33490995 0.         0.33261317]
 [0.33192694 0.         0.         0.33651876 0.         0.33155438]
 [0.33191258 0.         0.         0.33739185 0.         0.33069557]
 [0.         0.         0.3317563  0.33634663 0.         0.33189705]
 [0.         0.         0.33190754 0.33609685 0.         0.3319957 ]
 [0.33144796 0.         0.         0.33751175 0.         0.33104032]
 [0.33150598 0.         0.         0.33690113 0.         0.33159286]
 [0.33357656 0.332898   0.         0.33352542 0.         0.        ]
 [0.33263248 0.3312069  0.         0.33616072 0.         0.        ]
 [0.3323771  0.33083102 0.         0.33679187 0.         0.        ]
 [0.33284435 0.3316305  0.         0.33552513 0.         0.        ]
 [0.3327252  0.3313455  0.         0.33592936 0.         0.        ]
 [0.33242285 0.33088574 0.         0.3366914  0.         0.        ]
 [0.33275965 0.33146653 0.         0.33577386 0.         0.        ]
 [0.33277494 0.3315094  0.         0.33571574 0.         0.        ]
 [0.3326441  0.         0.         0.33599475 0.         0.33136114]
 [0.3334389  0.3328295  0.         0.33373165 0.         0.        ]
 [0.33361486 0.33341342 0.         0.         0.33297175 0.        ]
 [0.33323017 0.33241427 0.         0.33435553 0.         0.        ]
 [0.33342683 0.3327979  0.         0.33377525 0.         0.        ]
 [0.3329901  0.33192018 0.         0.33508965 0.         0.        ]
 [0.33280474 0.33147427 0.         0.335721   0.         0.        ]
 [0.3336999  0.33337712 0.         0.33292305 0.         0.        ]]
12:30:08      Epoch:   0      Batch:   0      OuterStep:  40      LossModel: 0.08170427     LossTerm2: 0.00000000      Time/Step(s): 1.7127Term3 quantities: 
 [[0.33392048 0.33438665 0.         0.         0.33169284 0.        ]
 [0.         0.         0.         0.3324116  0.33499235 0.332596  ]
 [0.33245692 0.33316448 0.         0.         0.33437857 0.        ]
 [0.33226857 0.         0.3342288  0.         0.         0.3335027 ]
 [0.33229464 0.         0.33408672 0.         0.         0.33361864]
 [0.         0.33259153 0.         0.         0.33493382 0.33247465]
 [0.3336519  0.33484083 0.         0.         0.33150733 0.        ]
 [0.         0.         0.33517322 0.         0.33135638 0.33347043]
 [0.33114025 0.         0.3350822  0.         0.         0.33377752]
 [0.33341065 0.         0.33342296 0.         0.         0.33316648]
 [0.33234763 0.33375105 0.         0.         0.33390132 0.        ]
 [0.33214405 0.33376852 0.         0.         0.33408737 0.        ]
 [0.33433327 0.33425114 0.33141565 0.         0.         0.        ]
 [0.33233458 0.         0.33413348 0.         0.         0.33353198]
 [0.33415464 0.33517343 0.         0.         0.3306719  0.        ]
 [0.33166957 0.         0.33473292 0.         0.         0.3335976 ]
 [0.         0.         0.33333465 0.33307847 0.         0.33358684]
 [0.         0.33265084 0.33054    0.         0.33680922 0.        ]
 [0.         0.         0.334773   0.         0.33315137 0.33207563]
 [0.         0.         0.33466884 0.         0.33177245 0.33355883]
 [0.3330617  0.33305722 0.         0.3338811  0.         0.        ]
 [0.         0.         0.3365411  0.         0.32943898 0.33401993]
 [0.         0.         0.332964   0.33354217 0.         0.3334939 ]
 [0.         0.         0.33224127 0.33454168 0.         0.333217  ]
 [0.         0.         0.33295006 0.33353943 0.         0.3335105 ]
 [0.         0.         0.33377978 0.         0.33497235 0.33124787]
 [0.         0.         0.         0.33255336 0.33491868 0.33252805]
 [0.         0.33173037 0.3317817  0.         0.336488   0.        ]
 [0.         0.3313867  0.33205178 0.         0.33656156 0.        ]
 [0.3338716  0.33476788 0.         0.3313605  0.         0.        ]
 [0.33144075 0.33292356 0.         0.         0.3356356  0.        ]
 [0.         0.         0.33329704 0.33314294 0.         0.33356005]
 [0.         0.         0.331986   0.33467668 0.         0.33333737]
 [0.         0.         0.33120462 0.33587113 0.         0.33292428]
 [0.         0.         0.3328258  0.33346546 0.         0.33370873]
 [0.33024853 0.         0.         0.33718812 0.         0.33256337]
 [0.33019942 0.         0.         0.3380664  0.         0.33173412]
 [0.         0.         0.3328522  0.33335197 0.         0.33379582]
 [0.3298295  0.         0.         0.3377962  0.         0.33237427]
 [0.         0.         0.33124462 0.33554614 0.         0.33320928]
 [0.         0.         0.3324101  0.33411032 0.         0.3334796 ]
 [0.         0.         0.33327994 0.3329179  0.         0.3338022 ]
 [0.         0.         0.33169818 0.33505166 0.         0.33325014]
 [0.33098263 0.         0.         0.33722338 0.         0.33179393]
 [0.         0.         0.3313128  0.33547586 0.         0.33321136]
 [0.         0.         0.33170536 0.33495522 0.         0.33333936]
 [0.         0.         0.33014435 0.33714116 0.         0.3327145 ]
 [0.         0.         0.33057898 0.33640996 0.         0.33301112]
 [0.33382872 0.33420148 0.         0.         0.33196986 0.        ]
 [0.33291906 0.33261657 0.         0.3344644  0.         0.        ]
 [0.33260196 0.33179975 0.         0.33559832 0.         0.        ]
 [0.33217585 0.33233413 0.         0.33549002 0.         0.        ]
 [0.33318445 0.33292204 0.         0.33389357 0.         0.        ]
 [0.33291265 0.3320347  0.         0.3350526  0.         0.        ]
 [0.3325389  0.33269393 0.         0.33476722 0.         0.        ]
 [0.33221993 0.3323258  0.         0.33545431 0.         0.        ]
 [0.3335162  0.33268225 0.         0.33380154 0.         0.        ]
 [0.33372566 0.3349379  0.         0.         0.3313364  0.        ]
 [0.33329365 0.3336218  0.         0.         0.33308455 0.        ]
 [0.33380383 0.33348775 0.33270842 0.         0.         0.        ]
 [0.3337427  0.33506417 0.         0.33119318 0.         0.        ]
 [0.3326787  0.33334792 0.         0.3339734  0.         0.        ]
 [0.33359876 0.33308718 0.         0.33331403 0.         0.        ]
 [0.33339024 0.33490682 0.         0.         0.33170295 0.        ]]
12:30:28      Epoch:   0      Batch:   0      OuterStep:  50      LossModel: 0.07251475     LossTerm2: 0.00000000      Time/Step(s): 2.1632Term3 quantities: 
 [[0.334422   0.33420482 0.         0.         0.33137316 0.        ]
 [0.         0.         0.33195877 0.3321167  0.33592457 0.        ]
 [0.33192196 0.33323005 0.         0.         0.334848   0.        ]
 [0.33266413 0.         0.33449954 0.         0.         0.3328363 ]
 [0.33265767 0.         0.33418837 0.         0.         0.33315396]
 [0.         0.3318996  0.         0.33217075 0.33592966 0.        ]
 [0.3343623  0.33466774 0.         0.         0.33097002 0.        ]
 [0.         0.         0.33564532 0.         0.3316796  0.33267507]
 [0.33095905 0.         0.33546194 0.         0.         0.33357903]
 [0.33379278 0.3330502  0.33315706 0.         0.         0.        ]
 [0.33156672 0.33367187 0.         0.         0.33476135 0.        ]
 [0.3312876  0.33373454 0.         0.         0.33497787 0.        ]
 [0.33511955 0.33394083 0.3309396  0.         0.         0.        ]
 [0.3327556  0.         0.33432728 0.         0.         0.3329172 ]
 [0.33503088 0.33509237 0.         0.         0.32987675 0.        ]
 [0.33164895 0.         0.33520135 0.         0.         0.33314976]
 [0.         0.         0.33407807 0.3321164  0.         0.33380556]
 [0.         0.3320819  0.3292831  0.         0.338635   0.        ]
 [0.         0.         0.3347356  0.         0.3350518  0.3302126 ]
 [0.         0.         0.33493245 0.         0.3322896  0.33277798]
 [0.33458424 0.33297628 0.         0.33243954 0.         0.        ]
 [0.         0.         0.3371786  0.         0.32903963 0.33378184]
 [0.3333348  0.         0.3331626  0.         0.         0.33350253]
 [0.33284852 0.         0.33308905 0.         0.         0.33406243]
 [0.33266464 0.         0.33358365 0.         0.         0.3337517 ]
 [0.         0.32961738 0.3334726  0.         0.33691    0.        ]
 [0.         0.         0.3317692  0.33223343 0.33599737 0.        ]
 [0.         0.33119446 0.         0.33093604 0.33786947 0.        ]
 [0.         0.330797   0.33118045 0.         0.33802253 0.        ]
 [0.33451623 0.33450553 0.         0.         0.33097824 0.        ]
 [0.         0.3322596  0.         0.3310335  0.33670697 0.        ]
 [0.33334726 0.33325195 0.3334008  0.         0.         0.        ]
 [0.         0.         0.33177286 0.33282328 0.         0.33540392]
 [0.         0.         0.3311131  0.33379203 0.         0.3350949 ]
 [0.         0.         0.33279133 0.3319289  0.         0.33527973]
 [0.329057   0.         0.         0.3351306  0.         0.3358124 ]
 [0.3299673  0.         0.         0.33557922 0.         0.33445352]
 [0.         0.         0.3318597  0.33239922 0.         0.3357411 ]
 [0.32845137 0.         0.         0.3355975  0.         0.33595118]
 [0.         0.         0.32953247 0.33401743 0.         0.33645007]
 [0.         0.         0.33062485 0.33305165 0.         0.33632362]
 [0.         0.         0.3336403  0.33142346 0.         0.3349363 ]
 [0.         0.         0.3321415  0.33292544 0.         0.33493304]
 [0.3314691  0.         0.         0.3347503  0.         0.3337806 ]
 [0.         0.         0.32998517 0.33381367 0.         0.3362012 ]
 [0.         0.         0.33056244 0.33332106 0.         0.3361165 ]
 [0.         0.         0.32937032 0.33471754 0.         0.33591223]
 [0.         0.         0.32868338 0.33475977 0.         0.3365569 ]
 [0.3337099  0.3335177  0.         0.         0.33277246 0.        ]
 [0.3350019  0.33332673 0.         0.33167136 0.         0.        ]
 [0.3346019  0.33236793 0.         0.33303022 0.         0.        ]
 [0.33434728 0.3331952  0.         0.33245748 0.         0.        ]
 [0.33508635 0.33354205 0.         0.33137158 0.         0.        ]
 [0.3348101  0.33256078 0.         0.33262914 0.         0.        ]
 [0.33471897 0.33363572 0.         0.33164534 0.         0.        ]
 [0.33444095 0.33324927 0.         0.3323098  0.         0.        ]
 [0.33474907 0.33308214 0.33216885 0.         0.         0.        ]
 [0.33382764 0.3344667  0.         0.         0.3317057  0.        ]
 [0.3327557  0.33295357 0.         0.         0.33429077 0.        ]
 [0.3338004  0.333105   0.         0.         0.3330947  0.        ]
 [0.3341526  0.33483708 0.         0.         0.3310103  0.        ]
 [0.33480895 0.33442584 0.         0.33076522 0.         0.        ]
 [0.3353623  0.33381113 0.         0.33082658 0.         0.        ]
 [0.3333459  0.33439052 0.         0.         0.33226365 0.        ]]
        Validation Criterion: 0.06102038
        Saving best model so far ...
12:30:55      Epoch:   0      Batch:   0      OuterStep:  60      LossModel: 0.06821919     LossTerm2: 0.00000000      Time/Step(s): 2.4017Term3 quantities: 
 [[0.33549315 0.3336141  0.         0.         0.33089274 0.        ]
 [0.         0.33187976 0.3316755  0.         0.33644477 0.        ]
 [0.33189565 0.33334586 0.         0.         0.33475852 0.        ]
 [0.33310473 0.3320353  0.33485994 0.         0.         0.        ]
 [0.3331032  0.         0.3345892  0.         0.         0.33230758]
 [0.         0.33194146 0.3315336  0.         0.33652493 0.        ]
 [0.33544233 0.3338423  0.         0.         0.3307153  0.        ]
 [0.         0.         0.3364561  0.         0.33171353 0.33183032]
 [0.         0.         0.3360505  0.33061427 0.         0.33333525]
 [0.3342514  0.3326344  0.33311433 0.         0.         0.        ]
 [0.331539   0.33368328 0.         0.         0.3347777  0.        ]
 [0.33128265 0.33376387 0.         0.         0.33495346 0.        ]
 [0.33594897 0.33308646 0.3309646  0.         0.         0.        ]
 [0.33306876 0.         0.33460793 0.         0.         0.33232334]
 [0.33634806 0.33433273 0.         0.         0.3293192  0.        ]
 [0.33154523 0.         0.3357223  0.         0.         0.33273244]
 [0.         0.33235827 0.33495408 0.         0.3326877  0.        ]
 [0.         0.3323143  0.32863164 0.         0.33905405 0.        ]
 [0.         0.32938948 0.33525947 0.         0.335351   0.        ]
 [0.         0.         0.33565333 0.         0.33236754 0.33197913]
 [0.33557665 0.33261064 0.         0.33181274 0.         0.        ]
 [0.         0.         0.33824784 0.         0.32885432 0.3328978 ]
 [0.33344015 0.33307648 0.33348337 0.         0.         0.        ]
 [0.33337396 0.         0.3342697  0.         0.         0.3323563 ]
 [0.3329626  0.33282742 0.33421    0.         0.         0.        ]
 [0.         0.32964703 0.3335562  0.         0.3367968  0.        ]
 [0.         0.3313178  0.3316417  0.         0.3370405  0.        ]
 [0.         0.331409   0.33028725 0.         0.33830374 0.        ]
 [0.         0.33091974 0.33060563 0.         0.33847466 0.        ]
 [0.33512327 0.33360815 0.         0.         0.3312686  0.        ]
 [0.         0.33228484 0.3300913  0.         0.3376238  0.        ]
 [0.33336264 0.3330369  0.33360046 0.         0.         0.        ]
 [0.         0.         0.3322459  0.33265924 0.         0.3350948 ]
 [0.         0.         0.33252886 0.33318081 0.         0.33429033]
 [0.         0.         0.33314472 0.33183917 0.         0.33501613]
 [0.         0.         0.32736778 0.3359439  0.         0.33668837]
 [0.3280978  0.         0.         0.33657694 0.         0.3353253 ]
 [0.         0.         0.3284953  0.33418146 0.         0.33732322]
 [0.         0.         0.32630697 0.33660397 0.         0.33708906]
 [0.         0.         0.32536137 0.33623403 0.         0.33840457]
 [0.         0.         0.32645094 0.3352986  0.         0.33825046]
 [0.         0.         0.33451635 0.33113047 0.         0.3343532 ]
 [0.         0.         0.3338415  0.33219987 0.         0.33395866]
 [0.3306696  0.         0.         0.3352299  0.         0.33410048]
 [0.         0.         0.32705966 0.33540836 0.         0.33753198]
 [0.         0.         0.32768482 0.3349031  0.         0.33741206]
 [0.         0.         0.32873976 0.33505794 0.         0.33620238]
 [0.         0.         0.3244366  0.33699393 0.         0.33856946]
 [0.3359796  0.33274195 0.         0.         0.3312784  0.        ]
 [0.33583423 0.332084   0.         0.33208176 0.         0.        ]
 [0.33553258 0.3315864  0.         0.33288103 0.         0.        ]
 [0.3365247  0.33304638 0.         0.330429   0.         0.        ]
 [0.33585075 0.33227143 0.         0.33187783 0.         0.        ]
 [0.3357293  0.3317575  0.         0.3325132  0.         0.        ]
 [0.33607608 0.33278388 0.         0.33114004 0.         0.        ]
 [0.33656606 0.33296648 0.         0.3304675  0.         0.        ]
 [0.33630535 0.33251518 0.33117947 0.         0.         0.        ]
 [0.33666304 0.3335815  0.         0.         0.32975546 0.        ]
 [0.33529702 0.33229896 0.         0.         0.33240393 0.        ]
 [0.33593175 0.33248907 0.         0.         0.33157918 0.        ]
 [0.33723557 0.33392805 0.         0.         0.3288364  0.        ]
 [0.33710128 0.33350998 0.         0.3293887  0.         0.        ]
 [0.33765322 0.33319154 0.         0.         0.32915527 0.        ]
 [0.3362822  0.33353046 0.         0.         0.3301874  0.        ]]
12:31:19      Epoch:   0      Batch:   0      OuterStep:  70      LossModel: 0.06031936     LossTerm2: 0.00000000      Time/Step(s): 2.5520Term3 quantities: 
 [[0.33647552 0.3337005  0.32982406 0.         0.         0.        ]
 [0.         0.33212405 0.3321413  0.         0.33573464 0.        ]
 [0.33139408 0.3334529  0.         0.         0.335153   0.        ]
 [0.3325242  0.33185363 0.3356222  0.         0.         0.        ]
 [0.33268332 0.         0.33532318 0.         0.         0.3319935 ]
 [0.         0.33239    0.33174586 0.         0.3358642  0.        ]
 [0.3360064  0.33348006 0.         0.         0.33051357 0.        ]
 [0.         0.33085302 0.337861   0.         0.33128598 0.        ]
 [0.         0.33012804 0.33743417 0.         0.         0.33243778]
 [0.3341032  0.3325128  0.33338407 0.         0.         0.        ]
 [0.33041638 0.33380723 0.         0.         0.33577636 0.        ]
 [0.3300048  0.33390957 0.         0.         0.33608565 0.        ]
 [0.33631003 0.33270854 0.3309815  0.         0.         0.        ]
 [0.33235773 0.         0.33514845 0.         0.         0.3324938 ]
 [0.33731565 0.3342045  0.         0.         0.3284798  0.        ]
 [0.33118248 0.         0.33702898 0.         0.         0.3317886 ]
 [0.         0.33177942 0.33581182 0.         0.3324088  0.        ]
 [0.         0.33300075 0.32881653 0.         0.3381827  0.        ]
 [0.         0.329908   0.33668146 0.         0.33341056 0.        ]
 [0.         0.         0.337169   0.         0.33115536 0.33167565]
 [0.33597898 0.3324293  0.3315918  0.         0.         0.        ]
 [0.         0.         0.3405899  0.         0.3285362  0.33087388]
 [0.33276168 0.         0.33436933 0.         0.         0.33286896]
 [0.3339131  0.33062592 0.335461   0.         0.         0.        ]
 [0.         0.33237708 0.33457083 0.         0.33305213 0.        ]
 [0.         0.3300914  0.3337834  0.         0.33612525 0.        ]
 [0.         0.33124247 0.3314109  0.         0.3373466  0.        ]
 [0.         0.33198345 0.32989344 0.         0.33812308 0.        ]
 [0.         0.33141544 0.32971194 0.         0.33887258 0.        ]
 [0.33422443 0.3333473  0.         0.         0.33242828 0.        ]
 [0.         0.33247843 0.3292475  0.         0.33827403 0.        ]
 [0.33281296 0.33286995 0.3343171  0.         0.         0.        ]
 [0.         0.         0.3346608  0.33180594 0.         0.33353332]
 [0.3320402  0.         0.33551517 0.         0.         0.33244467]
 [0.         0.         0.33512765 0.33115497 0.         0.33371732]
 [0.         0.         0.32687783 0.33778787 0.         0.3353343 ]
 [0.         0.         0.32748532 0.3382363  0.         0.3342784 ]
 [0.         0.         0.32341617 0.33894935 0.         0.33763447]
 [0.         0.         0.32494387 0.33931297 0.         0.33574313]
 [0.         0.         0.3192709  0.34226057 0.         0.33846855]
 [0.         0.         0.32034945 0.34128207 0.         0.33836854]
 [0.         0.         0.33612424 0.         0.3304741  0.33340168]
 [0.         0.         0.33583468 0.         0.33167127 0.33249408]
 [0.3318585  0.         0.         0.33519417 0.         0.33294743]
 [0.         0.         0.32397813 0.3390909  0.         0.336931  ]
 [0.         0.         0.32447264 0.3386373  0.         0.33689007]
 [0.         0.         0.33042493 0.33533046 0.         0.33424458]
 [0.         0.         0.31833833 0.34307283 0.         0.33858883]
 [0.33961937 0.3331777  0.32720298 0.         0.         0.        ]
 [0.33615965 0.3309636  0.         0.3328768  0.         0.        ]
 [0.33643338 0.3308913  0.         0.3326754  0.         0.        ]
 [0.3397763  0.3332191  0.         0.32700464 0.         0.        ]
 [0.3359783  0.33102906 0.         0.33299273 0.         0.        ]
 [0.33650598 0.3311862  0.         0.33230782 0.         0.        ]
 [0.3374504  0.33220363 0.         0.33034593 0.         0.        ]
 [0.339728   0.3330826  0.         0.32718942 0.         0.        ]
 [0.3389619  0.33243272 0.3286054  0.         0.         0.        ]
 [0.34180224 0.33404785 0.32414988 0.         0.         0.        ]
 [0.33966443 0.33285132 0.3274843  0.         0.         0.        ]
 [0.33884704 0.33217803 0.32897487 0.         0.         0.        ]
 [0.34254768 0.33431485 0.         0.         0.32313737 0.        ]
 [0.3399036  0.33225897 0.         0.32783744 0.         0.        ]
 [0.34169716 0.33336183 0.         0.         0.32494098 0.        ]
 [0.34149945 0.33406332 0.         0.         0.3244372  0.        ]]
12:31:43      Epoch:   0      Batch:   0      OuterStep:  80      LossModel: 0.06280816     LossTerm2: 0.00000000      Time/Step(s): 2.2751Term3 quantities: 
 [[0.33637068 0.3335425  0.3300869  0.         0.         0.        ]
 [0.         0.3327017  0.33492944 0.         0.33236885 0.        ]
 [0.         0.3337627  0.33159333 0.         0.33464396 0.        ]
 [0.         0.33113268 0.3371613  0.         0.         0.33170605]
 [0.         0.33061427 0.33681113 0.         0.         0.33257467]
 [0.33299026 0.33315092 0.33385882 0.         0.         0.        ]
 [0.33731276 0.3326914  0.         0.32999584 0.         0.        ]
 [0.         0.33047912 0.34055775 0.         0.32896304 0.        ]
 [0.         0.32943586 0.3386844  0.         0.         0.33187973]
 [0.33289263 0.33217055 0.3349369  0.         0.         0.        ]
 [0.         0.3332404  0.33139795 0.         0.3353616  0.        ]
 [0.         0.3334391  0.330865   0.         0.3356959  0.        ]
 [0.33587393 0.33231813 0.33180797 0.         0.         0.        ]
 [0.         0.33100384 0.33664012 0.         0.         0.3323561 ]
 [0.3361692  0.33392873 0.         0.         0.3299021  0.        ]
 [0.         0.33039147 0.33841515 0.         0.         0.33119342]
 [0.         0.33109793 0.33724463 0.         0.33165747 0.        ]
 [0.         0.33403477 0.33134484 0.         0.3346204  0.        ]
 [0.         0.3301536  0.3398028  0.         0.33004364 0.        ]
 [0.         0.33021748 0.3398628  0.         0.         0.32991973]
 [0.3347408  0.33178082 0.33347842 0.         0.         0.        ]
 [0.         0.         0.34408677 0.         0.3272153  0.32869795]
 [0.         0.3323165  0.33525288 0.         0.33243063 0.        ]
 [0.33179906 0.33021566 0.33798534 0.         0.         0.        ]
 [0.         0.33198294 0.33350536 0.         0.33451167 0.        ]
 [0.         0.3308278  0.33177504 0.         0.3373972  0.        ]
 [0.         0.33195588 0.32995865 0.         0.33808544 0.        ]
 [0.         0.33318636 0.32899484 0.         0.3378188  0.        ]
 [0.         0.33290538 0.32723165 0.         0.33986303 0.        ]
 [0.33260503 0.33374652 0.         0.         0.33364844 0.        ]
 [0.         0.33392963 0.32706326 0.         0.33900714 0.        ]
 [0.         0.33261216 0.3347044  0.         0.33268344 0.        ]
 [0.         0.         0.3356369  0.3310574  0.         0.33330572]
 [0.         0.         0.33528268 0.33183774 0.         0.3328795 ]
 [0.         0.         0.33684504 0.3298806  0.         0.33327428]
 [0.         0.         0.32635096 0.33815268 0.         0.3354964 ]
 [0.32985225 0.         0.         0.33702707 0.         0.33312064]
 [0.         0.         0.31712666 0.3427389  0.         0.3401344 ]
 [0.         0.         0.32245904 0.34102267 0.         0.3365183 ]
 [0.         0.         0.         0.3474507  0.31132823 0.3412211 ]
 [0.         0.         0.         0.34703857 0.31129828 0.3416632 ]
 [0.         0.         0.3365154  0.329996   0.         0.3334886 ]
 [0.         0.         0.33603978 0.33075586 0.         0.3332044 ]
 [0.3329263  0.         0.33422545 0.         0.33284825 0.        ]
 [0.         0.         0.32182556 0.34031025 0.         0.33786422]
 [0.         0.         0.32222322 0.33992508 0.         0.3378517 ]
 [0.         0.         0.33141562 0.3348364  0.         0.33374798]
 [0.3119408  0.         0.         0.3474193  0.         0.34063998]
 [0.34123337 0.33341175 0.32535487 0.         0.         0.        ]
 [0.33814257 0.32957622 0.         0.3322812  0.         0.        ]
 [0.33780748 0.         0.         0.33284703 0.         0.32934555]
 [0.34504512 0.33270323 0.         0.32225168 0.         0.        ]
 [0.3374586  0.         0.         0.33320162 0.         0.3293398 ]
 [0.3373584  0.         0.         0.33282527 0.         0.32981634]
 [0.34011665 0.33030158 0.         0.32958174 0.         0.        ]
 [0.34469166 0.33236438 0.         0.32294396 0.         0.        ]
 [0.34080476 0.33266062 0.3265346  0.         0.         0.        ]
 [0.3466881  0.33309382 0.3202181  0.         0.         0.        ]
 [0.3423447  0.33304995 0.32460544 0.         0.         0.        ]
 [0.34113967 0.33232346 0.32653683 0.         0.         0.        ]
 [0.3479859  0.33354315 0.31847095 0.         0.         0.        ]
 [0.34428537 0.3284054  0.         0.3273092  0.         0.        ]
 [0.3471883  0.33281547 0.         0.         0.3199963  0.        ]
 [0.3464395  0.3335456  0.3200149  0.         0.         0.        ]]
12:32:07      Epoch:   0      Batch:   0      OuterStep:  90      LossModel: 0.05326882     LossTerm2: 0.00000000      Time/Step(s): 2.7177Term3 quantities: 
 [[0.33484054 0.33326244 0.331897   0.         0.         0.        ]
 [0.         0.33148006 0.33747217 0.         0.33104774 0.        ]
 [0.         0.33295608 0.33349058 0.         0.33355334 0.        ]
 [0.         0.330599   0.33911395 0.         0.33028707 0.        ]
 [0.         0.32996538 0.3391113  0.         0.         0.33092326]
 [0.33184555 0.3321086  0.3360459  0.         0.         0.        ]
 [0.33481544 0.33273017 0.33245438 0.         0.         0.        ]
 [0.         0.328883   0.3432757  0.         0.32784137 0.        ]
 [0.         0.         0.34075266 0.         0.3289067  0.33034062]
 [0.         0.33094054 0.33790666 0.         0.         0.33115277]
 [0.         0.33146963 0.33332545 0.         0.3352049  0.        ]
 [0.         0.33159927 0.33265263 0.         0.33574814 0.        ]
 [0.3333687  0.         0.33389902 0.         0.         0.33273232]
 [0.         0.         0.33856383 0.         0.32991388 0.33152232]
 [0.3332456  0.33418065 0.         0.         0.33257377 0.        ]
 [0.         0.         0.34029838 0.         0.32967287 0.33002868]
 [0.         0.3296204  0.33725157 0.         0.33312806 0.        ]
 [0.         0.33312887 0.33182174 0.         0.33504942 0.        ]
 [0.         0.32839566 0.34164056 0.         0.32996383 0.        ]
 [0.         0.         0.34220606 0.         0.32838112 0.32941285]
 [0.33164936 0.3311592  0.3371915  0.         0.         0.        ]
 [0.         0.         0.34596497 0.         0.32860598 0.32542902]
 [0.         0.         0.33467454 0.         0.33406952 0.3312559 ]
 [0.         0.3288956  0.34100032 0.         0.3301041  0.        ]
 [0.         0.         0.33195356 0.         0.33708304 0.33096343]
 [0.         0.33019596 0.32852793 0.         0.34127608 0.        ]
 [0.         0.3314873  0.         0.         0.34072006 0.32779264]
 [0.         0.3333175  0.32601675 0.         0.3406658  0.        ]
 [0.         0.33282432 0.         0.         0.3428799  0.3242958 ]
 [0.         0.33408478 0.         0.32902262 0.3368926  0.        ]
 [0.         0.3337822  0.         0.         0.34207308 0.32414463]
 [0.         0.33179566 0.3336582  0.         0.3345462  0.        ]
 [0.         0.         0.3360401  0.33092472 0.         0.3330352 ]
 [0.         0.         0.3376555  0.3306275  0.         0.33171704]
 [0.         0.         0.33742887 0.32962945 0.         0.33294165]
 [0.         0.         0.32533345 0.33856153 0.         0.336105  ]
 [0.         0.         0.33226204 0.3357033  0.         0.33203465]
 [0.         0.         0.31709656 0.34207597 0.         0.34082747]
 [0.         0.         0.3176807  0.34355968 0.         0.3387597 ]
 [0.30489475 0.         0.         0.35060024 0.         0.34450504]
 [0.30408382 0.         0.         0.35061887 0.         0.34529737]
 [0.         0.         0.33774456 0.32949987 0.         0.3327556 ]
 [0.3292678  0.         0.33917284 0.         0.         0.33155933]
 [0.3316016  0.33172658 0.33667186 0.         0.         0.        ]
 [0.         0.         0.32276326 0.3393326  0.         0.33790416]
 [0.         0.         0.3233663  0.3388578  0.         0.33777586]
 [0.         0.         0.3309261  0.335295   0.         0.33377892]
 [0.3057358  0.         0.         0.3504413  0.         0.34382293]
 [0.34005916 0.33429182 0.32564902 0.         0.         0.        ]
 [0.33804256 0.3314394  0.         0.330518   0.         0.        ]
 [0.33735773 0.33049682 0.         0.33214536 0.         0.        ]
 [0.34662232 0.33417258 0.         0.31920508 0.         0.        ]
 [0.3374465  0.33047995 0.         0.3320735  0.         0.        ]
 [0.3366972  0.33075604 0.         0.33254677 0.         0.        ]
 [0.33872348 0.32958722 0.         0.33168918 0.         0.        ]
 [0.34568164 0.33333364 0.         0.3209847  0.         0.        ]
 [0.33987007 0.33390135 0.3262286  0.         0.         0.        ]
 [0.34735703 0.33453375 0.31810924 0.         0.         0.        ]
 [0.34227854 0.3340961  0.32362536 0.         0.         0.        ]
 [0.340953   0.33336186 0.32568517 0.         0.         0.        ]
 [0.34844896 0.33522293 0.31632805 0.         0.         0.        ]
 [0.34326035 0.3264953  0.         0.33024433 0.         0.        ]
 [0.3498484  0.3345118  0.         0.         0.3156398  0.        ]
 [0.3467747  0.33491683 0.3183085  0.         0.         0.        ]]
12:32:33      Epoch:   0      Batch:   0      OuterStep: 100      LossModel: 0.04638871     LossTerm2: 0.00000000      Time/Step(s): 2.5859Term3 quantities: 
 [[0.3318351  0.33201298 0.33615196 0.         0.         0.        ]
 [0.         0.32866755 0.3425325  0.         0.3288     0.        ]
 [0.         0.3310629  0.3389615  0.         0.32997558 0.        ]
 [0.3277223  0.32878053 0.3434972  0.         0.         0.        ]
 [0.         0.32861727 0.34309378 0.         0.3282889  0.        ]
 [0.3292063  0.32999942 0.3407943  0.         0.         0.        ]
 [0.         0.3306243  0.33718508 0.         0.33219066 0.        ]
 [0.         0.32610768 0.34889576 0.         0.32499653 0.        ]
 [0.         0.32695562 0.34496444 0.         0.         0.3280799 ]
 [0.         0.328503   0.3426783  0.         0.         0.32881865]
 [0.         0.328864   0.33932146 0.         0.33181453 0.        ]
 [0.         0.32890567 0.33848646 0.         0.33260787 0.        ]
 [0.33064207 0.         0.3379101  0.         0.         0.3314478 ]
 [0.         0.         0.3422481  0.         0.32800147 0.32975042]
 [0.         0.33356318 0.33055618 0.         0.33588067 0.        ]
 [0.         0.         0.34413725 0.         0.32711983 0.3287429 ]
 [0.         0.         0.33674547 0.         0.33514327 0.32811135]
 [0.         0.33252952 0.33248696 0.         0.3349835  0.        ]
 [0.         0.         0.34327734 0.         0.32883734 0.3278853 ]
 [0.         0.         0.34444192 0.         0.32831478 0.32724336]
 [0.         0.32983303 0.3406788  0.         0.3294881  0.        ]
 [0.         0.         0.34539655 0.         0.3306787  0.32392478]
 [0.         0.         0.332176   0.         0.33783764 0.32998633]
 [0.         0.32716352 0.34218204 0.         0.33065447 0.        ]
 [0.         0.32973427 0.         0.         0.3419367  0.32832903]
 [0.         0.3301873  0.32246658 0.         0.34734613 0.        ]
 [0.         0.3315665  0.         0.         0.34605688 0.3223766 ]
 [0.         0.33372557 0.32098535 0.         0.34528908 0.        ]
 [0.31826726 0.33328038 0.         0.         0.34845233 0.        ]
 [0.32499066 0.33512533 0.         0.         0.33988395 0.        ]
 [0.31887332 0.33434543 0.         0.         0.3467813  0.        ]
 [0.         0.33199596 0.32920012 0.         0.33880392 0.        ]
 [0.         0.         0.33532816 0.33129522 0.         0.33337665]
 [0.         0.         0.33771524 0.33083257 0.         0.33145216]
 [0.         0.         0.33632115 0.3301311  0.         0.3335478 ]
 [0.         0.         0.32338965 0.33884266 0.         0.33776763]
 [0.         0.         0.33119005 0.33643252 0.         0.33237746]
 [0.         0.         0.3207143  0.33832937 0.         0.3409563 ]
 [0.31424305 0.         0.         0.34379485 0.         0.34196216]
 [0.2982673  0.         0.         0.34991553 0.         0.35181716]
 [0.29829663 0.         0.         0.34955823 0.         0.35214508]
 [0.         0.         0.33626166 0.3304633  0.         0.33327508]
 [0.         0.         0.33806598 0.33000568 0.         0.3319284 ]
 [0.         0.         0.33764994 0.33231646 0.         0.33003366]
 [0.         0.         0.32338837 0.33803442 0.         0.33857715]
 [0.         0.         0.3243573  0.33738455 0.         0.33825815]
 [0.         0.         0.32785815 0.33680406 0.         0.33533785]
 [0.2988002  0.         0.         0.34995234 0.         0.3512474 ]
 [0.3417442  0.33603585 0.32221988 0.         0.         0.        ]
 [0.33866733 0.3321271  0.         0.3292055  0.         0.        ]
 [0.33740562 0.33078173 0.         0.33181262 0.         0.        ]
 [0.3515485  0.33474723 0.         0.31370428 0.         0.        ]
 [0.33788306 0.33084446 0.         0.33127242 0.         0.        ]
 [0.33642805 0.33086097 0.         0.33271113 0.         0.        ]
 [0.3411385  0.33103496 0.         0.32782653 0.         0.        ]
 [0.35041165 0.33389768 0.         0.31569067 0.         0.        ]
 [0.34163317 0.3360407  0.3223261  0.         0.         0.        ]
 [0.351169   0.33633024 0.31250086 0.         0.         0.        ]
 [0.34505883 0.33605167 0.31888953 0.         0.         0.        ]
 [0.34348053 0.3353117  0.32120776 0.         0.         0.        ]
 [0.35217753 0.33717567 0.31064683 0.         0.         0.        ]
 [0.34775707 0.3248869  0.         0.32735607 0.         0.        ]
 [0.35683182 0.33647937 0.         0.         0.30668887 0.        ]
 [0.35031062 0.33671814 0.3129712  0.         0.         0.        ]]
        Validation Criterion: 0.05005698
        Saving best model so far ...
12:33:00      Epoch:   0      Batch:   0      OuterStep: 110      LossModel: 0.03287635     LossTerm2: 0.00000000      Time/Step(s): 2.5700Term3 quantities: 
 [[0.         0.32921833 0.34288043 0.         0.32790118 0.        ]
 [0.32426876 0.32628703 0.34944427 0.         0.         0.        ]
 [0.         0.32617837 0.3490211  0.         0.         0.32480052]
 [0.         0.3254384  0.34931344 0.         0.         0.32524812]
 [0.         0.32556698 0.348622   0.         0.         0.325811  ]
 [0.         0.32491434 0.3478375  0.         0.         0.32724816]
 [0.         0.         0.34300643 0.         0.329351   0.3276425 ]
 [0.         0.32144773 0.35526815 0.         0.         0.32328412]
 [0.         0.         0.35067785 0.32265276 0.         0.32666945]
 [0.         0.3237865  0.3505696  0.         0.         0.32564393]
 [0.         0.32598904 0.35075402 0.         0.32325694 0.        ]
 [0.         0.32612085 0.3496022  0.         0.32427692 0.        ]
 [0.         0.32776007 0.34344652 0.         0.         0.32879335]
 [0.         0.         0.34789354 0.         0.3238509  0.3282556 ]
 [0.         0.33034125 0.33537403 0.         0.33428475 0.        ]
 [0.         0.         0.35001883 0.32247025 0.         0.3275109 ]
 [0.         0.         0.33241963 0.         0.33948985 0.32809055]
 [0.         0.33433148 0.33037636 0.         0.33529216 0.        ]
 [0.         0.         0.34173822 0.         0.3306545  0.3276072 ]
 [0.         0.32425672 0.34596422 0.         0.3297791  0.        ]
 [0.         0.3279368  0.34165347 0.         0.3304097  0.        ]
 [0.         0.         0.33936334 0.         0.33704162 0.32359508]
 [0.         0.3291589  0.         0.         0.3446239  0.3262172 ]
 [0.         0.32571483 0.34081572 0.         0.33346945 0.        ]
 [0.         0.32875824 0.         0.         0.3502737  0.3209681 ]
 [0.         0.3311029  0.         0.         0.35523897 0.31365812]
 [0.         0.33299434 0.         0.         0.35282397 0.31418172]
 [0.31297508 0.33580005 0.         0.         0.35122487 0.        ]
 [0.         0.3342982  0.         0.         0.35666618 0.30903566]
 [0.31940386 0.3373915  0.         0.         0.34320468 0.        ]
 [0.31173152 0.3363915  0.         0.         0.35187694 0.        ]
 [0.         0.33273876 0.         0.         0.34698    0.3202813 ]
 [0.         0.         0.3328774  0.3330072  0.         0.33411545]
 [0.         0.         0.33644405 0.3318676  0.         0.33168843]
 [0.         0.         0.33455443 0.3312685  0.         0.33417705]
 [0.320361   0.         0.         0.3419437  0.         0.33769533]
 [0.33018926 0.         0.         0.3384558  0.         0.33135495]
 [0.32143345 0.         0.         0.33905685 0.         0.33950976]
 [0.3109501  0.         0.         0.3476923  0.         0.3413576 ]
 [0.3010396  0.         0.         0.3509736  0.         0.34798676]
 [0.30149353 0.         0.         0.3502548  0.         0.34825176]
 [0.         0.         0.3332521  0.33271196 0.         0.33403593]
 [0.         0.         0.33654436 0.3311496  0.         0.33230606]
 [0.         0.         0.3383884  0.33257043 0.         0.32904118]
 [0.3215006  0.         0.         0.3406119  0.         0.33788756]
 [0.32119754 0.         0.         0.34046024 0.         0.33834225]
 [0.32442668 0.         0.         0.34023893 0.         0.33533436]
 [0.3009146  0.         0.         0.3515029  0.         0.34758252]
 [0.3370428  0.3388525  0.32410467 0.         0.         0.        ]
 [0.33868378 0.33260465 0.         0.32871163 0.         0.        ]
 [0.3383509  0.33013627 0.         0.3315129  0.         0.        ]
 [0.355339   0.33394703 0.         0.31071404 0.         0.        ]
 [0.3382818  0.33108968 0.         0.33062854 0.         0.        ]
 [0.33754945 0.33006966 0.         0.3323809  0.         0.        ]
 [0.34057227 0.3327609  0.         0.3266669  0.         0.        ]
 [0.35195944 0.3342779  0.         0.31376272 0.         0.        ]
 [0.33814576 0.33990774 0.3219465  0.         0.         0.        ]
 [0.35003972 0.33909506 0.3108652  0.         0.         0.        ]
 [0.34198895 0.33971235 0.31829867 0.         0.         0.        ]
 [0.341888   0.33943692 0.318675   0.         0.         0.        ]
 [0.3510402  0.3401726  0.3087872  0.         0.         0.        ]
 [0.3502025  0.3222647  0.         0.32753274 0.         0.        ]
 [0.3580689  0.33765104 0.         0.30428    0.         0.        ]
 [0.34809774 0.33922833 0.3126739  0.         0.         0.        ]]
12:33:27      Epoch:   0      Batch:   0      OuterStep: 120      LossModel: 0.01395511     LossTerm2: 0.00000000      Time/Step(s): 2.7156Term3 quantities: 
 [[0.         0.32432374 0.35209548 0.         0.         0.32358077]
 [0.31972075 0.3227477  0.35753158 0.         0.         0.        ]
 [0.         0.32181826 0.35797155 0.         0.         0.32021022]
 [0.32339612 0.32472125 0.3518826  0.         0.         0.        ]
 [0.         0.32487738 0.35140055 0.         0.         0.32372203]
 [0.         0.3218426  0.3531508  0.         0.         0.3250066 ]
 [0.         0.32106912 0.3515391  0.         0.         0.32739177]
 [0.         0.31815434 0.35878304 0.         0.         0.32306257]
 [0.         0.31673354 0.35737294 0.         0.         0.32589352]
 [0.         0.32399738 0.3536158  0.         0.         0.3223869 ]
 [0.         0.32034993 0.356491   0.         0.         0.3231591 ]
 [0.         0.3215703  0.35525474 0.         0.         0.32317492]
 [0.32419735 0.         0.3479802  0.         0.         0.3278225 ]
 [0.         0.         0.35531318 0.3170051  0.         0.32768178]
 [0.         0.32757553 0.34177342 0.         0.         0.33065104]
 [0.         0.         0.35663885 0.         0.3157921  0.32756907]
 [0.         0.         0.33400205 0.         0.33315653 0.33284146]
 [0.         0.33805087 0.3198052  0.         0.34214395 0.        ]
 [0.         0.         0.33338597 0.         0.33633456 0.33027956]
 [0.         0.32724324 0.33882296 0.         0.3339338  0.        ]
 [0.         0.33064258 0.3322369  0.         0.33712053 0.        ]
 [0.         0.         0.3318422  0.         0.3399433  0.32821447]
 [0.         0.33188534 0.         0.         0.34305626 0.32505837]
 [0.         0.32953584 0.32962692 0.         0.3408372  0.        ]
 [0.         0.33152226 0.         0.         0.34871033 0.31976736]
 [0.         0.33552274 0.         0.         0.3498087  0.31466866]
 [0.         0.3378999  0.         0.         0.34826347 0.3138367 ]
 [0.31351513 0.33962074 0.         0.         0.34686416 0.        ]
 [0.         0.33894083 0.         0.         0.35502034 0.30603892]
 [0.3118224  0.34021515 0.         0.         0.34796247 0.        ]
 [0.30771172 0.3399778  0.         0.         0.35231054 0.        ]
 [0.         0.33418533 0.         0.         0.35210007 0.31371462]
 [0.32835448 0.         0.         0.3369807  0.         0.33466482]
 [0.3311701  0.         0.         0.33648315 0.         0.3323468 ]
 [0.         0.         0.328634   0.33558545 0.         0.3357806 ]
 [0.31629673 0.         0.         0.3458291  0.         0.33787417]
 [0.3260691  0.         0.         0.34337234 0.         0.33055863]
 [0.         0.         0.31806183 0.34143934 0.         0.34049886]
 [0.         0.         0.         0.35065138 0.30679902 0.34254956]
 [0.3033337  0.         0.         0.34903702 0.         0.34762922]
 [0.         0.         0.3042189  0.3477533  0.         0.34802783]
 [0.33066225 0.         0.         0.33632186 0.         0.33301592]
 [0.3321971  0.         0.         0.33550042 0.         0.33230254]
 [0.         0.         0.33359084 0.336958   0.         0.32945114]
 [0.31646043 0.         0.         0.3449539  0.         0.33858573]
 [0.3161677  0.         0.         0.344615   0.         0.33921725]
 [0.3204405  0.         0.         0.3449612  0.         0.3345983 ]
 [0.30344746 0.         0.         0.3495932  0.         0.34695932]
 [0.34154183 0.3433299  0.31512836 0.         0.         0.        ]
 [0.3428834  0.3339018  0.         0.3232148  0.         0.        ]
 [0.34295955 0.3305266  0.         0.32651395 0.         0.        ]
 [0.36086544 0.32789353 0.         0.31124106 0.         0.        ]
 [0.34261766 0.33264846 0.         0.32473388 0.         0.        ]
 [0.34196088 0.3313562  0.         0.32668293 0.         0.        ]
 [0.34508672 0.3335184  0.         0.321395   0.         0.        ]
 [0.35539123 0.331778   0.         0.31283078 0.         0.        ]
 [0.34220588 0.34422868 0.3135654  0.         0.         0.        ]
 [0.35504115 0.3406233  0.         0.         0.30433565 0.        ]
 [0.3460044  0.34371218 0.31028345 0.         0.         0.        ]
 [0.346536   0.3433458  0.31011823 0.         0.         0.        ]
 [0.35512614 0.34076348 0.         0.         0.30411044 0.        ]
 [0.35214525 0.32102922 0.         0.32682553 0.         0.        ]
 [0.35787174 0.3335405  0.         0.30858776 0.         0.        ]
 [0.35162753 0.3408068  0.         0.         0.30756563 0.        ]]
12:33:54      Epoch:   0      Batch:   0      OuterStep: 130      LossModel: 0.01248077     LossTerm2: 0.00000000      Time/Step(s): 2.5687Term3 quantities: 
 [[0.         0.32314876 0.35741398 0.         0.         0.3194373 ]
 [0.31729454 0.32408178 0.35862368 0.         0.         0.        ]
 [0.3155392  0.3258468  0.35861403 0.         0.         0.        ]
 [0.32185572 0.32587025 0.35227397 0.         0.         0.        ]
 [0.3222999  0.3270568  0.35064337 0.         0.         0.        ]
 [0.         0.32441118 0.35405833 0.         0.         0.32153055]
 [0.         0.31787953 0.35502946 0.         0.         0.32709104]
 [0.         0.3212872  0.35454255 0.         0.         0.32417026]
 [0.         0.314292   0.3575943  0.         0.         0.32811368]
 [0.         0.32567152 0.3493386  0.         0.         0.32498989]
 [0.         0.         0.35326236 0.3183878  0.         0.32834992]
 [0.         0.31961387 0.35112333 0.         0.         0.32926282]
 [0.         0.         0.34752387 0.32135397 0.         0.33112213]
 [0.         0.31269294 0.35573256 0.         0.         0.33157447]
 [0.         0.32718536 0.34044036 0.         0.         0.33237427]
 [0.         0.         0.35513633 0.         0.31316265 0.331701  ]
 [0.         0.         0.3318002  0.         0.33226547 0.3359344 ]
 [0.         0.3384449  0.         0.         0.3402624  0.3212927 ]
 [0.         0.         0.33245707 0.         0.3333978  0.33414513]
 [0.         0.33235303 0.32960778 0.         0.3380392  0.        ]
 [0.         0.33398598 0.         0.         0.34388798 0.3221261 ]
 [0.         0.         0.33408564 0.         0.33186638 0.33404797]
 [0.         0.33289182 0.         0.         0.34395352 0.3231547 ]
 [0.         0.33383706 0.         0.         0.34582815 0.32033482]
 [0.         0.33270067 0.         0.         0.34587753 0.3214219 ]
 [0.         0.33802396 0.         0.         0.3463893  0.31558672]
 [0.3133511  0.34018537 0.         0.         0.3464636  0.        ]
 [0.31176168 0.3419349  0.         0.         0.3463034  0.        ]
 [0.30931404 0.34253407 0.         0.         0.34815192 0.        ]
 [0.30839795 0.34308174 0.         0.         0.3485203  0.        ]
 [0.30927145 0.34248823 0.         0.         0.3482403  0.        ]
 [0.         0.33710116 0.         0.         0.35002902 0.3128698 ]
 [0.32400036 0.         0.         0.3399424  0.         0.33605728]
 [0.32800135 0.         0.         0.34043494 0.         0.33156368]
 [0.         0.         0.32318896 0.33841452 0.         0.33839652]
 [0.31443295 0.         0.         0.34692758 0.         0.33863953]
 [0.32079104 0.         0.         0.34786436 0.         0.3313447 ]
 [0.         0.         0.3157308  0.34074214 0.         0.34352714]
 [0.         0.         0.30778518 0.3482223  0.         0.3439925 ]
 [0.         0.         0.30809534 0.3424413  0.         0.3494633 ]
 [0.         0.         0.30995077 0.3402761  0.         0.3497731 ]
 [0.3251923  0.         0.         0.33993363 0.         0.33487412]
 [0.32925496 0.         0.         0.3394594  0.         0.33128557]
 [0.32939124 0.         0.         0.34214318 0.         0.32846552]
 [0.31297192 0.         0.         0.34578642 0.         0.3412417 ]
 [0.         0.         0.31324553 0.34515357 0.         0.3416009 ]
 [0.31715217 0.         0.         0.3475558  0.         0.33529207]
 [0.         0.         0.3077221  0.34350434 0.         0.34877354]
 [0.34678334 0.3464529  0.         0.         0.30676374 0.        ]
 [0.3440012  0.33496904 0.         0.32102972 0.         0.        ]
 [0.34372184 0.33277386 0.         0.32350433 0.         0.        ]
 [0.36117828 0.32664773 0.         0.312174   0.         0.        ]
 [0.34361783 0.3347237  0.         0.32165843 0.         0.        ]
 [0.34316197 0.33320275 0.         0.3236353  0.         0.        ]
 [0.34716463 0.33367458 0.         0.31916088 0.         0.        ]
 [0.35571754 0.3301741  0.         0.31410837 0.         0.        ]
 [0.34109944 0.34792307 0.3109775  0.         0.         0.        ]
 [0.36054385 0.3407922  0.         0.         0.29866394 0.        ]
 [0.3490758  0.3466941  0.30423003 0.         0.         0.        ]
 [0.34834144 0.347243   0.30441555 0.         0.         0.        ]
 [0.36115646 0.34075674 0.         0.         0.29808676 0.        ]
 [0.3523455  0.32193735 0.         0.32571715 0.         0.        ]
 [0.35703704 0.33074626 0.         0.31221676 0.         0.        ]
 [0.35743356 0.34104764 0.         0.         0.30151883 0.        ]]
12:34:20      Epoch:   0      Batch:   0      OuterStep: 140      LossModel: 0.00420127     LossTerm2: 0.00000000      Time/Step(s): 2.4389Term3 quantities: 
 [[0.31294602 0.32835078 0.35870323 0.         0.         0.        ]
 [0.3122615  0.32843935 0.35929912 0.         0.         0.        ]
 [0.         0.33137077 0.35599682 0.         0.         0.3126324 ]
 [0.31734717 0.3294472  0.35320562 0.         0.         0.        ]
 [0.         0.33068252 0.3498259  0.         0.         0.31949162]
 [0.         0.3273448  0.35259432 0.         0.         0.3200609 ]
 [0.         0.3203144  0.35509077 0.         0.         0.32459483]
 [0.         0.32677123 0.35013092 0.         0.         0.32309783]
 [0.         0.31742284 0.3544194  0.         0.         0.32815775]
 [0.         0.32799304 0.34488177 0.         0.         0.32712525]
 [0.         0.31976244 0.35013345 0.         0.         0.33010405]
 [0.         0.3204909  0.34732726 0.         0.         0.33218187]
 [0.         0.31890044 0.34669906 0.         0.         0.3344006 ]
 [0.         0.         0.35230976 0.         0.31082603 0.33686423]
 [0.         0.3300662  0.33954993 0.         0.         0.33038387]
 [0.         0.         0.3525443  0.         0.30985254 0.33760312]
 [0.         0.         0.329123   0.         0.3339992  0.33687782]
 [0.         0.33795324 0.         0.         0.34021515 0.3218316 ]
 [0.         0.         0.33078167 0.         0.33309254 0.33612576]
 [0.         0.33540285 0.32928002 0.         0.33531722 0.        ]
 [0.         0.3345277  0.         0.         0.3443955  0.32107678]
 [0.         0.         0.3311643  0.         0.3320176  0.3368182 ]
 [0.         0.33328426 0.         0.         0.34326115 0.32345453]
 [0.         0.33564186 0.         0.         0.34417403 0.32018414]
 [0.         0.3318933  0.         0.         0.34726822 0.3208385 ]
 [0.         0.33816126 0.         0.         0.34904215 0.31279665]
 [0.31192487 0.34050632 0.         0.         0.3475688  0.        ]
 [0.31072164 0.34212282 0.         0.         0.3471556  0.        ]
 [0.30662996 0.34260228 0.         0.         0.35076776 0.        ]
 [0.30859864 0.34342086 0.         0.         0.34798053 0.        ]
 [0.30749366 0.34194943 0.         0.         0.3505569  0.        ]
 [0.         0.33773932 0.         0.         0.35050905 0.31175163]
 [0.32242417 0.         0.         0.33995575 0.         0.3376201 ]
 [0.32636508 0.         0.         0.34143463 0.         0.3322003 ]
 [0.32169396 0.         0.         0.33836022 0.         0.33994582]
 [0.31433663 0.         0.         0.345979   0.         0.33968446]
 [0.31684533 0.         0.         0.34896043 0.         0.3341943 ]
 [0.         0.         0.3108797  0.34136277 0.         0.34775755]
 [0.         0.         0.         0.34771076 0.3056208  0.3466685 ]
 [0.         0.         0.30459082 0.3427179  0.         0.35269126]
 [0.         0.         0.30462223 0.34156135 0.         0.3538164 ]
 [0.32288805 0.         0.         0.33967635 0.         0.33743554]
 [0.3276673  0.         0.         0.3406091  0.         0.33172357]
 [0.33124548 0.         0.         0.34354374 0.         0.3252108 ]
 [0.31292337 0.         0.         0.34422538 0.         0.34285122]
 [0.3127601  0.         0.         0.34396935 0.         0.34327057]
 [0.3166172  0.         0.         0.34661478 0.         0.33676806]
 [0.30490556 0.         0.         0.34394976 0.         0.35114464]
 [0.34604174 0.34982756 0.         0.         0.30413076 0.        ]
 [0.343638   0.33392736 0.         0.3224347  0.         0.        ]
 [0.3437059  0.33163747 0.         0.32465667 0.         0.        ]
 [0.36211628 0.3269273  0.         0.31095645 0.         0.        ]
 [0.34360918 0.33352932 0.         0.32286146 0.         0.        ]
 [0.3429658  0.33225423 0.         0.32478    0.         0.        ]
 [0.34785312 0.33229333 0.         0.31985354 0.         0.        ]
 [0.3569889  0.32878956 0.         0.31422153 0.         0.        ]
 [0.3361711  0.35344073 0.3103882  0.         0.         0.        ]
 [0.36087072 0.3420175  0.         0.         0.29711178 0.        ]
 [0.34622723 0.35012907 0.3036436  0.         0.         0.        ]
 [0.34392723 0.35213953 0.30393326 0.         0.         0.        ]
 [0.36218286 0.34127188 0.         0.29654518 0.         0.        ]
 [0.3550976  0.32064706 0.         0.3242554  0.         0.        ]
 [0.35628182 0.32932255 0.31439555 0.         0.         0.        ]
 [0.35959288 0.34237057 0.         0.         0.2980366  0.        ]]
12:34:45      Epoch:   0      Batch:   0      OuterStep: 150      LossModel: 0.00351800     LossTerm2: 0.00000000      Time/Step(s): 2.4214Term3 quantities: 
 [[0.30897108 0.3333685  0.35766044 0.         0.         0.        ]
 [0.         0.3291975  0.35681874 0.         0.         0.31398374]
 [0.         0.33335742 0.35342872 0.         0.         0.31321386]
 [0.         0.3307874  0.3517167  0.         0.         0.31749588]
 [0.         0.33349508 0.34877917 0.         0.         0.31772572]
 [0.         0.32627884 0.35029933 0.         0.         0.32342187]
 [0.         0.32328516 0.3535985  0.         0.         0.32311642]
 [0.         0.32823485 0.34668082 0.         0.         0.32508433]
 [0.         0.3211739  0.3516068  0.         0.         0.32721937]
 [0.         0.33212268 0.34230405 0.         0.         0.32557324]
 [0.         0.3210966  0.34783536 0.         0.         0.3310681 ]
 [0.         0.32412562 0.3454323  0.         0.         0.33044204]
 [0.         0.31799692 0.3444981  0.         0.         0.337505  ]
 [0.         0.         0.35003766 0.         0.3080438  0.3419185 ]
 [0.         0.32778937 0.3374271  0.         0.         0.33478352]
 [0.         0.         0.34983665 0.         0.30699733 0.34316608]
 [0.         0.32811943 0.         0.         0.3368266  0.33505404]
 [0.         0.33831573 0.         0.         0.3397528  0.32193145]
 [0.         0.         0.32729796 0.         0.33685014 0.33585194]
 [0.         0.33934784 0.32485977 0.         0.3357924  0.        ]
 [0.         0.33557642 0.         0.         0.34226373 0.3221599 ]
 [0.         0.         0.32761058 0.         0.33503303 0.33735642]
 [0.         0.33354136 0.         0.         0.34277186 0.3236868 ]
 [0.         0.3367849  0.         0.         0.34325847 0.3199566 ]
 [0.         0.33160007 0.         0.         0.345466   0.32293394]
 [0.         0.33926862 0.         0.         0.34796527 0.3127662 ]
 [0.3124129  0.3409602  0.         0.         0.34662694 0.        ]
 [0.31037548 0.34241635 0.         0.         0.34720823 0.        ]
 [0.30755743 0.34267205 0.         0.         0.34977052 0.        ]
 [0.3077257  0.3433992  0.         0.         0.34887505 0.        ]
 [0.30827898 0.34158772 0.         0.         0.35013324 0.        ]
 [0.         0.33609962 0.         0.31270048 0.35119995 0.        ]
 [0.32329816 0.         0.         0.3407438  0.         0.33595803]
 [0.32564902 0.         0.         0.34088168 0.         0.33346933]
 [0.32274166 0.         0.         0.33928272 0.         0.33797562]
 [0.31295028 0.         0.         0.3455331  0.         0.3415166 ]
 [0.         0.         0.3150584  0.3468232  0.         0.33811843]
 [0.         0.         0.3076419  0.34363928 0.         0.3487188 ]
 [0.         0.         0.3043064  0.34752116 0.         0.3481725 ]
 [0.30164024 0.         0.         0.34625608 0.         0.35210368]
 [0.         0.         0.         0.3459054  0.29983556 0.3542591 ]
 [0.         0.         0.32427448 0.33853832 0.         0.33718723]
 [0.32696724 0.         0.         0.34018892 0.         0.3328439 ]
 [0.33282194 0.         0.         0.3433145  0.         0.3238636 ]
 [0.3132952  0.         0.         0.34515354 0.         0.3415513 ]
 [0.312933   0.         0.         0.3448041  0.         0.34226286]
 [0.31555414 0.         0.         0.3455426  0.         0.33890325]
 [0.30407813 0.         0.         0.346757   0.         0.34916484]
 [0.3471986  0.34980148 0.30299994 0.         0.         0.        ]
 [0.3446664  0.3323621  0.         0.3229715  0.         0.        ]
 [0.34457126 0.32989612 0.         0.32553264 0.         0.        ]
 [0.3650841  0.32807738 0.         0.30683854 0.         0.        ]
 [0.3447556  0.33193702 0.         0.3233074  0.         0.        ]
 [0.3436921  0.33044934 0.         0.32585865 0.         0.        ]
 [0.3494986  0.33130315 0.         0.31919825 0.         0.        ]
 [0.35902905 0.3304135  0.         0.3105575  0.         0.        ]
 [0.33892164 0.35694605 0.30413237 0.         0.         0.        ]
 [0.36326247 0.33374456 0.         0.30299297 0.         0.        ]
 [0.3486401  0.35047743 0.         0.         0.30088246 0.        ]
 [0.34588903 0.35398397 0.300127   0.         0.         0.        ]
 [0.36513188 0.33242473 0.         0.30244333 0.         0.        ]
 [0.35818207 0.32141757 0.         0.32040042 0.         0.        ]
 [0.3613454  0.32790652 0.         0.3107481  0.         0.        ]
 [0.36313352 0.33640647 0.         0.30046    0.         0.        ]]
        Validation Criterion: 0.00711592
        Saving best model so far ...
12:35:09      Epoch:   0      Batch:   0      OuterStep: 160      LossModel: 0.00247905     LossTerm2: 0.00000000      Time/Step(s): 2.4375Term3 quantities: 
 [[0.         0.33547777 0.352524   0.         0.         0.3119982 ]
 [0.         0.3324998  0.35144418 0.         0.         0.31605595]
 [0.         0.33624265 0.34827283 0.         0.         0.31548455]
 [0.         0.33312058 0.3475415  0.         0.         0.31933787]
 [0.         0.3342276  0.3453949  0.         0.         0.32037747]
 [0.         0.32954785 0.3461854  0.         0.         0.3242667 ]
 [0.         0.3242405  0.34892952 0.         0.         0.32682997]
 [0.         0.33040708 0.34314808 0.         0.         0.3264449 ]
 [0.         0.32222256 0.34711483 0.         0.         0.33066264]
 [0.         0.33201653 0.33848736 0.         0.         0.32949618]
 [0.         0.32382894 0.3444976  0.         0.         0.33167347]
 [0.         0.32575706 0.34232795 0.         0.         0.33191502]
 [0.         0.32248777 0.3419692  0.         0.         0.33554304]
 [0.         0.         0.34510216 0.         0.30646053 0.34843734]
 [0.         0.32742414 0.33528918 0.         0.         0.3372866 ]
 [0.         0.         0.34434137 0.         0.30525383 0.35040486]
 [0.         0.32960913 0.         0.         0.33968744 0.33070353]
 [0.         0.33876076 0.         0.         0.33798447 0.3232548 ]
 [0.         0.329199   0.         0.         0.33908403 0.33171698]
 [0.         0.34265456 0.31999946 0.         0.33734608 0.        ]
 [0.         0.3358813  0.         0.         0.3418355  0.32228324]
 [0.         0.3254378  0.         0.         0.33856946 0.33599278]
 [0.         0.33423755 0.         0.         0.34194276 0.3238197 ]
 [0.         0.33724865 0.         0.         0.3441334  0.31861794]
 [0.         0.3308893  0.         0.         0.34502938 0.32408133]
 [0.31284747 0.33941546 0.         0.         0.34773716 0.        ]
 [0.31378195 0.34027705 0.         0.         0.345941   0.        ]
 [0.31172925 0.34179804 0.         0.         0.3464727  0.        ]
 [0.31011182 0.3413638  0.         0.         0.34852436 0.        ]
 [0.30835924 0.34231505 0.         0.         0.34932572 0.        ]
 [0.30980378 0.3402432  0.         0.         0.34995297 0.        ]
 [0.         0.33326757 0.         0.31428358 0.35244885 0.        ]
 [0.3229839  0.         0.         0.3432786  0.         0.33373752]
 [0.3253507  0.         0.         0.34338963 0.         0.33125967]
 [0.32228133 0.         0.         0.34142363 0.         0.33629507]
 [0.         0.         0.3110943  0.3494919  0.         0.33941373]
 [0.         0.         0.31392968 0.34709203 0.         0.33897832]
 [0.         0.         0.         0.34646145 0.30682692 0.34671164]
 [0.         0.         0.30192345 0.35109404 0.         0.34698257]
 [0.         0.         0.2988643  0.35102126 0.         0.35011438]
 [0.         0.         0.298451   0.3495389  0.         0.35201007]
 [0.32284608 0.         0.         0.34257868 0.         0.33457524]
 [0.32606152 0.         0.         0.34198233 0.         0.33195615]
 [0.33143613 0.         0.32361755 0.34494635 0.         0.        ]
 [0.31211877 0.         0.         0.34903258 0.         0.33884862]
 [0.31178334 0.         0.         0.3485504  0.         0.33966625]
 [0.31484583 0.         0.         0.34931743 0.         0.33583674]
 [0.3007499  0.         0.         0.3519083  0.         0.34734178]
 [0.3505476  0.34845102 0.3010014  0.         0.         0.        ]
 [0.34415507 0.33204883 0.         0.32379606 0.         0.        ]
 [0.3436104  0.33012065 0.         0.32626897 0.         0.        ]
 [0.36454326 0.32753015 0.         0.3079267  0.         0.        ]
 [0.3443039  0.33193973 0.         0.3237564  0.         0.        ]
 [0.34271687 0.33044893 0.         0.32683426 0.         0.        ]
 [0.34939677 0.33021554 0.         0.3203877  0.         0.        ]
 [0.3588039  0.32949167 0.         0.31170455 0.         0.        ]
 [0.3460654  0.3573623  0.         0.         0.2965723  0.        ]
 [0.3610845  0.3258614  0.         0.31305405 0.         0.        ]
 [0.35467267 0.34845886 0.         0.         0.29686844 0.        ]
 [0.3516543  0.3525523  0.         0.         0.29579344 0.        ]
 [0.3625747  0.32564345 0.         0.31178188 0.         0.        ]
 [0.35769558 0.3220401  0.         0.32026434 0.         0.        ]
 [0.3604094  0.32632464 0.         0.31326598 0.         0.        ]
 [0.36198005 0.3270716  0.         0.3109483  0.         0.        ]]
12:35:33      Epoch:   0      Batch:   0      OuterStep: 170      LossModel: 0.00143213     LossTerm2: 0.00000000      Time/Step(s): 2.4206Term3 quantities: 
 [[0.         0.33553857 0.35035288 0.         0.         0.31410855]
 [0.         0.3336979  0.34921837 0.         0.         0.3170837 ]
 [0.         0.3371386  0.34616396 0.         0.         0.3166974 ]
 [0.         0.33246338 0.34601372 0.         0.         0.3215229 ]
 [0.         0.3331426  0.34410602 0.         0.         0.32275143]
 [0.         0.33079952 0.3441042  0.         0.         0.3250963 ]
 [0.         0.3248991  0.34693488 0.         0.         0.328166  ]
 [0.         0.32980168 0.34161085 0.         0.         0.3285875 ]
 [0.         0.32268882 0.34494022 0.         0.         0.33237097]
 [0.         0.33181918 0.33667675 0.         0.         0.33150408]
 [0.         0.32302576 0.34259504 0.         0.         0.33437926]
 [0.         0.32361352 0.34042022 0.         0.         0.33596623]
 [0.         0.3223006  0.33989224 0.         0.         0.33780718]
 [0.         0.         0.34027278 0.         0.30794135 0.35178584]
 [0.         0.32823563 0.33392403 0.         0.         0.33784035]
 [0.         0.         0.33967745 0.         0.30529988 0.35502273]
 [0.         0.33047262 0.         0.         0.33860192 0.33092546]
 [0.         0.33840337 0.         0.         0.33878928 0.3228073 ]
 [0.         0.33067167 0.         0.         0.33916432 0.33016402]
 [0.         0.34417036 0.3171338  0.         0.33869582 0.        ]
 [0.         0.33548868 0.         0.         0.34242666 0.32208467]
 [0.         0.32576466 0.         0.         0.341034   0.33320138]
 [0.         0.3343463  0.         0.         0.34252113 0.32313263]
 [0.         0.33780462 0.         0.         0.34445372 0.31774163]
 [0.         0.32971722 0.         0.         0.345576   0.32470682]
 [0.3133311  0.33868527 0.         0.         0.3479836  0.        ]
 [0.31325948 0.33993015 0.         0.         0.34681046 0.        ]
 [0.31070027 0.34142715 0.         0.         0.34787253 0.        ]
 [0.30928707 0.34034663 0.         0.         0.35036626 0.        ]
 [0.30761257 0.34187928 0.         0.         0.35050812 0.        ]
 [0.30837095 0.3394784  0.         0.         0.35215062 0.        ]
 [0.         0.33387268 0.         0.31228417 0.35384312 0.        ]
 [0.32339016 0.         0.         0.34326318 0.         0.33334664]
 [0.3265534  0.         0.         0.34404945 0.         0.32939717]
 [0.32284304 0.         0.         0.34155825 0.         0.3355987 ]
 [0.         0.         0.31136757 0.34912175 0.         0.33951074]
 [0.         0.         0.3114605  0.347344   0.         0.3411955 ]
 [0.         0.         0.         0.34576473 0.3078263  0.34640905]
 [0.         0.         0.30052263 0.35091978 0.         0.34855765]
 [0.         0.         0.299047   0.3502997  0.         0.3506533 ]
 [0.         0.         0.29808468 0.34866378 0.         0.35325158]
 [0.32457003 0.         0.         0.34316024 0.         0.33226982]
 [0.32797182 0.         0.         0.34324014 0.         0.32878798]
 [0.         0.         0.3274972  0.34444302 0.         0.32805976]
 [0.3130023  0.         0.         0.34879273 0.         0.33820498]
 [0.3128816  0.         0.         0.34831518 0.         0.33880323]
 [0.31624824 0.         0.         0.3493025  0.         0.3344492 ]
 [0.3006386  0.         0.         0.35125282 0.         0.34810862]
 [0.3496304  0.3475555  0.30281407 0.         0.         0.        ]
 [0.34398958 0.3322451  0.         0.32376543 0.         0.        ]
 [0.34341446 0.3302385  0.         0.32634708 0.         0.        ]
 [0.36177215 0.3283855  0.         0.3098423  0.         0.        ]
 [0.34432566 0.33221084 0.         0.32346347 0.         0.        ]
 [0.34266147 0.33037624 0.         0.32696226 0.         0.        ]
 [0.34841132 0.33094686 0.         0.32064185 0.         0.        ]
 [0.35680145 0.32939556 0.         0.313803   0.         0.        ]
 [0.3463518  0.35805792 0.         0.         0.29559028 0.        ]
 [0.3578716  0.3237803  0.         0.3183481  0.         0.        ]
 [0.35392252 0.34803036 0.29804716 0.         0.         0.        ]
 [0.3520471  0.35262007 0.29533276 0.         0.         0.        ]
 [0.35898083 0.32478106 0.         0.3162381  0.         0.        ]
 [0.35663104 0.3227773  0.         0.32059172 0.         0.        ]
 [0.3584191  0.32516125 0.31641966 0.         0.         0.        ]
 [0.35832733 0.32513648 0.         0.31653622 0.         0.        ]]
12:35:58      Epoch:   0      Batch:   0      OuterStep: 180      LossModel: 0.00104591     LossTerm2: 0.00000000      Time/Step(s): 2.4555Term3 quantities: 
 [[0.         0.3335073  0.35348308 0.         0.         0.31300965]
 [0.         0.33062828 0.35205317 0.         0.         0.31731853]
 [0.         0.33436885 0.34856942 0.         0.         0.3170617 ]
 [0.         0.33002847 0.34852654 0.         0.         0.321445  ]
 [0.         0.33137402 0.3463204  0.         0.         0.32230553]
 [0.         0.32824442 0.3456071  0.         0.         0.32614845]
 [0.         0.32326648 0.34883407 0.         0.         0.32789943]
 [0.         0.32826737 0.3428704  0.         0.         0.32886225]
 [0.         0.3215128  0.3462699  0.         0.         0.33221734]
 [0.         0.33173648 0.33684203 0.         0.         0.3314215 ]
 [0.         0.3227969  0.34396273 0.         0.         0.33324033]
 [0.         0.3237256  0.34134084 0.         0.         0.33493352]
 [0.         0.3206086  0.3398909  0.         0.         0.33950046]
 [0.         0.         0.3386434  0.         0.30857986 0.35277677]
 [0.         0.32796186 0.33356515 0.         0.         0.33847302]
 [0.         0.         0.33817998 0.         0.30467293 0.35714713]
 [0.         0.33106872 0.         0.         0.33779433 0.33113694]
 [0.         0.3391612  0.         0.         0.33741575 0.32342303]
 [0.         0.33239415 0.         0.         0.33760586 0.32999995]
 [0.         0.34682652 0.31450877 0.         0.33866483 0.        ]
 [0.         0.33643192 0.         0.         0.34084797 0.32272014]
 [0.         0.32756355 0.         0.         0.33841282 0.33402362]
 [0.         0.33554703 0.         0.         0.34113953 0.3233135 ]
 [0.         0.33928627 0.         0.         0.34303743 0.31767637]
 [0.         0.3303719  0.         0.         0.34346026 0.32616788]
 [0.31337354 0.34050286 0.         0.         0.34612364 0.        ]
 [0.31288972 0.34201136 0.         0.         0.34509885 0.        ]
 [0.3102405  0.3436385  0.         0.         0.34612098 0.        ]
 [0.30928904 0.34271073 0.         0.         0.3480003  0.        ]
 [0.3074791  0.34425363 0.         0.         0.34826732 0.        ]
 [0.30816144 0.3420739  0.         0.         0.3497647  0.        ]
 [0.3118592  0.33832964 0.         0.         0.34981117 0.        ]
 [0.32357022 0.         0.         0.34139603 0.         0.3350337 ]
 [0.32724857 0.         0.         0.34223765 0.         0.3305137 ]
 [0.32292795 0.         0.         0.33964515 0.         0.33742693]
 [0.         0.         0.31375894 0.34429103 0.         0.34195006]
 [0.         0.         0.31112814 0.34372693 0.         0.34514493]
 [0.         0.         0.         0.34281352 0.3088242  0.3483622 ]
 [0.         0.         0.3016408  0.34489438 0.         0.35346478]
 [0.         0.         0.30073154 0.34537947 0.         0.35388902]
 [0.         0.         0.29975638 0.34357962 0.         0.35666403]
 [0.3259871  0.         0.         0.34084308 0.         0.33316976]
 [0.32984167 0.         0.         0.3422711  0.         0.32788724]
 [0.         0.         0.328945   0.34168145 0.         0.32937348]
 [0.31444913 0.         0.         0.3457212  0.         0.3398297 ]
 [0.31444898 0.         0.         0.34524357 0.         0.34030744]
 [0.3184192  0.         0.         0.34609222 0.         0.33548862]
 [0.3027845  0.         0.         0.34653348 0.         0.35068202]
 [0.3482475  0.34571195 0.30604059 0.         0.         0.        ]
 [0.34367317 0.33309126 0.         0.3232356  0.         0.        ]
 [0.34298825 0.3309312  0.         0.32608062 0.         0.        ]
 [0.3592221  0.32897636 0.         0.31180155 0.         0.        ]
 [0.34407777 0.33327615 0.         0.32264605 0.         0.        ]
 [0.342504   0.3311301  0.         0.32636595 0.         0.        ]
 [0.34757793 0.33169845 0.         0.32072362 0.         0.        ]
 [0.35447565 0.32993108 0.         0.3155933  0.         0.        ]
 [0.34443116 0.3585425  0.         0.         0.29702637 0.        ]
 [0.35662907 0.32289198 0.         0.320479   0.         0.        ]
 [0.35242248 0.34641957 0.30115792 0.         0.         0.        ]
 [0.34994775 0.35139775 0.29865447 0.         0.         0.        ]
 [0.3577403  0.32384437 0.         0.3184153  0.         0.        ]
 [0.35570046 0.3230863  0.         0.3212133  0.         0.        ]
 [0.3589658  0.3226878  0.3183464  0.         0.         0.        ]
 [0.35662335 0.3245815  0.         0.3187951  0.         0.        ]]
12:36:22      Epoch:   0      Batch:   0      OuterStep: 190      LossModel: 0.00076695     LossTerm2: 0.00000000      Time/Step(s): 2.4195Term3 quantities: 
 [[0.         0.3296905  0.3582408  0.         0.         0.31206867]
 [0.         0.32760915 0.35652205 0.         0.         0.31586885]
 [0.         0.33152187 0.3524057  0.         0.         0.31607246]
 [0.         0.3268924  0.35247216 0.         0.         0.32063547]
 [0.         0.32806408 0.34971815 0.         0.         0.32221767]
 [0.         0.3268645  0.34830093 0.         0.         0.3248346 ]
 [0.         0.32083595 0.35187376 0.         0.         0.32729024]
 [0.         0.32627833 0.3450497  0.         0.         0.328672  ]
 [0.         0.31937557 0.34860367 0.         0.         0.33202064]
 [0.         0.33070126 0.3374596  0.         0.         0.3318391 ]
 [0.         0.32130104 0.34629598 0.         0.         0.33240294]
 [0.         0.32330707 0.34316468 0.         0.         0.3335282 ]
 [0.         0.3208713  0.3407863  0.         0.         0.3383423 ]
 [0.         0.         0.33797878 0.         0.30896086 0.35306042]
 [0.         0.32746023 0.33347636 0.         0.         0.3390634 ]
 [0.         0.         0.33749527 0.         0.30441132 0.35809338]
 [0.         0.3322552  0.         0.         0.3351023  0.33264256]
 [0.         0.34056893 0.         0.         0.33461782 0.32481328]
 [0.         0.33458513 0.         0.         0.33550915 0.32990572]
 [0.         0.34990653 0.31365168 0.         0.3364418  0.        ]
 [0.         0.3383064  0.         0.         0.3375462  0.3241474 ]
 [0.         0.32989088 0.         0.         0.33521232 0.3348968 ]
 [0.         0.3377996  0.         0.         0.33751196 0.32468846]
 [0.         0.34140116 0.         0.         0.34025842 0.31834045]
 [0.         0.3324474  0.         0.         0.33909824 0.32845435]
 [0.31420222 0.3434251  0.         0.         0.34237266 0.        ]
 [0.3134965  0.3450056  0.         0.         0.34149793 0.        ]
 [0.31077978 0.34679592 0.         0.         0.34242433 0.        ]
 [0.3102275  0.34625065 0.         0.         0.3435219  0.        ]
 [0.30820122 0.34783706 0.         0.         0.34396175 0.        ]
 [0.3086222  0.34578326 0.         0.         0.34559453 0.        ]
 [0.31341922 0.3424668  0.         0.         0.344114   0.        ]
 [0.32446223 0.         0.         0.3396552  0.         0.3358826 ]
 [0.32762983 0.         0.         0.34063938 0.         0.33173078]
 [0.32367477 0.         0.         0.3379339  0.         0.3383914 ]
 [0.         0.         0.31492022 0.3421667  0.         0.34291306]
 [0.         0.         0.31091088 0.34036642 0.         0.34872273]
 [0.         0.         0.         0.34003013 0.3102378  0.34973216]
 [0.         0.         0.30207688 0.34163675 0.         0.35628635]
 [0.30263296 0.         0.         0.34251598 0.         0.3548511 ]
 [0.         0.         0.3007305  0.34150916 0.         0.3577603 ]
 [0.32719827 0.         0.         0.3394991  0.         0.33330265]
 [0.33090267 0.         0.         0.34077075 0.         0.3283265 ]
 [0.         0.         0.33120245 0.3408344  0.         0.32796323]
 [0.31611985 0.         0.         0.34327847 0.         0.3406017 ]
 [0.3161196  0.         0.         0.34283367 0.         0.34104672]
 [0.32001692 0.         0.         0.3443647  0.         0.33561838]
 [0.3054872  0.         0.         0.3437596  0.         0.35075322]
 [0.34783682 0.3419747  0.3101885  0.         0.         0.        ]
 [0.34383443 0.33307734 0.         0.32308832 0.         0.        ]
 [0.34303036 0.33063582 0.         0.32633385 0.         0.        ]
 [0.35782048 0.3285115  0.         0.313668   0.         0.        ]
 [0.34430355 0.33335203 0.         0.32234448 0.         0.        ]
 [0.34274587 0.3310632  0.         0.3261909  0.         0.        ]
 [0.3473365  0.33197683 0.         0.32068664 0.         0.        ]
 [0.3532212  0.3295543  0.         0.31722453 0.         0.        ]
 [0.34177396 0.35528353 0.30294245 0.         0.         0.        ]
 [0.35679957 0.32170412 0.         0.32149634 0.         0.        ]
 [0.35227165 0.3426353  0.30509308 0.         0.         0.        ]
 [0.3488706  0.3472816  0.30384776 0.         0.         0.        ]
 [0.3580036  0.3223911  0.         0.3196054  0.         0.        ]
 [0.35548902 0.3226844  0.         0.32182655 0.         0.        ]
 [0.35923597 0.31895864 0.32180545 0.         0.         0.        ]
 [0.35674462 0.3230782  0.         0.3201772  0.         0.        ]]
12:36:47      Epoch:   0      Batch:   0      OuterStep: 200      LossModel: 0.00068965     LossTerm2: 0.00000000      Time/Step(s): 2.4189Term3 quantities: 
 [[0.         0.32715455 0.36093876 0.         0.         0.31190675]
 [0.         0.3257968  0.35909986 0.         0.         0.31510332]
 [0.         0.3297304  0.35458922 0.         0.         0.31568038]
 [0.         0.32515177 0.35489836 0.         0.         0.3199498 ]
 [0.         0.3265964  0.35179943 0.         0.         0.3216042 ]
 [0.         0.32619306 0.34981748 0.         0.         0.32398942]
 [0.         0.31987676 0.3537065  0.         0.         0.32641673]
 [0.         0.3254485  0.34640512 0.         0.         0.3281464 ]
 [0.         0.3190745  0.35007864 0.         0.         0.33084682]
 [0.         0.3301367  0.33769336 0.         0.         0.3321699 ]
 [0.         0.32007203 0.347576   0.         0.         0.332352  ]
 [0.         0.3219198  0.34406248 0.         0.         0.33401775]
 [0.         0.3212555  0.34122062 0.         0.         0.33752385]
 [0.         0.         0.33664408 0.         0.30991188 0.3534441 ]
 [0.         0.32778448 0.33344078 0.         0.         0.33877477]
 [0.         0.         0.3359844  0.         0.30524766 0.35876796]
 [0.         0.33296964 0.         0.         0.33353412 0.3334962 ]
 [0.         0.34155276 0.         0.         0.3332221  0.32522514]
 [0.         0.33615252 0.         0.         0.3339447  0.32990277]
 [0.         0.35159317 0.         0.         0.33496144 0.31344542]
 [0.         0.3393836  0.         0.         0.33551893 0.3250975 ]
 [0.         0.33139533 0.         0.         0.3336285  0.3349761 ]
 [0.         0.33920956 0.         0.         0.33575243 0.32503805]
 [0.         0.34280547 0.         0.         0.33856392 0.31863067]
 [0.         0.33359873 0.         0.         0.3364825  0.32991883]
 [0.31479484 0.3451252  0.         0.         0.34008    0.        ]
 [0.31378344 0.34677497 0.         0.         0.3394416  0.        ]
 [0.31090868 0.3487452  0.         0.         0.3403462  0.        ]
 [0.31073317 0.34825072 0.         0.         0.34101614 0.        ]
 [0.30882427 0.3499689  0.         0.         0.34120682 0.        ]
 [0.3089374  0.3479393  0.         0.         0.3431233  0.        ]
 [0.3139697  0.34475338 0.         0.         0.34127688 0.        ]
 [0.326152   0.         0.         0.33955586 0.         0.3342921 ]
 [0.         0.         0.32836854 0.3400164  0.         0.33161506]
 [0.32531756 0.         0.         0.3379808  0.         0.3367016 ]
 [0.         0.         0.31554395 0.34200054 0.         0.3424555 ]
 [0.         0.         0.3103913  0.3389501  0.         0.35065854]
 [0.         0.         0.         0.3396041  0.31130186 0.34909403]
 [0.         0.         0.30215603 0.34107137 0.         0.35677257]
 [0.30394492 0.         0.         0.3420037  0.         0.35405135]
 [0.         0.         0.         0.34122652 0.3019258  0.35684773]
 [0.         0.         0.32750848 0.3387611  0.         0.33373043]
 [0.         0.         0.3303916  0.33894947 0.         0.33065888]
 [0.32698622 0.         0.3325283  0.34048554 0.         0.        ]
 [0.3178044  0.         0.         0.34288967 0.         0.33930594]
 [0.31777927 0.         0.         0.34248263 0.         0.33973804]
 [0.3210994  0.         0.         0.34423736 0.         0.3346632 ]
 [0.30719063 0.         0.         0.3435622  0.         0.34924716]
 [0.34815288 0.3392644  0.31258267 0.         0.         0.        ]
 [0.3444888  0.33192927 0.         0.323582   0.         0.        ]
 [0.3435932  0.32943997 0.         0.32696688 0.         0.        ]
 [0.3573318  0.32705447 0.         0.31561372 0.         0.        ]
 [0.3450474  0.3322185  0.         0.3227341  0.         0.        ]
 [0.34341526 0.32999834 0.         0.3265864  0.         0.        ]
 [0.3478276  0.3308727  0.         0.32129964 0.         0.        ]
 [0.3530936  0.32787    0.         0.31903645 0.         0.        ]
 [0.33960262 0.35275275 0.30764472 0.         0.         0.        ]
 [0.35767445 0.32030642 0.         0.3220192  0.         0.        ]
 [0.35274068 0.3397867  0.3074726  0.         0.         0.        ]
 [0.34875613 0.34431544 0.3069284  0.         0.         0.        ]
 [0.35887104 0.3208661  0.         0.32026282 0.         0.        ]
 [0.3555924  0.32178512 0.         0.3226225  0.         0.        ]
 [0.35935035 0.3162475  0.32440215 0.         0.         0.        ]
 [0.357695   0.3213044  0.         0.32100064 0.         0.        ]]
        Validation Criterion: 0.00212111
        Saving best model so far ...
12:37:11      Epoch:   0      Batch:   0      OuterStep: 210      LossModel: 0.00062882     LossTerm2: 0.00000000      Time/Step(s): 2.5494Term3 quantities: 
 [[0.         0.32758802 0.36029387 0.         0.         0.31211817]
 [0.         0.32612607 0.35838383 0.         0.         0.3154901 ]
 [0.         0.32997823 0.35395384 0.         0.         0.316068  ]
 [0.         0.32535553 0.354496   0.         0.         0.32014844]
 [0.         0.32664153 0.35136336 0.         0.         0.32199502]
 [0.         0.32625598 0.34922284 0.         0.         0.32452118]
 [0.         0.32034838 0.35320085 0.         0.         0.32645077]
 [0.         0.325339   0.3460663  0.         0.         0.32859477]
 [0.         0.3190422  0.3495379  0.         0.         0.33141986]
 [0.         0.33015963 0.33732495 0.         0.         0.33251545]
 [0.         0.32052997 0.3471445  0.         0.         0.33232558]
 [0.         0.32203206 0.3436447  0.         0.         0.33432317]
 [0.         0.3212456  0.3406069  0.         0.         0.33814755]
 [0.         0.         0.3327528  0.         0.31289458 0.35435268]
 [0.         0.3277957  0.3331567  0.         0.         0.33904758]
 [0.         0.         0.3319057  0.         0.3082984  0.35979593]
 [0.         0.33250007 0.         0.         0.33415097 0.33334893]
 [0.         0.34132758 0.         0.         0.33381742 0.32485497]
 [0.         0.33648744 0.         0.         0.334612   0.3289006 ]
 [0.         0.3516815  0.         0.         0.33550936 0.3128092 ]
 [0.         0.33871093 0.         0.         0.33625868 0.32503036]
 [0.         0.33090732 0.         0.         0.3345547  0.33453798]
 [0.         0.33897397 0.         0.         0.33655933 0.32446665]
 [0.         0.34274468 0.         0.         0.33930305 0.31795228]
 [0.         0.33256102 0.         0.         0.33741984 0.33001918]
 [0.31426725 0.3448929  0.         0.         0.3408399  0.        ]
 [0.31297567 0.34665054 0.         0.         0.3403738  0.        ]
 [0.         0.34862164 0.         0.         0.34122235 0.31015596]
 [0.30999947 0.3478002  0.         0.         0.34220037 0.        ]
 [0.30827034 0.34959468 0.         0.         0.34213495 0.        ]
 [0.30816445 0.34747794 0.         0.         0.3443576  0.        ]
 [0.3137461  0.34446132 0.         0.         0.3417926  0.        ]
 [0.3272187  0.         0.         0.33982036 0.         0.33296093]
 [0.         0.         0.32909358 0.33976123 0.         0.33114526]
 [0.3260756  0.         0.         0.33814773 0.         0.33577666]
 [0.         0.         0.31579927 0.34209406 0.         0.3421067 ]
 [0.         0.         0.30973083 0.3382867  0.         0.3519825 ]
 [0.3123109  0.         0.         0.3403336  0.         0.3473555 ]
 [0.         0.         0.         0.34121296 0.3030711  0.35571584]
 [0.303983   0.         0.         0.34173784 0.         0.35427913]
 [0.         0.         0.         0.34114683 0.30263638 0.35621685]
 [0.         0.         0.32838464 0.33890495 0.         0.33271042]
 [0.         0.         0.33128235 0.3384371  0.         0.3302805 ]
 [0.         0.         0.33276328 0.33985388 0.         0.3273828 ]
 [0.31883675 0.         0.         0.3431533  0.         0.33800998]
 [0.31871524 0.         0.         0.34272236 0.         0.33856243]
 [0.32159752 0.         0.         0.3444463  0.         0.33395624]
 [0.3075772  0.         0.         0.3437137  0.         0.34870905]
 [0.34756064 0.34003362 0.3124058  0.         0.         0.        ]
 [0.34418276 0.33221155 0.         0.32360572 0.         0.        ]
 [0.34349084 0.3296059  0.         0.32690328 0.         0.        ]
 [0.3558998  0.3270429  0.         0.31705725 0.         0.        ]
 [0.3448058  0.33246392 0.         0.32273024 0.         0.        ]
 [0.3432965  0.33024836 0.         0.32645512 0.         0.        ]
 [0.34731045 0.33108664 0.         0.32160297 0.         0.        ]
 [0.3521504  0.32775345 0.         0.32009614 0.         0.        ]
 [0.33808607 0.35410854 0.3078054  0.         0.         0.        ]
 [0.35769805 0.32060263 0.         0.32169932 0.         0.        ]
 [0.35198432 0.34060135 0.3074143  0.         0.         0.        ]
 [0.3476854  0.3454127  0.30690196 0.         0.         0.        ]
 [0.3587968  0.32109678 0.         0.32010648 0.         0.        ]
 [0.35478303 0.3220805  0.         0.32313645 0.         0.        ]
 [0.3592408  0.31690434 0.32385486 0.         0.         0.        ]
 [0.35770184 0.32151505 0.         0.32078314 0.         0.        ]]
12:37:36      Epoch:   0      Batch:   0      OuterStep: 220      LossModel: 0.00061705     LossTerm2: 0.00000000      Time/Step(s): 2.4215Term3 quantities: 
 [[0.         0.32914457 0.3584534  0.         0.         0.312402  ]
 [0.         0.3277564  0.35653606 0.         0.         0.31570756]
 [0.         0.33125672 0.35232267 0.         0.         0.31642064]
 [0.         0.32621735 0.3529573  0.         0.         0.3208253 ]
 [0.         0.3272991  0.3499528  0.         0.         0.32274815]
 [0.         0.32698354 0.3479244  0.         0.         0.32509202]
 [0.         0.32066047 0.35167107 0.         0.         0.3276684 ]
 [0.         0.32533672 0.3450514  0.         0.         0.32961193]
 [0.         0.31920257 0.34829748 0.         0.         0.33249995]
 [0.         0.329705   0.3366562  0.         0.         0.33363885]
 [0.         0.32040325 0.34586638 0.         0.         0.33373034]
 [0.         0.32193935 0.34263092 0.         0.         0.33542973]
 [0.         0.32103264 0.3396368  0.         0.         0.33933055]
 [0.         0.         0.32557493 0.         0.31897354 0.3554516 ]
 [0.         0.32700622 0.33261245 0.         0.         0.3403813 ]
 [0.         0.         0.32404956 0.         0.31476223 0.36118823]
 [0.         0.3318087  0.         0.         0.33538982 0.33280146]
 [0.         0.34106857 0.         0.         0.3353079  0.3236235 ]
 [0.         0.33668026 0.         0.         0.33609527 0.32722455]
 [0.         0.35160804 0.         0.         0.33695236 0.3114395 ]
 [0.         0.3377138  0.         0.         0.33772856 0.32455763]
 [0.         0.33012334 0.         0.         0.33638343 0.33349326]
 [0.         0.3384433  0.         0.         0.33808947 0.32346725]
 [0.         0.34244028 0.         0.         0.34054357 0.31701615]
 [0.         0.331228   0.         0.         0.3392002  0.3295719 ]
 [0.31383994 0.3441943  0.         0.         0.34196576 0.        ]
 [0.31246105 0.3460065  0.         0.         0.34153244 0.        ]
 [0.3096139  0.34795728 0.         0.         0.34242877 0.        ]
 [0.30929747 0.3468359  0.         0.         0.34386662 0.        ]
 [0.30767888 0.34864253 0.         0.         0.34367856 0.        ]
 [0.         0.34631723 0.         0.         0.34606102 0.30762178]
 [0.31379744 0.34358627 0.         0.         0.34261623 0.        ]
 [0.32751104 0.         0.         0.33949062 0.         0.33299837]
 [0.         0.         0.3285136  0.33948907 0.         0.33199728]
 [0.3261902  0.         0.         0.33781102 0.         0.3359987 ]
 [0.         0.         0.31620914 0.34135526 0.         0.34243566]
 [0.         0.         0.         0.3371705  0.30870727 0.35412222]
 [0.3129952  0.         0.         0.34003934 0.         0.34696543]
 [0.         0.         0.         0.33971596 0.30544198 0.35484204]
 [0.30386    0.         0.         0.34108055 0.         0.35505942]
 [0.         0.         0.         0.34033245 0.30334318 0.35632434]
 [0.32822844 0.         0.         0.33914664 0.         0.33262488]
 [0.         0.         0.33052355 0.33957106 0.         0.32990542]
 [0.         0.         0.33299443 0.3400944  0.         0.3269112 ]
 [0.319508   0.         0.         0.34272924 0.         0.33776277]
 [0.31930408 0.         0.         0.34230494 0.         0.3383909 ]
 [0.32142538 0.         0.         0.34411073 0.         0.3344639 ]
 [0.3078902  0.         0.         0.34297043 0.         0.34913933]
 [0.34851938 0.3415037  0.3099769  0.         0.         0.        ]
 [0.3440806  0.33261713 0.         0.3233023  0.         0.        ]
 [0.34357417 0.33009222 0.         0.32633367 0.         0.        ]
 [0.35484344 0.3274086  0.         0.31774795 0.         0.        ]
 [0.3447372  0.33285204 0.         0.3224108  0.         0.        ]
 [0.3433779  0.33066115 0.         0.325961   0.         0.        ]
 [0.3468553  0.33159626 0.         0.3215484  0.         0.        ]
 [0.35135266 0.32845458 0.         0.32019275 0.         0.        ]
 [0.33944494 0.3559417  0.30461335 0.         0.         0.        ]
 [0.35778505 0.32115412 0.         0.32106084 0.         0.        ]
 [0.35322222 0.3420888  0.30468896 0.         0.         0.        ]
 [0.34892297 0.34710598 0.30397108 0.         0.         0.        ]
 [0.35879162 0.32162297 0.         0.3195854  0.         0.        ]
 [0.3542655  0.32238305 0.         0.32335132 0.         0.        ]
 [0.36036655 0.3178951  0.32173833 0.         0.         0.        ]
 [0.35774708 0.3221336  0.         0.32011932 0.         0.        ]]
12:38:00      Epoch:   0      Batch:   0      OuterStep: 230      LossModel: 0.00408885     LossTerm2: 0.00000000      Time/Step(s): 2.5508Term3 quantities: 
 [[0.         0.33026856 0.35800397 0.         0.         0.3117275 ]
 [0.         0.32891792 0.3559456  0.         0.         0.31513655]
 [0.         0.33206657 0.3518187  0.         0.         0.3161147 ]
 [0.         0.32693908 0.35249057 0.         0.         0.32057038]
 [0.         0.32769325 0.34950924 0.         0.         0.3227975 ]
 [0.         0.32700577 0.34743118 0.         0.         0.3255631 ]
 [0.         0.32057333 0.35095185 0.         0.         0.32847482]
 [0.         0.32432133 0.34458765 0.         0.         0.33109105]
 [0.         0.31840044 0.3476095  0.         0.         0.33399013]
 [0.         0.32859844 0.33625937 0.         0.         0.33514225]
 [0.         0.3192106  0.34498724 0.         0.         0.33580214]
 [0.         0.3205252  0.34187242 0.         0.         0.33760235]
 [0.         0.         0.33868343 0.32007578 0.         0.34124076]
 [0.         0.31405085 0.         0.         0.3313057  0.35464343]
 [0.         0.32522187 0.33189783 0.         0.         0.3428803 ]
 [0.         0.         0.31075558 0.         0.32812405 0.36112043]
 [0.         0.33198905 0.         0.         0.33793053 0.33008042]
 [0.         0.34154412 0.         0.         0.33749765 0.32095826]
 [0.         0.33757743 0.         0.         0.3383381  0.3240845 ]
 [0.31080794 0.3513742  0.         0.         0.33781785 0.        ]
 [0.         0.33719397 0.         0.         0.3395908  0.3232153 ]
 [0.         0.33034992 0.         0.         0.3393692  0.33028087]
 [0.         0.3384694  0.         0.         0.34023753 0.32129306]
 [0.3164089  0.34213907 0.         0.         0.34145203 0.        ]
 [0.         0.33070448 0.         0.         0.3419235  0.32737193]
 [0.31346363 0.34393808 0.         0.         0.3425983  0.        ]
 [0.3121046  0.3457898  0.         0.         0.34210563 0.        ]
 [0.30913672 0.34778658 0.         0.         0.3430767  0.        ]
 [0.3085317  0.3468035  0.         0.         0.34466484 0.        ]
 [0.30735275 0.34818864 0.         0.         0.34445864 0.        ]
 [0.         0.3455957  0.         0.         0.34662727 0.30777702]
 [0.31370783 0.34339622 0.         0.         0.34289595 0.        ]
 [0.32737172 0.         0.         0.33978537 0.         0.33284298]
 [0.         0.         0.32791546 0.33941546 0.         0.3326691 ]
 [0.32607684 0.         0.         0.3381058  0.         0.33581743]
 [0.         0.         0.31668276 0.34080502 0.         0.34251225]
 [0.         0.         0.         0.33508494 0.31235084 0.35256422]
 [0.3133722  0.         0.         0.33974072 0.         0.3468871 ]
 [0.         0.         0.         0.33850822 0.30828246 0.35320932]
 [0.         0.         0.         0.34019792 0.30457687 0.35522518]
 [0.         0.         0.         0.3391898  0.30435    0.35646024]
 [0.32784012 0.         0.         0.339798   0.         0.33236185]
 [0.3297924  0.         0.32996622 0.3402414  0.         0.        ]
 [0.         0.         0.3331625  0.34001994 0.         0.32681757]
 [0.3200603  0.         0.         0.34287903 0.         0.33706063]
 [0.31985962 0.         0.         0.34245625 0.         0.33768418]
 [0.         0.         0.32214558 0.34347412 0.         0.33438027]
 [0.30824754 0.         0.         0.34233734 0.         0.3494151 ]
 [0.34834498 0.3422608  0.30939415 0.         0.         0.        ]
 [0.34372017 0.33228263 0.         0.32399726 0.         0.        ]
 [0.343595   0.32999822 0.         0.32640678 0.         0.        ]
 [0.35294023 0.3274103  0.         0.31964943 0.         0.        ]
 [0.34436032 0.33249548 0.         0.32314423 0.         0.        ]
 [0.34336028 0.3304516  0.         0.32618818 0.         0.        ]
 [0.3459469  0.33110234 0.         0.32295066 0.         0.        ]
 [0.35004565 0.32834902 0.         0.32160532 0.         0.        ]
 [0.339844   0.3567405  0.3034155  0.         0.         0.        ]
 [0.35704446 0.3211385  0.         0.32181704 0.         0.        ]
 [0.35332197 0.34294242 0.30373567 0.         0.         0.        ]
 [0.3491531  0.34802246 0.30282438 0.         0.         0.        ]
 [0.35790804 0.32152516 0.         0.3205668  0.         0.        ]
 [0.3529184  0.32260624 0.         0.3244754  0.         0.        ]
 [0.36099482 0.31797048 0.32103473 0.         0.         0.        ]
 [0.35694662 0.3220684  0.         0.320985   0.         0.        ]]
12:38:24      Epoch:   0      Batch:   0      OuterStep: 240      LossModel: 0.00470150     LossTerm2: 0.00000000      Time/Step(s): 2.2737Term3 quantities: 
 [[0.         0.3312293  0.35880983 0.         0.         0.30996084]
 [0.         0.32966787 0.35638723 0.         0.         0.31394497]
 [0.         0.33258206 0.35229862 0.         0.         0.31511927]
 [0.         0.3266024  0.35281205 0.         0.         0.3205856 ]
 [0.         0.32686663 0.34973222 0.         0.         0.32340124]
 [0.         0.32634094 0.34752178 0.         0.         0.3261372 ]
 [0.         0.31998178 0.35098442 0.         0.         0.32903376]
 [0.         0.32256386 0.34450185 0.         0.         0.33293432]
 [0.         0.31639913 0.34721866 0.         0.         0.33638224]
 [0.         0.3268038  0.33608028 0.         0.         0.33711588]
 [0.         0.31774735 0.34451565 0.         0.         0.33773702]
 [0.         0.3186212  0.34135962 0.         0.         0.34001917]
 [0.         0.31817654 0.3377638  0.         0.         0.3440597 ]
 [0.         0.3135246  0.         0.         0.33455563 0.3519198 ]
 [0.         0.         0.32673255 0.         0.3280812  0.3451863 ]
 [0.         0.30811787 0.         0.         0.33482823 0.35705394]
 [0.         0.3344031  0.         0.         0.34204915 0.3235477 ]
 [0.         0.34407187 0.         0.         0.34090427 0.31502393]
 [0.         0.34068576 0.         0.         0.34220192 0.31711233]
 [0.3098781  0.35155278 0.         0.         0.33856905 0.        ]
 [0.         0.33900344 0.         0.         0.34310493 0.3178916 ]
 [0.         0.33307552 0.         0.         0.3438764  0.32304808]
 [0.         0.34047076 0.         0.         0.3435567  0.31597254]
 [0.31569386 0.3423639  0.         0.         0.34194228 0.        ]
 [0.         0.33233258 0.         0.         0.34562704 0.32204038]
 [0.3127693  0.3445285  0.         0.         0.34270224 0.        ]
 [0.31151477 0.3463326  0.         0.         0.34215266 0.        ]
 [0.30817288 0.3484333  0.         0.         0.34339386 0.        ]
 [0.3082718  0.34752202 0.         0.         0.34420618 0.        ]
 [0.30765146 0.34850383 0.         0.         0.34384468 0.        ]
 [0.         0.346051   0.         0.         0.34681362 0.30713546]
 [0.31396163 0.3439639  0.         0.         0.34207445 0.        ]
 [0.32628578 0.         0.         0.34135646 0.         0.3323578 ]
 [0.3272151  0.         0.         0.34136733 0.         0.33141753]
 [0.3249348  0.         0.         0.33944634 0.         0.33561888]
 [0.         0.         0.3152828  0.34284666 0.         0.3418706 ]
 [0.         0.         0.         0.3341464  0.31639472 0.3494588 ]
 [0.31296968 0.         0.         0.34104148 0.         0.34598887]
 [0.         0.         0.         0.3372605  0.3106828  0.35205665]
 [0.         0.         0.         0.33897704 0.30447474 0.35654816]
 [0.         0.         0.         0.33790568 0.3039889  0.35810542]
 [0.3284458  0.         0.         0.34167764 0.         0.32987663]
 [0.3293845  0.         0.32912788 0.34148756 0.         0.        ]
 [0.         0.         0.33274555 0.3410856  0.         0.3261688 ]
 [0.3199595  0.         0.         0.34463787 0.         0.3354026 ]
 [0.31978193 0.         0.         0.3441342  0.         0.33608386]
 [0.32239762 0.         0.         0.3449998  0.         0.33260256]
 [0.30756047 0.         0.         0.34231806 0.         0.3501214 ]
 [0.3493838  0.34081808 0.         0.30979812 0.         0.        ]
 [0.34241498 0.33398962 0.         0.32359546 0.         0.        ]
 [0.34289587 0.3315637  0.         0.32554042 0.         0.        ]
 [0.35068694 0.3280061  0.         0.32130694 0.         0.        ]
 [0.34302482 0.33390197 0.         0.32307324 0.         0.        ]
 [0.34250304 0.3322109  0.         0.32528612 0.         0.        ]
 [0.34415483 0.33190244 0.         0.32394272 0.         0.        ]
 [0.34813613 0.3292032  0.         0.3226607  0.         0.        ]
 [0.33966473 0.3580408  0.30229443 0.         0.         0.        ]
 [0.35543385 0.32210553 0.         0.3224606  0.         0.        ]
 [0.35298052 0.33965126 0.         0.30736825 0.         0.        ]
 [0.35142553 0.34604234 0.30253214 0.         0.         0.        ]
 [0.35610974 0.32249954 0.         0.3213907  0.         0.        ]
 [0.3509609  0.32371432 0.         0.32532483 0.         0.        ]
 [0.36126897 0.31917343 0.31955767 0.         0.         0.        ]
 [0.35526434 0.32290334 0.         0.32183236 0.         0.        ]]
12:38:48      Epoch:   0      Batch:   0      OuterStep: 250      LossModel: 0.00198194     LossTerm2: 0.00000000      Time/Step(s): 2.2912Term3 quantities: 
 [[0.         0.33074656 0.35395354 0.         0.         0.3153    ]
 [0.         0.32811922 0.3519196  0.         0.         0.3199612 ]
 [0.         0.33079576 0.34823158 0.         0.         0.32097265]
 [0.         0.32689387 0.34863    0.         0.         0.3244761 ]
 [0.         0.3271868  0.34582183 0.         0.         0.32699138]
 [0.         0.32673252 0.34418622 0.         0.         0.32908133]
 [0.         0.32049125 0.3477874  0.         0.         0.3317214 ]
 [0.         0.3239315  0.34166324 0.         0.         0.33440527]
 [0.         0.3181474  0.3446807  0.         0.         0.3371719 ]
 [0.         0.32777593 0.33420178 0.         0.         0.3380222 ]
 [0.         0.320479   0.34206566 0.         0.         0.33745533]
 [0.         0.32136187 0.33928874 0.         0.         0.3393494 ]
 [0.         0.31941852 0.3358849  0.         0.         0.34469658]
 [0.         0.3185445  0.         0.         0.3309956  0.35045996]
 [0.         0.33174157 0.         0.         0.33182675 0.33643174]
 [0.         0.3133801  0.         0.         0.33012676 0.35649318]
 [0.         0.33820713 0.         0.         0.34122872 0.32056415]
 [0.         0.347523   0.         0.         0.34010267 0.31237438]
 [0.         0.34490073 0.         0.         0.34222323 0.31287602]
 [0.30934858 0.3532137  0.         0.         0.33743778 0.        ]
 [0.         0.34357822 0.         0.         0.34275243 0.3136693 ]
 [0.         0.33843297 0.         0.         0.34300822 0.31855887]
 [0.         0.3446034  0.         0.         0.34308743 0.31230918]
 [0.31527844 0.34409463 0.         0.         0.34062696 0.        ]
 [0.         0.33786383 0.         0.         0.34422976 0.3179064 ]
 [0.3119376  0.34725472 0.         0.         0.3408077  0.        ]
 [0.31073296 0.34867135 0.         0.         0.3405957  0.        ]
 [0.30698115 0.35114312 0.         0.         0.3418758  0.        ]
 [0.3076015  0.35076857 0.         0.         0.3416299  0.        ]
 [0.3074093  0.35129195 0.         0.         0.3412988  0.        ]
 [0.3052361  0.3498721  0.         0.         0.34489173 0.        ]
 [0.31313497 0.3465757  0.         0.         0.3402893  0.        ]
 [0.3242785  0.         0.         0.34496224 0.         0.33075926]
 [0.         0.         0.32520512 0.34481913 0.         0.32997572]
 [0.3229355  0.         0.         0.34272954 0.         0.33433506]
 [0.         0.         0.31328422 0.3494247  0.         0.33729103]
 [0.         0.         0.         0.33976954 0.31583574 0.3443947 ]
 [0.31106576 0.         0.         0.3464765  0.         0.34245774]
 [0.         0.         0.         0.34572265 0.30786997 0.34640744]
 [0.         0.         0.30248523 0.3441817  0.         0.35333306]
 [0.         0.         0.30203748 0.34284005 0.         0.35512254]
 [0.327854   0.         0.         0.3451959  0.         0.32695013]
 [0.32789943 0.         0.32677472 0.34532583 0.         0.        ]
 [0.32480615 0.         0.33002648 0.34516734 0.         0.        ]
 [0.31894746 0.         0.         0.35005817 0.         0.33099443]
 [0.3187832  0.         0.         0.34938577 0.         0.331831  ]
 [0.32199335 0.         0.         0.35101774 0.         0.3269889 ]
 [0.30625123 0.         0.         0.34869683 0.         0.34505185]
 [0.3538125  0.32924744 0.         0.3169401  0.         0.        ]
 [0.34294423 0.33670363 0.         0.         0.32035208 0.        ]
 [0.34342206 0.33486143 0.         0.32171655 0.         0.        ]
 [0.3521122  0.3272096  0.         0.32067817 0.         0.        ]
 [0.34372923 0.33626336 0.         0.         0.32000738 0.        ]
 [0.3429543  0.33568174 0.         0.321364   0.         0.        ]
 [0.34496182 0.33286428 0.         0.32217383 0.         0.        ]
 [0.34904537 0.33008385 0.         0.3208708  0.         0.        ]
 [0.3490098  0.34941474 0.         0.         0.30157545 0.        ]
 [0.357971   0.32166913 0.         0.32035992 0.         0.        ]
 [0.35839227 0.32504773 0.         0.3165601  0.         0.        ]
 [0.35837576 0.33252868 0.         0.30909556 0.         0.        ]
 [0.35875887 0.32198814 0.         0.31925297 0.         0.        ]
 [0.35220742 0.32339305 0.         0.32439953 0.         0.        ]
 [0.36599332 0.3189615  0.         0.31504515 0.         0.        ]
 [0.35791498 0.3222438  0.         0.31984118 0.         0.        ]]
        Validation Criterion: 0.00689869
12:39:12      Epoch:   0      Batch:   0      OuterStep: 260      LossModel: 0.00121938     LossTerm2: 0.00000000      Time/Step(s): 2.4206Term3 quantities: 
 [[0.         0.32563958 0.35446808 0.         0.         0.31989238]
 [0.         0.324608   0.3518633  0.         0.         0.32352868]
 [0.         0.3265839  0.34821182 0.         0.         0.32520428]
 [0.         0.32504153 0.3481247  0.         0.         0.32683375]
 [0.         0.3256612  0.34502608 0.         0.         0.3293127 ]
 [0.         0.32577664 0.34299472 0.         0.         0.33122867]
 [0.         0.3198996  0.34651172 0.         0.         0.3335887 ]
 [0.         0.3234928  0.3399674  0.         0.         0.33653975]
 [0.         0.31832585 0.3428962  0.         0.         0.33877793]
 [0.         0.32737952 0.3324045  0.         0.         0.34021598]
 [0.         0.32180312 0.33981344 0.         0.         0.3383834 ]
 [0.         0.32319063 0.33698535 0.         0.         0.339824  ]
 [0.         0.3213265  0.3332257  0.         0.         0.34544778]
 [0.         0.32709584 0.         0.         0.32442218 0.34848204]
 [0.         0.33570653 0.         0.         0.3272461  0.33704737]
 [0.         0.32378048 0.         0.         0.32304797 0.35317162]
 [0.         0.34516022 0.         0.         0.3392839  0.31555587]
 [0.30875343 0.35319728 0.         0.         0.33804932 0.        ]
 [0.31008273 0.34997234 0.         0.         0.33994496 0.        ]
 [0.31068432 0.35466555 0.         0.         0.33465016 0.        ]
 [0.31115374 0.349755   0.         0.         0.3390913  0.        ]
 [0.         0.3471964  0.         0.         0.3397418  0.31306183]
 [0.30938035 0.35059652 0.         0.         0.34002313 0.        ]
 [0.31639835 0.34649912 0.         0.         0.3371026  0.        ]
 [0.         0.34766468 0.         0.         0.34024417 0.3120911 ]
 [0.31252876 0.3515494  0.         0.         0.33592194 0.        ]
 [0.31153795 0.35216004 0.         0.         0.33630198 0.        ]
 [0.30727562 0.35526142 0.         0.         0.33746296 0.        ]
 [0.30870098 0.3556601  0.         0.         0.33563894 0.        ]
 [0.308212   0.3558552  0.         0.         0.33593285 0.        ]
 [0.30605423 0.35553375 0.         0.         0.3384121  0.        ]
 [0.31365708 0.35077664 0.         0.         0.33556628 0.        ]
 [0.32385665 0.         0.         0.34517264 0.         0.33097067]
 [0.         0.         0.32418567 0.34558955 0.         0.3302248 ]
 [0.32243535 0.         0.         0.3430018  0.         0.33456287]
 [0.         0.         0.3121431  0.34975228 0.         0.33810464]
 [0.         0.         0.         0.34364584 0.313418   0.34293613]
 [0.3099821  0.         0.         0.34745613 0.         0.34256178]
 [0.         0.         0.         0.34935954 0.30594212 0.34469837]
 [0.2992161  0.         0.         0.3523474  0.         0.34843644]
 [0.         0.         0.29768768 0.35105696 0.         0.3512554 ]
 [0.3265155  0.         0.         0.34535107 0.         0.3281334 ]
 [0.3283756  0.         0.32520744 0.346417   0.         0.        ]
 [0.         0.         0.32814425 0.34594223 0.         0.32591358]
 [0.31951016 0.         0.         0.3508995  0.         0.32959035]
 [0.31924465 0.         0.         0.3502336  0.         0.33052176]
 [0.32214448 0.         0.         0.35209382 0.         0.32576162]
 [0.3066421  0.         0.         0.35386774 0.         0.3394902 ]
 [0.35858658 0.32475218 0.         0.31666124 0.         0.        ]
 [0.34901688 0.33069724 0.         0.32028595 0.         0.        ]
 [0.34945843 0.32968304 0.         0.32085848 0.         0.        ]
 [0.356913   0.3242604  0.         0.31882668 0.         0.        ]
 [0.34998342 0.33027068 0.         0.31974587 0.         0.        ]
 [0.349088   0.33030507 0.         0.32060698 0.         0.        ]
 [0.3496748  0.3295747  0.         0.3207505  0.         0.        ]
 [0.3534025  0.32757074 0.         0.31902677 0.         0.        ]
 [0.36245567 0.32906467 0.3084797  0.         0.         0.        ]
 [0.364559   0.3179812  0.         0.3174598  0.         0.        ]
 [0.36401275 0.31687787 0.         0.3191094  0.         0.        ]
 [0.3645992  0.3221201  0.         0.3132806  0.         0.        ]
 [0.36590025 0.31739268 0.         0.31670707 0.         0.        ]
 [0.3566047  0.32058764 0.         0.3228077  0.         0.        ]
 [0.37291366 0.3126458  0.31444055 0.         0.         0.        ]
 [0.364926   0.31780666 0.         0.31726742 0.         0.        ]]
12:39:39      Epoch:   0      Batch:   0      OuterStep: 270      LossModel: 0.00077367     LossTerm2: 0.00000000      Time/Step(s): 3.3771Term3 quantities: 
 [[0.         0.3226358  0.35450464 0.         0.         0.3228596 ]
 [0.         0.3225754  0.3516389  0.         0.         0.32578567]
 [0.         0.32456937 0.3480188  0.         0.         0.32741183]
 [0.         0.32201448 0.34783098 0.         0.         0.3301546 ]
 [0.         0.32336858 0.3446605  0.         0.         0.3319709 ]
 [0.         0.32575312 0.34226605 0.         0.         0.33198085]
 [0.         0.32001135 0.34563434 0.         0.         0.33435437]
 [0.         0.32391793 0.33904734 0.         0.         0.33703476]
 [0.         0.31910437 0.34178373 0.         0.         0.33911192]
 [0.         0.32811263 0.33159056 0.         0.         0.3402968 ]
 [0.         0.32350633 0.33852154 0.         0.         0.33797213]
 [0.         0.32467258 0.3357089  0.         0.         0.33961856]
 [0.         0.323376   0.3318436  0.         0.         0.34478036]
 [0.         0.33214748 0.         0.         0.32181704 0.3460355 ]
 [0.         0.33845845 0.         0.         0.32542735 0.3361142 ]
 [0.         0.3291803  0.         0.         0.3195843  0.35123545]
 [0.         0.3489045  0.         0.         0.3395699  0.3115256 ]
 [0.30715165 0.35536215 0.         0.         0.33748615 0.        ]
 [0.30862862 0.35159406 0.         0.         0.33977735 0.        ]
 [0.3106806  0.35465938 0.         0.         0.33466008 0.        ]
 [0.31084812 0.35185373 0.         0.         0.33729818 0.        ]
 [0.         0.35198736 0.         0.         0.33956867 0.3084439 ]
 [0.3085464  0.35268137 0.         0.         0.3387722  0.        ]
 [0.3159897  0.34728363 0.         0.         0.33672673 0.        ]
 [0.         0.3525357  0.         0.         0.33904198 0.30842233]
 [0.3117753  0.35381195 0.         0.         0.33441272 0.        ]
 [0.3109454  0.3538689  0.         0.         0.33518574 0.        ]
 [0.30611086 0.35742462 0.         0.         0.33646452 0.        ]
 [0.3086156  0.35823765 0.         0.         0.33314678 0.        ]
 [0.30757332 0.3582597  0.         0.         0.334167   0.        ]
 [0.3055622  0.35867476 0.         0.         0.33576298 0.        ]
 [0.31258842 0.35300973 0.         0.         0.3344019  0.        ]
 [0.32375658 0.         0.         0.34428588 0.         0.33195755]
 [0.3242384  0.         0.         0.3440559  0.         0.33170572]
 [0.32208323 0.         0.         0.34224775 0.         0.335669  ]
 [0.         0.         0.31153545 0.3480473  0.         0.34041724]
 [0.         0.         0.         0.3428552  0.31381777 0.34332708]
 [0.3099704  0.         0.         0.34625298 0.         0.34377658]
 [0.         0.         0.         0.3493312  0.30633163 0.34433717]
 [0.3016843  0.         0.         0.35154173 0.         0.34677395]
 [0.2989908  0.         0.         0.35069644 0.         0.35031274]
 [0.32625398 0.         0.         0.3440739  0.         0.3296722 ]
 [0.33028626 0.         0.         0.3448101  0.         0.32490358]
 [0.         0.         0.32827657 0.34395146 0.         0.32777202]
 [0.321059   0.         0.         0.35006326 0.         0.32887772]
 [0.32057577 0.         0.         0.34939232 0.         0.3300318 ]
 [0.32200283 0.         0.         0.3501207  0.         0.3278765 ]
 [0.31044427 0.         0.         0.35324955 0.         0.33630615]
 [0.36285755 0.32197386 0.3151686  0.         0.         0.        ]
 [0.35515922 0.3257412  0.         0.3190995  0.         0.        ]
 [0.35497645 0.3256592  0.         0.3193644  0.         0.        ]
 [0.36219156 0.32178268 0.         0.31602573 0.         0.        ]
 [0.35620078 0.32533535 0.         0.31846392 0.         0.        ]
 [0.3547404  0.32608047 0.         0.3191791  0.         0.        ]
 [0.3544614  0.32742548 0.         0.         0.31811306 0.        ]
 [0.35856164 0.32453844 0.         0.3168999  0.         0.        ]
 [0.37221354 0.31696472 0.31082177 0.         0.         0.        ]
 [0.37167725 0.31404272 0.         0.3142801  0.         0.        ]
 [0.3688081  0.31487614 0.         0.3163157  0.         0.        ]
 [0.37055087 0.31525764 0.         0.31419143 0.         0.        ]
 [0.3736513  0.31284967 0.         0.31349912 0.         0.        ]
 [0.3616316  0.31782728 0.         0.3205411  0.         0.        ]
 [0.38296697 0.30688474 0.31014833 0.         0.         0.        ]
 [0.37246588 0.31352222 0.         0.3140119  0.         0.        ]]
12:40:07      Epoch:   0      Batch:   0      OuterStep: 280      LossModel: 0.00080080     LossTerm2: 0.00000000      Time/Step(s): 2.8969Term3 quantities: 
 [[0.         0.32194018 0.35335514 0.         0.         0.32470465]
 [0.         0.32224408 0.3505307  0.         0.         0.32722524]
 [0.         0.32479972 0.34703192 0.         0.         0.32816836]
 [0.         0.322361   0.3467828  0.         0.         0.33085617]
 [0.         0.32361087 0.34381622 0.         0.         0.33257294]
 [0.         0.32605964 0.34141418 0.         0.         0.33252615]
 [0.         0.32057098 0.34465972 0.         0.         0.3347693 ]
 [0.         0.32464883 0.33831212 0.         0.         0.33703905]
 [0.         0.32031637 0.34098244 0.         0.         0.3387012 ]
 [0.         0.3282597  0.33128005 0.         0.         0.3404603 ]
 [0.         0.32470876 0.3377711  0.         0.         0.3375201 ]
 [0.         0.32586128 0.3350576  0.         0.         0.33908114]
 [0.         0.32471842 0.33138043 0.         0.         0.34390125]
 [0.         0.33330217 0.         0.         0.32146734 0.3452305 ]
 [0.         0.33954492 0.         0.         0.32588452 0.33457056]
 [0.         0.33093855 0.         0.         0.319597   0.34946442]
 [0.         0.34988192 0.         0.         0.34183377 0.30828425]
 [0.30495965 0.3554909  0.         0.         0.33954945 0.        ]
 [0.30641901 0.35136023 0.         0.         0.34222078 0.        ]
 [0.30919242 0.35374492 0.         0.         0.3370627  0.        ]
 [0.30935895 0.35187027 0.         0.         0.33877075 0.        ]
 [0.3052038  0.35304353 0.         0.         0.3417527  0.        ]
 [0.30668682 0.35271725 0.         0.         0.3405959  0.        ]
 [0.3140263  0.34678465 0.         0.         0.33918908 0.        ]
 [0.         0.3551471  0.         0.         0.3410443  0.30380854]
 [0.3096449  0.35423267 0.         0.         0.33612245 0.        ]
 [0.30893078 0.35394272 0.         0.         0.3371265  0.        ]
 [0.3038229  0.3575622  0.         0.         0.3386149  0.        ]
 [0.30723348 0.3587349  0.         0.         0.33403158 0.        ]
 [0.30617678 0.35837036 0.         0.         0.33545288 0.        ]
 [0.30389142 0.359258   0.         0.         0.33685058 0.        ]
 [0.3103952  0.3530497  0.         0.         0.33655512 0.        ]
 [0.32380193 0.         0.         0.34438288 0.         0.33181515]
 [0.32548955 0.         0.         0.34456196 0.         0.32994848]
 [0.32190245 0.         0.         0.34233677 0.         0.33576077]
 [0.         0.         0.31126598 0.3484972  0.         0.34023684]
 [0.         0.         0.         0.34250736 0.31652528 0.34096736]
 [0.31007442 0.         0.         0.3463927  0.         0.34353295]
 [0.         0.         0.         0.3502638  0.30846027 0.34127593]
 [0.30453905 0.         0.         0.3514538  0.         0.3440071 ]
 [0.30168882 0.         0.         0.35060742 0.         0.34770378]
 [0.32782352 0.         0.         0.34465548 0.         0.32752094]
 [0.33108437 0.         0.32405537 0.34486026 0.         0.        ]
 [0.         0.         0.32863787 0.34415    0.         0.32721215]
 [0.3212997  0.         0.         0.3501822  0.         0.3285181 ]
 [0.32058114 0.         0.         0.34945375 0.         0.3299651 ]
 [0.3208829  0.         0.         0.3502498  0.         0.3288673 ]
 [0.31311467 0.         0.         0.35358292 0.         0.33330247]
 [0.36761054 0.31831935 0.3140701  0.         0.         0.        ]
 [0.35720533 0.3238123  0.         0.31898233 0.         0.        ]
 [0.35666597 0.32358095 0.         0.31975305 0.         0.        ]
 [0.3629618  0.32149735 0.         0.31554094 0.         0.        ]
 [0.35826674 0.32347143 0.         0.31826186 0.         0.        ]
 [0.35656208 0.3239585  0.         0.3194794  0.         0.        ]
 [0.35706    0.32510653 0.         0.31783348 0.         0.        ]
 [0.35949492 0.3238612  0.         0.3166438  0.         0.        ]
 [0.37491867 0.312172   0.31290933 0.         0.         0.        ]
 [0.3741513  0.31151748 0.         0.3143313  0.         0.        ]
 [0.36815766 0.         0.31531236 0.31652996 0.         0.        ]
 [0.3692482  0.         0.31530553 0.31544632 0.         0.        ]
 [0.37623876 0.3104847  0.         0.31327653 0.         0.        ]
 [0.3630831  0.3166684  0.         0.32024845 0.         0.        ]
 [0.38775045 0.         0.30711928 0.30513024 0.         0.        ]
 [0.37507078 0.3111881  0.         0.31374118 0.         0.        ]]
12:40:35      Epoch:   0      Batch:   0      OuterStep: 290      LossModel: 0.00105237     LossTerm2: 0.00000000      Time/Step(s): 2.4579Term3 quantities: 
 [[0.         0.3218362  0.35280502 0.         0.         0.32535875]
 [0.         0.32333526 0.3499052  0.         0.         0.32675958]
 [0.         0.3259317  0.34645653 0.         0.         0.32761174]
 [0.         0.3227327  0.34631065 0.         0.         0.33095667]
 [0.         0.3239002  0.34349737 0.         0.         0.3326025 ]
 [0.         0.3265818  0.34100464 0.         0.         0.33241358]
 [0.         0.32106617 0.34428614 0.         0.         0.3346476 ]
 [0.         0.3250148  0.33810908 0.         0.         0.33687615]
 [0.         0.3209597  0.34080106 0.         0.         0.33823925]
 [0.         0.32831672 0.33118832 0.         0.         0.340495  ]
 [0.         0.32448626 0.3376779  0.         0.         0.33783588]
 [0.         0.32579985 0.33497474 0.         0.         0.33922547]
 [0.         0.32511654 0.33136615 0.         0.         0.3435173 ]
 [0.         0.33517402 0.         0.         0.3205751  0.34425092]
 [0.         0.33939093 0.         0.         0.3245661  0.336043  ]
 [0.         0.33282498 0.         0.         0.31811026 0.34906477]
 [0.30852735 0.35001355 0.         0.         0.3414591  0.        ]
 [0.3056317  0.35500327 0.         0.         0.33936504 0.        ]
 [0.3070002  0.3506595  0.         0.         0.3423403  0.        ]
 [0.31020144 0.35238394 0.         0.         0.33741468 0.        ]
 [0.31060064 0.3515362  0.         0.         0.33786318 0.        ]
 [0.30686298 0.35270208 0.         0.         0.340435   0.        ]
 [0.3080907  0.35190883 0.         0.         0.34000042 0.        ]
 [0.3149158  0.34579623 0.         0.         0.33928797 0.        ]
 [0.30451423 0.3560327  0.         0.         0.33945307 0.        ]
 [0.3109469  0.35375273 0.         0.         0.3353003  0.        ]
 [0.3102393  0.35309532 0.         0.         0.33666545 0.        ]
 [0.30512172 0.3565758  0.         0.         0.33830246 0.        ]
 [0.30965173 0.35814163 0.         0.         0.33220667 0.        ]
 [0.30866852 0.35731235 0.         0.         0.33401924 0.        ]
 [0.30594447 0.35858175 0.         0.         0.33547378 0.        ]
 [0.31257835 0.35165554 0.         0.         0.33576614 0.        ]
 [0.32443732 0.         0.         0.34647742 0.         0.3290853 ]
 [0.32730132 0.         0.         0.34703594 0.         0.32566276]
 [0.3223587  0.         0.         0.3443845  0.         0.33325678]
 [0.         0.         0.3117439  0.35053    0.         0.33772615]
 [0.         0.         0.         0.34589782 0.31766218 0.33644   ]
 [0.30991462 0.         0.         0.34879518 0.         0.34129015]
 [0.         0.         0.         0.3534468  0.3096364  0.3369168 ]
 [0.30620167 0.         0.         0.35510522 0.         0.33869305]
 [0.30318573 0.         0.         0.35420355 0.         0.3426107 ]
 [0.32807973 0.         0.         0.3464111  0.         0.3255092 ]
 [0.32967848 0.         0.32371223 0.34660938 0.         0.        ]
 [0.32534286 0.         0.32859993 0.3460572  0.         0.        ]
 [0.32117444 0.         0.         0.35251206 0.         0.32631347]
 [0.32038367 0.         0.         0.3517715  0.         0.32784477]
 [0.3203316  0.         0.         0.35248458 0.         0.32718378]
 [0.31409824 0.         0.         0.35692626 0.         0.3289755 ]
 [0.37069348 0.31433192 0.         0.31497458 0.         0.        ]
 [0.35832605 0.32218382 0.         0.31949016 0.         0.        ]
 [0.35718542 0.3221007  0.         0.32071397 0.         0.        ]
 [0.36414564 0.31910825 0.         0.31674615 0.         0.        ]
 [0.35955927 0.32170966 0.         0.31873098 0.         0.        ]
 [0.35734227 0.32228962 0.         0.3203682  0.         0.        ]
 [0.35897887 0.32202926 0.         0.31899184 0.         0.        ]
 [0.36059228 0.32153657 0.         0.31787118 0.         0.        ]
 [0.37475312 0.         0.31431025 0.3109366  0.         0.        ]
 [0.3761307  0.         0.         0.31551313 0.30835623 0.        ]
 [0.36684877 0.         0.31476814 0.31838313 0.         0.        ]
 [0.36637324 0.         0.31622088 0.31740588 0.         0.        ]
 [0.3784665  0.30702794 0.         0.3145056  0.         0.        ]
 [0.36480927 0.31395656 0.         0.3212342  0.         0.        ]
 [0.38815805 0.         0.30505234 0.30678964 0.         0.        ]
 [0.37735137 0.3076761  0.         0.31497246 0.         0.        ]]
12:41:03      Epoch:   0      Batch:   0      OuterStep: 300      LossModel: 0.00072641     LossTerm2: 0.00000000      Time/Step(s): 2.6770Term3 quantities: 
 [[0.         0.3225318  0.35280532 0.         0.         0.3246629 ]
 [0.         0.32434002 0.34991732 0.         0.         0.3257427 ]
 [0.         0.3267796  0.34647152 0.         0.         0.32674897]
 [0.         0.32312226 0.3464028  0.         0.         0.3304749 ]
 [0.         0.32424983 0.3436685  0.         0.         0.33208168]
 [0.         0.3270958  0.34098986 0.         0.         0.3319143 ]
 [0.         0.32177716 0.3441738  0.         0.         0.33404902]
 [0.         0.32541588 0.3382217  0.         0.         0.33636245]
 [0.         0.32171702 0.34082985 0.         0.         0.33745307]
 [0.         0.32865298 0.33117482 0.         0.         0.3401722 ]
 [0.         0.32465798 0.33773267 0.         0.         0.33760944]
 [0.         0.32573333 0.33506194 0.         0.         0.33920476]
 [0.         0.32562718 0.33138666 0.         0.         0.34298626]
 [0.         0.3340676  0.         0.         0.32169294 0.34423947]
 [0.         0.33829772 0.         0.         0.32557604 0.33612627]
 [0.         0.331864   0.         0.         0.3194651  0.34867084]
 [0.3080862  0.34763923 0.         0.         0.34427464 0.        ]
 [0.3056302  0.35203904 0.         0.         0.34233075 0.        ]
 [0.30698314 0.3474755  0.         0.         0.34554142 0.        ]
 [0.31012604 0.34903714 0.         0.         0.34083676 0.        ]
 [0.3106237  0.34870547 0.         0.         0.34067088 0.        ]
 [0.3072097  0.34963587 0.         0.         0.34315437 0.        ]
 [0.3084495  0.34848735 0.         0.         0.34306306 0.        ]
 [0.31477457 0.34258643 0.         0.         0.342639   0.        ]
 [0.30478472 0.35312718 0.         0.         0.34208813 0.        ]
 [0.311367   0.35025045 0.         0.         0.3383826  0.        ]
 [0.31064716 0.3493113  0.         0.         0.34004155 0.        ]
 [0.30560064 0.35234052 0.         0.         0.34205887 0.        ]
 [0.31099272 0.35413834 0.         0.         0.334869   0.        ]
 [0.31005573 0.35306618 0.         0.         0.33687812 0.        ]
 [0.3068842  0.3542321  0.         0.         0.33888364 0.        ]
 [0.31413186 0.3469232  0.         0.         0.33894494 0.        ]
 [0.32550505 0.         0.         0.34652966 0.         0.32796535]
 [0.32905936 0.         0.         0.34720254 0.         0.32373816]
 [0.32332334 0.         0.         0.3444499  0.         0.33222672]
 [0.         0.         0.31241566 0.35073662 0.         0.33684778]
 [0.         0.         0.         0.34645036 0.32067707 0.33287257]
 [0.31088546 0.         0.         0.34896216 0.         0.3401524 ]
 [0.         0.         0.         0.35512245 0.31219068 0.33268687]
 [0.30832875 0.         0.         0.3553486  0.         0.3363227 ]
 [0.30527392 0.         0.         0.35446882 0.         0.34025726]
 [0.32730725 0.         0.         0.34626156 0.         0.32643124]
 [0.32959363 0.         0.         0.34690976 0.         0.3234966 ]
 [0.         0.         0.32849705 0.34673873 0.         0.32476425]
 [0.32202563 0.         0.         0.35257056 0.         0.3254038 ]
 [0.32117894 0.         0.         0.3518384  0.         0.32698268]
 [0.32020208 0.         0.         0.35248396 0.         0.32731393]
 [0.31543463 0.         0.         0.356866   0.         0.32769942]
 [0.3705624  0.         0.3149459  0.3144917  0.         0.        ]
 [0.3600696  0.31978548 0.         0.3201449  0.         0.        ]
 [0.35813737 0.32046807 0.         0.32139456 0.         0.        ]
 [0.36607805 0.3158847  0.         0.31803724 0.         0.        ]
 [0.3614792  0.31910586 0.         0.3194149  0.         0.        ]
 [0.3586037  0.32029098 0.         0.3211054  0.         0.        ]
 [0.36120304 0.31845012 0.         0.32034686 0.         0.        ]
 [0.36238047 0.3185977  0.         0.31902173 0.         0.        ]
 [0.37268472 0.         0.31599608 0.31131926 0.         0.        ]
 [0.3770579  0.         0.30603555 0.3169065  0.         0.        ]
 [0.36794642 0.         0.31378856 0.31826502 0.         0.        ]
 [0.36593565 0.         0.316325   0.31773934 0.         0.        ]
 [0.3795316  0.         0.30436084 0.31610748 0.         0.        ]
 [0.3671255  0.         0.         0.32295933 0.30991518 0.        ]
 [0.38740957 0.         0.30432704 0.3082634  0.         0.        ]
 [0.3779731  0.         0.30521446 0.3168125  0.         0.        ]]
        Validation Criterion: 0.00326940
12:41:31      Epoch:   0      Batch:   0      OuterStep: 310      LossModel: 0.00051931     LossTerm2: 0.00000000      Time/Step(s): 2.8246Term3 quantities: 
 [[0.         0.32098886 0.35700223 0.         0.         0.32200897]
 [0.         0.32249105 0.35367367 0.         0.         0.3238353 ]
 [0.         0.32517195 0.34985074 0.         0.         0.3249773 ]
 [0.         0.3217925  0.34950438 0.         0.         0.32870302]
 [0.         0.322978   0.34647864 0.         0.         0.33054343]
 [0.         0.3261218  0.343125   0.         0.         0.33075324]
 [0.         0.3212105  0.3463341  0.         0.         0.33245537]
 [0.         0.3247417  0.33989692 0.         0.         0.3353614 ]
 [0.         0.3215573  0.3424879  0.         0.         0.33595476]
 [0.         0.3288775  0.33157602 0.         0.         0.33954647]
 [0.         0.32415238 0.33939505 0.         0.         0.33645257]
 [0.         0.32557496 0.33624113 0.         0.         0.33818388]
 [0.         0.32584858 0.3318481  0.         0.         0.3423033 ]
 [0.         0.3348119  0.         0.         0.31867284 0.34651524]
 [0.         0.33853576 0.         0.         0.324672   0.3367922 ]
 [0.         0.33268613 0.         0.         0.31577754 0.35153633]
 [0.31068975 0.34769866 0.         0.         0.34161156 0.        ]
 [0.3086428  0.35134628 0.         0.         0.34001094 0.        ]
 [0.31010172 0.3464832  0.         0.         0.34341517 0.        ]
 [0.31207192 0.34803385 0.         0.         0.3398943  0.        ]
 [0.31388128 0.34863287 0.         0.         0.33748588 0.        ]
 [0.3111869  0.34951848 0.         0.         0.3392946  0.        ]
 [0.3119328  0.34774965 0.         0.         0.3403176  0.        ]
 [0.31728148 0.34204108 0.         0.         0.34067744 0.        ]
 [0.309282   0.35336435 0.         0.         0.3373537  0.        ]
 [0.31489503 0.34985575 0.         0.         0.3352492  0.        ]
 [0.31404203 0.34845588 0.         0.         0.3375021  0.        ]
 [0.30951598 0.35090554 0.         0.         0.33957848 0.        ]
 [0.3155274  0.35374284 0.         0.         0.3307298  0.        ]
 [0.31475532 0.35206503 0.         0.         0.33317974 0.        ]
 [0.31165132 0.35311508 0.         0.         0.33523366 0.        ]
 [0.31919932 0.34541246 0.         0.         0.33538827 0.        ]
 [0.32447454 0.         0.         0.34550416 0.         0.33002135]
 [0.3281242  0.         0.         0.34602898 0.         0.32584685]
 [0.3228573  0.         0.         0.34372827 0.         0.3334145 ]
 [0.31198075 0.         0.         0.3501045  0.         0.33791468]
 [0.         0.         0.         0.34769994 0.31888637 0.33341366]
 [0.3114967  0.         0.         0.34812424 0.         0.340379  ]
 [0.         0.         0.         0.35661703 0.3099475  0.3334355 ]
 [0.3093462  0.         0.         0.3533128  0.         0.33734098]
 [0.30651152 0.         0.         0.35261703 0.         0.34087145]
 [0.32665008 0.         0.         0.34572753 0.         0.3276224 ]
 [0.3297792  0.         0.         0.34625083 0.         0.32396996]
 [0.         0.         0.32863417 0.3453083  0.         0.32605758]
 [0.32107225 0.         0.         0.35117796 0.         0.32774982]
 [0.32035005 0.         0.         0.35049772 0.         0.3291522 ]
 [0.         0.         0.3193113  0.35049397 0.         0.3301948 ]
 [0.31509468 0.         0.         0.35482505 0.         0.33008024]
 [0.36437935 0.         0.32371932 0.3119013  0.         0.        ]
 [0.36022925 0.31925187 0.         0.32051882 0.         0.        ]
 [0.35563803 0.         0.3238293  0.32053265 0.         0.        ]
 [0.36610663 0.31605437 0.         0.31783894 0.         0.        ]
 [0.3616828  0.3186481  0.         0.3196691  0.         0.        ]
 [0.35738933 0.         0.32168537 0.32092533 0.         0.        ]
 [0.36173147 0.31851843 0.         0.3197501  0.         0.        ]
 [0.36265853 0.3181301  0.         0.3192114  0.         0.        ]
 [0.364527   0.         0.32581544 0.         0.30965754 0.        ]
 [0.37130415 0.         0.31530544 0.31339037 0.         0.        ]
 [0.36343306 0.         0.32195854 0.3146084  0.         0.        ]
 [0.3605324  0.         0.32454982 0.31491777 0.         0.        ]
 [0.37326065 0.         0.31428945 0.3124499  0.         0.        ]
 [0.3671497  0.         0.30839524 0.32445508 0.         0.        ]
 [0.3775913  0.         0.3166678  0.30574083 0.         0.        ]
 [0.37127435 0.         0.3156909  0.31303483 0.         0.        ]]
12:41:57      Epoch:   0      Batch:   0      OuterStep: 320      LossModel: 0.00051883     LossTerm2: 0.00000000      Time/Step(s): 2.4027Term3 quantities: 
 [[0.         0.3206506  0.35912284 0.         0.         0.32022658]
 [0.         0.32143062 0.3556153  0.         0.         0.32295403]
 [0.         0.32419783 0.3517021  0.         0.         0.32410002]
 [0.         0.32117897 0.35118896 0.         0.         0.32763213]
 [0.         0.3223275  0.34810314 0.         0.         0.32956934]
 [0.         0.32570276 0.34430304 0.         0.         0.32999423]
 [0.         0.321576   0.3473494  0.         0.         0.33107466]
 [0.         0.32438326 0.3409338  0.         0.         0.33468285]
 [0.         0.32155585 0.34328958 0.         0.         0.33515462]
 [0.         0.32910466 0.3319575  0.         0.         0.33893782]
 [0.         0.32449073 0.34026796 0.         0.         0.33524138]
 [0.         0.32590386 0.33691052 0.         0.         0.33718556]
 [0.         0.32611662 0.33216614 0.         0.         0.3417173 ]
 [0.         0.3331431  0.         0.         0.31835702 0.34849986]
 [0.         0.33731896 0.         0.         0.3250085  0.33767253]
 [0.         0.33103886 0.         0.         0.3154724  0.3534887 ]
 [0.3124908  0.3447015  0.         0.         0.34280774 0.        ]
 [0.3110046  0.34767687 0.         0.         0.34131852 0.        ]
 [0.31233343 0.34268984 0.         0.         0.34497672 0.        ]
 [0.31306294 0.34445292 0.         0.         0.34248418 0.        ]
 [0.31601042 0.34513265 0.         0.         0.3388569  0.        ]
 [0.3140491  0.34574616 0.         0.         0.34020475 0.        ]
 [0.31434312 0.34373713 0.         0.         0.34191978 0.        ]
 [0.31873107 0.33843076 0.         0.         0.3428382  0.        ]
 [0.3127776  0.34921247 0.         0.         0.33800995 0.        ]
 [0.31723094 0.34578705 0.         0.         0.33698207 0.        ]
 [0.31623113 0.3441211  0.         0.         0.33964786 0.        ]
 [0.3123723  0.34581816 0.         0.         0.34180954 0.        ]
 [0.3184876  0.3492873  0.         0.         0.33222514 0.        ]
 [0.31777132 0.3473232  0.         0.         0.33490553 0.        ]
 [0.31496593 0.34782124 0.         0.         0.33721283 0.        ]
 [0.3226858  0.34008682 0.         0.         0.3372274  0.        ]
 [0.3237287  0.         0.         0.34513515 0.         0.33113617]
 [0.32665262 0.         0.         0.34547117 0.         0.32787627]
 [0.3226644  0.         0.         0.3434482  0.         0.33388743]
 [0.31202388 0.         0.         0.34989297 0.         0.33808312]
 [0.         0.         0.         0.34685197 0.31973398 0.33341408]
 [0.3120291  0.         0.         0.3479314  0.         0.34003958]
 [0.         0.         0.         0.35511765 0.31060058 0.33428177]
 [0.31001994 0.         0.         0.35258827 0.         0.33739176]
 [0.3074139  0.         0.         0.35196805 0.         0.34061807]
 [0.3263175  0.         0.         0.34535205 0.         0.32833052]
 [0.3299357  0.         0.3242339  0.34583044 0.         0.        ]
 [0.         0.         0.32917282 0.3450087  0.         0.32581842]
 [0.32018456 0.         0.         0.35056898 0.         0.3292465 ]
 [0.31971145 0.         0.         0.34994113 0.         0.33034745]
 [0.         0.         0.31904268 0.34971038 0.         0.33124697]
 [0.31457457 0.         0.         0.35405517 0.         0.3313703 ]
 [0.35917443 0.         0.3298625  0.31096306 0.         0.        ]
 [0.35886702 0.         0.32068685 0.3204461  0.         0.        ]
 [0.35388553 0.         0.3254674  0.3206471  0.         0.        ]
 [0.3649413  0.31668836 0.         0.31837037 0.         0.        ]
 [0.36061683 0.         0.31969234 0.3196908  0.         0.        ]
 [0.3559072  0.         0.32329947 0.3207934  0.         0.        ]
 [0.36143723 0.3192703  0.         0.3192925  0.         0.        ]
 [0.36168006 0.31872264 0.         0.3195972  0.         0.        ]
 [0.3601409  0.         0.3300529  0.         0.3098062  0.        ]
 [0.36725366 0.         0.3213011  0.31144536 0.         0.        ]
 [0.35972896 0.         0.3272842  0.31298685 0.         0.        ]
 [0.35631928 0.         0.3298292  0.31385157 0.         0.        ]
 [0.3688734  0.         0.32066175 0.31046483 0.         0.        ]
 [0.36489433 0.         0.31272396 0.3223818  0.         0.        ]
 [0.36875603 0.         0.32560363 0.30564034 0.         0.        ]
 [0.36666474 0.         0.32254964 0.31078565 0.         0.        ]]
12:42:23      Epoch:   0      Batch:   0      OuterStep: 330      LossModel: 0.00040669     LossTerm2: 0.00000000      Time/Step(s): 2.5477Term3 quantities: 
 [[0.         0.32058573 0.35935843 0.         0.         0.3200558 ]
 [0.         0.3210221  0.35581303 0.         0.         0.3231649 ]
 [0.         0.32380766 0.35198483 0.         0.         0.32420745]
 [0.         0.32101    0.3514413  0.         0.         0.3275487 ]
 [0.         0.32212234 0.34846947 0.         0.         0.32940817]
 [0.         0.32563528 0.34447533 0.         0.         0.3298894 ]
 [0.         0.32193598 0.34732082 0.         0.         0.3307432 ]
 [0.         0.324343   0.3412381  0.         0.         0.33441886]
 [0.         0.32188126 0.3433181  0.         0.         0.33480063]
 [0.         0.32924294 0.33218315 0.         0.         0.33857384]
 [0.         0.3247622  0.34035698 0.         0.         0.33488083]
 [0.         0.32624948 0.33699825 0.         0.         0.33675224]
 [0.         0.32648492 0.33225286 0.         0.         0.34126222]
 [0.         0.33273894 0.         0.         0.3174768  0.34978428]
 [0.         0.3368179  0.         0.         0.32477653 0.33840558]
 [0.         0.33063826 0.         0.         0.31433657 0.35502517]
 [0.3144987  0.34305644 0.         0.         0.3424449  0.        ]
 [0.31344932 0.34543815 0.         0.         0.3411126  0.        ]
 [0.3146503  0.3402721  0.         0.         0.34507763 0.        ]
 [0.31428012 0.3422791  0.         0.         0.34344083 0.        ]
 [0.31816456 0.34334016 0.         0.         0.33849534 0.        ]
 [0.31693527 0.34367147 0.         0.         0.3393933  0.        ]
 [0.3168467  0.34127718 0.         0.         0.34187618 0.        ]
 [0.32055083 0.33620995 0.         0.         0.34323925 0.        ]
 [0.31616715 0.34706187 0.         0.         0.336771   0.        ]
 [0.3196937  0.34352157 0.         0.         0.3367848  0.        ]
 [0.31856805 0.341476   0.         0.         0.33995596 0.        ]
 [0.3152423  0.3425472  0.         0.         0.34221056 0.        ]
 [0.32144204 0.34699023 0.         0.         0.3315677  0.        ]
 [0.3206209  0.3447259  0.         0.         0.3346531  0.        ]
 [0.3183291  0.34454805 0.         0.         0.3371228  0.        ]
 [0.32601058 0.33674553 0.         0.         0.33724388 0.        ]
 [0.3236538  0.         0.         0.34557596 0.         0.3307703 ]
 [0.3256813  0.         0.         0.3458391  0.         0.32847962]
 [0.32254347 0.         0.         0.3438936  0.         0.3335629 ]
 [0.31152338 0.         0.         0.35007423 0.         0.33840242]
 [0.         0.         0.         0.34653533 0.32008028 0.3333845 ]
 [0.31190577 0.         0.         0.34817043 0.         0.3399238 ]
 [0.         0.         0.         0.35627514 0.31045654 0.33326834]
 [0.31020057 0.         0.         0.3533071  0.         0.3364923 ]
 [0.30769596 0.         0.         0.35267928 0.         0.3396248 ]
 [0.3252802  0.         0.         0.3455719  0.         0.32914788]
 [0.32923684 0.         0.         0.3461604  0.         0.3246028 ]
 [0.         0.         0.32948795 0.34575415 0.         0.3247579 ]
 [0.31984454 0.         0.         0.3510731  0.         0.3290823 ]
 [0.31949985 0.         0.         0.35043958 0.         0.33006054]
 [0.         0.         0.31875753 0.3505153  0.         0.33072716]
 [0.3141121  0.         0.         0.3546478  0.         0.33124015]
 [0.35632324 0.         0.33107316 0.31260356 0.         0.        ]
 [0.35878515 0.         0.31926152 0.32195333 0.         0.        ]
 [0.3529922  0.         0.32558152 0.32142636 0.         0.        ]
 [0.36371338 0.31659138 0.         0.31969532 0.         0.        ]
 [0.36060685 0.         0.3182458  0.32114738 0.         0.        ]
 [0.35508725 0.         0.32366765 0.32124513 0.         0.        ]
 [0.3614982  0.3184627  0.         0.32003906 0.         0.        ]
 [0.36070117 0.31894505 0.         0.32035372 0.         0.        ]
 [0.35937804 0.         0.32924882 0.31137305 0.         0.        ]
 [0.36545375 0.         0.32224238 0.31230384 0.         0.        ]
 [0.35807618 0.         0.3277167  0.31420708 0.         0.        ]
 [0.35426733 0.         0.33053648 0.31519628 0.         0.        ]
 [0.36699244 0.         0.3215279  0.31147975 0.         0.        ]
 [0.36500153 0.         0.31257182 0.32242668 0.         0.        ]
 [0.36338624 0.         0.32757765 0.30903608 0.         0.        ]
 [0.3647717  0.         0.32351276 0.3117155  0.         0.        ]]
12:42:50      Epoch:   0      Batch:   0      OuterStep: 340      LossModel: 0.00542242     LossTerm2: 0.00000000      Time/Step(s): 2.2716Term3 quantities: 
 [[0.         0.3201367  0.35947707 0.         0.         0.3203862 ]
 [0.         0.         0.35533816 0.         0.32051155 0.3241503 ]
 [0.         0.32335976 0.35177457 0.         0.         0.32486564]
 [0.         0.32108048 0.3516457  0.         0.         0.32727385]
 [0.         0.32210925 0.3487555  0.         0.         0.3291352 ]
 [0.         0.3257794  0.34455162 0.         0.         0.32966897]
 [0.         0.32217178 0.34728223 0.         0.         0.33054608]
 [0.         0.3244844  0.34144127 0.         0.         0.3340743 ]
 [0.         0.3222918  0.34326273 0.         0.         0.33444545]
 [0.         0.32968548 0.33227724 0.         0.         0.33803728]
 [0.         0.32506856 0.3402836  0.         0.         0.33464786]
 [0.         0.3265653  0.3369243  0.         0.         0.3365104 ]
 [0.         0.32706636 0.33221015 0.         0.         0.34072354]
 [0.         0.3336675  0.         0.         0.31575778 0.3505748 ]
 [0.         0.3372936  0.         0.         0.32384938 0.33885702]
 [0.         0.3317488  0.         0.         0.31253356 0.35571763]
 [0.31497326 0.3440054  0.         0.         0.34102136 0.        ]
 [0.31421217 0.3459581  0.         0.         0.33982977 0.        ]
 [0.31547803 0.34042856 0.         0.         0.3440934  0.        ]
 [0.31437308 0.34262943 0.         0.         0.34299746 0.        ]
 [0.31844294 0.3445326  0.         0.         0.33702454 0.        ]
 [0.31786233 0.3445737  0.         0.         0.33756402 0.        ]
 [0.31764445 0.34159616 0.         0.         0.34075946 0.        ]
 [0.32098293 0.33658856 0.         0.         0.34242854 0.        ]
 [0.31722546 0.34829617 0.         0.         0.33447832 0.        ]
 [0.32024106 0.34452218 0.         0.         0.33523682 0.        ]
 [0.31915262 0.34192675 0.         0.         0.3389206  0.        ]
 [0.31631657 0.34236214 0.         0.         0.34132132 0.        ]
 [0.32214615 0.34837562 0.         0.         0.32947817 0.        ]
 [0.3213073  0.34559214 0.         0.         0.33310065 0.        ]
 [0.3195717  0.34472892 0.         0.         0.33569935 0.        ]
 [0.3271689  0.33664712 0.         0.         0.33618397 0.        ]
 [0.3237937  0.         0.         0.3460057  0.         0.33020052]
 [0.32548016 0.         0.         0.3461205  0.         0.3283993 ]
 [0.32218271 0.         0.         0.34436968 0.         0.33344764]
 [0.31113708 0.         0.         0.35006288 0.         0.3388    ]
 [0.         0.         0.         0.3466271  0.31882632 0.33454666]
 [0.31152067 0.         0.         0.34848586 0.         0.33999345]
 [0.         0.         0.         0.35459676 0.31066406 0.33473912]
 [0.31002173 0.         0.         0.3534778  0.         0.3365005 ]
 [0.30742466 0.         0.         0.3528306  0.         0.33974472]
 [0.32590264 0.         0.         0.34645754 0.         0.32763985]
 [0.32938173 0.         0.3239488  0.34666944 0.         0.        ]
 [0.         0.         0.3287524  0.3456332  0.32561445 0.        ]
 [0.32007596 0.         0.         0.3514242  0.         0.32849982]
 [0.31972465 0.         0.         0.3507967  0.         0.3294786 ]
 [0.         0.         0.31907213 0.35016763 0.         0.3307603 ]
 [0.31389344 0.         0.         0.35476965 0.         0.33133686]
 [0.355114   0.         0.329954   0.31493202 0.         0.        ]
 [0.35930735 0.         0.31752095 0.32317165 0.         0.        ]
 [0.35282475 0.         0.32480305 0.3223722  0.         0.        ]
 [0.3631259  0.31590185 0.         0.3209723  0.         0.        ]
 [0.36110812 0.         0.3165172  0.32237473 0.         0.        ]
 [0.35500655 0.         0.3227044  0.32228908 0.         0.        ]
 [0.36170182 0.31694415 0.         0.32135406 0.         0.        ]
 [0.36033452 0.31829515 0.         0.32137027 0.         0.        ]
 [0.35787785 0.         0.32822895 0.3138932  0.         0.        ]
 [0.36528343 0.         0.3205144  0.31420216 0.         0.        ]
 [0.35773298 0.         0.32634196 0.315925   0.         0.        ]
 [0.35364425 0.         0.3294562  0.31689957 0.         0.        ]
 [0.36682096 0.         0.31965628 0.31352282 0.         0.        ]
 [0.36628643 0.         0.31032127 0.32339233 0.         0.        ]
 [0.36026815 0.         0.32704446 0.31268743 0.         0.        ]
 [0.3646668  0.         0.3215482  0.31378508 0.         0.        ]]
12:43:15      Epoch:   0      Batch:   0      OuterStep: 350      LossModel: 0.00093279     LossTerm2: 0.00000000      Time/Step(s): 2.4368Term3 quantities: 
 [[0.         0.32184592 0.359014   0.         0.         0.3191401 ]
 [0.         0.32278654 0.3538194  0.         0.         0.32339406]
 [0.         0.32657194 0.34983033 0.         0.         0.32359773]
 [0.         0.32202682 0.35179982 0.         0.         0.3261734 ]
 [0.         0.32278296 0.34893662 0.         0.         0.32828042]
 [0.         0.32602483 0.3449103  0.         0.         0.32906488]
 [0.         0.32254133 0.34759435 0.         0.         0.32986438]
 [0.         0.32458586 0.34157613 0.         0.         0.33383808]
 [0.         0.32274774 0.3431017  0.         0.         0.33415058]
 [0.         0.32922965 0.33250076 0.         0.         0.33826965]
 [0.         0.32521734 0.34030217 0.         0.         0.3344805 ]
 [0.         0.3264733  0.3368988  0.         0.         0.3366279 ]
 [0.         0.32679594 0.33206323 0.         0.         0.34114084]
 [0.         0.33279392 0.         0.         0.31707227 0.35013375]
 [0.         0.3363674  0.         0.         0.3238526  0.33978   ]
 [0.         0.33096796 0.         0.         0.3146932  0.35433885]
 [0.31249353 0.34321082 0.         0.         0.34429562 0.        ]
 [0.3119744  0.34512454 0.         0.         0.3429011  0.        ]
 [0.3133118  0.33932132 0.         0.         0.34736696 0.        ]
 [0.31179    0.3421449  0.         0.         0.34606507 0.        ]
 [0.31522486 0.34386915 0.         0.         0.34090602 0.        ]
 [0.314954   0.3433754  0.         0.         0.3416706  0.        ]
 [0.3151078  0.3401833  0.         0.         0.34470898 0.        ]
 [0.31831717 0.33540398 0.         0.         0.34627882 0.        ]
 [0.31403917 0.34720293 0.         0.         0.33875793 0.        ]
 [0.316909   0.34399718 0.         0.         0.3390938  0.        ]
 [0.3162382  0.34091163 0.         0.         0.34285015 0.        ]
 [0.31380415 0.34069315 0.         0.         0.3455027  0.        ]
 [0.31822917 0.3484934  0.         0.         0.33327746 0.        ]
 [0.3174393  0.3452578  0.         0.         0.33730292 0.        ]
 [0.31646428 0.34318376 0.         0.         0.3403519  0.        ]
 [0.32390445 0.33501396 0.         0.         0.3410816  0.        ]
 [0.32428053 0.         0.         0.34642476 0.         0.3292947 ]
 [0.32675838 0.         0.         0.34663418 0.         0.32660744]
 [0.32225186 0.         0.         0.3446135  0.         0.3331346 ]
 [0.31240126 0.         0.         0.35054505 0.         0.3370537 ]
 [0.         0.         0.         0.34408256 0.3221816  0.33373588]
 [0.31121033 0.         0.         0.34877837 0.         0.34001133]
 [0.         0.         0.         0.35366797 0.3148987  0.33143336]
 [0.31035683 0.         0.         0.35407308 0.         0.33557007]
 [0.30741486 0.         0.         0.3533278  0.         0.33925727]
 [0.32566848 0.         0.         0.34627238 0.         0.32805917]
 [0.32948747 0.         0.         0.34676325 0.         0.32374936]
 [0.         0.         0.32783204 0.34455436 0.3276136  0.        ]
 [0.3212068  0.         0.         0.35195667 0.         0.32683644]
 [0.32075727 0.         0.         0.35129303 0.         0.3279496 ]
 [0.3203566  0.         0.         0.35081905 0.         0.32882437]
 [0.31468338 0.         0.         0.35538355 0.         0.32993308]
 [0.3559664  0.         0.3300126  0.31402096 0.         0.        ]
 [0.36140445 0.         0.31650665 0.32208887 0.         0.        ]
 [0.35481533 0.         0.32362396 0.3215607  0.         0.        ]
 [0.36190215 0.31693068 0.         0.32116717 0.         0.        ]
 [0.36299112 0.         0.31567857 0.32133034 0.         0.        ]
 [0.356899   0.         0.3213625  0.3217385  0.         0.        ]
 [0.35970262 0.31802335 0.         0.32227406 0.         0.        ]
 [0.35889623 0.31853652 0.         0.32256728 0.         0.        ]
 [0.3573155  0.         0.3290531  0.31363142 0.         0.        ]
 [0.36750415 0.         0.31970358 0.31279224 0.         0.        ]
 [0.3597807  0.         0.32582697 0.3143923  0.         0.        ]
 [0.3555919  0.         0.32893166 0.3154764  0.         0.        ]
 [0.36906898 0.         0.3188626  0.3120684  0.         0.        ]
 [0.36882168 0.         0.30834633 0.322832   0.         0.        ]
 [0.35997382 0.         0.32797992 0.31204626 0.         0.        ]
 [0.36688718 0.         0.3208258  0.3122871  0.         0.        ]]
        Validation Criterion: 0.00246822
12:43:42      Epoch:   0      Batch:   0      OuterStep: 360      LossModel: 0.00481539     LossTerm2: 0.00000000      Time/Step(s): 2.4553Term3 quantities: 
 [[0.         0.32564014 0.35588124 0.         0.31847855 0.        ]
 [0.         0.32772774 0.34869543 0.         0.3235768  0.        ]
 [0.         0.3309967  0.3451386  0.         0.3238647  0.        ]
 [0.         0.3245776  0.35136157 0.         0.         0.3240608 ]
 [0.         0.3249164  0.3487346  0.         0.         0.326349  ]
 [0.         0.3268364  0.3454486  0.         0.         0.32771498]
 [0.         0.32429078 0.3477193  0.         0.         0.3279899 ]
 [0.         0.3254335  0.34204623 0.         0.         0.3325203 ]
 [0.         0.3236827  0.34336224 0.         0.         0.33295506]
 [0.         0.328243   0.3333321  0.         0.         0.338425  ]
 [0.         0.32561132 0.34091467 0.         0.         0.3334739 ]
 [0.         0.32631698 0.33752584 0.         0.         0.3361572 ]
 [0.         0.3259196  0.33278832 0.         0.         0.34129208]
 [0.         0.33178103 0.         0.         0.31569016 0.35252884]
 [0.         0.33437476 0.         0.         0.32138628 0.344239  ]
 [0.         0.329813   0.         0.         0.31382403 0.356363  ]
 [0.31310874 0.34391174 0.         0.         0.34297955 0.        ]
 [0.3121154  0.3460358  0.         0.         0.3418488  0.        ]
 [0.3137045  0.33997825 0.         0.         0.3463173  0.        ]
 [0.31161696 0.3433802  0.         0.         0.34500283 0.        ]
 [0.3157728  0.34419546 0.         0.         0.3400317  0.        ]
 [0.31576037 0.34324378 0.         0.         0.34099582 0.        ]
 [0.3155939  0.34035245 0.         0.         0.34405372 0.        ]
 [0.3185482  0.33580193 0.         0.         0.34564987 0.        ]
 [0.31501815 0.34703776 0.         0.         0.33794415 0.        ]
 [0.31720918 0.3445605  0.         0.         0.33823034 0.        ]
 [0.31676385 0.34126014 0.         0.         0.341976   0.        ]
 [0.3146082  0.34042743 0.         0.         0.34496439 0.        ]
 [0.31835625 0.34921    0.         0.         0.3324337  0.        ]
 [0.31734207 0.34587958 0.         0.         0.33677843 0.        ]
 [0.3172144  0.3424042  0.         0.         0.34038147 0.        ]
 [0.32401392 0.3349256  0.         0.         0.3410605  0.        ]
 [0.32277247 0.         0.         0.34573147 0.         0.33149612]
 [0.3261016  0.         0.         0.34650826 0.         0.32739013]
 [0.32098573 0.         0.         0.343854   0.         0.3351603 ]
 [0.31231192 0.         0.         0.3502771  0.         0.33741093]
 [0.         0.         0.         0.3418692  0.3213133  0.3368175 ]
 [0.3105543  0.         0.         0.34783942 0.         0.34160626]
 [0.         0.         0.         0.35168195 0.3147693  0.3335487 ]
 [0.30961812 0.         0.         0.3531489  0.         0.33723298]
 [0.30678082 0.         0.         0.35236004 0.         0.34085914]
 [0.32592854 0.         0.         0.34674904 0.         0.32732248]
 [0.32976633 0.         0.         0.34723106 0.         0.3230026 ]
 [0.32740304 0.         0.         0.3447975  0.3277995  0.        ]
 [0.31999767 0.         0.         0.3514901  0.         0.32851222]
 [0.3194384  0.         0.         0.35078922 0.         0.32977232]
 [0.3208089  0.         0.         0.35168046 0.         0.32751068]
 [0.31380147 0.         0.         0.35489616 0.         0.33130237]
 [0.35594812 0.         0.33077765 0.31327426 0.         0.        ]
 [0.36345336 0.         0.31519866 0.32134804 0.         0.        ]
 [0.35720152 0.         0.32218507 0.32061347 0.         0.        ]
 [0.36084926 0.31852716 0.         0.32062355 0.         0.        ]
 [0.3643202  0.         0.31512088 0.3205589  0.         0.        ]
 [0.3588844  0.         0.32036895 0.32074663 0.         0.        ]
 [0.35742742 0.32071096 0.         0.32186174 0.         0.        ]
 [0.35699797 0.32063666 0.         0.32236537 0.         0.        ]
 [0.3565904  0.         0.32991648 0.3134931  0.         0.        ]
 [0.36843678 0.         0.31956163 0.31200156 0.         0.        ]
 [0.36148912 0.         0.32540143 0.3131094  0.         0.        ]
 [0.35789356 0.         0.32796437 0.31414214 0.         0.        ]
 [0.36990502 0.         0.3187968  0.3112981  0.         0.        ]
 [0.37193868 0.         0.30638263 0.3216787  0.         0.        ]
 [0.35993284 0.         0.32863206 0.31143504 0.         0.        ]
 [0.36757332 0.         0.32099506 0.31143162 0.         0.        ]]
12:44:08      Epoch:   0      Batch:   0      OuterStep: 370      LossModel: 0.00138734     LossTerm2: 0.00000000      Time/Step(s): 2.2911Term3 quantities: 
 [[0.         0.3292855  0.35494694 0.         0.3157676  0.        ]
 [0.         0.33119166 0.34836173 0.         0.3204466  0.        ]
 [0.         0.33375594 0.34622324 0.         0.3200208  0.        ]
 [0.         0.3272114  0.35032624 0.         0.         0.32246232]
 [0.         0.32692632 0.348182   0.         0.         0.32489172]
 [0.         0.32811463 0.3451342  0.         0.         0.3267512 ]
 [0.         0.32697108 0.34698948 0.         0.         0.3260394 ]
 [0.         0.32624328 0.3423706  0.         0.         0.33138618]
 [0.         0.32476518 0.34357882 0.         0.         0.33165598]
 [0.         0.32758865 0.33436227 0.         0.         0.33804908]
 [0.         0.32567596 0.34150264 0.         0.         0.33282143]
 [0.         0.32607368 0.33835763 0.         0.         0.33556873]
 [0.         0.32577294 0.3339684  0.         0.         0.3402587 ]
 [0.         0.33036298 0.         0.         0.3168486  0.3527884 ]
 [0.         0.33217192 0.         0.         0.32099056 0.34683758]
 [0.         0.328015   0.         0.         0.3156825  0.3563025 ]
 [0.31440488 0.34224623 0.         0.         0.34334892 0.        ]
 [0.312923   0.3445789  0.         0.         0.3424981  0.        ]
 [0.31460655 0.33850408 0.         0.         0.34688944 0.        ]
 [0.31186363 0.34303477 0.         0.         0.34510157 0.        ]
 [0.31689122 0.34204933 0.         0.         0.34105948 0.        ]
 [0.31729242 0.34041515 0.         0.         0.3422925  0.        ]
 [0.31682014 0.3378601  0.         0.         0.34531975 0.        ]
 [0.31928435 0.3340432  0.         0.         0.3466724  0.        ]
 [0.31682163 0.34371412 0.         0.         0.33946428 0.        ]
 [0.3182273  0.3423525  0.         0.         0.3394202  0.        ]
 [0.3180154  0.33882254 0.         0.         0.34316212 0.        ]
 [0.31614962 0.3375054  0.         0.         0.346345   0.        ]
 [0.31926617 0.34700012 0.         0.         0.33373368 0.        ]
 [0.31850696 0.34309343 0.         0.         0.3383997  0.        ]
 [0.3187899  0.3389367  0.         0.         0.34227344 0.        ]
 [0.32535252 0.3312131  0.         0.         0.34343442 0.        ]
 [0.32275474 0.         0.         0.34639087 0.         0.33085436]
 [0.32514343 0.         0.         0.3467546  0.         0.32810193]
 [0.32160679 0.         0.         0.3449039  0.         0.3334893 ]
 [0.31239545 0.         0.         0.3513668  0.         0.33623773]
 [0.         0.         0.         0.34186098 0.32300726 0.3351318 ]
 [0.3121213  0.         0.         0.34942475 0.         0.33845392]
 [0.         0.         0.         0.35042986 0.31746557 0.33210462]
 [0.3101081  0.         0.         0.35455757 0.         0.3353343 ]
 [0.30786127 0.         0.         0.35387394 0.         0.33826482]
 [0.32681626 0.         0.         0.34745595 0.         0.32572773]
 [0.3303635  0.         0.         0.34801716 0.         0.32161942]
 [0.32790366 0.         0.         0.34545437 0.326642   0.        ]
 [0.3191574  0.         0.         0.352231   0.         0.32861167]
 [0.31874293 0.         0.         0.3515939  0.         0.32966316]
 [0.3199905  0.         0.         0.352382   0.         0.32762748]
 [0.31352305 0.         0.         0.3562285  0.         0.33024836]
 [0.35437226 0.         0.33203167 0.31359607 0.         0.        ]
 [0.36338115 0.         0.31547016 0.32114866 0.         0.        ]
 [0.357643   0.         0.32235402 0.320003   0.         0.        ]
 [0.36096063 0.31807798 0.         0.32096142 0.         0.        ]
 [0.3634943  0.         0.315878   0.3206277  0.         0.        ]
 [0.35886928 0.         0.32095712 0.32017368 0.         0.        ]
 [0.35760424 0.32063773 0.         0.32175803 0.         0.        ]
 [0.35631692 0.3215279  0.         0.32215518 0.         0.        ]
 [0.35494626 0.         0.3311838  0.31386992 0.         0.        ]
 [0.36676183 0.         0.3207991  0.31243908 0.         0.        ]
 [0.36124465 0.         0.32583758 0.31291777 0.         0.        ]
 [0.3585207  0.         0.3279116  0.31356773 0.         0.        ]
 [0.3679891  0.         0.32016972 0.3118412  0.         0.        ]
 [0.3739814  0.         0.30562246 0.32039616 0.         0.        ]
 [0.35862872 0.         0.3296631  0.3117082  0.         0.        ]
 [0.36567336 0.         0.3223841  0.3119425  0.         0.        ]]
12:44:34      Epoch:   0      Batch:   0      OuterStep: 380      LossModel: 0.00046376     LossTerm2: 0.00000000      Time/Step(s): 2.4926Term3 quantities: 
 [[0.         0.32920748 0.3552427  0.         0.31554982 0.        ]
 [0.         0.33108968 0.34974724 0.         0.31916305 0.        ]
 [0.         0.332982   0.34787133 0.         0.         0.31914675]
 [0.         0.32619765 0.35145926 0.         0.         0.32234302]
 [0.         0.3258173  0.34936264 0.         0.         0.32482004]
 [0.         0.32861224 0.3457436  0.         0.         0.32564417]
 [0.         0.3274505  0.34754544 0.         0.         0.3250041 ]
 [0.         0.3255575  0.3432697  0.         0.         0.3311728 ]
 [0.         0.32450864 0.34421352 0.         0.         0.33127785]
 [0.         0.32854238 0.33491722 0.         0.         0.33654037]
 [0.         0.32653284 0.342099   0.         0.         0.33136815]
 [0.         0.32705495 0.33890465 0.         0.         0.3340404 ]
 [0.         0.32671398 0.33449924 0.         0.         0.33878678]
 [0.         0.33109295 0.         0.         0.31533483 0.3535722 ]
 [0.         0.3322298  0.         0.         0.32086924 0.34690094]
 [0.         0.32878    0.         0.         0.31377876 0.3574413 ]
 [0.31435743 0.34422293 0.         0.         0.34141967 0.        ]
 [0.31288302 0.34593856 0.         0.         0.34117845 0.        ]
 [0.3149323  0.33924738 0.         0.         0.34582034 0.        ]
 [0.3118229  0.3441913  0.         0.         0.3439858  0.        ]
 [0.3162873  0.3447991  0.         0.         0.33891356 0.        ]
 [0.31706783 0.34276626 0.         0.         0.3401659  0.        ]
 [0.31686124 0.3394022  0.         0.         0.34373653 0.        ]
 [0.31945798 0.3353755  0.         0.         0.34516647 0.        ]
 [0.3160947  0.34723097 0.         0.         0.33667436 0.        ]
 [0.31754455 0.34545818 0.         0.         0.3369973  0.        ]
 [0.31794035 0.34098476 0.         0.         0.34107485 0.        ]
 [0.31660235 0.33870783 0.         0.         0.34468982 0.        ]
 [0.3179427  0.35145485 0.         0.         0.33060244 0.        ]
 [0.31785554 0.3464371  0.         0.         0.33570734 0.        ]
 [0.3189103  0.34104398 0.         0.         0.3400458  0.        ]
 [0.3255793  0.33267137 0.         0.         0.34174937 0.        ]
 [0.3230401  0.         0.         0.34682846 0.         0.3301314 ]
 [0.32508856 0.         0.         0.34692693 0.         0.32798457]
 [0.3218481  0.         0.         0.34525567 0.         0.33289626]
 [0.31182024 0.         0.         0.35158393 0.         0.3365958 ]
 [0.         0.         0.         0.34170315 0.32222906 0.3360678 ]
 [0.31158605 0.         0.         0.3500155  0.         0.3383984 ]
 [0.         0.         0.         0.35189062 0.31688222 0.33122715]
 [0.3091773  0.         0.         0.35535958 0.         0.33546317]
 [0.3070697  0.         0.         0.35476372 0.         0.33816656]
 [0.32706687 0.         0.         0.34762475 0.         0.32530835]
 [0.33109498 0.         0.         0.34810323 0.         0.32080182]
 [0.32914287 0.         0.         0.34464765 0.32620952 0.        ]
 [0.3186641  0.         0.         0.35241768 0.         0.3289182 ]
 [0.3183435  0.         0.         0.35177067 0.         0.32988584]
 [0.3202645  0.         0.         0.35187197 0.         0.32786357]
 [0.31246758 0.         0.         0.35649782 0.         0.33103454]
 [0.3546781  0.         0.33174047 0.31358147 0.         0.        ]
 [0.3634362  0.         0.31568757 0.32087624 0.         0.        ]
 [0.35817695 0.         0.3221843  0.31963873 0.         0.        ]
 [0.35994333 0.31810695 0.         0.32194978 0.         0.        ]
 [0.36334327 0.         0.31584474 0.32081205 0.         0.        ]
 [0.35923934 0.         0.32072672 0.3200339  0.         0.        ]
 [0.3577153  0.32058305 0.         0.32170162 0.         0.        ]
 [0.35523832 0.3223967  0.         0.32236502 0.         0.        ]
 [0.35484022 0.         0.3313926  0.3137672  0.         0.        ]
 [0.3666347  0.         0.32084772 0.31251764 0.         0.        ]
 [0.36221293 0.         0.32520142 0.31258562 0.         0.        ]
 [0.35994947 0.         0.32720405 0.31284645 0.         0.        ]
 [0.3676304  0.         0.32036152 0.31200808 0.         0.        ]
 [0.3755493  0.         0.30446583 0.31998494 0.         0.        ]
 [0.35885662 0.         0.32967076 0.3114726  0.         0.        ]
 [0.36544496 0.         0.32240805 0.31214693 0.         0.        ]]
12:44:59      Epoch:   0      Batch:   0      OuterStep: 390      LossModel: 0.00041334     LossTerm2: 0.00000000      Time/Step(s): 2.3632Term3 quantities: 
 [[0.         0.32860985 0.3561485  0.         0.31524158 0.        ]
 [0.         0.33100536 0.35019124 0.         0.31880343 0.        ]
 [0.         0.33274204 0.34803894 0.         0.         0.319219  ]
 [0.         0.32505593 0.35234767 0.         0.         0.32259643]
 [0.         0.32494903 0.3501463  0.         0.         0.3249047 ]
 [0.         0.3282075  0.34613374 0.         0.         0.32565883]
 [0.         0.32684672 0.34783435 0.         0.         0.32531893]
 [0.         0.3250141  0.3437679  0.         0.         0.33121803]
 [0.         0.32413062 0.34438348 0.         0.         0.3314859 ]
 [0.         0.32890224 0.33502924 0.         0.         0.33606854]
 [0.         0.32690138 0.342167   0.         0.         0.33093163]
 [0.         0.32749674 0.33894667 0.         0.         0.3335566 ]
 [0.         0.3269054  0.3344761  0.         0.         0.33861855]
 [0.         0.33231393 0.         0.         0.3142147  0.35347137]
 [0.         0.3329295  0.         0.         0.32107443 0.345996  ]
 [0.         0.33014622 0.         0.         0.3125746  0.3572792 ]
 [0.31480098 0.34451544 0.         0.         0.34068355 0.        ]
 [0.31348848 0.3455575  0.         0.         0.34095407 0.        ]
 [0.3161835  0.33790973 0.         0.         0.3459068  0.        ]
 [0.31301922 0.34261984 0.         0.         0.34436095 0.        ]
 [0.3166762  0.34493846 0.         0.         0.3383853  0.        ]
 [0.3177397  0.3425849  0.         0.         0.33967537 0.        ]
 [0.31789878 0.33836466 0.         0.         0.3437366  0.        ]
 [0.32079133 0.33390087 0.         0.         0.3453078  0.        ]
 [0.31637278 0.34773383 0.         0.         0.33589342 0.        ]
 [0.3180961  0.3451674  0.         0.         0.33673653 0.        ]
 [0.319127   0.3397271  0.         0.         0.34114593 0.        ]
 [0.31841695 0.33639166 0.         0.         0.34519136 0.        ]
 [0.31801432 0.35183236 0.         0.         0.33015335 0.        ]
 [0.31896257 0.34575722 0.         0.         0.33528024 0.        ]
 [0.32047504 0.33927208 0.         0.         0.3402529  0.        ]
 [0.3272821  0.33081275 0.         0.         0.34190512 0.        ]
 [0.32270703 0.         0.         0.34592196 0.         0.33137104]
 [0.32492295 0.         0.         0.34627694 0.         0.3288001 ]
 [0.32131448 0.         0.         0.34437287 0.         0.33431262]
 [0.31102324 0.         0.         0.3500915  0.         0.33888525]
 [0.         0.         0.         0.34037876 0.3229652  0.33665603]
 [0.31055325 0.         0.         0.34829006 0.         0.3411567 ]
 [0.         0.         0.         0.3504133  0.3177843  0.33180246]
 [0.30826625 0.         0.         0.3533661  0.         0.3383677 ]
 [0.3060811  0.         0.         0.3528205  0.         0.3410985 ]
 [0.32657766 0.         0.         0.34702012 0.         0.32640228]
 [0.3309096  0.         0.         0.3474814  0.         0.32160902]
 [0.32986394 0.         0.         0.34396154 0.32617456 0.        ]
 [0.31825006 0.         0.         0.35126686 0.         0.33048305]
 [0.31799805 0.         0.         0.3506653  0.         0.3313367 ]
 [0.31983292 0.         0.         0.35103545 0.         0.32913166]
 [0.3115182  0.         0.         0.35458377 0.         0.33389804]
 [0.35494828 0.         0.33026922 0.3147824  0.         0.        ]
 [0.36301786 0.         0.3149713  0.32201082 0.         0.        ]
 [0.35785452 0.         0.32127318 0.32087234 0.         0.        ]
 [0.35961467 0.31786916 0.         0.32251614 0.         0.        ]
 [0.36302376 0.         0.31495383 0.3220224  0.         0.        ]
 [0.35898766 0.         0.31970784 0.32130456 0.         0.        ]
 [0.35886818 0.319139   0.         0.3219928  0.         0.        ]
 [0.35567737 0.32162264 0.         0.32270002 0.         0.        ]
 [0.35496712 0.         0.3301978  0.31483507 0.         0.        ]
 [0.36649078 0.         0.3194458  0.31406343 0.         0.        ]
 [0.36260793 0.         0.32360765 0.31378442 0.         0.        ]
 [0.3606029  0.         0.32552567 0.31387147 0.         0.        ]
 [0.3673362  0.         0.31900644 0.3136573  0.         0.        ]
 [0.3755921  0.         0.30283585 0.32157204 0.         0.        ]
 [0.3589421  0.         0.32832274 0.31273517 0.         0.        ]
 [0.36522964 0.         0.32099983 0.31377053 0.         0.        ]]
12:45:23      Epoch:   0      Batch:   0      OuterStep: 400      LossModel: 0.00029795     LossTerm2: 0.00000000      Time/Step(s): 2.4218Term3 quantities: 
 [[0.         0.32766366 0.35757673 0.         0.3147597  0.        ]
 [0.         0.33064717 0.35042968 0.         0.31892318 0.        ]
 [0.         0.3326424  0.34814528 0.         0.         0.3192123 ]
 [0.         0.32460114 0.3528737  0.         0.         0.32252523]
 [0.         0.3246348  0.3506154  0.         0.         0.32474983]
 [0.         0.32798076 0.34645373 0.         0.         0.32556552]
 [0.         0.32612258 0.3480972  0.         0.         0.3257802 ]
 [0.         0.325103   0.34407088 0.         0.         0.33082613]
 [0.         0.32443538 0.34456468 0.         0.         0.33099988]
 [0.         0.32928738 0.33508906 0.         0.         0.33562365]
 [0.         0.32704192 0.34224808 0.         0.         0.33071   ]
 [0.         0.32785287 0.33897135 0.         0.         0.33317575]
 [0.         0.32741854 0.33439192 0.         0.         0.3381896 ]
 [0.         0.33269545 0.         0.         0.31372422 0.3535803 ]
 [0.         0.33329225 0.         0.         0.320993   0.34571475]
 [0.         0.33061212 0.         0.         0.31186917 0.35751873]
 [0.31430358 0.34493598 0.         0.         0.34076038 0.        ]
 [0.3134115  0.34507048 0.         0.         0.341518   0.        ]
 [0.31634945 0.3367978  0.         0.         0.34685278 0.        ]
 [0.31292358 0.3414383  0.         0.         0.34563822 0.        ]
 [0.31606466 0.34527576 0.         0.         0.33865958 0.        ]
 [0.31736475 0.34260184 0.         0.         0.34003338 0.        ]
 [0.31785318 0.33746377 0.         0.         0.34468305 0.        ]
 [0.3208582  0.33279365 0.         0.         0.3463481  0.        ]
 [0.31553817 0.34865728 0.         0.         0.3358045  0.        ]
 [0.31755826 0.345285   0.         0.         0.33715668 0.        ]
 [0.319203   0.3388598  0.         0.         0.34193724 0.        ]
 [0.31917185 0.3344044  0.         0.         0.34642375 0.        ]
 [0.31684932 0.35299352 0.         0.         0.33015716 0.        ]
 [0.3187538  0.34564885 0.         0.         0.3355973  0.        ]
 [0.32085872 0.33821455 0.         0.         0.3409268  0.        ]
 [0.32765618 0.3292962  0.         0.         0.34304762 0.        ]
 [0.32324776 0.         0.         0.34551874 0.         0.33123356]
 [0.32529905 0.         0.         0.3458295  0.         0.3288715 ]
 [0.32217526 0.         0.         0.34415764 0.         0.3336672 ]
 [0.31123978 0.         0.         0.34947583 0.         0.33928436]
 [0.         0.         0.         0.339394   0.32369214 0.33691385]
 [0.31098485 0.         0.         0.3478767  0.         0.34113845]
 [0.         0.         0.         0.34942958 0.318557   0.33201343]
 [0.30800653 0.         0.         0.3523456  0.         0.33964786]
 [0.30580455 0.         0.         0.35178384 0.         0.3424116 ]
 [0.32675886 0.         0.         0.34662965 0.         0.3266115 ]
 [0.33086216 0.         0.         0.34714833 0.         0.3219895 ]
 [0.3299489  0.         0.         0.34401536 0.32603577 0.        ]
 [0.3185994  0.         0.         0.3507287  0.         0.33067194]
 [0.31839433 0.         0.         0.35013604 0.         0.33146963]
 [0.31989387 0.         0.         0.3505167  0.         0.32958943]
 [0.311379   0.         0.         0.3538641  0.         0.33475694]
 [0.35488307 0.         0.32990828 0.31520873 0.         0.        ]
 [0.36234033 0.         0.31476298 0.32289666 0.         0.        ]
 [0.3572092  0.         0.32114846 0.32164237 0.         0.        ]
 [0.35914916 0.31833807 0.         0.3225128  0.         0.        ]
 [0.36248827 0.         0.3148251  0.32268664 0.         0.        ]
 [0.35836518 0.         0.31965566 0.32197917 0.         0.        ]
 [0.35934582 0.31861076 0.         0.32204342 0.         0.        ]
 [0.35600486 0.32073832 0.         0.32325682 0.         0.        ]
 [0.3549883  0.         0.32973817 0.31527358 0.         0.        ]
 [0.36614746 0.         0.31907985 0.31477275 0.         0.        ]
 [0.36233813 0.         0.32342693 0.31423497 0.         0.        ]
 [0.3604855  0.         0.32519752 0.31431696 0.         0.        ]
 [0.3669337  0.         0.31868345 0.31438285 0.         0.        ]
 [0.37478817 0.         0.30265585 0.32255596 0.         0.        ]
 [0.35880038 0.         0.327962   0.31323758 0.         0.        ]
 [0.36489344 0.         0.32066765 0.3144389  0.         0.        ]]
        Validation Criterion: 0.00176518
        Saving best model so far ...
12:45:48      Epoch:   0      Batch:   0      OuterStep: 410      LossModel: 0.00028412     LossTerm2: 0.00000000      Time/Step(s): 2.6755Term3 quantities: 
 [[0.         0.32690108 0.35841066 0.         0.31468824 0.        ]
 [0.         0.33021528 0.35072598 0.         0.31905872 0.        ]
 [0.         0.33236542 0.3483154  0.         0.         0.3193192 ]
 [0.         0.32472563 0.35313007 0.         0.         0.3221444 ]
 [0.         0.32466435 0.3509092  0.         0.         0.32442644]
 [0.         0.32818598 0.3466618  0.         0.         0.3251522 ]
 [0.         0.32620868 0.34826067 0.         0.         0.32553068]
 [0.         0.32523867 0.34422567 0.         0.         0.33053568]
 [0.         0.32468867 0.34459978 0.         0.         0.33071154]
 [0.         0.32937276 0.33519045 0.         0.         0.33543673]
 [0.         0.32697955 0.342352   0.         0.         0.33066848]
 [0.         0.32768837 0.3390671  0.         0.         0.33324456]
 [0.         0.32771218 0.33437985 0.         0.         0.337908  ]
 [0.         0.33343837 0.         0.         0.3128861  0.3536755 ]
 [0.         0.33341157 0.         0.         0.32069764 0.34589082]
 [0.         0.3315229  0.         0.         0.31079692 0.3576802 ]
 [0.314082   0.3457273  0.         0.         0.34019068 0.        ]
 [0.31357092 0.34489295 0.         0.         0.34153613 0.        ]
 [0.31667838 0.33607212 0.         0.         0.34724954 0.        ]
 [0.31287992 0.34070253 0.         0.         0.34641758 0.        ]
 [0.3157867  0.34598616 0.         0.         0.33822712 0.        ]
 [0.31733623 0.34299245 0.         0.         0.3396714  0.        ]
 [0.31792876 0.33710623 0.         0.         0.344965   0.        ]
 [0.32113317 0.33204216 0.         0.         0.3468247  0.        ]
 [0.31520632 0.34977102 0.         0.         0.3350227  0.        ]
 [0.31740507 0.3456619  0.         0.         0.33693308 0.        ]
 [0.31951636 0.3383797  0.         0.         0.34210396 0.        ]
 [0.3201192  0.3328879  0.         0.         0.346993   0.        ]
 [0.3161859  0.3540755  0.         0.         0.3297386  0.        ]
 [0.3188115  0.3458534  0.         0.         0.33533514 0.        ]
 [0.32168326 0.337148   0.         0.         0.3411687  0.        ]
 [0.32827675 0.32815015 0.         0.         0.3435731  0.        ]
 [0.32398397 0.         0.         0.34551942 0.         0.33049664]
 [0.32588893 0.         0.         0.34571993 0.         0.32839116]
 [0.32315594 0.         0.         0.34419847 0.         0.33264557]
 [0.31191114 0.         0.         0.34939605 0.         0.3386928 ]
 [0.         0.         0.         0.33912158 0.3239173  0.3369611 ]
 [0.31176192 0.         0.         0.34791923 0.         0.34031895]
 [0.         0.         0.         0.34987643 0.318767   0.33135653]
 [0.308044   0.         0.         0.35222337 0.         0.3397327 ]
 [0.30583557 0.         0.         0.35165098 0.         0.34251353]
 [0.32742226 0.         0.         0.34657001 0.         0.3260077 ]
 [0.3311439  0.         0.         0.34700796 0.         0.32184812]
 [0.3296473  0.         0.         0.34424388 0.32610878 0.        ]
 [0.31903777 0.         0.         0.3505316  0.         0.3304307 ]
 [0.31887078 0.         0.         0.34995455 0.         0.33117467]
 [0.32024163 0.         0.         0.3501075  0.         0.32965088]
 [0.3114747  0.         0.         0.3537036  0.         0.33482176]
 [0.3548828  0.         0.32971516 0.3154021  0.         0.        ]
 [0.36194348 0.         0.3147306  0.32332584 0.         0.        ]
 [0.35680142 0.         0.32120633 0.32199234 0.         0.        ]
 [0.35908845 0.3177868  0.         0.32312468 0.         0.        ]
 [0.36227402 0.         0.31474313 0.32298285 0.         0.        ]
 [0.3580052  0.         0.3196921  0.32230273 0.         0.        ]
 [0.35971776 0.31780112 0.         0.32248104 0.         0.        ]
 [0.35628244 0.31977513 0.         0.32394245 0.         0.        ]
 [0.35510167 0.         0.32953808 0.31536025 0.         0.        ]
 [0.36602917 0.         0.31901234 0.31495857 0.         0.        ]
 [0.362198   0.         0.32342258 0.3143794  0.         0.        ]
 [0.3603346  0.         0.32523295 0.3144325  0.         0.        ]
 [0.36677623 0.         0.31863886 0.3145849  0.         0.        ]
 [0.37414926 0.         0.3028794  0.32297134 0.         0.        ]
 [0.35874864 0.         0.32792735 0.31332406 0.         0.        ]
 [0.36476105 0.         0.32062677 0.3146122  0.         0.        ]]
12:46:12      Epoch:   0      Batch:   0      OuterStep: 420      LossModel: 0.00024281     LossTerm2: 0.00000000      Time/Step(s): 2.4012Term3 quantities: 
 [[0.         0.32631966 0.35885006 0.         0.31483033 0.        ]
 [0.         0.3298171  0.3510974  0.         0.31908554 0.        ]
 [0.         0.3318979  0.34874117 0.         0.         0.3193609 ]
 [0.         0.32498384 0.3533053  0.         0.         0.32171082]
 [0.         0.32482994 0.3511555  0.         0.         0.3240146 ]
 [0.         0.3282611  0.34684664 0.         0.         0.32489228]
 [0.         0.32653725 0.34834656 0.         0.         0.32511616]
 [0.         0.32562646 0.34435543 0.         0.         0.33001807]
 [0.         0.32501093 0.34465644 0.         0.         0.33033264]
 [0.         0.32939765 0.33533326 0.         0.         0.3352691 ]
 [0.         0.32708094 0.34245333 0.         0.         0.33046576]
 [0.         0.32770655 0.33917075 0.         0.         0.33312267]
 [0.         0.32786447 0.33445224 0.         0.         0.3376833 ]
 [0.         0.3338776  0.         0.         0.31200463 0.35411778]
 [0.         0.33334735 0.         0.         0.32031485 0.34633788]
 [0.         0.33214256 0.         0.         0.30980483 0.3580526 ]
 [0.31358954 0.3468586  0.         0.         0.33955196 0.        ]
 [0.31338006 0.3452841  0.         0.         0.3413359  0.        ]
 [0.3166676  0.33584386 0.         0.         0.34748855 0.        ]
 [0.31253225 0.3404145  0.         0.         0.34705335 0.        ]
 [0.31516647 0.34711045 0.         0.         0.3377231  0.        ]
 [0.31704482 0.34360698 0.         0.         0.33934826 0.        ]
 [0.31769148 0.33714822 0.         0.         0.34516037 0.        ]
 [0.321003   0.3317857  0.         0.         0.34721142 0.        ]
 [0.31474385 0.35088184 0.         0.         0.33437437 0.        ]
 [0.3170286  0.3463498  0.         0.         0.3366216  0.        ]
 [0.31955013 0.33835545 0.         0.         0.34209445 0.        ]
 [0.32070717 0.33193582 0.         0.         0.34735706 0.        ]
 [0.31529915 0.35550335 0.         0.         0.32919747 0.        ]
 [0.31856102 0.3464252  0.         0.         0.33501378 0.        ]
 [0.32205495 0.33675313 0.         0.         0.34119192 0.        ]
 [0.32847264 0.32755396 0.         0.         0.3439734  0.        ]
 [0.32419252 0.         0.         0.34527278 0.         0.33053476]
 [0.32616705 0.         0.         0.34554562 0.         0.32828727]
 [0.32337978 0.         0.         0.34399793 0.         0.33262226]
 [0.3124702  0.         0.         0.3491067  0.         0.33842307]
 [0.         0.         0.         0.33842054 0.32389662 0.33768284]
 [0.31233984 0.         0.         0.34756443 0.         0.3400957 ]
 [0.         0.         0.         0.34886986 0.3188795  0.33225065]
 [0.3081494  0.         0.         0.35174093 0.         0.34010968]
 [0.30599633 0.         0.         0.3511924  0.         0.3428113 ]
 [0.32795414 0.         0.         0.34644628 0.         0.32559964]
 [0.33146748 0.         0.         0.34679943 0.         0.32173312]
 [0.32929927 0.         0.         0.3442671  0.3264336  0.        ]
 [0.31933823 0.         0.         0.3502138  0.         0.330448  ]
 [0.31925747 0.         0.         0.3496888  0.         0.33105367]
 [0.32048303 0.         0.         0.34977466 0.         0.32974234]
 [0.31161335 0.         0.         0.3531394  0.         0.3352473 ]
 [0.3548642  0.         0.32963577 0.31550008 0.         0.        ]
 [0.36163816 0.         0.3148682  0.32349363 0.         0.        ]
 [0.35656428 0.         0.321283   0.32215276 0.         0.        ]
 [0.35902938 0.31700572 0.         0.32396495 0.         0.        ]
 [0.36212194 0.         0.3147261  0.32315186 0.         0.        ]
 [0.3577747  0.         0.31974834 0.32247698 0.         0.        ]
 [0.35974813 0.31755576 0.         0.3226962  0.         0.        ]
 [0.35631955 0.31943417 0.         0.3242463  0.         0.        ]
 [0.35519424 0.         0.32942227 0.31538352 0.         0.        ]
 [0.3660017  0.         0.31892756 0.31507075 0.         0.        ]
 [0.36216557 0.         0.32337576 0.3144587  0.         0.        ]
 [0.3602461  0.         0.32526368 0.31449023 0.         0.        ]
 [0.3667454  0.         0.31854638 0.31470826 0.         0.        ]
 [0.37374842 0.         0.30295017 0.32330146 0.         0.        ]
 [0.358794   0.         0.32787055 0.31333545 0.         0.        ]
 [0.3647788  0.         0.32050595 0.3147153  0.         0.        ]]
12:46:36      Epoch:   0      Batch:   0      OuterStep: 430      LossModel: 0.00022521     LossTerm2: 0.00000000      Time/Step(s): 2.5484Term3 quantities: 
 [[0.         0.32594675 0.3590365  0.         0.31501675 0.        ]
 [0.         0.32958323 0.35137066 0.         0.31904608 0.        ]
 [0.         0.33150595 0.34909046 0.         0.         0.31940362]
 [0.         0.3254132  0.35333636 0.         0.         0.32125047]
 [0.         0.3250991  0.35128188 0.         0.         0.323619  ]
 [0.         0.3283663  0.34698522 0.         0.         0.3246485 ]
 [0.         0.3269131  0.34833777 0.         0.         0.32474917]
 [0.         0.32578716 0.34441084 0.         0.         0.329802  ]
 [0.         0.32531184 0.34464493 0.         0.         0.33004317]
 [0.         0.3292745  0.33545646 0.         0.         0.3352691 ]
 [0.         0.3271743  0.342449   0.         0.         0.3303767 ]
 [0.         0.32779455 0.339178   0.         0.         0.33302745]
 [0.         0.32781574 0.3345043  0.         0.         0.33767992]
 [0.         0.33408397 0.         0.         0.3114619  0.35445407]
 [0.         0.33324927 0.         0.         0.31999132 0.34675938]
 [0.         0.33249807 0.         0.         0.30891055 0.35859138]
 [0.31324175 0.34763393 0.         0.         0.33912435 0.        ]
 [0.3132848  0.34540877 0.         0.         0.34130648 0.        ]
 [0.3166252  0.3355754  0.         0.         0.34779942 0.        ]
 [0.3122219  0.34001622 0.         0.         0.34776187 0.        ]
 [0.31474644 0.34780687 0.         0.         0.3374466  0.        ]
 [0.31689146 0.34380692 0.         0.         0.33930165 0.        ]
 [0.31752068 0.3369854  0.         0.         0.34549394 0.        ]
 [0.32090324 0.33136067 0.         0.         0.34773606 0.        ]
 [0.31446716 0.35148853 0.         0.         0.33404425 0.        ]
 [0.316758   0.34674847 0.         0.         0.33649352 0.        ]
 [0.3195838  0.3382609  0.         0.         0.3421553  0.        ]
 [0.321219   0.33105695 0.         0.         0.3477241  0.        ]
 [0.31465936 0.35632235 0.         0.         0.3290183  0.        ]
 [0.3184025  0.34661612 0.         0.         0.33498135 0.        ]
 [0.32244283 0.33608633 0.         0.         0.3414709  0.        ]
 [0.3287022  0.32675138 0.         0.         0.3445464  0.        ]
 [0.32444462 0.         0.         0.34498283 0.         0.33057255]
 [0.3263531  0.         0.         0.34528813 0.         0.3283588 ]
 [0.32361296 0.         0.         0.34376204 0.         0.3326249 ]
 [0.31278604 0.         0.         0.34864378 0.         0.33857018]
 [0.         0.         0.         0.337727   0.32396072 0.33831233]
 [0.31271276 0.         0.         0.3471456  0.         0.34014165]
 [0.         0.         0.         0.34835804 0.31902418 0.3326178 ]
 [0.30826807 0.         0.         0.35108534 0.         0.3406466 ]
 [0.30618197 0.         0.         0.35055485 0.         0.34326324]
 [0.32839096 0.         0.         0.3462312  0.         0.32537785]
 [0.33186233 0.         0.         0.34662262 0.         0.32151514]
 [0.32910624 0.         0.         0.34408614 0.32680762 0.        ]
 [0.3195385  0.         0.         0.3497389  0.         0.33072263]
 [0.31939676 0.         0.         0.34917143 0.         0.33143172]
 [0.32070288 0.         0.         0.3493854  0.         0.32991174]
 [0.31173646 0.         0.         0.35250074 0.         0.33576283]
 [0.35489002 0.         0.32925925 0.3158507  0.         0.        ]
 [0.36145502 0.         0.314638   0.3239069  0.         0.        ]
 [0.35641688 0.         0.3210587  0.32252434 0.         0.        ]
 [0.35888276 0.3166486  0.         0.32446867 0.         0.        ]
 [0.3620312  0.         0.31444559 0.32352322 0.         0.        ]
 [0.3576393  0.         0.31951582 0.32284492 0.         0.        ]
 [0.3595748  0.31736195 0.         0.3230633  0.         0.        ]
 [0.3561804  0.31907934 0.         0.32474023 0.         0.        ]
 [0.3552661  0.         0.32911327 0.31562072 0.         0.        ]
 [0.36603507 0.         0.31848276 0.31548214 0.         0.        ]
 [0.36225078 0.         0.32298902 0.31476024 0.         0.        ]
 [0.36027494 0.         0.32493943 0.31478557 0.         0.        ]
 [0.36677536 0.         0.31808382 0.3151408  0.         0.        ]
 [0.3734982  0.         0.30259812 0.3239037  0.         0.        ]
 [0.35885292 0.         0.32752624 0.3136209  0.         0.        ]
 [0.36483502 0.         0.32003486 0.3151301  0.         0.        ]]
12:47:01      Epoch:   0      Batch:   0      OuterStep: 440      LossModel: 0.00054397     LossTerm2: 0.00000000      Time/Step(s): 2.4765Term3 quantities: 
 [[0.         0.32561845 0.35928273 0.         0.31509876 0.        ]
 [0.         0.3294145  0.35166448 0.         0.31892106 0.        ]
 [0.         0.33122322 0.34938112 0.         0.         0.31939566]
 [0.         0.32570723 0.35339493 0.         0.         0.32089782]
 [0.         0.32525727 0.35138443 0.         0.         0.32335833]
 [0.         0.32831427 0.34716183 0.         0.         0.3245239 ]
 [0.         0.3271134  0.34837678 0.         0.         0.32450983]
 [0.         0.3259866  0.34451142 0.         0.         0.32950196]
 [0.         0.32561326 0.34461495 0.         0.         0.32977182]
 [0.         0.32921132 0.3355612  0.         0.         0.33522746]
 [0.         0.32730377 0.342471   0.         0.         0.33022526]
 [0.         0.3279121  0.3391826  0.         0.         0.33290535]
 [0.         0.32779622 0.33456162 0.         0.         0.33764225]
 [0.         0.33410287 0.         0.         0.31112996 0.3547672 ]
 [0.         0.3331569  0.         0.         0.31980956 0.34703353]
 [0.         0.33266076 0.         0.         0.30833375 0.35900554]
 [0.3130006  0.3481132  0.         0.         0.33888617 0.        ]
 [0.3131915  0.3453891  0.         0.         0.3414194  0.        ]
 [0.31656456 0.33523113 0.         0.         0.34820437 0.        ]
 [0.3119222  0.33953565 0.         0.         0.34854215 0.        ]
 [0.31446564 0.34816003 0.         0.         0.33737436 0.        ]
 [0.31680846 0.3437251  0.         0.         0.33946645 0.        ]
 [0.31736824 0.33670628 0.         0.         0.34592557 0.        ]
 [0.3208045  0.33082607 0.         0.         0.34836945 0.        ]
 [0.3143703  0.35159197 0.         0.         0.3340377  0.        ]
 [0.316568   0.34680155 0.         0.         0.33663043 0.        ]
 [0.31962487 0.33801386 0.         0.         0.3423613  0.        ]
 [0.32164034 0.33018628 0.         0.         0.34817332 0.        ]
 [0.3141944  0.3566358  0.         0.         0.32916975 0.        ]
 [0.31826916 0.34653124 0.         0.         0.33519953 0.        ]
 [0.32283577 0.3353493  0.         0.         0.34181497 0.        ]
 [0.32884777 0.32591125 0.         0.         0.34524098 0.        ]
 [0.32486445 0.         0.         0.34497315 0.         0.33016235]
 [0.32657644 0.         0.         0.34519747 0.         0.32822612]
 [0.32400897 0.         0.         0.34376532 0.         0.33222568]
 [0.31304288 0.         0.         0.34849304 0.         0.33846408]
 [0.         0.         0.         0.3372899  0.32407075 0.33863935]
 [0.31308186 0.         0.         0.34704772 0.         0.33987045]
 [0.         0.         0.         0.34802255 0.31925294 0.3327245 ]
 [0.30853134 0.         0.         0.35080597 0.         0.34066266]
 [0.30651468 0.         0.         0.35028258 0.         0.34320274]
 [0.3286127  0.         0.         0.3460568  0.         0.3253306 ]
 [0.33212557 0.         0.         0.34649575 0.32137874 0.        ]
 [0.329047   0.         0.         0.34393007 0.327023   0.        ]
 [0.31988108 0.         0.         0.34962344 0.         0.33049542]
 [0.3197476  0.         0.         0.34908155 0.         0.33117083]
 [0.3210125  0.         0.         0.3491797  0.         0.3298078 ]
 [0.31199935 0.         0.         0.35226536 0.         0.3357353 ]
 [0.3547294  0.         0.32919478 0.31607574 0.         0.        ]
 [0.36117643 0.         0.3145877  0.3242359  0.         0.        ]
 [0.35615733 0.         0.3210455  0.32279712 0.         0.        ]
 [0.35876358 0.31663296 0.         0.32460344 0.         0.        ]
 [0.36178762 0.         0.3144064  0.32380602 0.         0.        ]
 [0.35737446 0.         0.319525   0.3231006  0.         0.        ]
 [0.35936478 0.3171865  0.         0.32344872 0.         0.        ]
 [0.35603008 0.31866118 0.         0.32530874 0.         0.        ]
 [0.35514638 0.         0.32908997 0.31576362 0.         0.        ]
 [0.36587602 0.         0.3183644  0.31575954 0.         0.        ]
 [0.36215532 0.         0.32293847 0.31490624 0.         0.        ]
 [0.36015055 0.         0.32491967 0.31492975 0.         0.        ]
 [0.3665527  0.         0.3179947  0.31545258 0.         0.        ]
 [0.37326622 0.         0.30241725 0.3243165  0.         0.        ]
 [0.35869655 0.         0.3275153  0.31378815 0.         0.        ]
 [0.364644   0.         0.31994024 0.31541574 0.         0.        ]]
12:47:25      Epoch:   0      Batch:   0      OuterStep: 450      LossModel: 0.00020111     LossTerm2: 0.00000000      Time/Step(s): 2.4553Term3 quantities: 
 [[0.         0.32530275 0.35965335 0.         0.31504393 0.        ]
 [0.         0.32929367 0.35197565 0.         0.31873068 0.        ]
 [0.         0.3309796  0.3496031  0.         0.         0.3194173 ]
 [0.         0.32585198 0.35345557 0.         0.         0.32069245]
 [0.         0.32551026 0.35145363 0.         0.         0.32303604]
 [0.         0.3282081  0.34732458 0.         0.         0.32446727]
 [0.         0.3271847  0.3484097  0.         0.         0.32440558]
 [0.         0.32611623 0.34457684 0.         0.         0.32930693]
 [0.         0.32576886 0.3445847  0.         0.         0.32964644]
 [0.         0.3290856  0.33567566 0.         0.         0.33523875]
 [0.         0.3273375  0.34249434 0.         0.         0.33016822]
 [0.         0.32800665 0.33919698 0.         0.         0.33279637]
 [0.         0.32792267 0.3345738  0.         0.         0.33750358]
 [0.         0.33408904 0.         0.         0.31084365 0.35506728]
 [0.         0.3330979  0.         0.         0.319732   0.34717008]
 [0.         0.33279204 0.         0.         0.3079901  0.35921788]
 [0.3126529  0.34852216 0.         0.         0.3388249  0.        ]
 [0.312876   0.34544635 0.         0.         0.34167767 0.        ]
 [0.3162782  0.33498812 0.         0.         0.34873363 0.        ]
 [0.3113865  0.33919436 0.         0.         0.3494192  0.        ]
 [0.3140314  0.34851035 0.         0.         0.33745828 0.        ]
 [0.31656393 0.34361798 0.         0.         0.33981815 0.        ]
 [0.31700352 0.3365384  0.         0.         0.34645808 0.        ]
 [0.32046416 0.3304308  0.         0.         0.349105   0.        ]
 [0.31414875 0.35159865 0.         0.         0.33425263 0.        ]
 [0.31619814 0.3468353  0.         0.         0.33696654 0.        ]
 [0.31938735 0.33793202 0.         0.         0.34268063 0.        ]
 [0.3217108  0.32959118 0.         0.         0.34869805 0.        ]
 [0.31359553 0.35690245 0.         0.         0.329502   0.        ]
 [0.31793866 0.34646702 0.         0.         0.33559433 0.        ]
 [0.32293692 0.3348161  0.         0.         0.34224704 0.        ]
 [0.328651   0.32531542 0.         0.         0.34603357 0.        ]
 [0.32561773 0.         0.         0.3450523  0.         0.32932994]
 [0.3270856  0.         0.         0.34525234 0.         0.3276621 ]
 [0.32464048 0.         0.         0.34382463 0.         0.33153495]
 [0.3134684  0.         0.         0.34852585 0.         0.33800578]
 [0.         0.         0.         0.33739287 0.32428077 0.33832628]
 [0.31361502 0.         0.         0.3471037  0.         0.33928132]
 [0.         0.         0.         0.34833485 0.31961012 0.33205512]
 [0.30907753 0.         0.         0.35087234 0.         0.3400501 ]
 [0.3071246  0.         0.         0.35036588 0.         0.34250948]
 [0.32834998 0.         0.         0.34542918 0.         0.3262209 ]
 [0.3319735  0.         0.         0.3461006  0.         0.3219259 ]
 [0.32925218 0.         0.         0.3436868  0.32706103 0.        ]
 [0.3205432  0.         0.         0.34964746 0.         0.32980934]
 [0.32038698 0.         0.         0.34911263 0.         0.33050045]
 [0.3216663  0.         0.         0.34918374 0.         0.32914993]
 [0.3125516  0.         0.         0.35230595 0.         0.3351425 ]
 [0.35470226 0.         0.32922652 0.31607118 0.         0.        ]
 [0.36100778 0.         0.31465083 0.32434133 0.         0.        ]
 [0.35603124 0.         0.32110867 0.32286012 0.         0.        ]
 [0.35866493 0.3162934  0.         0.32504168 0.         0.        ]
 [0.3616402  0.         0.31444505 0.3239148  0.         0.        ]
 [0.3572339  0.         0.31959668 0.3231694  0.         0.        ]
 [0.3592103  0.31706074 0.         0.323729   0.         0.        ]
 [0.355907   0.31859553 0.         0.3254975  0.         0.        ]
 [0.35510123 0.         0.32917106 0.3157277  0.         0.        ]
 [0.36585486 0.         0.3183698  0.3157753  0.         0.        ]
 [0.3622221  0.         0.3229482  0.3148297  0.         0.        ]
 [0.3601867  0.         0.32497287 0.31484035 0.         0.        ]
 [0.36649573 0.         0.31802487 0.31547934 0.         0.        ]
 [0.37319627 0.         0.30231124 0.32449248 0.         0.        ]
 [0.35867518 0.         0.32760647 0.31371844 0.         0.        ]
 [0.36461797 0.         0.31996167 0.3154204  0.         0.        ]]
        Validation Criterion: 0.00102587
        Saving best model so far ...
12:47:50      Epoch:   0      Batch:   0      OuterStep: 460      LossModel: 0.00030523     LossTerm2: 0.00000000      Time/Step(s): 2.4193Term3 quantities: 
 [[0.         0.32504576 0.35984743 0.         0.31510678 0.        ]
 [0.         0.32919943 0.3521741  0.         0.3186265  0.        ]
 [0.         0.33086047 0.3498371  0.         0.         0.31930244]
 [0.         0.3260714  0.35352656 0.         0.         0.32040212]
 [0.         0.32578614 0.35146004 0.         0.         0.32275385]
 [0.         0.32817754 0.34747875 0.         0.         0.3243437 ]
 [0.         0.3273131  0.34844896 0.         0.         0.32423794]
 [0.         0.32626885 0.34461823 0.         0.         0.32911292]
 [0.         0.32598397 0.34457824 0.         0.         0.32943776]
 [0.         0.3289413  0.33579776 0.         0.         0.3352609 ]
 [0.         0.3272836  0.34252846 0.         0.         0.33018804]
 [0.         0.32803285 0.3392064  0.         0.         0.33276072]
 [0.         0.32807475 0.33457014 0.         0.         0.33735508]
 [0.         0.3340852  0.         0.         0.3104507  0.35546407]
 [0.         0.3330745  0.         0.         0.31952485 0.34740064]
 [0.         0.33288765 0.         0.         0.30743766 0.35967466]
 [0.31256464 0.3490012  0.         0.         0.33843413 0.        ]
 [0.3127784  0.34560406 0.         0.         0.34161758 0.        ]
 [0.31617087 0.33499146 0.         0.         0.3488376  0.        ]
 [0.31107676 0.3390752  0.         0.         0.34984803 0.        ]
 [0.31386477 0.34900126 0.         0.         0.337134   0.        ]
 [0.3165719  0.3436529  0.         0.         0.3397752  0.        ]
 [0.3168404  0.33666334 0.         0.         0.34649625 0.        ]
 [0.32035017 0.33029005 0.         0.         0.34935975 0.        ]
 [0.3141995  0.35173723 0.         0.         0.3340632  0.        ]
 [0.31608987 0.34707886 0.         0.         0.33683124 0.        ]
 [0.31937176 0.33807647 0.         0.         0.3425518  0.        ]
 [0.32191858 0.32933915 0.         0.         0.34874228 0.        ]
 [0.31338036 0.35721353 0.         0.         0.3294061  0.        ]
 [0.31786376 0.3466393  0.         0.         0.33549693 0.        ]
 [0.32325584 0.33454177 0.         0.         0.3422023  0.        ]
 [0.32864508 0.32506648 0.         0.         0.34628847 0.        ]
 [0.32571098 0.         0.         0.3447721  0.         0.32951692]
 [0.3273765  0.         0.         0.34505603 0.         0.32756746]
 [0.32484916 0.         0.         0.34361595 0.         0.33153492]
 [0.31355733 0.         0.         0.34811565 0.         0.33832705]
 [0.         0.         0.         0.33698654 0.3242967  0.3387168 ]
 [0.3137751  0.         0.         0.3467171  0.         0.3395079 ]
 [0.         0.         0.         0.34786326 0.319784   0.3323528 ]
 [0.3092657  0.         0.         0.35038584 0.         0.34034842]
 [0.30734456 0.         0.         0.34988835 0.         0.34276715]
 [0.32869723 0.         0.         0.34556445 0.         0.32573834]
 [0.33200806 0.         0.         0.34589717 0.32209477 0.        ]
 [0.32959503 0.         0.         0.34331822 0.32708672 0.        ]
 [0.32081243 0.         0.         0.34928584 0.         0.3299017 ]
 [0.32065025 0.         0.         0.3487409  0.         0.33060881]
 [0.32205546 0.         0.         0.34886923 0.         0.32907537]
 [0.3127377  0.         0.         0.3517987  0.         0.3354636 ]
 [0.35457832 0.         0.32916164 0.31626004 0.         0.        ]
 [0.36079276 0.         0.31462774 0.32457954 0.         0.        ]
 [0.3558627  0.         0.3210783  0.32305902 0.         0.        ]
 [0.35852888 0.         0.         0.32566297 0.31580815 0.        ]
 [0.36143938 0.         0.31440285 0.32415783 0.         0.        ]
 [0.35705486 0.         0.31957385 0.32337138 0.         0.        ]
 [0.3589865  0.3169457  0.         0.32406792 0.         0.        ]
 [0.3557514  0.         0.         0.3260129  0.3182357  0.        ]
 [0.35499868 0.         0.32913065 0.31587067 0.         0.        ]
 [0.36570555 0.         0.31826913 0.31602535 0.         0.        ]
 [0.36220455 0.         0.32284614 0.31494933 0.         0.        ]
 [0.3601702  0.         0.3248906  0.3149392  0.         0.        ]
 [0.3663016  0.         0.31794682 0.3157516  0.         0.        ]
 [0.37305835 0.         0.30209804 0.3248436  0.         0.        ]
 [0.3585913  0.         0.3275561  0.3138526  0.         0.        ]
 [0.3644797  0.         0.31985557 0.31566468 0.         0.        ]]
12:48:14      Epoch:   0      Batch:   0      OuterStep: 470      LossModel: 0.00019451     LossTerm2: 0.00000000      Time/Step(s): 2.5291Term3 quantities: 
 [[0.         0.3248965  0.36050594 0.         0.3145976  0.        ]
 [0.         0.32905823 0.35267666 0.         0.3182652  0.        ]
 [0.         0.33056095 0.35024652 0.         0.         0.31919247]
 [0.         0.326137   0.35387567 0.         0.         0.31998733]
 [0.         0.3258983  0.35175714 0.         0.         0.3223445 ]
 [0.         0.32824928 0.3477427  0.         0.         0.32400796]
 [0.         0.32733095 0.34865525 0.         0.         0.3240137 ]
 [0.         0.3265475  0.3447472  0.         0.         0.3287053 ]
 [0.         0.32629243 0.344623   0.         0.         0.32908458]
 [0.         0.3289987  0.33587316 0.         0.         0.33512807]
 [0.         0.32745463 0.3426035  0.         0.         0.32994187]
 [0.         0.32817426 0.33924705 0.         0.         0.33257866]
 [0.         0.32824743 0.33458468 0.         0.         0.3371679 ]
 [0.         0.33299148 0.         0.         0.3113841  0.35562438]
 [0.         0.33250293 0.         0.         0.319924   0.34757304]
 [0.         0.33176908 0.         0.         0.30825853 0.3599724 ]
 [0.31282738 0.3473307  0.         0.         0.33984205 0.        ]
 [0.31293207 0.34379604 0.         0.         0.343272   0.        ]
 [0.31620452 0.33312395 0.         0.         0.3506715  0.        ]
 [0.31096444 0.33695018 0.         0.         0.3520854  0.        ]
 [0.31404224 0.347204   0.         0.         0.33875388 0.        ]
 [0.31688964 0.34140033 0.         0.         0.34171    0.        ]
 [0.31695744 0.33463553 0.         0.         0.34840706 0.        ]
 [0.3204086  0.32810843 0.         0.         0.351483   0.        ]
 [0.31472713 0.34932142 0.         0.         0.33595145 0.        ]
 [0.31640103 0.34482285 0.         0.         0.33877602 0.        ]
 [0.31965798 0.33595946 0.         0.         0.34438258 0.        ]
 [0.32228225 0.32707044 0.         0.         0.35064736 0.        ]
 [0.31372258 0.35476956 0.         0.         0.33150786 0.        ]
 [0.31827348 0.34427157 0.         0.         0.33745497 0.        ]
 [0.32384408 0.33204097 0.         0.         0.34411496 0.        ]
 [0.32887024 0.32263815 0.         0.         0.3484916  0.        ]
 [0.32604817 0.         0.         0.34459057 0.         0.3293613 ]
 [0.32760808 0.         0.         0.34483647 0.         0.32755548]
 [0.32533434 0.         0.         0.343474   0.         0.33119166]
 [0.31408718 0.         0.         0.34790817 0.         0.33800465]
 [0.         0.         0.         0.33674756 0.32530496 0.33794752]
 [0.31449524 0.         0.         0.34657535 0.         0.33892947]
 [0.         0.         0.         0.34786212 0.3208623  0.3312756 ]
 [0.30997118 0.         0.         0.3500931  0.         0.3399357 ]
 [0.30812013 0.         0.         0.3496289  0.         0.34225094]
 [0.32860053 0.         0.         0.3449625  0.         0.3264369 ]
 [0.33186316 0.         0.         0.34556556 0.32257128 0.        ]
 [0.32967904 0.         0.         0.34303504 0.327286   0.        ]
 [0.32149085 0.         0.         0.3490788  0.         0.32943034]
 [0.3213911  0.         0.         0.34856993 0.         0.33003896]
 [0.3226073  0.         0.         0.3486498  0.         0.32874283]
 [0.31350675 0.         0.         0.35151103 0.         0.3349822 ]
 [0.35324487 0.         0.33119065 0.3155645  0.         0.        ]
 [0.35942894 0.         0.31650162 0.32406944 0.         0.        ]
 [0.35457188 0.         0.32277846 0.32264957 0.         0.        ]
 [0.35879743 0.         0.31463382 0.32656875 0.         0.        ]
 [0.36015457 0.         0.31615037 0.32369503 0.         0.        ]
 [0.35573214 0.         0.32135388 0.32291391 0.         0.        ]
 [0.3604448  0.         0.         0.32615605 0.31339917 0.        ]
 [0.35675445 0.         0.31633964 0.32690588 0.         0.        ]
 [0.3539092  0.         0.33073986 0.31535092 0.         0.        ]
 [0.3642161  0.         0.32043386 0.31535006 0.         0.        ]
 [0.3609329  0.         0.32484427 0.3142228  0.         0.        ]
 [0.35897675 0.         0.3267562  0.3142671  0.         0.        ]
 [0.3647145  0.         0.32023776 0.31504768 0.         0.        ]
 [0.37154996 0.         0.30380097 0.3246491  0.         0.        ]
 [0.35735822 0.         0.3294654  0.31317648 0.         0.        ]
 [0.36304197 0.         0.3220367  0.31492135 0.         0.        ]]
12:48:39      Epoch:   0      Batch:   0      OuterStep: 480      LossModel: 0.00018053     LossTerm2: 0.00000000      Time/Step(s): 2.4182Term3 quantities: 
 [[0.         0.3245031  0.36102492 0.         0.314472   0.        ]
 [0.         0.3288197  0.35304105 0.         0.31813934 0.        ]
 [0.         0.33029047 0.35072207 0.         0.         0.31898743]
 [0.         0.32618633 0.35424596 0.         0.         0.31956774]
 [0.         0.32592958 0.35210478 0.         0.         0.32196558]
 [0.         0.32817212 0.34805804 0.         0.         0.32376984]
 [0.         0.32729992 0.3489279  0.         0.         0.32377222]
 [0.         0.3265589  0.34492728 0.         0.         0.32851386]
 [0.         0.3264869  0.34469697 0.         0.         0.32881618]
 [0.         0.32914996 0.33595785 0.         0.         0.33489227]
 [0.         0.32747763 0.34276056 0.         0.         0.32976183]
 [0.         0.3282197  0.33934653 0.         0.         0.33243376]
 [0.         0.32831645 0.33464348 0.         0.         0.33704   ]
 [0.         0.33248085 0.         0.         0.31129178 0.3562274 ]
 [0.         0.33222413 0.         0.         0.31994182 0.3478341 ]
 [0.         0.3312778  0.         0.         0.30802685 0.36069536]
 [0.31391758 0.34657317 0.         0.         0.33950922 0.        ]
 [0.313886   0.3428621  0.         0.         0.34325194 0.        ]
 [0.31712294 0.33211443 0.         0.         0.35076267 0.        ]
 [0.31174883 0.33575076 0.         0.         0.3525004  0.        ]
 [0.3152375  0.34639084 0.         0.         0.3383716  0.        ]
 [0.3181974  0.34020036 0.         0.         0.34160224 0.        ]
 [0.31803977 0.3336328  0.         0.         0.34832743 0.        ]
 [0.32144842 0.32694858 0.         0.         0.35160297 0.        ]
 [0.3163162  0.3480149  0.         0.         0.33566886 0.        ]
 [0.31779096 0.3436324  0.         0.         0.33857673 0.        ]
 [0.3209787  0.33488497 0.         0.         0.3441363  0.        ]
 [0.32366613 0.32581532 0.         0.         0.35051858 0.        ]
 [0.31528378 0.35340765 0.         0.         0.33130866 0.        ]
 [0.31990096 0.34288076 0.         0.         0.33721823 0.        ]
 [0.32558748 0.33053327 0.         0.         0.3438793  0.        ]
 [0.3303037  0.32125401 0.         0.         0.34844226 0.        ]
 [0.32632735 0.         0.         0.34472573 0.         0.32894695]
 [0.32755765 0.         0.         0.3448565  0.         0.3275859 ]
 [0.32555467 0.         0.         0.34364963 0.         0.33079576]
 [0.3140027  0.         0.         0.34798244 0.         0.33801484]
 [0.         0.         0.         0.33630046 0.32544345 0.3382561 ]
 [0.31460327 0.         0.         0.34666398 0.         0.33873278]
 [0.         0.         0.         0.3473783  0.3210473  0.33157438]
 [0.31003284 0.         0.         0.35015416 0.         0.33981296]
 [0.30818093 0.         0.         0.3496875  0.         0.34213158]
 [0.3285929  0.         0.         0.34496805 0.         0.32643908]
 [0.3316241  0.         0.         0.3454076  0.32296836 0.        ]
 [0.32931086 0.         0.         0.34276587 0.3279232  0.        ]
 [0.3219203  0.         0.         0.3492165  0.         0.3288631 ]
 [0.3218274  0.         0.         0.34870505 0.         0.32946756]
 [0.32296637 0.         0.         0.34868854 0.         0.32834512]
 [0.31372878 0.         0.         0.3516158  0.         0.33465543]
 [0.35210195 0.         0.33213365 0.31576434 0.         0.        ]
 [0.3578149  0.         0.31785706 0.32432812 0.         0.        ]
 [0.3529104  0.         0.32418194 0.32290772 0.         0.        ]
 [0.358266   0.         0.31448504 0.32724893 0.         0.        ]
 [0.3587002  0.         0.3174555  0.3238443  0.         0.        ]
 [0.3542161  0.         0.3226188  0.32316512 0.         0.        ]
 [0.361998   0.         0.         0.327738   0.31026396 0.        ]
 [0.35787573 0.         0.3159545  0.3261698  0.         0.        ]
 [0.3528611  0.         0.3317423  0.31539655 0.         0.        ]
 [0.36262396 0.         0.3218444  0.31553167 0.         0.        ]
 [0.35999495 0.         0.3256364  0.3143687  0.         0.        ]
 [0.35800064 0.         0.32759804 0.31440133 0.         0.        ]
 [0.36298108 0.         0.3217477  0.31527123 0.         0.        ]
 [0.3692863  0.         0.3062097  0.32450393 0.         0.        ]
 [0.35605937 0.         0.33063707 0.31330356 0.         0.        ]
 [0.36150724 0.         0.32339245 0.3151003  0.         0.        ]]
12:49:04      Epoch:   0      Batch:   0      OuterStep: 490      LossModel: 0.00017778     LossTerm2: 0.00000000      Time/Step(s): 2.5496Term3 quantities: 
 [[0.         0.32407376 0.36114845 0.         0.3147778  0.        ]
 [0.         0.3286499  0.3530864  0.         0.31826368 0.        ]
 [0.         0.33023667 0.3510131  0.         0.         0.31875017]
 [0.         0.32628384 0.3543964  0.         0.         0.31931975]
 [0.         0.32601336 0.35225147 0.         0.         0.32173526]
 [0.         0.3281855  0.34825882 0.         0.         0.32355565]
 [0.         0.3273444  0.34907144 0.         0.         0.3235841 ]
 [0.         0.32665423 0.34501615 0.         0.         0.32832965]
 [0.         0.32661164 0.34469867 0.         0.         0.3286897 ]
 [0.         0.32905334 0.3360442  0.         0.         0.33490247]
 [0.         0.32742402 0.3428405  0.         0.         0.32973552]
 [0.         0.3281247  0.3394043  0.         0.         0.33247095]
 [0.         0.3283206  0.33466473 0.         0.         0.33701462]
 [0.         0.3327032  0.         0.         0.3102837  0.35701317]
 [0.         0.3323464  0.         0.         0.3195654  0.34808826]
 [0.         0.3315936  0.         0.         0.30680156 0.3616048 ]
 [0.3150015  0.3474161  0.         0.         0.33758247 0.        ]
 [0.31486312 0.3434901  0.         0.         0.34164676 0.        ]
 [0.31808245 0.33272612 0.         0.         0.34919146 0.        ]
 [0.31253    0.3363381  0.         0.         0.35113195 0.        ]
 [0.31649348 0.34732953 0.         0.         0.33617705 0.        ]
 [0.31952977 0.34080392 0.         0.         0.33966625 0.        ]
 [0.3191359  0.33442643 0.         0.         0.34643772 0.        ]
 [0.32255355 0.32754657 0.         0.         0.34989995 0.        ]
 [0.31789014 0.34865057 0.         0.         0.33345935 0.        ]
 [0.31914985 0.34438688 0.         0.         0.33646327 0.        ]
 [0.32231534 0.33563408 0.         0.         0.34205052 0.        ]
 [0.32503086 0.32638854 0.         0.         0.34858063 0.        ]
 [0.31684145 0.35418612 0.         0.         0.32897243 0.        ]
 [0.32144448 0.3435992  0.         0.         0.33495638 0.        ]
 [0.32727826 0.3310406  0.         0.         0.34168118 0.        ]
 [0.33175427 0.32179824 0.         0.         0.3464475  0.        ]
 [0.32591903 0.         0.         0.34487024 0.         0.32921073]
 [0.327374   0.         0.         0.3450447  0.         0.32758135]
 [0.32493457 0.         0.         0.34373894 0.         0.33132643]
 [0.3135563  0.         0.         0.34810293 0.         0.33834073]
 [0.         0.         0.         0.33625868 0.32432106 0.3394203 ]
 [0.31391773 0.         0.         0.34676546 0.         0.33931684]
 [0.         0.         0.         0.3477754  0.3199901  0.3322345 ]
 [0.30937266 0.         0.         0.35039243 0.         0.3402349 ]
 [0.30741102 0.         0.         0.34988984 0.         0.3426992 ]
 [0.32873482 0.         0.         0.3452898  0.         0.32597542]
 [0.33149105 0.         0.         0.3454     0.32310903 0.        ]
 [0.32898447 0.         0.         0.34255582 0.32845983 0.        ]
 [0.32169467 0.         0.         0.3494755  0.         0.32882982]
 [0.32159033 0.         0.         0.34893346 0.         0.32947624]
 [0.32319394 0.         0.         0.34894964 0.         0.3278564 ]
 [0.31325513 0.         0.         0.35189122 0.         0.33485368]
 [0.35156468 0.         0.33222476 0.31621063 0.         0.        ]
 [0.3568074  0.         0.31823996 0.3249526  0.         0.        ]
 [0.35197574 0.         0.32465163 0.32337272 0.         0.        ]
 [0.35723048 0.         0.31583548 0.32693413 0.         0.        ]
 [0.35783118 0.         0.31777796 0.32439086 0.         0.        ]
 [0.35343066 0.         0.32290962 0.32365972 0.         0.        ]
 [0.3605024  0.         0.31259498 0.3269027  0.         0.        ]
 [0.3578377  0.         0.31690794 0.3252544  0.         0.        ]
 [0.35246915 0.         0.33189347 0.31563735 0.         0.        ]
 [0.3617498  0.         0.322147   0.31610322 0.         0.        ]
 [0.35976717 0.         0.3255357  0.31469712 0.         0.        ]
 [0.3577714  0.         0.3275383  0.3146903  0.         0.        ]
 [0.36198384 0.         0.32211086 0.31590524 0.         0.        ]
 [0.3674173  0.         0.30723903 0.32534373 0.         0.        ]
 [0.3554907  0.         0.33085674 0.31365255 0.         0.        ]
 [0.36059493 0.         0.32370466 0.3157004  0.         0.        ]]
12:49:28      Epoch:   0      Batch:   0      OuterStep: 500      LossModel: 0.00016768     LossTerm2: 0.00000000      Time/Step(s): 2.2906Term3 quantities: 
 [[0.         0.32389092 0.36138424 0.         0.31472483 0.        ]
 [0.         0.32863382 0.35321614 0.         0.31815    0.        ]
 [0.         0.3301053  0.3511244  0.         0.         0.31877023]
 [0.         0.32626492 0.35442045 0.         0.         0.3193147 ]
 [0.         0.3260681  0.35226586 0.         0.         0.32166594]
 [0.         0.32815087 0.34831142 0.         0.         0.3235377 ]
 [0.         0.32738876 0.34904718 0.         0.         0.32356396]
 [0.         0.32657072 0.3450301  0.         0.         0.32839912]
 [0.         0.32674295 0.34462285 0.         0.         0.3286342 ]
 [0.         0.32893637 0.3360945  0.         0.         0.3349691 ]
 [0.         0.32755342 0.3427811  0.         0.         0.32966545]
 [0.         0.3282388  0.33934158 0.         0.         0.3324197 ]
 [0.         0.32839662 0.3346437  0.         0.         0.33695966]
 [0.         0.3325668  0.         0.         0.31022352 0.35720965]
 [0.         0.3323059  0.         0.         0.3196101  0.34808403]
 [0.         0.33155504 0.         0.         0.3066031  0.36184183]
 [0.31497964 0.34747997 0.         0.         0.33754048 0.        ]
 [0.31471303 0.34351158 0.         0.         0.3417755  0.        ]
 [0.31785512 0.33279857 0.         0.         0.3493463  0.        ]
 [0.31213683 0.33628085 0.         0.         0.35158226 0.        ]
 [0.31643885 0.34746084 0.         0.         0.3361003  0.        ]
 [0.31956163 0.34062895 0.         0.         0.33980945 0.        ]
 [0.3189857  0.33443555 0.         0.         0.34657875 0.        ]
 [0.3224083  0.32738703 0.         0.         0.3502047  0.        ]
 [0.3181254  0.34830707 0.         0.         0.33356756 0.        ]
 [0.3191677  0.34420547 0.         0.         0.3366269  0.        ]
 [0.32225862 0.3356315  0.         0.         0.34210983 0.        ]
 [0.3249526  0.32634726 0.         0.         0.3487002  0.        ]
 [0.3169315  0.35398132 0.         0.         0.32908714 0.        ]
 [0.3215154  0.34342968 0.         0.         0.3350549  0.        ]
 [0.32744196 0.33075157 0.         0.         0.34180647 0.        ]
 [0.33165964 0.32163236 0.         0.         0.346708   0.        ]
 [0.32576117 0.         0.         0.3449119  0.         0.32932696]
 [0.3274238  0.         0.         0.34514782 0.         0.3274284 ]
 [0.3247934  0.         0.         0.3437944  0.         0.3314122 ]
 [0.3139017  0.         0.         0.34835607 0.         0.33774218]
 [0.         0.         0.         0.33671907 0.32408348 0.3391975 ]
 [0.31387815 0.         0.         0.3468965  0.         0.3392254 ]
 [0.         0.         0.         0.3486336  0.31989428 0.33147216]
 [0.3093954  0.         0.         0.35056323 0.         0.34004134]
 [0.30734882 0.         0.         0.35004312 0.         0.34260806]
 [0.32898912 0.         0.         0.3453645  0.         0.32564643]
 [0.33148706 0.         0.         0.34530523 0.3232077  0.        ]
 [0.32899934 0.         0.         0.3424394  0.32856122 0.        ]
 [0.3216685  0.         0.         0.3495893  0.         0.3287421 ]
 [0.32160366 0.         0.         0.34906617 0.         0.32933024]
 [0.3236091  0.         0.         0.34920552 0.         0.3271853 ]
 [0.31342238 0.         0.         0.3520951  0.         0.33448246]
 [0.35136437 0.         0.33272997 0.3159057  0.         0.        ]
 [0.35646495 0.         0.31860363 0.32493138 0.         0.        ]
 [0.35193193 0.         0.32483247 0.3232356  0.         0.        ]
 [0.35698313 0.         0.31668806 0.3263288  0.         0.        ]
 [0.35755038 0.         0.31806612 0.3243836  0.         0.        ]
 [0.3533428  0.         0.32314608 0.32351118 0.         0.        ]
 [0.3590915  0.         0.31365553 0.32725292 0.         0.        ]
 [0.35778812 0.         0.31700075 0.3252111  0.         0.        ]
 [0.35250506 0.         0.3320605  0.3154345  0.         0.        ]
 [0.3615862  0.         0.32245794 0.31595582 0.         0.        ]
 [0.3598422  0.         0.32583374 0.31432402 0.         0.        ]
 [0.35795608 0.         0.32771692 0.31432694 0.         0.        ]
 [0.36173865 0.         0.32251444 0.3157469  0.         0.        ]
 [0.36661667 0.         0.30771533 0.32566798 0.         0.        ]
 [0.35559908 0.         0.33103698 0.31336388 0.         0.        ]
 [0.36034945 0.         0.3241187  0.3155318  0.         0.        ]]
        Validation Criterion: 0.00089811
        Saving best model so far ...
12:49:53      Epoch:   0      Batch:   0      OuterStep: 510      LossModel: 0.00017997     LossTerm2: 0.00000000      Time/Step(s): 2.4003Term3 quantities: 
 [[0.         0.32385257 0.3614237  0.         0.31472376 0.        ]
 [0.         0.3286621  0.3533018  0.         0.3180362  0.        ]
 [0.         0.3300387  0.3512023  0.         0.         0.31875905]
 [0.         0.32641804 0.3543106  0.         0.         0.31927136]
 [0.         0.32626444 0.35213807 0.         0.         0.3215975 ]
 [0.         0.32824668 0.34827688 0.         0.         0.32347643]
 [0.         0.3274359  0.3489787  0.         0.         0.32358533]
 [0.         0.32663023 0.34501603 0.         0.         0.3283537 ]
 [0.         0.3267771  0.34452412 0.         0.         0.32869887]
 [0.         0.32898256 0.33610624 0.         0.         0.33491117]
 [0.         0.32767934 0.34265718 0.         0.         0.32966354]
 [0.         0.32835853 0.33923438 0.         0.         0.33240706]
 [0.         0.32843474 0.33460245 0.         0.         0.33696285]
 [0.         0.33238044 0.         0.         0.31024066 0.357379  ]
 [0.         0.33218253 0.         0.         0.3196606  0.3481569 ]
 [0.         0.33144885 0.         0.         0.30657014 0.36198103]
 [0.31482163 0.34740305 0.         0.         0.3377753  0.        ]
 [0.31439346 0.3434693  0.         0.         0.3421373  0.        ]
 [0.3174641  0.3328322  0.         0.         0.34970367 0.        ]
 [0.31158    0.33619237 0.         0.         0.35222766 0.        ]
 [0.31625736 0.34745106 0.         0.         0.33629164 0.        ]
 [0.3194012  0.34041092 0.         0.         0.34018788 0.        ]
 [0.31865585 0.33441737 0.         0.         0.34692687 0.        ]
 [0.3221033  0.32717538 0.         0.         0.3507213  0.        ]
 [0.3181624  0.34789163 0.         0.         0.33394593 0.        ]
 [0.3189753  0.34403917 0.         0.         0.33698553 0.        ]
 [0.3219944  0.33557814 0.         0.         0.34242743 0.        ]
 [0.32469472 0.32625586 0.         0.         0.3490494  0.        ]
 [0.31683907 0.3537006  0.         0.         0.32946032 0.        ]
 [0.32138968 0.34317023 0.         0.         0.33544016 0.        ]
 [0.3273971  0.3304239  0.         0.         0.34217897 0.        ]
 [0.3313747  0.32142526 0.         0.         0.34720016 0.        ]
 [0.3259203  0.         0.         0.34466782 0.         0.32941192]
 [0.32751724 0.         0.         0.34490904 0.         0.32757372]
 [0.32505003 0.         0.         0.34358346 0.         0.33136657]
 [0.3140571  0.         0.         0.34809092 0.         0.33785203]
 [0.         0.         0.         0.33643696 0.32406953 0.33949354]
 [0.31399176 0.         0.         0.3465706  0.         0.33943757]
 [0.         0.         0.         0.34842956 0.320152   0.33141848]
 [0.30949357 0.         0.         0.35010773 0.         0.34039867]
 [0.30743715 0.         0.         0.34957486 0.         0.342988  ]
 [0.32931286 0.         0.         0.34510785 0.         0.32557932]
 [0.33166018 0.         0.         0.3449224  0.32341745 0.        ]
 [0.3293108  0.         0.         0.34215352 0.32853562 0.        ]
 [0.32170868 0.         0.         0.34925118 0.         0.3290402 ]
 [0.32159314 0.         0.         0.34872013 0.         0.32968673]
 [0.32374856 0.         0.         0.34892285 0.         0.3273286 ]
 [0.3135404  0.         0.         0.35170284 0.         0.33475676]
 [0.35142845 0.         0.33254305 0.31602857 0.         0.        ]
 [0.35660598 0.         0.31844348 0.3249505  0.         0.        ]
 [0.35232192 0.         0.32445073 0.32322738 0.         0.        ]
 [0.35755914 0.         0.31597015 0.32647067 0.         0.        ]
 [0.35765538 0.         0.31792393 0.32442066 0.         0.        ]
 [0.35363027 0.         0.32285428 0.32351544 0.         0.        ]
 [0.35854176 0.         0.31376278 0.32769552 0.         0.        ]
 [0.35785565 0.         0.3164645  0.32567978 0.         0.        ]
 [0.35269406 0.         0.33181018 0.31549576 0.         0.        ]
 [0.36178058 0.         0.32215267 0.31606665 0.         0.        ]
 [0.36009204 0.         0.32549348 0.31441447 0.         0.        ]
 [0.35830158 0.         0.32732457 0.31437382 0.         0.        ]
 [0.361929   0.         0.3222146  0.31585637 0.         0.        ]
 [0.3666824  0.         0.30762133 0.32569626 0.         0.        ]
 [0.35599    0.         0.33057517 0.3134349  0.         0.        ]
 [0.36047435 0.         0.32387498 0.3156507  0.         0.        ]]
12:50:18      Epoch:   0      Batch:   0      OuterStep: 520      LossModel: 0.00014133     LossTerm2: 0.00000000      Time/Step(s): 2.4564Term3 quantities: 
 [[0.         0.32377338 0.3614746  0.         0.314752   0.        ]
 [0.         0.32864642 0.35342872 0.         0.3179248  0.        ]
 [0.         0.32994986 0.35133812 0.         0.         0.3187121 ]
 [0.         0.3265533  0.35429856 0.         0.         0.31914818]
 [0.         0.3263415  0.35216087 0.         0.         0.32149765]
 [0.         0.32825285 0.348327   0.         0.         0.32342017]
 [0.         0.32747343 0.3489571  0.         0.         0.3235695 ]
 [0.         0.32667717 0.34502912 0.         0.         0.3282937 ]
 [0.         0.32676542 0.34451708 0.         0.         0.3287175 ]
 [0.         0.3290389  0.33614728 0.         0.         0.3348139 ]
 [0.         0.32778564 0.34259984 0.         0.         0.3296146 ]
 [0.         0.32842043 0.3391824  0.         0.         0.3323972 ]
 [0.         0.3284652  0.33459017 0.         0.         0.33694473]
 [0.         0.33232334 0.         0.         0.31012282 0.35755384]
 [0.         0.33209008 0.         0.         0.31966555 0.34824434]
 [0.         0.3314672  0.         0.         0.30634782 0.36218503]
 [0.314764   0.34750363 0.         0.         0.33773243 0.        ]
 [0.31416672 0.34365636 0.         0.         0.34217688 0.        ]
 [0.317158   0.3331242  0.         0.         0.34971777 0.        ]
 [0.31113127 0.33638728 0.         0.         0.3524815  0.        ]
 [0.31620964 0.34763518 0.         0.         0.33615515 0.        ]
 [0.3193464  0.34044373 0.         0.         0.34020993 0.        ]
 [0.31843123 0.3346623  0.         0.         0.34690648 0.        ]
 [0.32187143 0.32728517 0.         0.         0.35084346 0.        ]
 [0.31829387 0.34774026 0.         0.         0.3339658  0.        ]
 [0.31890854 0.34408614 0.         0.         0.33700538 0.        ]
 [0.3218279  0.3357901  0.         0.         0.34238198 0.        ]
 [0.32450208 0.3264953  0.         0.         0.34900254 0.        ]
 [0.3168624  0.35367185 0.         0.         0.32946584 0.        ]
 [0.3213288  0.3431864  0.         0.         0.3354848  0.        ]
 [0.32739905 0.33043173 0.         0.         0.3421692  0.        ]
 [0.3311848  0.32153568 0.         0.         0.3472796  0.        ]
 [0.32627502 0.         0.         0.34460536 0.         0.32911965]
 [0.32768482 0.         0.         0.34479955 0.         0.32751572]
 [0.32539147 0.         0.         0.3435206  0.         0.331088  ]
 [0.3140856  0.         0.         0.34783545 0.         0.33807898]
 [0.         0.         0.         0.33620384 0.3239205  0.33987564]
 [0.31422257 0.         0.         0.34639853 0.         0.33937892]
 [0.         0.         0.         0.34836352 0.32035047 0.33128607]
 [0.3096534  0.         0.         0.34987736 0.         0.3404692 ]
 [0.30765736 0.         0.         0.34935036 0.         0.34299225]
 [0.3296134  0.         0.         0.345019   0.         0.32536763]
 [0.33175734 0.         0.         0.3446275  0.32361525 0.        ]
 [0.32955036 0.         0.         0.34194127 0.32850835 0.        ]
 [0.32188937 0.         0.         0.3490833  0.         0.3290273 ]
 [0.32179615 0.         0.         0.3485662  0.         0.32963768]
 [0.32384935 0.         0.         0.3487227  0.         0.32742795]
 [0.31366387 0.         0.         0.35147232 0.         0.33486378]
 [0.3512353  0.         0.33252117 0.3162435  0.         0.        ]
 [0.35659418 0.         0.31831995 0.3250859  0.         0.        ]
 [0.35240853 0.         0.32426247 0.32332897 0.         0.        ]
 [0.35791984 0.         0.3153293  0.32675084 0.         0.        ]
 [0.35757944 0.         0.31786305 0.32455757 0.         0.        ]
 [0.3536484  0.         0.3227141  0.32363752 0.         0.        ]
 [0.3582209  0.         0.31413049 0.3276486  0.         0.        ]
 [0.3576721  0.         0.3166362  0.32569176 0.         0.        ]
 [0.35259482 0.         0.3318099  0.3155953  0.         0.        ]
 [0.36165446 0.         0.32207155 0.31627393 0.         0.        ]
 [0.3599779  0.         0.3253952  0.3146269  0.         0.        ]
 [0.35825536 0.         0.32720435 0.31454024 0.         0.        ]
 [0.36176258 0.         0.3221337  0.31610373 0.         0.        ]
 [0.36676323 0.         0.30743283 0.32580394 0.         0.        ]
 [0.35598975 0.         0.3304356  0.3135746  0.         0.        ]
 [0.3602751  0.         0.32383424 0.3158906  0.         0.        ]]
12:50:42      Epoch:   0      Batch:   0      OuterStep: 530      LossModel: 0.00019651     LossTerm2: 0.00000000      Time/Step(s): 2.5310Term3 quantities: 
 [[0.         0.32366842 0.36160344 0.         0.31472814 0.        ]
 [0.         0.3286026  0.35355884 0.         0.3178385  0.        ]
 [0.         0.3298369  0.35146528 0.         0.31869787 0.        ]
 [0.         0.3264439  0.3543776  0.         0.         0.31917852]
 [0.         0.32619283 0.35225326 0.         0.         0.32155386]
 [0.         0.32811153 0.34845614 0.         0.         0.32343233]
 [0.         0.32747865 0.3489926  0.         0.         0.32352874]
 [0.         0.32668978 0.34506446 0.         0.         0.3282458 ]
 [0.         0.32674122 0.3445305  0.         0.         0.32872823]
 [0.         0.329018   0.3362019  0.         0.         0.3347801 ]
 [0.         0.3277093  0.3426065  0.         0.         0.3296842 ]
 [0.         0.32849973 0.33914956 0.         0.         0.33235073]
 [0.         0.3285281  0.33458054 0.         0.         0.33689135]
 [0.         0.33227238 0.         0.         0.31007716 0.35765043]
 [0.         0.33200502 0.         0.         0.31967783 0.34831715]
 [0.         0.3314941  0.         0.         0.30621484 0.362291  ]
 [0.31480062 0.34750396 0.         0.         0.3376954  0.        ]
 [0.3140294  0.34378004 0.         0.         0.3421906  0.        ]
 [0.31696665 0.33333638 0.         0.         0.3496969  0.        ]
 [0.31082684 0.33648628 0.         0.         0.35268694 0.        ]
 [0.31623667 0.34777078 0.         0.         0.33599254 0.        ]
 [0.31938687 0.34038836 0.         0.         0.34022486 0.        ]
 [0.3183472  0.33476153 0.         0.         0.34689134 0.        ]
 [0.32174134 0.327334   0.         0.         0.3509247  0.        ]
 [0.31849045 0.34756655 0.         0.         0.33394304 0.        ]
 [0.3189166  0.34413698 0.         0.         0.33694646 0.        ]
 [0.32174125 0.3359215  0.         0.         0.34233722 0.        ]
 [0.32440653 0.32665825 0.         0.         0.3489352  0.        ]
 [0.31696522 0.35358647 0.         0.         0.32944834 0.        ]
 [0.3213214  0.343177   0.         0.         0.33550164 0.        ]
 [0.3274869  0.3303183  0.         0.         0.3421947  0.        ]
 [0.33108842 0.32159632 0.         0.         0.3473153  0.        ]
 [0.32642564 0.         0.         0.34453678 0.         0.32903758]
 [0.32781687 0.         0.         0.34474692 0.         0.32743618]
 [0.325499   0.         0.         0.34345555 0.         0.33104545]
 [0.31412932 0.         0.         0.34773886 0.         0.33813182]
 [0.         0.         0.         0.33620068 0.32377714 0.34002227]
 [0.3144021  0.         0.         0.34631687 0.         0.33928105]
 [0.         0.         0.         0.34851134 0.3205709  0.3309178 ]
 [0.30978906 0.         0.         0.34978023 0.         0.34043068]
 [0.30785108 0.         0.         0.3492607  0.         0.3428883 ]
 [0.32994476 0.         0.         0.34495807 0.         0.32509717]
 [0.33181384 0.         0.         0.3443855  0.32380068 0.        ]
 [0.32976884 0.         0.         0.3417208  0.32851034 0.        ]
 [0.3221245  0.         0.         0.3490036  0.         0.3288719 ]
 [0.32207143 0.         0.         0.3484947  0.         0.32943386]
 [0.3240444  0.         0.         0.34862372 0.         0.3273319 ]
 [0.3137685  0.         0.         0.3513336  0.         0.33489797]
 [0.35094643 0.         0.33269936 0.31635416 0.         0.        ]
 [0.35643038 0.         0.31833628 0.3252334  0.         0.        ]
 [0.35226548 0.         0.324313   0.32342148 0.         0.        ]
 [0.35790196 0.         0.31523195 0.3268661  0.         0.        ]
 [0.35737354 0.         0.31791037 0.3247161  0.         0.        ]
 [0.35347417 0.         0.3227844  0.32374138 0.         0.        ]
 [0.3581017  0.         0.31409606 0.32780227 0.         0.        ]
 [0.35742053 0.         0.31673855 0.325841   0.         0.        ]
 [0.35238418 0.         0.33195567 0.3156602  0.         0.        ]
 [0.3613921  0.         0.3221698  0.31643808 0.         0.        ]
 [0.3597237  0.         0.32556158 0.3147147  0.         0.        ]
 [0.35803783 0.         0.32734933 0.3146128  0.         0.        ]
 [0.361408   0.         0.32229236 0.31629962 0.         0.        ]
 [0.36672693 0.         0.3072184  0.3260547  0.         0.        ]
 [0.35579795 0.         0.33056802 0.31363398 0.         0.        ]
 [0.35995373 0.         0.32398462 0.3160617  0.         0.        ]]
12:51:07      Epoch:   0      Batch:   0      OuterStep: 540      LossModel: 0.00013174     LossTerm2: 0.00000000      Time/Step(s): 2.8059Term3 quantities: 
 [[0.         0.32358646 0.3617532  0.         0.31466034 0.        ]
 [0.         0.32859492 0.35363132 0.         0.3177737  0.        ]
 [0.         0.3297556  0.35153487 0.         0.3187095  0.        ]
 [0.         0.3263669  0.3543731  0.         0.         0.31925997]
 [0.         0.32609153 0.35230875 0.         0.         0.32159975]
 [0.         0.3279801  0.34853503 0.         0.         0.32348487]
 [0.         0.3274082  0.34897926 0.         0.         0.32361257]
 [0.         0.32665277 0.34507012 0.         0.         0.3282771 ]
 [0.         0.32671037 0.34448996 0.         0.         0.3287997 ]
 [0.         0.32902604 0.33623967 0.         0.         0.33473432]
 [0.         0.32772455 0.34256214 0.         0.         0.32971334]
 [0.         0.32854488 0.33909792 0.         0.         0.33235723]
 [0.         0.3285764  0.3345603  0.         0.         0.3368633 ]
 [0.         0.33219993 0.         0.         0.31010804 0.35769203]
 [0.         0.33194065 0.         0.         0.3197465  0.34831285]
 [0.         0.33148354 0.         0.         0.30619258 0.36232388]
 [0.3147749  0.34744462 0.         0.         0.33778054 0.        ]
 [0.31385416 0.3438359  0.         0.         0.34230998 0.        ]
 [0.3166941  0.33352533 0.         0.         0.34978056 0.        ]
 [0.31044316 0.3365493  0.         0.         0.35300753 0.        ]
 [0.3162071  0.34782046 0.         0.         0.33597246 0.        ]
 [0.31937048 0.34025395 0.         0.         0.34037554 0.        ]
 [0.318192   0.33480915 0.         0.         0.34699887 0.        ]
 [0.32156911 0.32728583 0.         0.         0.35114506 0.        ]
 [0.3186224  0.34734872 0.         0.         0.33402896 0.        ]
 [0.31888488 0.34404254 0.         0.         0.3370726  0.        ]
 [0.32162088 0.33596328 0.         0.         0.34241584 0.        ]
 [0.32423434 0.3267828  0.         0.         0.34898287 0.        ]
 [0.31705597 0.35339305 0.         0.         0.32955107 0.        ]
 [0.32130834 0.34303042 0.         0.         0.33566123 0.        ]
 [0.32751784 0.33018535 0.         0.         0.34229684 0.        ]
 [0.3309483  0.32158846 0.         0.         0.34746322 0.        ]
 [0.32659996 0.         0.         0.3445102  0.         0.3288898 ]
 [0.32802975 0.         0.         0.34472033 0.         0.32724994]
 [0.3257001  0.         0.         0.34344056 0.         0.33085933]
 [0.31436065 0.         0.         0.34772772 0.         0.33791164]
 [0.         0.         0.         0.33626693 0.32380182 0.33993128]
 [0.3146651  0.         0.         0.34629932 0.         0.33903554]
 [0.         0.         0.         0.34867823 0.3209783  0.3303435 ]
 [0.31005314 0.         0.         0.3497424  0.         0.34020442]
 [0.30815268 0.         0.         0.3492309  0.         0.3426164 ]
 [0.3303765  0.         0.         0.3449313  0.         0.32469216]
 [0.33192822 0.         0.         0.34411097 0.32396072 0.        ]
 [0.3299886  0.         0.         0.34150735 0.3285041  0.        ]
 [0.3224763  0.         0.         0.34899586 0.         0.32852784]
 [0.3224333  0.         0.         0.34848434 0.         0.3290823 ]
 [0.3244933  0.         0.         0.3486234  0.         0.32688338]
 [0.31406596 0.         0.         0.35130504 0.         0.334629  ]
 [0.35084587 0.         0.33272234 0.3164318  0.         0.        ]
 [0.35632768 0.         0.3183568  0.32531545 0.         0.        ]
 [0.3521779  0.         0.324343   0.32347918 0.         0.        ]
 [0.35777903 0.         0.31523344 0.32698753 0.         0.        ]
 [0.35726213 0.         0.3179341  0.32480383 0.         0.        ]
 [0.35338598 0.         0.3228144  0.32379958 0.         0.        ]
 [0.35799196 0.         0.31402272 0.3279853  0.         0.        ]
 [0.35739666 0.         0.31659576 0.32600754 0.         0.        ]
 [0.3522994  0.         0.33198872 0.3157119  0.         0.        ]
 [0.36125687 0.         0.3221713  0.31657183 0.         0.        ]
 [0.3596895  0.         0.32554987 0.3147606  0.         0.        ]
 [0.35799623 0.         0.32735485 0.31464893 0.         0.        ]
 [0.3612317  0.         0.32234672 0.31642157 0.         0.        ]
 [0.3666965  0.         0.30701506 0.32628837 0.         0.        ]
 [0.35574767 0.         0.3305736  0.3136787  0.         0.        ]
 [0.35980225 0.         0.32401106 0.3161867  0.         0.        ]]
12:51:32      Epoch:   0      Batch:   0      OuterStep: 550      LossModel: 0.00013514     LossTerm2: 0.00000000      Time/Step(s): 2.2726Term3 quantities: 
 [[0.         0.32352123 0.36183682 0.         0.31464192 0.        ]
 [0.         0.328549   0.3537425  0.         0.31770852 0.        ]
 [0.         0.32963338 0.35164356 0.         0.318723   0.        ]
 [0.         0.32631877 0.35441408 0.         0.         0.31926712]
 [0.         0.3260892  0.35230005 0.         0.         0.32161075]
 [0.         0.3279488  0.34859324 0.         0.         0.32345802]
 [0.         0.3273645  0.348984   0.         0.         0.3236515 ]
 [0.         0.3266259  0.34507668 0.         0.         0.32829738]
 [0.         0.32684445 0.34440354 0.         0.         0.328752  ]
 [0.         0.32898    0.3362804  0.         0.         0.3347396 ]
 [0.         0.32788774 0.34248304 0.         0.         0.32962915]
 [0.         0.32853517 0.33905405 0.         0.         0.33241075]
 [0.         0.3286322  0.33452556 0.         0.         0.3368422 ]
 [0.         0.3321462  0.         0.         0.31007195 0.35778183]
 [0.         0.3318785  0.         0.         0.3197644  0.34835708]
 [0.         0.33146334 0.         0.         0.3060927  0.36244398]
 [0.31475154 0.347475   0.         0.         0.33777353 0.        ]
 [0.31367245 0.344001   0.         0.         0.34232652 0.        ]
 [0.31644684 0.3337959  0.         0.         0.34975725 0.        ]
 [0.31010637 0.33670247 0.         0.         0.3531912  0.        ]
 [0.3162113  0.34793505 0.         0.         0.3358537  0.        ]
 [0.31937966 0.34021476 0.         0.         0.34040555 0.        ]
 [0.31806597 0.33495057 0.         0.         0.3469835  0.        ]
 [0.32141596 0.32735896 0.         0.         0.35122502 0.        ]
 [0.3187638  0.34721363 0.         0.         0.3340226  0.        ]
 [0.3189007  0.34403688 0.         0.         0.3370624  0.        ]
 [0.3215049  0.33608246 0.         0.         0.34241265 0.        ]
 [0.32408366 0.326943   0.         0.         0.34897336 0.        ]
 [0.31715643 0.3532816  0.         0.         0.329562   0.        ]
 [0.32134625 0.34297952 0.         0.         0.33567426 0.        ]
 [0.32753772 0.33014494 0.         0.         0.34231737 0.        ]
 [0.33083516 0.3216846  0.         0.         0.3474802  0.        ]
 [0.32673326 0.         0.         0.34435156 0.         0.3289152 ]
 [0.32819867 0.         0.         0.34458545 0.         0.32721588]
 [0.32593185 0.         0.         0.3433123  0.         0.33075583]
 [0.31452808 0.         0.         0.3474935  0.         0.33797848]
 [0.         0.         0.         0.33610436 0.32374373 0.34015188]
 [0.31481767 0.         0.         0.34606236 0.         0.33911997]
 [0.         0.         0.         0.34858954 0.3213153  0.33009514]
 [0.3101937  0.         0.         0.34943038 0.         0.3403759 ]
 [0.30831143 0.         0.         0.3489181  0.         0.34277037]
 [0.33078465 0.         0.         0.34480688 0.         0.32440853]
 [0.33208632 0.         0.         0.3437814  0.32413226 0.        ]
 [0.33018345 0.         0.         0.34129155 0.32852495 0.        ]
 [0.32271004 0.         0.         0.34878495 0.         0.328505  ]
 [0.32264596 0.         0.         0.34827456 0.         0.32907954]
 [0.3249273  0.         0.         0.3484725  0.         0.32660016]
 [0.31425065 0.         0.         0.35102105 0.         0.33472833]
 [0.35078788 0.         0.33267254 0.31653965 0.         0.        ]
 [0.3562368  0.         0.3183399  0.32542333 0.         0.        ]
 [0.3521408  0.         0.3243075  0.32355177 0.         0.        ]
 [0.35769138 0.         0.31516278 0.3271458  0.         0.        ]
 [0.357184   0.         0.31790975 0.3249063  0.         0.        ]
 [0.35333627 0.         0.32277265 0.32389107 0.         0.        ]
 [0.35783368 0.         0.31411242 0.32805383 0.         0.        ]
 [0.357354   0.         0.31641    0.326236   0.         0.        ]
 [0.3522468  0.         0.3319655  0.31578764 0.         0.        ]
 [0.3611565  0.         0.32212543 0.3167181  0.         0.        ]
 [0.35972428 0.         0.32543355 0.31484213 0.         0.        ]
 [0.35801658 0.         0.32726303 0.31472033 0.         0.        ]
 [0.36111152 0.         0.32230768 0.31658083 0.         0.        ]
 [0.36656573 0.         0.3069198  0.32651445 0.         0.        ]
 [0.35572988 0.         0.33050093 0.3137692  0.         0.        ]
 [0.3596782  0.         0.3239783  0.31634346 0.         0.        ]]
        Validation Criterion: 0.00074431
        Saving best model so far ...
12:51:57      Epoch:   0      Batch:   0      OuterStep: 560      LossModel: 0.00012643     LossTerm2: 0.00000000      Time/Step(s): 2.5482Term3 quantities: 
 [[0.         0.323413   0.36192703 0.         0.31465998 0.        ]
 [0.         0.3284756  0.35386765 0.         0.31765676 0.        ]
 [0.         0.32944718 0.35183105 0.         0.31872177 0.        ]
 [0.         0.32625192 0.35453522 0.         0.         0.31921288]
 [0.         0.32615358 0.35239512 0.         0.         0.32145128]
 [0.         0.32793945 0.34871665 0.         0.         0.32334384]
 [0.         0.32736242 0.34905308 0.         0.         0.32358447]
 [0.         0.32660383 0.34517056 0.         0.         0.3282256 ]
 [0.         0.32696244 0.34435517 0.         0.         0.3286824 ]
 [0.         0.32892448 0.33635986 0.         0.         0.33471572]
 [0.         0.32791573 0.34248024 0.         0.         0.329604  ]
 [0.         0.32846007 0.33906317 0.         0.         0.3324767 ]
 [0.         0.3285862  0.33453894 0.         0.         0.33687484]
 [0.         0.33213443 0.         0.         0.3099374  0.3579282 ]
 [0.         0.33181775 0.         0.         0.3197429  0.34843934]
 [0.         0.33146897 0.         0.         0.30591938 0.36261165]
 [0.31482762 0.3475134  0.         0.         0.337659   0.        ]
 [0.3136173  0.34418574 0.         0.         0.34219697 0.        ]
 [0.31632107 0.3340801  0.         0.         0.3495988  0.        ]
 [0.3099077  0.33689675 0.         0.         0.35319558 0.        ]
 [0.31631258 0.34808797 0.         0.         0.33559942 0.        ]
 [0.3194584  0.3402881  0.         0.         0.3402536  0.        ]
 [0.31803957 0.33515278 0.         0.         0.34680766 0.        ]
 [0.32135907 0.327501   0.         0.         0.35113993 0.        ]
 [0.31898373 0.34715655 0.         0.         0.33385977 0.        ]
 [0.31897944 0.34415224 0.         0.         0.33686838 0.        ]
 [0.32151234 0.33623606 0.         0.         0.34225157 0.        ]
 [0.32402787 0.3271635  0.         0.         0.34880865 0.        ]
 [0.3173625  0.35320207 0.         0.         0.3294354  0.        ]
 [0.3214196  0.34308663 0.         0.         0.3354938  0.        ]
 [0.32765317 0.3301886  0.         0.         0.3421582  0.        ]
 [0.33084437 0.3218244  0.         0.         0.3473312  0.        ]
 [0.32693017 0.         0.         0.34419808 0.         0.32887182]
 [0.32841757 0.         0.         0.3444397  0.         0.32714275]
 [0.3261575  0.         0.         0.3431732  0.         0.33066928]
 [0.31476384 0.         0.         0.34722406 0.         0.33801213]
 [0.         0.         0.         0.33571845 0.32368568 0.34059584]
 [0.3150208  0.         0.         0.345785   0.         0.3391942 ]
 [0.         0.         0.         0.34827796 0.3216702  0.33005193]
 [0.31032252 0.         0.         0.34901795 0.         0.3406595 ]
 [0.3084641  0.         0.         0.34850344 0.         0.3430325 ]
 [0.33116376 0.         0.         0.34466562 0.         0.3241707 ]
 [0.33218175 0.         0.         0.3434596  0.32435864 0.        ]
 [0.3303381  0.         0.         0.34105477 0.32860717 0.        ]
 [0.32292816 0.         0.         0.3485424  0.         0.32852942]
 [0.3228864  0.         0.         0.34804204 0.         0.3290716 ]
 [0.32518172 0.         0.         0.3482674  0.         0.3265508 ]
 [0.3144393  0.         0.         0.350643   0.         0.33491775]
 [0.3505982  0.         0.33263928 0.31676254 0.         0.        ]
 [0.3560694  0.         0.31829032 0.32564032 0.         0.        ]
 [0.35202575 0.         0.3242293  0.32374492 0.         0.        ]
 [0.3574241  0.         0.31500927 0.32756662 0.         0.        ]
 [0.35703102 0.         0.31785178 0.32511723 0.         0.        ]
 [0.3532178  0.         0.322711   0.3240712  0.         0.        ]
 [0.357575   0.         0.31410703 0.32831794 0.         0.        ]
 [0.35715938 0.         0.31630558 0.32653505 0.         0.        ]
 [0.35210988 0.         0.33193812 0.315952   0.         0.        ]
 [0.36091256 0.         0.32207927 0.3170083  0.         0.        ]
 [0.35962114 0.         0.3253437  0.31503522 0.         0.        ]
 [0.35792306 0.         0.3271809  0.31489605 0.         0.        ]
 [0.36083326 0.         0.3222645  0.31690228 0.         0.        ]
 [0.36637408 0.         0.30682936 0.3267965  0.         0.        ]
 [0.3555929  0.         0.3304376  0.31396952 0.         0.        ]
 [0.35943028 0.         0.32394814 0.31662148 0.         0.        ]]
12:52:23      Epoch:   0      Batch:   0      OuterStep: 570      LossModel: 0.00012486     LossTerm2: 0.00000000      Time/Step(s): 2.5703Term3 quantities: 
 [[0.         0.3233552  0.36210725 0.         0.31453753 0.        ]
 [0.         0.32843336 0.354028   0.         0.3175387  0.        ]
 [0.         0.3293282  0.3519156  0.         0.         0.31875625]
 [0.         0.32628554 0.35459659 0.         0.         0.31911784]
 [0.         0.32618916 0.35244575 0.         0.         0.32136506]
 [0.         0.32794026 0.34878692 0.         0.         0.32327282]
 [0.         0.3273791  0.34909043 0.         0.         0.3235304 ]
 [0.         0.32673693 0.34516197 0.         0.         0.3281011 ]
 [0.         0.32711884 0.34430432 0.         0.         0.3285768 ]
 [0.         0.32895193 0.33641538 0.         0.         0.33463275]
 [0.         0.32799786 0.34244147 0.         0.         0.32956064]
 [0.         0.32861623 0.33900335 0.         0.         0.33238044]
 [0.         0.32860819 0.33454138 0.         0.         0.33685037]
 [0.         0.33195558 0.         0.         0.31009123 0.3579532 ]
 [0.         0.33172977 0.         0.         0.31985545 0.34841475]
 [0.         0.3313163  0.         0.         0.30604652 0.36263728]
 [0.31472832 0.3472847  0.         0.         0.33798698 0.        ]
 [0.31336457 0.34413013 0.         0.         0.34250537 0.        ]
 [0.3159763  0.33410364 0.         0.         0.34992    0.        ]
 [0.30947414 0.3368251  0.         0.         0.3537008  0.        ]
 [0.3162234  0.3479162  0.         0.         0.33586037 0.        ]
 [0.31933412 0.3400563  0.         0.         0.34060958 0.        ]
 [0.3177886  0.33505502 0.         0.         0.34715635 0.        ]
 [0.32106012 0.32736057 0.         0.         0.35157928 0.        ]
 [0.31898057 0.34681556 0.         0.         0.3342039  0.        ]
 [0.3188466  0.34385347 0.         0.         0.33729985 0.        ]
 [0.32127333 0.3361099  0.         0.         0.3426168  0.        ]
 [0.3236433  0.3271029  0.         0.         0.34925374 0.        ]
 [0.3173587  0.3527881  0.         0.         0.32985315 0.        ]
 [0.32128882 0.3428121  0.         0.         0.33589908 0.        ]
 [0.3274919  0.3299587  0.         0.         0.34254938 0.        ]
 [0.33057475 0.32167685 0.         0.         0.34774846 0.        ]
 [0.32727447 0.         0.         0.34417382 0.         0.32855165]
 [0.32866922 0.         0.         0.34440258 0.         0.3269282 ]
 [0.3264593  0.         0.         0.34314927 0.         0.33039138]
 [0.31512454 0.         0.         0.34719038 0.         0.33768517]
 [0.         0.         0.         0.33560207 0.32387716 0.34052074]
 [0.3154119  0.         0.         0.34573483 0.         0.33885333]
 [0.         0.         0.         0.34838304 0.32226348 0.32935345]
 [0.31070083 0.         0.         0.34894183 0.         0.3403573 ]
 [0.30887398 0.         0.         0.34843233 0.         0.3426937 ]
 [0.33137205 0.         0.         0.3443803  0.3242476  0.        ]
 [0.33223265 0.         0.         0.34317195 0.32459536 0.        ]
 [0.33052695 0.         0.         0.34086558 0.3286074  0.        ]
 [0.3232697  0.         0.         0.34848368 0.         0.32824656]
 [0.3232598  0.         0.         0.34798273 0.         0.32875752]
 [0.32556963 0.         0.         0.34818894 0.         0.32624146]
 [0.3148442  0.         0.         0.35057223 0.         0.33458358]
 [0.35039598 0.         0.33265844 0.31694558 0.         0.        ]
 [0.35588336 0.         0.3182841  0.3258325  0.         0.        ]
 [0.35190398 0.         0.32420075 0.32389528 0.         0.        ]
 [0.35711008 0.         0.3149908  0.32789916 0.         0.        ]
 [0.3568536  0.         0.31783953 0.32530692 0.         0.        ]
 [0.35309443 0.         0.32269076 0.32421482 0.         0.        ]
 [0.3573455  0.         0.31412983 0.32852465 0.         0.        ]
 [0.35700634 0.         0.3162517  0.326742   0.         0.        ]
 [0.35195965 0.         0.33196276 0.3160776  0.         0.        ]
 [0.36067614 0.         0.32207304 0.31725082 0.         0.        ]
 [0.35949054 0.         0.32532176 0.31518763 0.         0.        ]
 [0.35781473 0.         0.32715672 0.31502852 0.         0.        ]
 [0.36056843 0.         0.32228452 0.31714705 0.         0.        ]
 [0.3661923  0.         0.3066774  0.32713038 0.         0.        ]
 [0.3554486  0.         0.33043638 0.31411508 0.         0.        ]
 [0.35918853 0.         0.32395118 0.3168603  0.         0.        ]]
12:52:48      Epoch:   0      Batch:   0      OuterStep: 580      LossModel: 0.00014280     LossTerm2: 0.00000000      Time/Step(s): 2.5472Term3 quantities: 
 [[0.         0.32326803 0.36225003 0.         0.3144819  0.        ]
 [0.         0.32834604 0.35418767 0.         0.3174663  0.        ]
 [0.         0.32926908 0.35203114 0.         0.31869975 0.        ]
 [0.         0.32637933 0.3546265  0.         0.         0.31899408]
 [0.         0.32618126 0.35251585 0.         0.         0.3213029 ]
 [0.         0.32794723 0.34886065 0.         0.         0.32319203]
 [0.         0.32737577 0.34913272 0.         0.         0.32349148]
 [0.         0.32697308 0.34510675 0.         0.         0.3279201 ]
 [0.         0.3272074  0.344259   0.         0.         0.3285336 ]
 [0.         0.3290057  0.3364628  0.         0.         0.33453152]
 [0.         0.32813886 0.3423994  0.         0.         0.32946178]
 [0.         0.32877854 0.33894557 0.         0.         0.3322759 ]
 [0.         0.32863808 0.3345313  0.         0.         0.3368306 ]
 [0.         0.3318926  0.         0.         0.3100617  0.35804576]
 [0.         0.33174118 0.         0.         0.31988728 0.34837154]
 [0.         0.33129528 0.         0.         0.3059849  0.36271977]
 [0.3147094  0.34724066 0.         0.         0.33805    0.        ]
 [0.31318662 0.3442511  0.         0.         0.3425623  0.        ]
 [0.3157292  0.3343007  0.         0.         0.34997016 0.        ]
 [0.30913773 0.33695212 0.         0.         0.35391015 0.        ]
 [0.3162287  0.34794587 0.         0.         0.33582547 0.        ]
 [0.31931704 0.34002385 0.         0.         0.34065914 0.        ]
 [0.31765652 0.33511928 0.         0.         0.34722424 0.        ]
 [0.32087952 0.32741386 0.         0.         0.3517066  0.        ]
 [0.31906855 0.34670976 0.         0.         0.33422166 0.        ]
 [0.31881744 0.34381396 0.         0.         0.33736858 0.        ]
 [0.32114863 0.33614835 0.         0.         0.34270304 0.        ]
 [0.32348663 0.3271301  0.         0.         0.34938323 0.        ]
 [0.31744224 0.35265708 0.         0.         0.32990065 0.        ]
 [0.32125002 0.34276152 0.         0.         0.3359885  0.        ]
 [0.32750458 0.3298682  0.         0.         0.34262723 0.        ]
 [0.33044115 0.32173213 0.         0.         0.34782666 0.        ]
 [0.32754475 0.         0.         0.34405923 0.         0.32839596]
 [0.3288966  0.         0.         0.34428698 0.         0.3268164 ]
 [0.32674733 0.         0.         0.34304658 0.         0.33020607]
 [0.315319   0.         0.         0.34695458 0.         0.33772647]
 [0.         0.         0.         0.33542442 0.32386565 0.34070992]
 [0.31566966 0.         0.         0.34552535 0.         0.33880502]
 [0.         0.         0.         0.34824765 0.32265648 0.3290959 ]
 [0.3109409  0.         0.         0.34865892 0.         0.34040022]
 [0.30912283 0.         0.         0.34814292 0.         0.34273422]
 [0.33121714 0.         0.         0.34397197 0.3248109  0.        ]
 [0.33213723 0.         0.         0.34284464 0.32501814 0.        ]
 [0.33080295 0.         0.         0.34064838 0.3285487  0.        ]
 [0.32355738 0.         0.         0.34828627 0.         0.32815632]
 [0.3235835  0.         0.         0.34780663 0.         0.32860994]
 [0.32597965 0.         0.         0.34802163 0.         0.32599875]
 [0.3150869  0.         0.         0.35028774 0.         0.3346254 ]
 [0.3502529  0.         0.33268714 0.31705993 0.         0.        ]
 [0.3557743  0.         0.31828728 0.3259383  0.         0.        ]
 [0.35184994 0.         0.32418373 0.32396635 0.         0.        ]
 [0.3568389  0.         0.31502306 0.32813808 0.         0.        ]
 [0.35674858 0.         0.31783733 0.32541415 0.         0.        ]
 [0.3530516  0.         0.3226722  0.32427627 0.         0.        ]
 [0.35721904 0.         0.31413963 0.32864138 0.         0.        ]
 [0.356903   0.         0.31611365 0.3269833  0.         0.        ]
 [0.35187352 0.         0.33197358 0.31615284 0.         0.        ]
 [0.36051446 0.         0.32209778 0.31738782 0.         0.        ]
 [0.35943803 0.         0.32531142 0.31525052 0.         0.        ]
 [0.35778132 0.         0.3271461  0.31507254 0.         0.        ]
 [0.36036602 0.         0.32233068 0.31730333 0.         0.        ]
 [0.3661254  0.         0.30655092 0.3273237  0.         0.        ]
 [0.35538483 0.         0.3304433  0.3141719  0.         0.        ]
 [0.35898396 0.         0.32399774 0.31701836 0.         0.        ]]
12:53:13      Epoch:   0      Batch:   0      OuterStep: 590      LossModel: 0.00029225     LossTerm2: 0.00000000      Time/Step(s): 2.6781Term3 quantities: 
 [[0.         0.32320923 0.36235937 0.         0.31443137 0.        ]
 [0.         0.32830563 0.3542824  0.         0.31741205 0.        ]
 [0.         0.32918176 0.35216615 0.         0.31865212 0.        ]
 [0.         0.32641008 0.35465813 0.         0.         0.31893182]
 [0.         0.32614535 0.35259178 0.         0.         0.32126293]
 [0.         0.3279594  0.3489415  0.         0.         0.3230991 ]
 [0.         0.32734874 0.34917995 0.         0.         0.3234713 ]
 [0.         0.3271291  0.3450708  0.         0.         0.32780007]
 [0.         0.32726762 0.34424654 0.         0.         0.32848582]
 [0.         0.32908788 0.33648956 0.         0.         0.33442265]
 [0.         0.32821125 0.34235337 0.         0.         0.32943544]
 [0.         0.3288008  0.33891645 0.         0.         0.3322827 ]
 [0.         0.32869667 0.334526   0.         0.         0.3367773 ]
 [0.         0.3318279  0.         0.         0.31003502 0.3581371 ]
 [0.         0.33173314 0.         0.         0.319939   0.34832793]
 [0.         0.3312771  0.         0.         0.30591488 0.36280805]
 [0.31467545 0.34722418 0.         0.         0.33810037 0.        ]
 [0.31301907 0.344363   0.         0.         0.34261793 0.        ]
 [0.3154928  0.33451596 0.         0.         0.34999123 0.        ]
 [0.30882588 0.3370859  0.         0.         0.35408822 0.        ]
 [0.31624132 0.34797004 0.         0.         0.3357886  0.        ]
 [0.31929666 0.33998135 0.         0.         0.34072205 0.        ]
 [0.31752777 0.3351985  0.         0.         0.3472738  0.        ]
 [0.32073793 0.32745513 0.         0.         0.3518069  0.        ]
 [0.31915587 0.34657833 0.         0.         0.3342659  0.        ]
 [0.31877246 0.3437742  0.         0.         0.3374534  0.        ]
 [0.32106617 0.33614308 0.         0.         0.3427907  0.        ]
 [0.32335454 0.32723302 0.         0.         0.34941247 0.        ]
 [0.31754032 0.35250178 0.         0.         0.3299579  0.        ]
 [0.32127073 0.3426094  0.         0.         0.3361199  0.        ]
 [0.3275073  0.3298497  0.         0.         0.34264302 0.        ]
 [0.33033633 0.32176957 0.         0.         0.3478941  0.        ]
 [0.32779554 0.         0.         0.34394217 0.         0.32826233]
 [0.32918555 0.         0.         0.34418285 0.         0.3266316 ]
 [0.32708013 0.         0.         0.34296292 0.         0.32995692]
 [0.31558374 0.         0.         0.3467715  0.         0.33764482]
 [0.         0.         0.         0.33523116 0.32392395 0.3408449 ]
 [0.3159799  0.         0.         0.34535143 0.         0.33866873]
 [0.         0.         0.         0.3480339  0.3230548  0.32891136]
 [0.31118447 0.         0.         0.34838328 0.         0.34043223]
 [0.30938077 0.         0.         0.34786525 0.         0.3427541 ]
 [0.33122528 0.         0.         0.34386376 0.324911   0.        ]
 [0.33210197 0.         0.         0.34271365 0.3251844  0.        ]
 [0.3310218  0.         0.         0.34046313 0.32851508 0.        ]
 [0.323878   0.         0.         0.3481151  0.         0.32800695]
 [0.32391405 0.         0.         0.34762985 0.         0.32845604]
 [0.32645613 0.         0.         0.34789392 0.         0.32565   ]
 [0.31534025 0.         0.         0.35002252 0.         0.33463725]
 [0.35013276 0.         0.33263552 0.31723174 0.         0.        ]
 [0.3556813  0.         0.31822747 0.32609114 0.         0.        ]
 [0.35182685 0.         0.32409197 0.3240812  0.         0.        ]
 [0.35686067 0.         0.31492603 0.32821336 0.         0.        ]
 [0.35664922 0.         0.31778443 0.32556635 0.         0.        ]
 [0.3530205  0.         0.32257077 0.32440877 0.         0.        ]
 [0.35703886 0.         0.31411546 0.32884568 0.         0.        ]
 [0.35669327 0.         0.31603137 0.32727534 0.         0.        ]
 [0.3518122  0.         0.3319188  0.3162689  0.         0.        ]
 [0.3603771  0.         0.3220302  0.31759274 0.         0.        ]
 [0.35940492 0.         0.32522067 0.31537443 0.         0.        ]
 [0.35777125 0.         0.32705513 0.31517366 0.         0.        ]
 [0.3601604  0.         0.3222977  0.31754187 0.         0.        ]
 [0.3660226  0.         0.30638182 0.32759562 0.         0.        ]
 [0.35535318 0.         0.33035553 0.3142912  0.         0.        ]
 [0.35879922 0.         0.32397538 0.31722546 0.         0.        ]]
12:53:38      Epoch:   0      Batch:   0      OuterStep: 600      LossModel: 0.00014386     LossTerm2: 0.00000000      Time/Step(s): 2.5309Term3 quantities: 
 [[0.         0.3231362  0.3625475  0.         0.31431627 0.        ]
 [0.         0.32829842 0.35434377 0.         0.31735775 0.        ]
 [0.         0.3291521  0.35220248 0.         0.31864536 0.        ]
 [0.         0.32638246 0.35467672 0.         0.         0.31894085]
 [0.         0.3260542  0.35265964 0.         0.         0.32128623]
 [0.         0.32792407 0.3489887  0.         0.         0.32308716]
 [0.         0.32732192 0.34919414 0.         0.         0.32348388]
 [0.         0.32710737 0.3451095  0.         0.         0.32778323]
 [0.         0.3273452  0.34420252 0.         0.         0.32845226]
 [0.         0.32914594 0.3365225  0.         0.         0.33433163]
 [0.         0.32821938 0.3423356  0.         0.         0.329445  ]
 [0.         0.32887694 0.33887583 0.         0.         0.3322473 ]
 [0.         0.32876924 0.33450767 0.         0.         0.3367231 ]
 [0.         0.331824   0.         0.         0.31001157 0.35816437]
 [0.         0.3317614  0.         0.         0.31996787 0.34827074]
 [0.         0.33131766 0.         0.         0.3058579  0.3628245 ]
 [0.31463045 0.34726283 0.         0.         0.33810675 0.        ]
 [0.31286314 0.34452075 0.         0.         0.3426161  0.        ]
 [0.31526968 0.33475474 0.         0.         0.34997562 0.        ]
 [0.30854663 0.33724004 0.         0.         0.3542134  0.        ]
 [0.3162382  0.34801286 0.         0.         0.3357489  0.        ]
 [0.31927913 0.3399612  0.         0.         0.3407597  0.        ]
 [0.31742072 0.3352806  0.         0.         0.34729868 0.        ]
 [0.32060522 0.32753104 0.         0.         0.35186374 0.        ]
 [0.3192549  0.3464565  0.         0.         0.3342887  0.        ]
 [0.31878594 0.34372544 0.         0.         0.33748865 0.        ]
 [0.3210085  0.33621055 0.         0.         0.34278092 0.        ]
 [0.32328314 0.32729557 0.         0.         0.34942132 0.        ]
 [0.31764102 0.35236314 0.         0.         0.32999584 0.        ]
 [0.32126582 0.34255627 0.         0.         0.33617797 0.        ]
 [0.32755005 0.3298027  0.         0.         0.34264728 0.        ]
 [0.33026028 0.32180938 0.         0.         0.34793037 0.        ]
 [0.32803184 0.         0.         0.34391856 0.         0.32804963]
 [0.32939255 0.         0.         0.344153   0.         0.32645443]
 [0.32731235 0.         0.         0.34295005 0.         0.32973763]
 [0.31588697 0.         0.         0.34678283 0.         0.33733022]
 [0.         0.         0.         0.33513674 0.3240254  0.34083784]
 [0.3163031  0.         0.         0.34535238 0.         0.33834448]
 [0.         0.         0.         0.34816962 0.32348093 0.3283494 ]
 [0.31145987 0.         0.         0.34835887 0.         0.34018123]
 [0.30966836 0.         0.         0.34784207 0.         0.3424895 ]
 [0.3311946  0.         0.         0.3436045  0.32520086 0.        ]
 [0.33202246 0.         0.         0.34260568 0.32537195 0.        ]
 [0.3311599  0.         0.         0.34029043 0.32854974 0.        ]
 [0.32416648 0.         0.         0.34808373 0.         0.3277498 ]
 [0.32422876 0.         0.         0.34761074 0.         0.32816055]
 [0.32679468 0.         0.         0.34785178 0.         0.32535353]
 [0.3156377  0.         0.         0.35000092 0.         0.33436134]
 [0.35000163 0.         0.33267307 0.3173253  0.         0.        ]
 [0.3555707  0.         0.31824145 0.3261878  0.         0.        ]
 [0.3517862  0.         0.32407776 0.324136   0.         0.        ]
 [0.3567442  0.         0.31470126 0.3285545  0.         0.        ]
 [0.35653603 0.         0.31780013 0.32566383 0.         0.        ]
 [0.35294756 0.         0.32258567 0.3244668  0.         0.        ]
 [0.35679665 0.         0.3142083  0.32899508 0.         0.        ]
 [0.35645798 0.         0.3160561  0.32748598 0.         0.        ]
 [0.35174146 0.         0.33194205 0.3163165  0.         0.        ]
 [0.36022803 0.         0.32204604 0.3177259  0.         0.        ]
 [0.35935637 0.         0.32521486 0.31542876 0.         0.        ]
 [0.35774285 0.         0.32704735 0.31520987 0.         0.        ]
 [0.35994637 0.         0.32236674 0.3176869  0.         0.        ]
 [0.3658525  0.         0.30631465 0.32783288 0.         0.        ]
 [0.35530213 0.         0.3303557  0.3143422  0.         0.        ]
 [0.35860866 0.         0.3240278  0.3173636  0.         0.        ]]
        Validation Criterion: 0.00067130
        Saving best model so far ...
12:54:03      Epoch:   0      Batch:   0      OuterStep: 610      LossModel: 0.00012807     LossTerm2: 0.00000000      Time/Step(s): 2.4575Term3 quantities: 
 [[0.         0.32311213 0.36263233 0.         0.31425557 0.        ]
 [0.         0.32826003 0.35443783 0.         0.31730208 0.        ]
 [0.         0.32906106 0.35230634 0.         0.3186326  0.        ]
 [0.         0.32632262 0.35475922 0.         0.         0.31891823]
 [0.         0.32610607 0.3526682  0.         0.         0.3212257 ]
 [0.         0.32788113 0.3490805  0.         0.         0.32303834]
 [0.         0.32733974 0.3492177  0.         0.         0.32344252]
 [0.         0.32701847 0.3451559  0.         0.         0.32782564]
 [0.         0.3273158  0.34419373 0.         0.         0.32849044]
 [0.         0.3292029  0.33655196 0.         0.         0.33424515]
 [0.         0.32825825 0.34230164 0.         0.         0.3294401 ]
 [0.         0.3289357  0.3388281  0.         0.         0.33223617]
 [0.         0.32892364 0.33445808 0.         0.         0.3366183 ]
 [0.         0.33174166 0.         0.         0.31000343 0.35825488]
 [0.         0.33174035 0.         0.         0.31998882 0.34827083]
 [0.         0.33126107 0.         0.         0.30580652 0.3629325 ]
 [0.31456804 0.34726095 0.         0.         0.33817106 0.        ]
 [0.31266558 0.3446636  0.         0.         0.3426708  0.        ]
 [0.31502923 0.3349473  0.         0.         0.3500235  0.        ]
 [0.30825406 0.33737534 0.         0.         0.35437062 0.        ]
 [0.31620666 0.34802547 0.         0.         0.33576787 0.        ]
 [0.3192252  0.33994907 0.         0.         0.3408258  0.        ]
 [0.31730333 0.3353122  0.         0.         0.3473845  0.        ]
 [0.32045352 0.32759294 0.         0.         0.35195345 0.        ]
 [0.31930748 0.34634504 0.         0.         0.33434755 0.        ]
 [0.3187358  0.34374964 0.         0.         0.33751455 0.        ]
 [0.32092756 0.3362462  0.         0.         0.34282625 0.        ]
 [0.32316974 0.32736903 0.         0.         0.34946126 0.        ]
 [0.31769645 0.35222194 0.         0.         0.33008164 0.        ]
 [0.321219   0.34246346 0.         0.         0.33631754 0.        ]
 [0.327523   0.32974234 0.         0.         0.34273463 0.        ]
 [0.33014658 0.32183638 0.         0.         0.34801704 0.        ]
 [0.32823634 0.         0.         0.3437848  0.         0.3279788 ]
 [0.329603   0.         0.         0.34402898 0.         0.32636806]
 [0.32754552 0.         0.         0.3428311  0.         0.3296234 ]
 [0.31611833 0.         0.         0.34657767 0.         0.33730406]
 [0.         0.         0.         0.33487254 0.32403296 0.34109443]
 [0.3165515  0.         0.         0.3451537  0.         0.3382948 ]
 [0.         0.         0.         0.34801176 0.32384413 0.32814407]
 [0.311652   0.         0.         0.3480802  0.         0.34026778]
 [0.30986235 0.         0.         0.34755808 0.         0.3425796 ]
 [0.33127353 0.         0.         0.3435592  0.3251673  0.        ]
 [0.33205426 0.         0.         0.3424973  0.32544845 0.        ]
 [0.33129227 0.         0.         0.34008476 0.32862303 0.        ]
 [0.32441008 0.         0.         0.34787694 0.         0.3277131 ]
 [0.32452255 0.         0.         0.34744915 0.         0.32802826]
 [0.32700342 0.         0.         0.3476407  0.         0.32535592]
 [0.31585106 0.         0.         0.34971973 0.         0.33442914]
 [0.34988922 0.         0.33270097 0.31740984 0.         0.        ]
 [0.35546783 0.         0.31824908 0.32628304 0.         0.        ]
 [0.35170728 0.         0.32406837 0.32422435 0.         0.        ]
 [0.35651225 0.         0.31461796 0.32886973 0.         0.        ]
 [0.3564359  0.         0.31780714 0.325757   0.         0.        ]
 [0.35286188 0.         0.32259035 0.32454783 0.         0.        ]
 [0.35663638 0.         0.31427228 0.32909143 0.         0.        ]
 [0.35628468 0.         0.31603727 0.32767802 0.         0.        ]
 [0.3516679  0.         0.3319689  0.31636316 0.         0.        ]
 [0.3601072  0.         0.32206228 0.31783062 0.         0.        ]
 [0.35931107 0.         0.32522133 0.31546763 0.         0.        ]
 [0.3577087  0.         0.32705656 0.31523478 0.         0.        ]
 [0.35978115 0.         0.32241836 0.3178005  0.         0.        ]
 [0.36570692 0.         0.30625206 0.32804102 0.         0.        ]
 [0.35525328 0.         0.33036804 0.31437862 0.         0.        ]
 [0.35846493 0.         0.32406813 0.31746697 0.         0.        ]]
12:54:27      Epoch:   0      Batch:   0      OuterStep: 620      LossModel: 0.00011232     LossTerm2: 0.00000000      Time/Step(s): 2.5490Term3 quantities: 
 [[0.         0.32303816 0.36269388 0.         0.314268   0.        ]
 [0.         0.32816905 0.3545435  0.         0.31728745 0.        ]
 [0.         0.32889044 0.35247365 0.         0.31863594 0.        ]
 [0.         0.32622722 0.35488534 0.         0.         0.31888738]
 [0.         0.3261785  0.35275254 0.         0.         0.321069  ]
 [0.         0.32784534 0.34920505 0.         0.         0.32294962]
 [0.         0.3274084  0.3492781  0.         0.         0.32331344]
 [0.         0.32708988 0.34519076 0.         0.         0.32771933]
 [0.         0.32734284 0.3442035  0.         0.         0.32845366]
 [0.         0.3292173  0.3366164  0.         0.         0.33416632]
 [0.         0.32830396 0.34229806 0.         0.         0.32939804]
 [0.         0.32906172 0.33879066 0.         0.         0.3321476 ]
 [0.         0.32904813 0.33443296 0.         0.         0.3365189 ]
 [0.         0.33168975 0.         0.         0.3098252  0.358485  ]
 [0.         0.3317546  0.         0.         0.3199523  0.34829307]
 [0.         0.33125174 0.         0.         0.30557173 0.36317658]
 [0.31475633 0.347306   0.         0.         0.33793768 0.        ]
 [0.3127319  0.3448282  0.         0.         0.34243992 0.        ]
 [0.31505784 0.33518746 0.         0.         0.3497547  0.        ]
 [0.30826262 0.33754826 0.         0.         0.35418913 0.        ]
 [0.31646022 0.3481138  0.         0.         0.3354259  0.        ]
 [0.31945005 0.34002116 0.         0.         0.3405288  0.        ]
 [0.31745648 0.33542976 0.         0.         0.34711376 0.        ]
 [0.3206064  0.3277032  0.         0.         0.35169038 0.        ]
 [0.31961256 0.3463963  0.         0.         0.33399114 0.        ]
 [0.3190366  0.34378657 0.         0.         0.3371769  0.        ]
 [0.32112905 0.3363805  0.         0.         0.34249046 0.        ]
 [0.32333228 0.32753676 0.         0.         0.34913096 0.        ]
 [0.31809023 0.35216665 0.         0.         0.32974318 0.        ]
 [0.32148203 0.34247595 0.         0.         0.33604202 0.        ]
 [0.3277942  0.3297958  0.         0.         0.34241003 0.        ]
 [0.33034867 0.32197088 0.         0.         0.34768036 0.        ]
 [0.32827935 0.         0.         0.34357405 0.         0.32814664]
 [0.32968497 0.         0.         0.34383702 0.         0.32647806]
 [0.32768914 0.         0.         0.34266275 0.         0.32964814]
 [0.31623933 0.         0.         0.34624243 0.         0.33751822]
 [0.         0.         0.         0.3343459  0.32389858 0.34175548]
 [0.316697   0.         0.         0.34481743 0.         0.3384856 ]
 [0.         0.         0.         0.3474966  0.32403862 0.3284648 ]
 [0.31168085 0.         0.         0.34756693 0.         0.34075215]
 [0.3099121  0.         0.         0.3470476  0.         0.3430404 ]
 [0.33139524 0.         0.         0.34346354 0.32514125 0.        ]
 [0.33216074 0.         0.         0.34240463 0.32543463 0.        ]
 [0.33131066 0.         0.         0.33988667 0.3288027  0.        ]
 [0.3244909  0.         0.         0.34757042 0.         0.32793868]
 [0.32459244 0.         0.         0.347091   0.         0.32831657]
 [0.32714573 0.         0.         0.34734812 0.         0.32550612]
 [0.3158828  0.         0.         0.34924635 0.         0.33487087]
 [0.34971008 0.         0.33258545 0.31770447 0.         0.        ]
 [0.3553161  0.         0.31814793 0.32653603 0.         0.        ]
 [0.35156447 0.         0.32398432 0.32445118 0.         0.        ]
 [0.35624412 0.         0.3145981  0.32915777 0.         0.        ]
 [0.3563022  0.         0.3176953  0.32600254 0.         0.        ]
 [0.35272995 0.         0.32250023 0.3247698  0.         0.        ]
 [0.35641366 0.         0.31420502 0.32938135 0.         0.        ]
 [0.35612786 0.         0.3158259  0.32804623 0.         0.        ]
 [0.3515402  0.         0.331878   0.31658176 0.         0.        ]
 [0.35986298 0.         0.32194802 0.318189   0.         0.        ]
 [0.3591883  0.         0.32508913 0.31572264 0.         0.        ]
 [0.35759366 0.         0.3269413  0.31546506 0.         0.        ]
 [0.35951862 0.         0.32231095 0.31817043 0.         0.        ]
 [0.3654972  0.         0.3060743  0.32842845 0.         0.        ]
 [0.35510024 0.         0.33026534 0.31463444 0.         0.        ]
 [0.35819128 0.         0.3239668  0.31784192 0.         0.        ]]
12:54:51      Epoch:   0      Batch:   0      OuterStep: 630      LossModel: 0.00010661     LossTerm2: 0.00000000      Time/Step(s): 2.4038Term3 quantities: 
 [[0.         0.32297063 0.36286986 0.         0.31415957 0.        ]
 [0.         0.3280914  0.35469708 0.         0.3172115  0.        ]
 [0.         0.32878295 0.35257766 0.         0.3186395  0.        ]
 [0.         0.32621884 0.35499004 0.         0.         0.31879115]
 [0.         0.32612565 0.35284948 0.         0.         0.32102492]
 [0.         0.3278229  0.3492952  0.         0.         0.32288185]
 [0.         0.32740882 0.34933484 0.         0.         0.32325637]
 [0.         0.3271701  0.34519765 0.         0.         0.32763225]
 [0.         0.3273642  0.3441975  0.         0.         0.3284383 ]
 [0.         0.32924035 0.33667228 0.         0.         0.3340874 ]
 [0.         0.328376   0.3422774  0.         0.         0.32934657]
 [0.         0.32925993 0.33872718 0.         0.         0.3320129 ]
 [0.         0.32908705 0.33442765 0.         0.         0.3364853 ]
 [0.         0.33162218 0.         0.         0.30986285 0.35851493]
 [0.         0.33176672 0.         0.         0.3199911  0.34824213]
 [0.         0.33121702 0.         0.         0.30557215 0.36321086]
 [0.31477356 0.34719703 0.         0.         0.33802938 0.        ]
 [0.3126487  0.34484425 0.         0.         0.3425071  0.        ]
 [0.31491432 0.33525932 0.         0.         0.34982637 0.        ]
 [0.308091   0.33755308 0.         0.         0.35435587 0.        ]
 [0.3165315  0.34800047 0.         0.         0.335468   0.        ]
 [0.31948784 0.33990234 0.         0.         0.34060982 0.        ]
 [0.31741855 0.33534014 0.         0.         0.3472413  0.        ]
 [0.32055777 0.32762986 0.         0.         0.35181233 0.        ]
 [0.3197241  0.34622914 0.         0.         0.3340467  0.        ]
 [0.31908825 0.34370396 0.         0.         0.33720773 0.        ]
 [0.32110357 0.33632722 0.         0.         0.34256914 0.        ]
 [0.32327357 0.3275051  0.         0.         0.34922126 0.        ]
 [0.31826413 0.3519447  0.         0.         0.3297912  0.        ]
 [0.321528   0.34230122 0.         0.         0.33617082 0.        ]
 [0.32784152 0.32967696 0.         0.         0.34248155 0.        ]
 [0.3303155  0.32190427 0.         0.         0.34778026 0.        ]
 [0.32847032 0.         0.         0.34348637 0.         0.3280433 ]
 [0.32983023 0.         0.         0.3437423  0.         0.32642752]
 [0.32790416 0.         0.         0.34259382 0.         0.32950202]
 [0.31653735 0.         0.         0.3461256  0.         0.33733702]
 [0.         0.         0.         0.33411792 0.32399228 0.34188983]
 [0.3169862  0.         0.         0.34469813 0.         0.33831573]
 [0.         0.         0.         0.34751713 0.32450357 0.3279793 ]
 [0.31190965 0.         0.         0.347377   0.         0.34071335]
 [0.3101663  0.         0.         0.3468585  0.         0.3429753 ]
 [0.3314497  0.         0.         0.3431429  0.32540733 0.        ]
 [0.33223042 0.         0.         0.3422424  0.32552722 0.        ]
 [0.33131602 0.         0.         0.33971146 0.3289725  0.        ]
 [0.3246837  0.         0.         0.34742543 0.         0.32789087]
 [0.32480097 0.         0.         0.3469739  0.         0.3282252 ]
 [0.32740942 0.         0.         0.34722078 0.         0.3253698 ]
 [0.31607735 0.         0.         0.34905618 0.         0.33486643]
 [0.3495233  0.         0.33256477 0.3179119  0.         0.        ]
 [0.3551434  0.         0.31812596 0.32673064 0.         0.        ]
 [0.35143146 0.         0.32395917 0.32460934 0.         0.        ]
 [0.35609993 0.         0.31451607 0.32938403 0.         0.        ]
 [0.35613313 0.         0.31766757 0.32619926 0.         0.        ]
 [0.35259387 0.         0.32247493 0.32493123 0.         0.        ]
 [0.3562416  0.         0.31421056 0.32954782 0.         0.        ]
 [0.35598934 0.         0.31568372 0.328327   0.         0.        ]
 [0.35140824 0.         0.33185962 0.3167322  0.         0.        ]
 [0.35959738 0.         0.32193643 0.31846616 0.         0.        ]
 [0.3590489  0.         0.32504478 0.3159063  0.         0.        ]
 [0.35746512 0.         0.32690832 0.31562653 0.         0.        ]
 [0.35926014 0.         0.32228878 0.31845105 0.         0.        ]
 [0.3653174  0.         0.30595988 0.32872277 0.         0.        ]
 [0.35493296 0.         0.33025205 0.31481495 0.         0.        ]
 [0.3578996  0.         0.32397842 0.31812197 0.         0.        ]]
12:55:16      Epoch:   0      Batch:   0      OuterStep: 640      LossModel: 0.00010395     LossTerm2: 0.00000000      Time/Step(s): 2.2904Term3 quantities: 
 [[0.         0.322942   0.3630233  0.         0.31403476 0.        ]
 [0.         0.32803753 0.3548412  0.         0.3171212  0.        ]
 [0.         0.32871965 0.35265565 0.         0.         0.31862473]
 [0.         0.32622176 0.35503447 0.         0.         0.31874374]
 [0.         0.3260565  0.3529482  0.         0.         0.32099545]
 [0.         0.32783842 0.34937415 0.         0.         0.32278746]
 [0.         0.32737848 0.34938672 0.         0.         0.32323486]
 [0.         0.32708445 0.34527552 0.         0.         0.32764006]
 [0.         0.32744685 0.3441815  0.         0.         0.32837164]
 [0.         0.32920957 0.3367316  0.         0.         0.33405885]
 [0.         0.32851994 0.34224182 0.         0.         0.32923824]
 [0.         0.32935178 0.33867723 0.         0.         0.33197102]
 [0.         0.32913944 0.3344064  0.         0.         0.33645427]
 [0.         0.33150578 0.         0.         0.30996072 0.3585335 ]
 [0.         0.33175278 0.         0.         0.32008895 0.3481583 ]
 [0.         0.33112586 0.         0.         0.305636   0.36323816]
 [0.31469944 0.34706357 0.         0.         0.338237   0.        ]
 [0.31242818 0.34488207 0.         0.         0.34268975 0.        ]
 [0.31464654 0.33534908 0.         0.         0.3500044  0.        ]
 [0.30781323 0.33757952 0.         0.         0.3546072  0.        ]
 [0.3164888  0.34785864 0.         0.         0.33565253 0.        ]
 [0.31939933 0.33977664 0.         0.         0.340824   0.        ]
 [0.31727326 0.33523872 0.         0.         0.34748805 0.        ]
 [0.3203778  0.32757905 0.         0.         0.35204315 0.        ]
 [0.31972566 0.34601414 0.         0.         0.3342602  0.        ]
 [0.3190307  0.34352586 0.         0.         0.33744338 0.        ]
 [0.3209877  0.33622324 0.         0.         0.34278908 0.        ]
 [0.3230759  0.3274912  0.         0.         0.34943295 0.        ]
 [0.31828097 0.3517187  0.         0.         0.33000028 0.        ]
 [0.3214489  0.3421389  0.         0.         0.33641216 0.        ]
 [0.32775036 0.32955876 0.         0.         0.34269094 0.        ]
 [0.33015501 0.32181907 0.         0.         0.3480259  0.        ]
 [0.3287198  0.         0.         0.34342083 0.         0.32785937]
 [0.33008766 0.         0.         0.34368283 0.         0.32622957]
 [0.32816613 0.         0.         0.34253728 0.         0.32929656]
 [0.31679577 0.         0.         0.346017   0.         0.3371872 ]
 [0.         0.         0.         0.33398795 0.3241661  0.341846  ]
 [0.317273   0.         0.         0.34458342 0.         0.3381435 ]
 [0.         0.         0.         0.34740314 0.3249975  0.32759935]
 [0.3121745  0.         0.         0.3472217  0.         0.3406038 ]
 [0.31045786 0.         0.         0.346702   0.         0.34284014]
 [0.33144283 0.         0.         0.34304157 0.32551557 0.        ]
 [0.33222175 0.         0.         0.3421157  0.32566255 0.        ]
 [0.3314388  0.         0.         0.33954087 0.3290203  0.        ]
 [0.32493678 0.         0.         0.34730887 0.         0.32775435]
 [0.32504672 0.         0.         0.346853   0.         0.32810032]
 [0.32765138 0.         0.         0.347101   0.         0.32524756]
 [0.3162996  0.         0.         0.34888512 0.         0.33481532]
 [0.3493649  0.         0.33261636 0.31801867 0.         0.        ]
 [0.35500142 0.         0.3181674  0.3268312  0.         0.        ]
 [0.35135832 0.         0.32395917 0.32468262 0.         0.        ]
 [0.35597154 0.         0.31436393 0.32966453 0.         0.        ]
 [0.35598907 0.         0.31770933 0.32630157 0.         0.        ]
 [0.35250452 0.         0.32249114 0.32500434 0.         0.        ]
 [0.3560587  0.         0.31426093 0.3296804  0.         0.        ]
 [0.35591218 0.         0.31564477 0.32844305 0.         0.        ]
 [0.35130408 0.         0.3318859  0.31680998 0.         0.        ]
 [0.35939533 0.         0.32200083 0.31860384 0.         0.        ]
 [0.35893345 0.         0.3250766  0.3159899  0.         0.        ]
 [0.35736838 0.         0.32693323 0.31569836 0.         0.        ]
 [0.35900787 0.         0.32237867 0.31861347 0.         0.        ]
 [0.36519215 0.         0.30587545 0.3289324  0.         0.        ]
 [0.35480964 0.         0.33029383 0.31489652 0.         0.        ]
 [0.3576475  0.         0.32407916 0.3182733  0.         0.        ]]
12:55:40      Epoch:   0      Batch:   0      OuterStep: 650      LossModel: 0.00019362     LossTerm2: 0.00000000      Time/Step(s): 2.2716Term3 quantities: 
 [[0.         0.32288668 0.3630891  0.         0.31402424 0.        ]
 [0.         0.3279613  0.35492384 0.         0.3171149  0.        ]
 [0.         0.32860973 0.35275555 0.         0.         0.31863472]
 [0.         0.32620043 0.35508943 0.         0.         0.31871015]
 [0.         0.3259976  0.35302538 0.         0.         0.32097706]
 [0.         0.32774237 0.34946367 0.         0.         0.32279393]
 [0.         0.32733637 0.34943712 0.         0.         0.3232265 ]
 [0.         0.32692087 0.34537664 0.         0.         0.32770252]
 [0.         0.32747087 0.34416056 0.         0.         0.3283686 ]
 [0.         0.3292368  0.33677712 0.         0.         0.33398607]
 [0.         0.3285658  0.34222424 0.         0.         0.32920995]
 [0.         0.32940802 0.33865607 0.         0.         0.3319359 ]
 [0.         0.32921663 0.33440918 0.         0.         0.3363742 ]
 [0.         0.33155307 0.         0.         0.3098256  0.3586214 ]
 [0.         0.331839   0.         0.         0.3200611  0.34809992]
 [0.         0.33120808 0.         0.         0.3054696  0.3633223 ]
 [0.3148181  0.3471598  0.         0.         0.33802217 0.        ]
 [0.31244004 0.34507227 0.         0.         0.3424877  0.        ]
 [0.31462142 0.33558515 0.         0.         0.34979346 0.        ]
 [0.30776352 0.33778867 0.         0.         0.3544478  0.        ]
 [0.31666616 0.34797552 0.         0.         0.3353584  0.        ]
 [0.31955704 0.33987996 0.         0.         0.34056303 0.        ]
 [0.31737074 0.3353863  0.         0.         0.34724304 0.        ]
 [0.32046047 0.32772505 0.         0.         0.3518145  0.        ]
 [0.31996366 0.3460912  0.         0.         0.33394513 0.        ]
 [0.31921408 0.34359494 0.         0.         0.33719096 0.        ]
 [0.32111415 0.33638978 0.         0.         0.34249607 0.        ]
 [0.32318932 0.32765028 0.         0.         0.34916043 0.        ]
 [0.31857416 0.3517532  0.         0.         0.32967263 0.        ]
 [0.3216413  0.3422594  0.         0.         0.3360994  0.        ]
 [0.32799852 0.32963696 0.         0.         0.34236452 0.        ]
 [0.33031717 0.32194245 0.         0.         0.34774038 0.        ]
 [0.3288035  0.         0.         0.3432784  0.         0.3279181 ]
 [0.33016703 0.         0.         0.34353966 0.         0.32629338]
 [0.32828552 0.         0.         0.34241796 0.         0.3292965 ]
 [0.31689516 0.         0.         0.3457919  0.         0.33731297]
 [0.         0.         0.         0.33367682 0.32416263 0.34216052]
 [0.31743282 0.         0.         0.34437728 0.         0.3381898 ]
 [0.         0.         0.         0.3471826  0.3252947  0.3275227 ]
 [0.3122862  0.         0.         0.34690413 0.         0.3408097 ]
 [0.31059647 0.         0.         0.34639058 0.         0.343013  ]
 [0.3314615  0.         0.         0.3429725  0.32556608 0.        ]
 [0.33220267 0.         0.         0.34205523 0.32574207 0.        ]
 [0.33155617 0.         0.         0.3393875  0.32905632 0.        ]
 [0.32504162 0.         0.         0.34711084 0.         0.3278476 ]
 [0.32516813 0.         0.         0.34665108 0.         0.32818082]
 [0.32781565 0.         0.         0.3468962  0.         0.32528815]
 [0.31639966 0.         0.         0.34858677 0.         0.3350136 ]
 [0.34920293 0.         0.3325742  0.31822285 0.         0.        ]
 [0.35492024 0.         0.31809998 0.3269798  0.         0.        ]
 [0.35131857 0.         0.32386103 0.32482037 0.         0.        ]
 [0.35587952 0.         0.31419477 0.3299257  0.         0.        ]
 [0.35589892 0.         0.3176483  0.32645282 0.         0.        ]
 [0.35245824 0.         0.3224018  0.32514003 0.         0.        ]
 [0.35587904 0.         0.3142646  0.32985634 0.         0.        ]
 [0.35579488 0.         0.31541377 0.32879135 0.         0.        ]
 [0.35120085 0.         0.33183512 0.31696403 0.         0.        ]
 [0.3592231  0.         0.32194063 0.31883624 0.         0.        ]
 [0.35882345 0.         0.3250073  0.31616935 0.         0.        ]
 [0.35727206 0.         0.32686692 0.315861   0.         0.        ]
 [0.3587419  0.         0.32237723 0.31888083 0.         0.        ]
 [0.3651108  0.         0.30570805 0.32918113 0.         0.        ]
 [0.35468763 0.         0.33023638 0.31507602 0.         0.        ]
 [0.3573941  0.         0.32407263 0.31853333 0.         0.        ]]
        Validation Criterion: 0.00072229
12:56:06      Epoch:   0      Batch:   0      OuterStep: 660      LossModel: 0.00010200     LossTerm2: 0.00000000      Time/Step(s): 2.2910Term3 quantities: 
 [[0.         0.32278627 0.36323643 0.         0.3139773  0.        ]
 [0.         0.32780716 0.35507557 0.         0.31711718 0.        ]
 [0.         0.32843116 0.35293084 0.         0.         0.31863806]
 [0.         0.3260146  0.35521343 0.         0.         0.31877202]
 [0.         0.32588053 0.35311842 0.         0.         0.3210011 ]
 [0.         0.3275183  0.34963697 0.         0.         0.32284465]
 [0.         0.32736313 0.34949547 0.         0.         0.3231414 ]
 [0.         0.32688713 0.3454189  0.         0.         0.32769394]
 [0.         0.3273648  0.3442183  0.         0.         0.32841685]
 [0.         0.32924372 0.3368313  0.         0.         0.333925  ]
 [0.         0.328491   0.34225562 0.         0.         0.32925338]
 [0.         0.3293555  0.3386513  0.         0.         0.33199313]
 [0.         0.32922712 0.3343957  0.         0.         0.33637726]
 [0.         0.33155623 0.         0.         0.30965474 0.3587891 ]
 [0.         0.33191848 0.         0.         0.32004035 0.3480412 ]
 [0.         0.33122966 0.         0.         0.30524707 0.36352322]
 [0.3149142  0.34726322 0.         0.         0.3378226  0.        ]
 [0.31244242 0.34525362 0.         0.         0.34230396 0.        ]
 [0.3146092  0.33578095 0.         0.         0.34960985 0.        ]
 [0.30777305 0.33790672 0.         0.         0.3543202  0.        ]
 [0.31679592 0.34812063 0.         0.         0.33508345 0.        ]
 [0.31969628 0.33994463 0.         0.         0.34035912 0.        ]
 [0.31747696 0.33547404 0.         0.         0.34704903 0.        ]
 [0.32056066 0.32781503 0.         0.         0.35162425 0.        ]
 [0.32017487 0.34613797 0.         0.         0.3336872  0.        ]
 [0.3194184  0.34358314 0.         0.         0.33699846 0.        ]
 [0.32126838 0.33642325 0.         0.         0.34230843 0.        ]
 [0.32330307 0.3277353  0.         0.         0.34896165 0.        ]
 [0.31882796 0.35176465 0.         0.         0.3294073  0.        ]
 [0.32182702 0.34230492 0.         0.         0.33586812 0.        ]
 [0.3282123  0.32965815 0.         0.         0.34212953 0.        ]
 [0.33045658 0.32202193 0.         0.         0.3475215  0.        ]
 [0.3288851  0.         0.         0.34309566 0.         0.3280193 ]
 [0.33023256 0.         0.         0.34335876 0.         0.32640868]
 [0.32843375 0.         0.         0.3422642  0.         0.3293021 ]
 [0.31698582 0.         0.         0.3454671  0.         0.33754715]
 [0.         0.         0.         0.33305076 0.32413134 0.34281793]
 [0.317562   0.         0.         0.34406203 0.         0.33837602]
 [0.         0.         0.         0.34669286 0.3255735  0.32773367]
 [0.31232813 0.         0.         0.34643066 0.         0.3412412 ]
 [0.3106641  0.         0.         0.34591365 0.         0.3434223 ]
 [0.33159477 0.         0.         0.34278914 0.32561618 0.        ]
 [0.33229208 0.         0.         0.34192812 0.32577986 0.        ]
 [0.33166954 0.         0.         0.3391962  0.32913423 0.        ]
 [0.32513607 0.         0.         0.3468132  0.         0.32805073]
 [0.32529628 0.         0.         0.34637198 0.         0.3283318 ]
 [0.3279806  0.         0.         0.34664553 0.         0.32537395]
 [0.31643412 0.         0.         0.3481372  0.         0.33542866]
 [0.34897378 0.         0.33252504 0.3185012  0.         0.        ]
 [0.35478884 0.         0.3179998  0.32721135 0.         0.        ]
 [0.35121134 0.         0.32375586 0.3250328  0.         0.        ]
 [0.3557432  0.         0.31408164 0.33017513 0.         0.        ]
 [0.35577017 0.         0.31755123 0.32667857 0.         0.        ]
 [0.35234782 0.         0.32230496 0.32534724 0.         0.        ]
 [0.3556554  0.         0.31425357 0.33009097 0.         0.        ]
 [0.35558376 0.         0.31532842 0.32908782 0.         0.        ]
 [0.35105082 0.         0.33177274 0.31717643 0.         0.        ]
 [0.35892874 0.         0.32187244 0.31919885 0.         0.        ]
 [0.35864544 0.         0.32493335 0.3164212  0.         0.        ]
 [0.35711524 0.         0.32679147 0.31609336 0.         0.        ]
 [0.3584104  0.         0.322355   0.31923464 0.         0.        ]
 [0.3649926  0.         0.30551097 0.32949644 0.         0.        ]
 [0.35450554 0.         0.33016253 0.31533194 0.         0.        ]
 [0.35708386 0.         0.32405728 0.31885886 0.         0.        ]]
12:56:30      Epoch:   0      Batch:   0      OuterStep: 670      LossModel: 0.00009611     LossTerm2: 0.00000000      Time/Step(s): 2.5490Term3 quantities: 
 [[0.         0.32276833 0.36330658 0.         0.31392506 0.        ]
 [0.         0.3276579  0.35525647 0.         0.31708556 0.        ]
 [0.         0.3283224  0.35302782 0.         0.31864977 0.        ]
 [0.         0.32587382 0.35528773 0.         0.         0.31883848]
 [0.         0.32566476 0.35323447 0.         0.         0.32110074]
 [0.         0.32738906 0.34973237 0.         0.         0.3228786 ]
 [0.         0.32740116 0.34950152 0.         0.         0.32309726]
 [0.         0.32686514 0.34544018 0.         0.         0.32769465]
 [0.         0.32736263 0.3441965  0.         0.         0.32844087]
 [0.         0.3292244  0.336862   0.         0.         0.33391365]
 [0.         0.32843205 0.34225023 0.         0.         0.32931772]
 [0.         0.32937568 0.33862275 0.         0.         0.3320016 ]
 [0.         0.32923982 0.33438587 0.         0.         0.33637428]
 [0.         0.331511   0.         0.         0.30962786 0.35886118]
 [0.         0.33198032 0.         0.         0.320076   0.34794363]
 [0.         0.3312174  0.         0.         0.30516815 0.36361444]
 [0.31495994 0.3472522  0.         0.         0.33778793 0.        ]
 [0.31239304 0.34533262 0.         0.         0.3422743  0.        ]
 [0.31451875 0.3358805  0.         0.         0.3496008  0.        ]
 [0.30771363 0.33795112 0.         0.         0.35433525 0.        ]
 [0.31687975 0.3481242  0.         0.         0.33499607 0.        ]
 [0.3197474  0.3398919  0.         0.         0.34036067 0.        ]
 [0.31750268 0.33546212 0.         0.         0.3470352  0.        ]
 [0.32056662 0.3278223  0.         0.         0.35161105 0.        ]
 [0.32027513 0.34608287 0.         0.         0.33364192 0.        ]
 [0.3194758  0.3435126  0.         0.         0.33701164 0.        ]
 [0.32131195 0.33636552 0.         0.         0.3423226  0.        ]
 [0.32330307 0.32774296 0.         0.         0.34895393 0.        ]
 [0.31894752 0.35162827 0.         0.         0.32942426 0.        ]
 [0.32187566 0.34226805 0.         0.         0.3358563  0.        ]
 [0.32827523 0.32958233 0.         0.         0.34214243 0.        ]
 [0.3304811  0.3219972  0.         0.         0.34752166 0.        ]
 [0.32887867 0.         0.         0.34298396 0.         0.3281373 ]
 [0.33027625 0.         0.         0.3432732  0.         0.3264506 ]
 [0.32843938 0.         0.         0.3421646  0.         0.329396  ]
 [0.31708655 0.         0.         0.34532943 0.         0.33758405]
 [0.         0.         0.         0.33274737 0.32413918 0.34311348]
 [0.31767118 0.         0.         0.34392193 0.         0.3384069 ]
 [0.         0.         0.         0.34650537 0.32587487 0.32761982]
 [0.31237993 0.         0.         0.34623036 0.         0.34138978]
 [0.3107452  0.         0.         0.3457211  0.         0.34353375]
 [0.3316219  0.         0.         0.3426701  0.32570803 0.        ]
 [0.33230388 0.         0.         0.34184918 0.3258469  0.        ]
 [0.33172733 0.         0.         0.33909214 0.32918054 0.        ]
 [0.32515025 0.         0.         0.34666115 0.         0.32818866]
 [0.32535857 0.         0.         0.34622738 0.         0.32841405]
 [0.32806888 0.         0.         0.34649473 0.         0.32543647]
 [0.31648776 0.         0.         0.34794828 0.         0.335564  ]
 [0.3488219  0.         0.33251026 0.31866783 0.         0.        ]
 [0.35468692 0.         0.31796366 0.3273494  0.         0.        ]
 [0.35112315 0.         0.3237166  0.32516024 0.         0.        ]
 [0.3557774  0.         0.31392488 0.3302978  0.         0.        ]
 [0.35568586 0.         0.31751248 0.3268016  0.         0.        ]
 [0.35225457 0.         0.3222746  0.32547083 0.         0.        ]
 [0.35547733 0.         0.31429824 0.3302244  0.         0.        ]
 [0.35546178 0.         0.31525528 0.32928288 0.         0.        ]
 [0.3509566  0.         0.33173954 0.3173038  0.         0.        ]
 [0.35871035 0.         0.3218877  0.31940195 0.         0.        ]
 [0.35854307 0.         0.3248862  0.31657067 0.         0.        ]
 [0.3570262  0.         0.32674396 0.31622985 0.         0.        ]
 [0.3581868  0.         0.32236683 0.3194464  0.         0.        ]
 [0.364895   0.         0.30535743 0.3297476  0.         0.        ]
 [0.35439032 0.         0.33012506 0.31548464 0.         0.        ]
 [0.3568769  0.         0.3240518  0.31907132 0.         0.        ]]
12:56:55      Epoch:   0      Batch:   0      OuterStep: 680      LossModel: 0.00009679     LossTerm2: 0.00000000      Time/Step(s): 2.5300Term3 quantities: 
 [[0.         0.32279098 0.36332655 0.         0.31388253 0.        ]
 [0.         0.32756415 0.35536638 0.         0.3170695  0.        ]
 [0.         0.32826456 0.35306433 0.         0.31867114 0.        ]
 [0.         0.32589492 0.35527697 0.         0.         0.31882814]
 [0.         0.32571435 0.3532344  0.         0.         0.32105127]
 [0.         0.32741305 0.34973633 0.         0.         0.3228506 ]
 [0.         0.32743686 0.34949145 0.         0.         0.32307166]
 [0.         0.32682332 0.345456   0.         0.         0.32772067]
 [0.         0.32728508 0.34417617 0.         0.         0.32853872]
 [0.         0.32920098 0.33690178 0.         0.         0.33389723]
 [0.         0.32845482 0.3422097  0.         0.         0.3293355 ]
 [0.         0.32938817 0.33856857 0.         0.         0.3320433 ]
 [0.         0.32926413 0.3343532  0.         0.         0.33638275]
 [0.         0.33149296 0.         0.         0.30965248 0.3588546 ]
 [0.         0.3320117  0.         0.         0.3201053  0.347883  ]
 [0.         0.33123088 0.         0.         0.3052016  0.3635676 ]
 [0.3149444  0.34722736 0.         0.         0.3378283  0.        ]
 [0.31228855 0.34537157 0.         0.         0.34233984 0.        ]
 [0.31439784 0.33592024 0.         0.         0.34968185 0.        ]
 [0.3075739  0.33800554 0.         0.         0.35442057 0.        ]
 [0.31688622 0.3481156  0.         0.         0.33499825 0.        ]
 [0.31973636 0.3398244  0.         0.         0.34043923 0.        ]
 [0.31742826 0.33547857 0.         0.         0.34709314 0.        ]
 [0.32048127 0.3278372  0.         0.         0.35168153 0.        ]
 [0.32028735 0.3460168  0.         0.         0.3336959  0.        ]
 [0.31948614 0.3433802  0.         0.         0.33713368 0.        ]
 [0.32127535 0.33632404 0.         0.         0.34240064 0.        ]
 [0.32322624 0.32773513 0.         0.         0.34903866 0.        ]
 [0.3189989  0.351479   0.         0.         0.3295221  0.        ]
 [0.3218549  0.34218302 0.         0.         0.3359621  0.        ]
 [0.32828975 0.32950827 0.         0.         0.342202   0.        ]
 [0.33041173 0.32199794 0.         0.         0.3475903  0.        ]
 [0.32896677 0.         0.         0.34299222 0.         0.328041  ]
 [0.33033922 0.         0.         0.34326693 0.         0.3263939 ]
 [0.32854983 0.         0.         0.34218004 0.         0.32927015]
 [0.31721494 0.         0.         0.34538203 0.         0.33740306]
 [0.         0.         0.         0.33282515 0.3241509  0.34302402]
 [0.31776783 0.         0.         0.343959   0.         0.33827323]
 [0.         0.         0.         0.34659836 0.3261526  0.3272491 ]
 [0.3124212  0.         0.         0.3462786  0.         0.3413002 ]
 [0.31079915 0.         0.         0.34576938 0.         0.34343153]
 [0.33161002 0.         0.         0.34267047 0.3257195  0.        ]
 [0.33228007 0.         0.         0.34185869 0.32586116 0.        ]
 [0.33175525 0.         0.         0.33903825 0.3292065  0.        ]
 [0.3251835  0.         0.         0.3466654  0.         0.32815114]
 [0.32542467 0.         0.         0.3462397  0.         0.32833567]
 [0.32812968 0.         0.         0.34650615 0.         0.32536417]
 [0.31650808 0.         0.         0.34797522 0.         0.33551675]
 [0.3487954  0.         0.33253688 0.31866774 0.         0.        ]
 [0.35466808 0.         0.31798482 0.32734707 0.         0.        ]
 [0.35111278 0.         0.3237506  0.32513666 0.         0.        ]
 [0.35577318 0.         0.3137509  0.3304759  0.         0.        ]
 [0.35567215 0.         0.31751767 0.3268102  0.         0.        ]
 [0.35223797 0.         0.32229987 0.32546213 0.         0.        ]
 [0.35544837 0.         0.31435204 0.33019954 0.         0.        ]
 [0.35541847 0.         0.31517738 0.3294042  0.         0.        ]
 [0.35094962 0.         0.33175144 0.31729898 0.         0.        ]
 [0.35867164 0.         0.32192597 0.31940234 0.         0.        ]
 [0.3585495  0.         0.32488573 0.31656474 0.         0.        ]
 [0.35703412 0.         0.32674792 0.316218   0.         0.        ]
 [0.3581292  0.         0.3224028  0.31946802 0.         0.        ]
 [0.36487508 0.         0.30532882 0.32979608 0.         0.        ]
 [0.3543863  0.         0.3301366  0.31547707 0.         0.        ]
 [0.35682017 0.         0.32408005 0.3190998  0.         0.        ]]
12:57:19      Epoch:   0      Batch:   0      OuterStep: 690      LossModel: 0.00009279     LossTerm2: 0.00000000      Time/Step(s): 2.6765Term3 quantities: 
 [[0.         0.32282495 0.36336166 0.         0.31381336 0.        ]
 [0.         0.32751828 0.35542512 0.         0.31705654 0.        ]
 [0.         0.32824227 0.35308343 0.         0.31867433 0.        ]
 [0.         0.3258347  0.355233   0.         0.         0.31893232]
 [0.         0.3256749  0.3532046  0.         0.         0.32112047]
 [0.         0.32738256 0.34974065 0.         0.         0.32287678]
 [0.         0.32736656 0.34949225 0.         0.         0.32314116]
 [0.         0.3267851  0.3454379  0.         0.         0.327777  ]
 [0.         0.32722828 0.34417298 0.         0.         0.32859874]
 [0.         0.3291418  0.33691671 0.         0.         0.3339415 ]
 [0.         0.32849914 0.34215    0.         0.         0.3293509 ]
 [0.         0.32944307 0.338497   0.         0.         0.33205992]
 [0.         0.3292331  0.33432284 0.         0.         0.3364441 ]
 [0.         0.33144328 0.         0.         0.3097316  0.3588251 ]
 [0.         0.33198613 0.         0.         0.32016227 0.34785163]
 [0.         0.33120373 0.         0.         0.3052876  0.3635087 ]
 [0.31490222 0.3471645  0.         0.         0.33793324 0.        ]
 [0.3121497  0.34538123 0.         0.         0.34246913 0.        ]
 [0.31426015 0.33594832 0.         0.         0.34979156 0.        ]
 [0.30740482 0.33804095 0.         0.         0.35455427 0.        ]
 [0.31686231 0.34806114 0.         0.         0.33507657 0.        ]
 [0.31968334 0.33974832 0.         0.         0.34056836 0.        ]
 [0.31733483 0.33545166 0.         0.         0.34721354 0.        ]
 [0.32036552 0.32782555 0.         0.         0.35180897 0.        ]
 [0.32026854 0.34590864 0.         0.         0.33382288 0.        ]
 [0.3194606  0.3433201  0.         0.         0.33721924 0.        ]
 [0.32120138 0.33626497 0.         0.         0.3425337  0.        ]
 [0.32311034 0.3277179  0.         0.         0.34917173 0.        ]
 [0.31900394 0.351329   0.         0.         0.32966703 0.        ]
 [0.32184133 0.3420069  0.         0.         0.33615175 0.        ]
 [0.32825604 0.32945383 0.         0.         0.3422902  0.        ]
 [0.3303225  0.32195085 0.         0.         0.3477267  0.        ]
 [0.32906193 0.         0.         0.34301436 0.         0.32792372]
 [0.33039546 0.         0.         0.34328023 0.         0.32632434]
 [0.3286608  0.         0.         0.34220678 0.         0.3291324 ]
 [0.31731537 0.         0.         0.34545395 0.         0.33723074]
 [0.         0.         0.         0.33288443 0.32417658 0.342939  ]
 [0.31785482 0.         0.         0.34401688 0.         0.3381284 ]
 [0.         0.         0.         0.34677508 0.32644713 0.3267778 ]
 [0.31246647 0.         0.         0.34635204 0.         0.3411815 ]
 [0.31085235 0.         0.         0.34584093 0.         0.34330672]
 [0.3316124  0.         0.         0.3426877  0.32569996 0.        ]
 [0.3322701  0.         0.         0.3419011  0.32582876 0.        ]
 [0.33179778 0.         0.         0.3389861  0.32921618 0.        ]
 [0.32531923 0.         0.         0.34671983 0.         0.32796097]
 [0.32550174 0.         0.         0.34627187 0.         0.3282264 ]
 [0.32820332 0.         0.         0.34651482 0.         0.3252819 ]
 [0.31654903 0.         0.         0.34803575 0.         0.33541524]
 [0.34878507 0.         0.33256787 0.31864706 0.         0.        ]
 [0.35465297 0.         0.31800798 0.32733905 0.         0.        ]
 [0.3511018  0.         0.32375932 0.32513887 0.         0.        ]
 [0.3557112  0.         0.3137594  0.3305294  0.         0.        ]
 [0.3556436  0.         0.3175519  0.32680446 0.         0.        ]
 [0.352221   0.         0.32233155 0.32544744 0.         0.        ]
 [0.3553763  0.         0.31438562 0.33023807 0.         0.        ]
 [0.35540065 0.         0.31518173 0.32941765 0.         0.        ]
 [0.3509426  0.         0.3317855  0.31727186 0.         0.        ]
 [0.35868236 0.         0.3219233  0.31939438 0.         0.        ]
 [0.35854176 0.         0.32491764 0.31654057 0.         0.        ]
 [0.35703072 0.         0.32677782 0.31619143 0.         0.        ]
 [0.35810873 0.         0.32243142 0.31945983 0.         0.        ]
 [0.3648098  0.         0.30530617 0.32988402 0.         0.        ]
 [0.35438854 0.         0.3301584  0.31545305 0.         0.        ]
 [0.35679185 0.         0.3241252  0.31908298 0.         0.        ]]
12:57:44      Epoch:   0      Batch:   0      OuterStep: 700      LossModel: 0.00009362     LossTerm2: 0.00000000      Time/Step(s): 2.7854Term3 quantities: 
 [[0.         0.32285917 0.36339346 0.         0.31374738 0.        ]
 [0.         0.32747135 0.35548064 0.         0.31704804 0.        ]
 [0.         0.3282165  0.35310978 0.         0.         0.31867373]
 [0.         0.32580265 0.35523358 0.         0.         0.31896377]
 [0.         0.3256682  0.35319737 0.         0.         0.32113445]
 [0.         0.32739243 0.34972927 0.         0.         0.3228784 ]
 [0.         0.3272311  0.34948924 0.         0.         0.3232796 ]
 [0.         0.3268407  0.3453968  0.         0.         0.32776257]
 [0.         0.32727697 0.34406883 0.         0.         0.32865423]
 [0.         0.32912666 0.33692858 0.         0.         0.3339447 ]
 [0.         0.32853618 0.34208345 0.         0.         0.32938036]
 [0.         0.3295003  0.33842123 0.         0.         0.3320785 ]
 [0.         0.32927436 0.33426806 0.         0.         0.33645764]
 [0.         0.3314343  0.         0.         0.30980083 0.3587649 ]
 [0.         0.3319849  0.         0.         0.32019764 0.3478174 ]
 [0.         0.33122513 0.         0.         0.30531633 0.3634585 ]
 [0.31482464 0.34715676 0.         0.         0.3380187  0.        ]
 [0.31199768 0.34543678 0.         0.         0.34256557 0.        ]
 [0.31407624 0.33605796 0.         0.         0.34986582 0.        ]
 [0.30722058 0.33811224 0.         0.         0.3546672  0.        ]
 [0.31681585 0.34802955 0.         0.         0.33515456 0.        ]
 [0.31960088 0.33971953 0.         0.         0.3406796  0.        ]
 [0.3172059  0.3354936  0.         0.         0.34730053 0.        ]
 [0.32023653 0.3278502  0.         0.         0.35191327 0.        ]
 [0.32020983 0.34587315 0.         0.         0.3339171  0.        ]
 [0.31939647 0.34333336 0.         0.         0.33727023 0.        ]
 [0.32110122 0.33625922 0.         0.         0.3426396  0.        ]
 [0.3229933  0.32775164 0.         0.         0.349255   0.        ]
 [0.31898153 0.3512261  0.         0.         0.32979235 0.        ]
 [0.3218007  0.34191853 0.         0.         0.33628076 0.        ]
 [0.32818726 0.32942188 0.         0.         0.34239092 0.        ]
 [0.33023548 0.32192603 0.         0.         0.3478385  0.        ]
 [0.3290923  0.         0.         0.34299925 0.         0.32790843]
 [0.33036673 0.         0.         0.34325606 0.         0.32637724]
 [0.3286526  0.         0.         0.34217757 0.         0.32916984]
 [0.3172805  0.         0.         0.34547767 0.         0.3372419 ]
 [0.         0.         0.         0.33301684 0.32422408 0.3427591 ]
 [0.3178515  0.         0.         0.34403953 0.         0.3381089 ]
 [0.         0.         0.         0.34690246 0.32666472 0.32643276]
 [0.31245503 0.         0.         0.34640983 0.         0.3411352 ]
 [0.31084204 0.         0.         0.345899   0.         0.34325904]
 [0.3316641  0.         0.         0.34270403 0.32563192 0.        ]
 [0.33230874 0.         0.         0.34193495 0.32575637 0.        ]
 [0.33186823 0.         0.         0.3389485  0.3291832  0.        ]
 [0.3252914  0.         0.         0.34670016 0.         0.32800847]
 [0.32551372 0.         0.         0.3462667  0.         0.32821962]
 [0.3282143  0.         0.         0.3464942  0.         0.32529154]
 [0.31652108 0.         0.         0.3480804  0.         0.3353985 ]
 [0.34880006 0.         0.33259818 0.31860176 0.         0.        ]
 [0.3546615  0.         0.3180289  0.3273096  0.         0.        ]
 [0.3511007  0.         0.32379478 0.32510453 0.         0.        ]
 [0.35562548 0.         0.31377965 0.33059484 0.         0.        ]
 [0.3556439  0.         0.3175836  0.32677257 0.         0.        ]
 [0.3522254  0.         0.3223656  0.325409   0.         0.        ]
 [0.35531896 0.         0.3145091  0.330172   0.         0.        ]
 [0.3555366  0.         0.31510955 0.3293538  0.         0.        ]
 [0.3509508  0.         0.33182248 0.31722674 0.         0.        ]
 [0.358708   0.         0.3219258  0.3193662  0.         0.        ]
 [0.358554   0.         0.32495454 0.3164915  0.         0.        ]
 [0.35704657 0.         0.32680956 0.31614384 0.         0.        ]
 [0.3581404  0.         0.32244956 0.31941003 0.         0.        ]
 [0.36479995 0.         0.30530685 0.32989326 0.         0.        ]
 [0.3544076  0.         0.33019    0.31540233 0.         0.        ]
 [0.35681581 0.         0.32415342 0.3190307  0.         0.        ]]
        Validation Criterion: 0.00054297
        Saving best model so far ...
12:58:08      Epoch:   0      Batch:   0      OuterStep: 710      LossModel: 0.00009159     LossTerm2: 0.00000000      Time/Step(s): 2.5298Term3 quantities: 
 [[0.         0.32291666 0.3634115  0.         0.3136719  0.        ]
 [0.         0.32742676 0.35556164 0.         0.3170116  0.        ]
 [0.         0.32821348 0.35313895 0.         0.         0.3186476 ]
 [0.         0.32576767 0.35514447 0.         0.         0.31908792]
 [0.         0.32556215 0.35317993 0.         0.         0.32125798]
 [0.         0.32738432 0.34970596 0.         0.         0.32290965]
 [0.         0.3271598  0.34948096 0.         0.         0.32335928]
 [0.         0.32687142 0.3453464  0.         0.         0.3277822 ]
 [0.         0.3274247  0.34399006 0.         0.         0.32858527]
 [0.         0.3291194  0.3369288  0.         0.         0.33395183]
 [0.         0.32861906 0.34199917 0.         0.         0.32938176]
 [0.         0.32953992 0.3383425  0.         0.         0.3321176 ]
 [0.         0.32931942 0.33422074 0.         0.         0.33645982]
 [0.         0.33141905 0.         0.         0.30983552 0.3587454 ]
 [0.         0.33197027 0.         0.         0.32021108 0.34781858]
 [0.         0.33122373 0.         0.         0.3053799  0.36339644]
 [0.3147567  0.34714898 0.         0.         0.33809435 0.        ]
 [0.31186345 0.34549752 0.         0.         0.34263903 0.        ]
 [0.31393012 0.33614436 0.         0.         0.34992555 0.        ]
 [0.3070542  0.3381973  0.         0.         0.35474855 0.        ]
 [0.3167836  0.34798926 0.         0.         0.33522716 0.        ]
 [0.3195476  0.33967525 0.         0.         0.34077716 0.        ]
 [0.31711102 0.33552834 0.         0.         0.34736067 0.        ]
 [0.32013193 0.32789305 0.         0.         0.35197508 0.        ]
 [0.32017398 0.3458301  0.         0.         0.3339959  0.        ]
 [0.31937456 0.3432884  0.         0.         0.33733708 0.        ]
 [0.32103837 0.33624035 0.         0.         0.34272128 0.        ]
 [0.32291535 0.3277883  0.         0.         0.34929636 0.        ]
 [0.31896895 0.35114372 0.         0.         0.3298873  0.        ]
 [0.32177338 0.34186262 0.         0.         0.33636397 0.        ]
 [0.32815582 0.32940233 0.         0.         0.34244186 0.        ]
 [0.33016512 0.32194188 0.         0.         0.34789303 0.        ]
 [0.32902068 0.         0.         0.34297112 0.         0.3280083 ]
 [0.33038744 0.         0.         0.3432354  0.         0.32637715]
 [0.3286699  0.         0.         0.34217757 0.         0.32915252]
 [0.31713474 0.         0.         0.34547162 0.         0.33739364]
 [0.         0.         0.         0.33301055 0.32425132 0.3427381 ]
 [0.31779882 0.         0.         0.34405342 0.         0.33814773]
 [0.         0.         0.         0.34702438 0.32684132 0.32613432]
 [0.31236902 0.         0.         0.34644824 0.         0.34118274]
 [0.31075436 0.         0.         0.34593493 0.         0.34331068]
 [0.33171937 0.         0.         0.34275612 0.32552454 0.        ]
 [0.3323322  0.         0.         0.3419791  0.3256887  0.        ]
 [0.33191106 0.         0.         0.3389222  0.32916668 0.        ]
 [0.3252032  0.         0.         0.34668818 0.         0.32810864]
 [0.3254713  0.         0.         0.34626365 0.         0.32826498]
 [0.32818308 0.         0.         0.34646285 0.         0.32535407]
 [0.31641203 0.         0.         0.34809443 0.         0.33549356]
 [0.3488326  0.         0.33262393 0.31854346 0.         0.        ]
 [0.35469052 0.         0.31804574 0.32726374 0.         0.        ]
 [0.35112786 0.         0.32382533 0.3250468  0.         0.        ]
 [0.3556462  0.         0.31378013 0.33057362 0.         0.        ]
 [0.35566205 0.         0.3176051  0.32673284 0.         0.        ]
 [0.35225904 0.         0.32238412 0.3253569  0.         0.        ]
 [0.35538515 0.         0.31452152 0.33009332 0.         0.        ]
 [0.35571077 0.         0.3148882  0.32940102 0.         0.        ]
 [0.3509742  0.         0.33185205 0.31717372 0.         0.        ]
 [0.3587318  0.         0.32195798 0.31931025 0.         0.        ]
 [0.35858896 0.         0.32498372 0.31642735 0.         0.        ]
 [0.3570738  0.         0.3268489  0.3160773  0.         0.        ]
 [0.35817066 0.         0.32247084 0.31935847 0.         0.        ]
 [0.36493444 0.         0.3052556  0.32980993 0.         0.        ]
 [0.35443565 0.         0.33023113 0.31533316 0.         0.        ]
 [0.35686627 0.         0.32416898 0.31896478 0.         0.        ]]
12:58:32      Epoch:   0      Batch:   0      OuterStep: 720      LossModel: 0.00009278     LossTerm2: 0.00000000      Time/Step(s): 2.5702Term3 quantities: 
 [[0.         0.32296017 0.36340234 0.         0.31363755 0.        ]
 [0.         0.3273893  0.35561678 0.         0.3169939  0.        ]
 [0.         0.32818964 0.3531957  0.         0.         0.31861463]
 [0.         0.32574058 0.35511622 0.         0.         0.3191432 ]
 [0.         0.32555136 0.35314438 0.         0.         0.32130432]
 [0.         0.3273157  0.349716   0.         0.         0.32296824]
 [0.         0.3271286  0.34944025 0.         0.         0.32343113]
 [0.         0.32686973 0.3452943  0.         0.         0.32783598]
 [0.         0.3274656  0.34388605 0.         0.         0.32864845]
 [0.         0.32912108 0.33692577 0.         0.         0.33395314]
 [0.         0.32859537 0.3419377  0.         0.         0.32946685]
 [0.         0.32955033 0.33826455 0.         0.         0.33218512]
 [0.         0.32937515 0.33416125 0.         0.         0.33646366]
 [0.         0.33142635 0.         0.         0.30982006 0.35875362]
 [0.         0.3319752  0.         0.         0.32021946 0.34780538]
 [0.         0.3312483  0.         0.         0.3053598  0.36339185]
 [0.31473327 0.34717736 0.         0.         0.33808938 0.        ]
 [0.3117908  0.34560007 0.         0.         0.34260917 0.        ]
 [0.3138272  0.33628342 0.         0.         0.34988943 0.        ]
 [0.30695048 0.33832863 0.         0.         0.35472083 0.        ]
 [0.31679046 0.3480136  0.         0.         0.33519587 0.        ]
 [0.3195406  0.3397045  0.         0.         0.3407549  0.        ]
 [0.31707594 0.33561796 0.         0.         0.34730607 0.        ]
 [0.3200946  0.32799184 0.         0.         0.35191357 0.        ]
 [0.32019606 0.3458484  0.         0.         0.3339556  0.        ]
 [0.31935453 0.34331727 0.         0.         0.33732823 0.        ]
 [0.3210259  0.33632535 0.         0.         0.3426488  0.        ]
 [0.32286882 0.32791904 0.         0.         0.3492121  0.        ]
 [0.3190324  0.35114944 0.         0.         0.3298182  0.        ]
 [0.32180706 0.34188652 0.         0.         0.33630636 0.        ]
 [0.32817784 0.32947943 0.         0.         0.3423427  0.        ]
 [0.33018494 0.32197788 0.         0.         0.3478372  0.        ]
 [0.32903028 0.         0.         0.34295696 0.         0.3280128 ]
 [0.33040854 0.         0.         0.34323522 0.         0.3263562 ]
 [0.32870135 0.         0.         0.34216717 0.         0.32913148]
 [0.31700158 0.         0.         0.3454657  0.         0.33753273]
 [0.         0.         0.         0.33268625 0.32426256 0.34305128]
 [0.3177354  0.         0.         0.34407288 0.         0.3381917 ]
 [0.         0.         0.         0.34667596 0.32704234 0.32628176]
 [0.31221947 0.         0.         0.34646854 0.         0.34131205]
 [0.31060445 0.         0.         0.34595016 0.         0.34344548]
 [0.33173597 0.         0.         0.34280726 0.3254568  0.        ]
 [0.33235168 0.         0.         0.34203443 0.32561392 0.        ]
 [0.33194363 0.         0.         0.33887058 0.32918575 0.        ]
 [0.3251371  0.         0.         0.3466679  0.         0.32819504]
 [0.32540786 0.         0.         0.3462397  0.         0.32835245]
 [0.3281652  0.         0.         0.3464433  0.         0.3253915 ]
 [0.31624815 0.         0.         0.3480946  0.         0.3356572 ]
 [0.34887362 0.         0.3326548  0.31847158 0.         0.        ]
 [0.35473594 0.         0.3180669  0.32719713 0.         0.        ]
 [0.3511812  0.         0.32383603 0.32498273 0.         0.        ]
 [0.35573107 0.         0.31371006 0.33055887 0.         0.        ]
 [0.355707   0.         0.31762162 0.32667142 0.         0.        ]
 [0.35230917 0.         0.3224028  0.32528806 0.         0.        ]
 [0.35545963 0.         0.3145167  0.33002377 0.         0.        ]
 [0.35564202 0.         0.31488585 0.32947212 0.         0.        ]
 [0.35100487 0.         0.3318915  0.31710356 0.         0.        ]
 [0.35876742 0.         0.32199797 0.31923467 0.         0.        ]
 [0.3586411  0.         0.32501882 0.31634006 0.         0.        ]
 [0.35711718 0.         0.3268909  0.31599197 0.         0.        ]
 [0.35821196 0.         0.32251114 0.3192769  0.         0.        ]
 [0.36501658 0.         0.30512553 0.32985783 0.         0.        ]
 [0.35447595 0.         0.3302772  0.31524685 0.         0.        ]
 [0.3569081  0.         0.3242104  0.3188815  0.         0.        ]]
12:58:56      Epoch:   0      Batch:   0      OuterStep: 730      LossModel: 0.00017652     LossTerm2: 0.00000000      Time/Step(s): 2.4021Term3 quantities: 
 [[0.         0.3229317  0.3634367  0.         0.31363165 0.        ]
 [0.         0.32733774 0.35563967 0.         0.31702256 0.        ]
 [0.         0.3280861  0.3532763  0.         0.         0.31863767]
 [0.         0.32573265 0.3551093  0.         0.         0.31915802]
 [0.         0.3255169  0.35314998 0.         0.         0.32133308]
 [0.         0.32728678 0.34974274 0.         0.         0.3229705 ]
 [0.         0.32715282 0.34943995 0.         0.         0.32340717]
 [0.         0.32681814 0.34528854 0.         0.         0.32789338]
 [0.         0.32731536 0.34392083 0.         0.         0.3287638 ]
 [0.         0.32908487 0.336951   0.         0.         0.3339641 ]
 [0.         0.3285361  0.34192    0.         0.         0.32954386]
 [0.         0.32954296 0.3382287  0.         0.         0.33222836]
 [0.         0.32931355 0.33414552 0.         0.         0.33654097]
 [0.         0.33149752 0.         0.         0.30969787 0.35880458]
 [0.         0.3320177  0.         0.         0.3201891  0.34779325]
 [0.         0.33133346 0.         0.         0.3052112  0.3634554 ]
 [0.31477025 0.3473373  0.         0.         0.3378925  0.        ]
 [0.31175825 0.34582907 0.         0.         0.34241277 0.        ]
 [0.31380808 0.33652186 0.         0.         0.34967002 0.        ]
 [0.3069394  0.33854327 0.         0.         0.35451728 0.        ]
 [0.3168533  0.34817705 0.         0.         0.33496964 0.        ]
 [0.31961536 0.33986065 0.         0.         0.34052408 0.        ]
 [0.31710854 0.3358281  0.         0.         0.3470634  0.        ]
 [0.32012123 0.32820764 0.         0.         0.3516711  0.        ]
 [0.32028565 0.3460326  0.         0.         0.3336818  0.        ]
 [0.3194784  0.3433815  0.         0.         0.3371401  0.        ]
 [0.32111764 0.33649394 0.         0.         0.3423884  0.        ]
 [0.3229417  0.3280871  0.         0.         0.3489712  0.        ]
 [0.31918103 0.3512871  0.         0.         0.3295319  0.        ]
 [0.32195106 0.34201044 0.         0.         0.33603844 0.        ]
 [0.3282879  0.32963753 0.         0.         0.3420745  0.        ]
 [0.33028838 0.32215768 0.         0.         0.347554   0.        ]
 [0.32889214 0.         0.         0.3431201  0.         0.32798782]
 [0.33024535 0.         0.         0.34331554 0.         0.32643914]
 [0.32855728 0.         0.         0.34233627 0.         0.32910648]
 [0.31693676 0.         0.         0.34570608 0.         0.33735725]
 [0.         0.         0.         0.33242598 0.3246057  0.34296826]
 [0.31772274 0.         0.         0.34428814 0.         0.33798915]
 [0.32651994 0.         0.         0.34612402 0.32735598 0.        ]
 [0.31202543 0.         0.         0.34662187 0.         0.34135273]
 [0.3104351  0.         0.         0.34609988 0.         0.34346503]
 [0.3316008  0.         0.         0.34299943 0.         0.32539982]
 [0.33232012 0.         0.         0.34216338 0.32551646 0.        ]
 [0.3317831  0.         0.         0.33893812 0.32927883 0.        ]
 [0.32510704 0.         0.         0.3469126  0.         0.32798037]
 [0.32536373 0.         0.         0.34647742 0.         0.32815877]
 [0.3279791  0.         0.         0.3465796  0.         0.32544124]
 [0.3160884  0.         0.         0.34828043 0.         0.33563113]
 [0.34895334 0.         0.3325863  0.31846038 0.         0.        ]
 [0.35479206 0.         0.31798878 0.32721922 0.         0.        ]
 [0.3512338  0.         0.32377815 0.32498798 0.         0.        ]
 [0.3558032  0.         0.3135074  0.33068946 0.         0.        ]
 [0.35577595 0.         0.31754887 0.32667512 0.         0.        ]
 [0.3523698  0.         0.32232675 0.32530344 0.         0.        ]
 [0.35543206 0.         0.31447592 0.33009204 0.         0.        ]
 [0.35548377 0.         0.31490788 0.32960838 0.         0.        ]
 [0.35107327 0.         0.33187208 0.3170546  0.         0.        ]
 [0.358853   0.         0.3219387  0.31920835 0.         0.        ]
 [0.35874015 0.         0.32494432 0.3163156  0.         0.        ]
 [0.3572085  0.         0.32683048 0.31596112 0.         0.        ]
 [0.35828957 0.         0.32243943 0.31927097 0.         0.        ]
 [0.36506638 0.         0.30501938 0.32991424 0.         0.        ]
 [0.35455716 0.         0.33022472 0.31521812 0.         0.        ]
 [0.35700274 0.         0.3241468  0.31885046 0.         0.        ]]
12:59:20      Epoch:   0      Batch:   0      OuterStep: 740      LossModel: 0.00014913     LossTerm2: 0.00000000      Time/Step(s): 2.6591Term3 quantities: 
 [[0.         0.32294732 0.36346635 0.         0.31358632 0.        ]
 [0.         0.32732666 0.35565987 0.         0.31701347 0.        ]
 [0.         0.3280793  0.35327476 0.         0.         0.31864598]
 [0.         0.32566023 0.35500965 0.         0.         0.31933016]
 [0.         0.32552364 0.35307062 0.         0.         0.32140574]
 [0.         0.32704902 0.34980732 0.         0.         0.32314372]
 [0.         0.32718098 0.34942675 0.         0.         0.32339224]
 [0.         0.3266925  0.34533313 0.         0.         0.32797435]
 [0.         0.32713968 0.34394947 0.         0.         0.32891098]
 [0.         0.32901633 0.33699346 0.         0.         0.3339902 ]
 [0.         0.32842904 0.34190506 0.         0.         0.32966587]
 [0.         0.3294806  0.33819216 0.         0.         0.33232728]
 [0.         0.32920054 0.33413494 0.         0.         0.3366646 ]
 [0.         0.3314694  0.         0.         0.30960375 0.3589269 ]
 [0.         0.33198726 0.         0.         0.32019526 0.34781742]
 [0.         0.33132717 0.         0.         0.30508882 0.363584  ]
 [0.31480646 0.34755465 0.         0.         0.33763894 0.        ]
 [0.31177372 0.34605533 0.         0.         0.34217098 0.        ]
 [0.31383207 0.3367848  0.         0.         0.3493831  0.        ]
 [0.3069705  0.33878198 0.         0.         0.35424757 0.        ]
 [0.31692368 0.3483955  0.         0.         0.33468083 0.        ]
 [0.31972054 0.3400362  0.         0.         0.34024328 0.        ]
 [0.31717116 0.33607322 0.         0.         0.34675556 0.        ]
 [0.32016948 0.32845807 0.         0.         0.35137248 0.        ]
 [0.320414   0.3462236  0.         0.         0.3333624  0.        ]
 [0.31957453 0.34357908 0.         0.         0.33684644 0.        ]
 [0.32123047 0.3367269  0.         0.         0.34204262 0.        ]
 [0.32306042 0.32831827 0.         0.         0.34862134 0.        ]
 [0.31940517 0.35141188 0.         0.         0.32918298 0.        ]
 [0.32217956 0.3421092  0.         0.         0.33571127 0.        ]
 [0.32848546 0.32977474 0.         0.         0.34173977 0.        ]
 [0.3305032  0.32233733 0.         0.         0.3471595  0.        ]
 [0.32766423 0.         0.         0.3430345  0.         0.32930127]
 [0.3292878  0.         0.         0.34341273 0.         0.32729945]
 [0.32738778 0.         0.         0.3421853  0.         0.33042693]
 [0.3172865  0.         0.         0.346156   0.         0.33655754]
 [0.         0.         0.         0.33291632 0.32602566 0.341058  ]
 [0.31792042 0.         0.         0.344727   0.         0.33735254]
 [0.32794926 0.         0.         0.34477347 0.3272773  0.        ]
 [0.31257218 0.         0.         0.34731215 0.         0.34011564]
 [0.31109047 0.         0.         0.34681687 0.         0.34209272]
 [0.33088064 0.         0.         0.34352562 0.         0.32559383]
 [0.33195293 0.         0.         0.34263554 0.32541156 0.        ]
 [0.3307969  0.         0.         0.33936483 0.32983822 0.        ]
 [0.32444388 0.         0.         0.3471751  0.         0.32838106]
 [0.32461196 0.         0.         0.3466866  0.         0.3287015 ]
 [0.32683524 0.         0.         0.34682876 0.         0.32633603]
 [0.31651494 0.         0.         0.34900588 0.         0.33447927]
 [0.3493126  0.         0.3326588  0.3180286  0.         0.        ]
 [0.3550421  0.         0.31795192 0.32700598 0.         0.        ]
 [0.3514954  0.         0.3237643  0.32474038 0.         0.        ]
 [0.35606307 0.         0.31335622 0.3305807  0.         0.        ]
 [0.3560671  0.         0.31748796 0.32644495 0.         0.        ]
 [0.3526156  0.         0.32234272 0.32504165 0.         0.        ]
 [0.35561746 0.         0.31455833 0.3298242  0.         0.        ]
 [0.35591948 0.         0.31478238 0.32929817 0.         0.        ]
 [0.35132277 0.         0.33191875 0.31675848 0.         0.        ]
 [0.35922426 0.         0.3218442  0.31893155 0.         0.        ]
 [0.3590874  0.         0.3249034  0.3160092  0.         0.        ]
 [0.35751027 0.         0.32679418 0.31569552 0.         0.        ]
 [0.3586105  0.         0.32241225 0.31897724 0.         0.        ]
 [0.36539236 0.         0.30486935 0.32973835 0.         0.        ]
 [0.3548396  0.         0.3302117  0.3149488  0.         0.        ]
 [0.35731748 0.         0.32410902 0.3185735  0.         0.        ]]
12:59:45      Epoch:   0      Batch:   0      OuterStep: 750      LossModel: 0.00032748     LossTerm2: 0.00000000      Time/Step(s): 2.3258Term3 quantities: 
 [[0.         0.3230279  0.36350653 0.         0.3134656  0.        ]
 [0.         0.3274299  0.3556231  0.         0.31694692 0.        ]
 [0.         0.32817236 0.35324752 0.         0.31858018 0.        ]
 [0.         0.32587832 0.3548968  0.         0.         0.31922483]
 [0.         0.32563162 0.35300422 0.         0.         0.32136416]
 [0.         0.32684234 0.34989998 0.         0.         0.3232577 ]
 [0.         0.32718804 0.34942418 0.         0.         0.3233878 ]
 [0.         0.32676977 0.34527838 0.         0.         0.32795185]
 [0.         0.32723597 0.3439071  0.         0.         0.328857  ]
 [0.         0.3290993  0.33698916 0.         0.         0.33391154]
 [0.         0.3287076  0.34187993 0.         0.         0.32941252]
 [0.         0.329827   0.33814466 0.         0.         0.33202836]
 [0.         0.32924354 0.33412868 0.         0.         0.3366278 ]
 [0.         0.33157223 0.         0.         0.3092843  0.35914347]
 [0.         0.332028   0.         0.         0.3201093  0.34786266]
 [0.         0.33142292 0.         0.         0.30483648 0.36374062]
 [0.         0.34520248 0.         0.         0.33742598 0.31737155]
 [0.3112366  0.34649768 0.         0.         0.34226578 0.        ]
 [0.31333634 0.33711675 0.         0.         0.34954688 0.        ]
 [0.3064626  0.339035   0.         0.         0.35450244 0.        ]
 [0.31487864 0.34855884 0.         0.         0.33656254 0.        ]
 [0.31913048 0.34037116 0.         0.         0.34049833 0.        ]
 [0.31536558 0.33550173 0.         0.         0.34913266 0.        ]
 [0.31941307 0.32885647 0.         0.         0.35173038 0.        ]
 [0.3196734  0.34673306 0.         0.         0.33359358 0.        ]
 [0.31909734 0.34397805 0.         0.         0.33692458 0.        ]
 [0.32071206 0.33719108 0.         0.         0.3420968  0.        ]
 [0.32249898 0.32881123 0.         0.         0.34868985 0.        ]
 [0.3188448  0.35191572 0.         0.         0.32923952 0.        ]
 [0.32142034 0.34267232 0.         0.         0.33590734 0.        ]
 [0.3278598  0.33039075 0.         0.         0.34174952 0.        ]
 [0.32988057 0.32264686 0.         0.         0.34747258 0.        ]
 [0.3269325  0.         0.         0.34257343 0.         0.3304941 ]
 [0.32835424 0.         0.         0.34292734 0.         0.32871845]
 [0.32687426 0.         0.         0.3418494  0.         0.33127636]
 [0.31763145 0.         0.         0.34580696 0.         0.3365616 ]
 [0.         0.         0.         0.33558077 0.32778063 0.3366386 ]
 [0.31776676 0.         0.         0.3442456  0.         0.33798763]
 [0.32891047 0.         0.         0.3436155  0.327474   0.        ]
 [0.31340128 0.         0.         0.34719166 0.         0.33940706]
 [0.3120334  0.         0.         0.34673706 0.         0.34122953]
 [0.32972372 0.         0.         0.3427068  0.         0.3275695 ]
 [0.33130175 0.         0.         0.34235817 0.3263401  0.        ]
 [0.32948598 0.         0.         0.3392416  0.3312724  0.        ]
 [0.32339135 0.         0.         0.34645408 0.         0.3301546 ]
 [0.32355857 0.         0.         0.34599143 0.         0.33044997]
 [0.32569534 0.         0.         0.34611163 0.         0.328193  ]
 [0.31680197 0.         0.         0.34865537 0.         0.33454257]
 [0.34982076 0.         0.3323187  0.3178606  0.         0.        ]
 [0.35518226 0.         0.31792542 0.3268923  0.         0.        ]
 [0.35166988 0.         0.32372373 0.32460645 0.         0.        ]
 [0.356173   0.         0.31327134 0.33055562 0.         0.        ]
 [0.35623735 0.         0.3174353  0.32632735 0.         0.        ]
 [0.35276416 0.         0.32231638 0.32491952 0.         0.        ]
 [0.35577524 0.         0.31449214 0.32973266 0.         0.        ]
 [0.35632926 0.         0.31443173 0.32923898 0.         0.        ]
 [0.35160795 0.         0.33184555 0.31654647 0.         0.        ]
 [0.3596236  0.         0.32164437 0.318732   0.         0.        ]
 [0.35941634 0.         0.3247632  0.3158204  0.         0.        ]
 [0.35778823 0.         0.32671097 0.31550083 0.         0.        ]
 [0.35903612 0.         0.32220665 0.31875727 0.         0.        ]
 [0.3656997  0.         0.3046662  0.32963404 0.         0.        ]
 [0.35516092 0.         0.33008435 0.31475475 0.         0.        ]
 [0.3577073  0.         0.32392693 0.31836578 0.         0.        ]]
        Validation Criterion: 0.00178149
13:00:08      Epoch:   0      Batch:   0      OuterStep: 760      LossModel: 0.00030159     LossTerm2: 0.00000000      Time/Step(s): 2.2731Term3 quantities: 
 [[0.         0.322704   0.3636578  0.         0.3136382  0.        ]
 [0.         0.32723075 0.3557931  0.         0.31697607 0.        ]
 [0.         0.32798716 0.35329702 0.         0.         0.31871587]
 [0.         0.32517847 0.3549991  0.         0.         0.31982243]
 [0.         0.32498407 0.35315406 0.         0.         0.3218619 ]
 [0.         0.32622907 0.35007566 0.         0.         0.3236953 ]
 [0.         0.32663953 0.34951767 0.         0.         0.32384282]
 [0.         0.3261444  0.34553474 0.         0.         0.32832095]
 [0.         0.3268127  0.3440861  0.         0.         0.32910118]
 [0.         0.3288436  0.3371068  0.         0.         0.33404955]
 [0.         0.32850313 0.34196165 0.         0.         0.3295352 ]
 [0.         0.3296636  0.3382159  0.         0.         0.33212054]
 [0.         0.32916343 0.33417782 0.         0.         0.3366587 ]
 [0.         0.33341613 0.         0.         0.30830643 0.3582775 ]
 [0.         0.33290726 0.         0.         0.3197342  0.34735864]
 [0.         0.33337328 0.         0.         0.30399713 0.36262962]
 [0.         0.34236667 0.         0.         0.3391396  0.31849372]
 [0.         0.34507525 0.         0.         0.343619   0.31130573]
 [0.31278038 0.33735043 0.         0.         0.34986916 0.        ]
 [0.30603057 0.33916312 0.         0.         0.35480627 0.        ]
 [0.31402853 0.34782752 0.         0.         0.33814394 0.        ]
 [0.3183855  0.34100077 0.         0.         0.34061366 0.        ]
 [0.31382808 0.33344242 0.         0.         0.35272953 0.        ]
 [0.31863502 0.32930514 0.         0.         0.35205984 0.        ]
 [0.3186718  0.34784257 0.         0.         0.3334857  0.        ]
 [0.31840405 0.34490198 0.         0.         0.33669394 0.        ]
 [0.32015228 0.3378986  0.         0.         0.34194905 0.        ]
 [0.32200795 0.32935622 0.         0.         0.34863588 0.        ]
 [0.31817064 0.3529997  0.         0.         0.32882977 0.        ]
 [0.32064965 0.3435724  0.         0.         0.33577797 0.        ]
 [0.3272816  0.33123758 0.         0.         0.34148085 0.        ]
 [0.3292303  0.32327348 0.         0.         0.34749624 0.        ]
 [0.3274634  0.         0.         0.34270003 0.         0.32983658]
 [0.32830995 0.         0.         0.34277514 0.         0.32891497]
 [0.32724786 0.         0.         0.34191677 0.         0.33083537]
 [0.31726795 0.         0.         0.34569326 0.         0.33703887]
 [0.         0.         0.         0.33738938 0.32981625 0.33279434]
 [0.31761762 0.         0.         0.3441585  0.         0.33822387]
 [0.32930228 0.         0.         0.3418166  0.32888108 0.        ]
 [0.3135077  0.         0.         0.34694716 0.         0.33954504]
 [0.31218374 0.         0.         0.3464827  0.         0.34133357]
 [0.3299999  0.         0.         0.3425474  0.32745272 0.        ]
 [0.33114895 0.         0.         0.34178808 0.327063   0.        ]
 [0.3289282  0.         0.         0.3389469  0.33212495 0.        ]
 [0.3234002  0.         0.         0.34643456 0.         0.33016518]
 [0.32360148 0.         0.         0.34598237 0.         0.33041614]
 [0.32546696 0.         0.         0.34587008 0.         0.32866302]
 [0.31647995 0.         0.         0.34834597 0.         0.33517408]
 [0.34974983 0.         0.3322535  0.31799677 0.         0.        ]
 [0.35487    0.         0.31816643 0.3269635  0.         0.        ]
 [0.35118857 0.         0.32409546 0.32471597 0.         0.        ]
 [0.35622975 0.         0.31324363 0.33052656 0.         0.        ]
 [0.35594463 0.         0.31764394 0.32641137 0.         0.        ]
 [0.3522629  0.         0.32271767 0.32501942 0.         0.        ]
 [0.35569564 0.         0.3145519  0.32975245 0.         0.        ]
 [0.35628214 0.         0.3144332  0.3292847  0.         0.        ]
 [0.35143328 0.         0.33194786 0.31661892 0.         0.        ]
 [0.3596454  0.         0.32149637 0.31885824 0.         0.        ]
 [0.35917166 0.         0.32486463 0.3159637  0.         0.        ]
 [0.35749805 0.         0.32688856 0.3156134  0.         0.        ]
 [0.35915437 0.         0.3219497  0.31889594 0.         0.        ]
 [0.36568314 0.         0.30456355 0.32975334 0.         0.        ]
 [0.35498646 0.         0.330139   0.3148746  0.         0.        ]
 [0.35781398 0.         0.32368883 0.31849724 0.         0.        ]]
13:00:32      Epoch:   0      Batch:   0      OuterStep: 770      LossModel: 0.00018375     LossTerm2: 0.00000000      Time/Step(s): 2.2735Term3 quantities: 
 [[0.         0.3227887  0.3633422  0.         0.31386918 0.        ]
 [0.         0.3273142  0.3556395  0.         0.31704628 0.        ]
 [0.         0.32815033 0.35303125 0.         0.3188185  0.        ]
 [0.         0.3250022  0.35482806 0.         0.         0.32016975]
 [0.         0.32464164 0.35309735 0.         0.         0.322261  ]
 [0.         0.3259554  0.3500337  0.         0.         0.3240109 ]
 [0.         0.32614887 0.3495095  0.         0.         0.3243416 ]
 [0.         0.3253463  0.3457946  0.         0.         0.32885915]
 [0.         0.32586142 0.34440994 0.         0.         0.32972857]
 [0.         0.3281179  0.33728668 0.         0.         0.33459535]
 [0.         0.32776213 0.34211725 0.         0.         0.3301206 ]
 [0.         0.32888785 0.3384048  0.         0.         0.33270743]
 [0.         0.3284281  0.3343956  0.         0.         0.3371763 ]
 [0.         0.33506373 0.         0.         0.3072639  0.3576724 ]
 [0.         0.3336972  0.         0.         0.31909359 0.34720916]
 [0.         0.33505863 0.         0.         0.3030304  0.36191094]
 [0.         0.34080812 0.         0.         0.33956984 0.31962207]
 [0.         0.34233582 0.         0.         0.34459648 0.31306767]
 [0.3126271  0.33712026 0.         0.         0.35025263 0.        ]
 [0.3062938  0.33883047 0.         0.         0.35487577 0.        ]
 [0.31399632 0.347805   0.         0.         0.33819866 0.        ]
 [0.31813437 0.3411911  0.         0.         0.34067446 0.        ]
 [0.31327775 0.33252347 0.         0.         0.3541988  0.        ]
 [0.31861007 0.32952616 0.         0.         0.35186377 0.        ]
 [0.31840178 0.3482992  0.         0.         0.33329898 0.        ]
 [0.31840914 0.3452881  0.         0.         0.3363028  0.        ]
 [0.32025298 0.33831537 0.         0.         0.34143165 0.        ]
 [0.32225272 0.32971123 0.         0.         0.34803602 0.        ]
 [0.31816018 0.35370114 0.         0.         0.32813868 0.        ]
 [0.32077727 0.3442464  0.         0.         0.3349763  0.        ]
 [0.32739043 0.33197626 0.         0.         0.34063327 0.        ]
 [0.32944176 0.3237333  0.         0.         0.346825   0.        ]
 [0.32706118 0.         0.         0.34240964 0.         0.33052918]
 [0.3280099  0.         0.         0.3426192  0.         0.3293709 ]
 [0.3265795  0.         0.         0.3415822  0.         0.33183828]
 [0.31599236 0.         0.         0.34500632 0.         0.3390013 ]
 [0.         0.         0.         0.33720732 0.331747   0.33104566]
 [0.31697583 0.         0.         0.3436628  0.         0.33936146]
 [0.33010185 0.         0.         0.34023675 0.32966143 0.        ]
 [0.31294125 0.         0.         0.3464149  0.         0.34064385]
 [0.31165057 0.         0.         0.34594584 0.         0.34240365]
 [0.32948634 0.         0.         0.3423364  0.         0.3281773 ]
 [0.33075577 0.         0.         0.34167993 0.3275643  0.        ]
 [0.328927   0.         0.         0.33903047 0.33204246 0.        ]
 [0.3231199  0.         0.         0.34610757 0.         0.33077246]
 [0.3232256  0.         0.         0.34561536 0.         0.33115906]
 [0.3250175  0.         0.         0.34563452 0.         0.3293479 ]
 [0.31569925 0.         0.         0.34781945 0.         0.33648127]
 [0.34931523 0.         0.33226553 0.31841922 0.         0.        ]
 [0.3544002  0.         0.31825793 0.32734185 0.         0.        ]
 [0.3504553  0.         0.3244351  0.3251095  0.         0.        ]
 [0.35645276 0.         0.3127997  0.33074754 0.         0.        ]
 [0.35549957 0.         0.31770995 0.32679042 0.         0.        ]
 [0.35154465 0.         0.32303464 0.3254207  0.         0.        ]
 [0.3556057  0.         0.31437847 0.33001584 0.         0.        ]
 [0.35617808 0.         0.31420237 0.3296195  0.         0.        ]
 [0.35095987 0.         0.3320262  0.31701392 0.         0.        ]
 [0.35945252 0.         0.32120687 0.31934068 0.         0.        ]
 [0.35861915 0.         0.32492974 0.3164512  0.         0.        ]
 [0.35690686 0.         0.32700542 0.31608775 0.         0.        ]
 [0.35905716 0.         0.3215842  0.3193586  0.         0.        ]
 [0.3656274  0.         0.3042545  0.33011812 0.         0.        ]
 [0.35448915 0.         0.33017635 0.31533444 0.         0.        ]
 [0.3577278  0.         0.3233067  0.31896546 0.         0.        ]]
13:00:57      Epoch:   0      Batch:   0      OuterStep: 780      LossModel: 0.00015636     LossTerm2: 0.00000000      Time/Step(s): 2.4566Term3 quantities: 
 [[0.         0.32278803 0.36340487 0.         0.31380713 0.        ]
 [0.         0.3276624  0.35520685 0.         0.3171308  0.        ]
 [0.         0.32840872 0.3528098  0.         0.3187815  0.        ]
 [0.         0.32537332 0.3543779  0.         0.         0.32024875]
 [0.         0.3250601  0.35267153 0.         0.         0.3222685 ]
 [0.         0.32633382 0.34976372 0.         0.         0.3239024 ]
 [0.         0.32612163 0.3494439  0.         0.         0.3244345 ]
 [0.         0.3253148  0.3457286  0.         0.         0.32895663]
 [0.         0.32549927 0.34455383 0.         0.         0.3299469 ]
 [0.         0.3277783  0.3374099  0.         0.         0.33481178]
 [0.         0.32732934 0.3422528  0.         0.         0.33041796]
 [0.         0.32839534 0.33857137 0.         0.         0.3330333 ]
 [0.         0.32773215 0.3346362  0.         0.         0.3376317 ]
 [0.         0.33554703 0.         0.         0.3068077  0.3576453 ]
 [0.         0.33397976 0.         0.         0.31867597 0.34734428]
 [0.         0.33548236 0.         0.         0.30268517 0.36183253]
 [0.         0.3401354  0.         0.         0.33962184 0.32024282]
 [0.         0.3406918  0.         0.         0.34500876 0.31429943]
 [0.31252375 0.33677584 0.         0.         0.35070038 0.        ]
 [0.306699   0.33844522 0.         0.         0.3548558  0.        ]
 [0.31399196 0.34819508 0.         0.         0.33781293 0.        ]
 [0.31816527 0.3408279  0.         0.         0.3410068  0.        ]
 [0.31364787 0.33205158 0.         0.         0.35430056 0.        ]
 [0.3188786  0.32955915 0.         0.         0.35156223 0.        ]
 [0.31851587 0.3480654  0.         0.         0.3334188  0.        ]
 [0.31857336 0.34537935 0.         0.         0.33604726 0.        ]
 [0.32049996 0.33862787 0.         0.         0.34087217 0.        ]
 [0.32261807 0.33010584 0.         0.         0.34727615 0.        ]
 [0.31841668 0.35394382 0.         0.         0.32763955 0.        ]
 [0.32129475 0.34449488 0.         0.         0.3342104  0.        ]
 [0.3277157  0.33255434 0.         0.         0.33973002 0.        ]
 [0.32999736 0.32406178 0.         0.         0.34594095 0.        ]
 [0.32674095 0.         0.         0.34241644 0.         0.33084267]
 [0.32776025 0.         0.         0.34256145 0.         0.32967824]
 [0.32630348 0.         0.         0.34161553 0.         0.33208096]
 [0.3155229  0.         0.         0.34485802 0.         0.3396191 ]
 [0.         0.         0.         0.33692485 0.33348525 0.32958996]
 [0.31683806 0.         0.         0.34363347 0.         0.3395284 ]
 [0.33100298 0.         0.         0.33905792 0.32993898 0.        ]
 [0.312488   0.         0.         0.34618214 0.         0.34132984]
 [0.31124476 0.         0.         0.34572643 0.         0.34302884]
 [0.32922053 0.         0.         0.3419996  0.         0.32877982]
 [0.33045265 0.         0.         0.34147474 0.32807258 0.        ]
 [0.32899144 0.         0.         0.3390957  0.33191285 0.        ]
 [0.32308772 0.         0.         0.34612796 0.         0.33078435]
 [0.3231575  0.         0.         0.3456444  0.         0.3311981 ]
 [0.3248833  0.         0.         0.3455157  0.         0.32960105]
 [0.31531742 0.         0.         0.34761858 0.         0.33706397]
 [0.34895578 0.         0.33224806 0.31879613 0.         0.        ]
 [0.35406455 0.         0.31828585 0.3276496  0.         0.        ]
 [0.34996146 0.         0.32461914 0.32541943 0.         0.        ]
 [0.35674495 0.         0.31217486 0.33108023 0.         0.        ]
 [0.35517067 0.         0.3177249  0.32710448 0.         0.        ]
 [0.35106492 0.         0.32320067 0.32573438 0.         0.        ]
 [0.35548282 0.         0.31423068 0.33028656 0.         0.        ]
 [0.35618195 0.         0.31386754 0.32995045 0.         0.        ]
 [0.3505166  0.         0.33214727 0.31733617 0.         0.        ]
 [0.35928088 0.         0.3210196  0.3196995  0.         0.        ]
 [0.3581685  0.         0.32502183 0.31680965 0.         0.        ]
 [0.3564076  0.         0.32715264 0.31643966 0.         0.        ]
 [0.35895285 0.         0.32133687 0.3197103  0.         0.        ]
 [0.36556745 0.         0.30390188 0.33053067 0.         0.        ]
 [0.35403928 0.         0.33028862 0.31567216 0.         0.        ]
 [0.35765123 0.         0.32305565 0.3192931  0.         0.        ]]
13:01:21      Epoch:   0      Batch:   0      OuterStep: 790      LossModel: 0.00014154     LossTerm2: 0.00000000      Time/Step(s): 2.2901Term3 quantities: 
 [[0.         0.32254848 0.36349308 0.         0.31395847 0.        ]
 [0.         0.32764608 0.35525268 0.         0.31710127 0.        ]
 [0.         0.3283877  0.35285798 0.         0.31875435 0.        ]
 [0.         0.32553092 0.35418397 0.         0.         0.3202851 ]
 [0.         0.32526496 0.35249245 0.         0.         0.3222426 ]
 [0.         0.3266089  0.3496403  0.         0.         0.32375082]
 [0.         0.32640073 0.3493167  0.         0.         0.32428256]
 [0.         0.32561585 0.34558046 0.         0.         0.3288037 ]
 [0.         0.32571054 0.34443513 0.         0.         0.32985437]
 [0.         0.328014   0.3373654  0.         0.         0.3346206 ]
 [0.         0.32742557 0.3422596  0.         0.         0.33031482]
 [0.         0.32824144 0.33864003 0.         0.         0.33311856]
 [0.         0.32759133 0.3346757  0.         0.         0.337733  ]
 [0.         0.33550212 0.         0.         0.3065347  0.35796311]
 [0.         0.33396474 0.         0.         0.3184503  0.34758496]
 [0.         0.33539084 0.         0.         0.3024816  0.36212754]
 [0.         0.3400309  0.         0.         0.33935395 0.32061517]
 [0.         0.33991987 0.         0.         0.3452341  0.314846  ]
 [0.31242156 0.33645314 0.         0.         0.35112533 0.        ]
 [0.30706406 0.3380925  0.         0.         0.35484344 0.        ]
 [0.3144183  0.3480902  0.         0.         0.33749154 0.        ]
 [0.3181655  0.34054926 0.         0.         0.34128517 0.        ]
 [0.31419793 0.33208817 0.         0.         0.35371387 0.        ]
 [0.31910327 0.32964623 0.         0.         0.35125047 0.        ]
 [0.31860963 0.34786713 0.         0.         0.33352324 0.        ]
 [0.31872007 0.3454626  0.         0.         0.33581737 0.        ]
 [0.32071573 0.33884305 0.         0.         0.34044126 0.        ]
 [0.32288733 0.33051437 0.         0.         0.3465984  0.        ]
 [0.31858343 0.3541717  0.         0.         0.32724497 0.        ]
 [0.32162806 0.34480992 0.         0.         0.33356202 0.        ]
 [0.32785732 0.3331189  0.         0.         0.3390238  0.        ]
 [0.33045974 0.3245662  0.         0.         0.3449741  0.        ]
 [0.32635626 0.         0.         0.3423237  0.         0.3313201 ]
 [0.3275163  0.         0.         0.34254912 0.         0.32993457]
 [0.32596228 0.         0.         0.34152684 0.         0.33251092]
 [0.3157652  0.         0.         0.34505275 0.         0.33918202]
 [0.         0.         0.         0.33718568 0.33474714 0.32806715]
 [0.3167496  0.         0.         0.34365904 0.         0.33959138]
 [0.33186388 0.         0.         0.33840305 0.32973304 0.        ]
 [0.3123112  0.         0.         0.34621236 0.         0.34147638]
 [0.31106916 0.         0.         0.3457458  0.         0.3431851 ]
 [0.32915565 0.         0.         0.3419094  0.3289349  0.        ]
 [0.33023736 0.         0.         0.3412696  0.32849306 0.        ]
 [0.3289611  0.         0.         0.3391181  0.33192083 0.        ]
 [0.3229141  0.         0.         0.34614125 0.         0.33094463]
 [0.3229308  0.         0.         0.34561452 0.         0.33145475]
 [0.3247848  0.         0.         0.34556463 0.         0.3296506 ]
 [0.3153516  0.         0.         0.3477172  0.         0.3369312 ]
 [0.34871346 0.         0.33235443 0.3189321  0.         0.        ]
 [0.35383058 0.         0.31839445 0.32777503 0.         0.        ]
 [0.34970245 0.         0.324761   0.32553655 0.         0.        ]
 [0.35677454 0.         0.31188238 0.33134302 0.         0.        ]
 [0.35495436 0.         0.3178175  0.32722813 0.         0.        ]
 [0.35080448 0.         0.32334924 0.32584625 0.         0.        ]
 [0.3553369  0.         0.31432635 0.33033678 0.         0.        ]
 [0.35604414 0.         0.3137506  0.33020517 0.         0.        ]
 [0.35018486 0.         0.3323698  0.3174454  0.         0.        ]
 [0.3591269  0.         0.32100996 0.3198631  0.         0.        ]
 [0.35791382 0.         0.32513276 0.31695342 0.         0.        ]
 [0.35610723 0.         0.32731527 0.3165775  0.         0.        ]
 [0.35887074 0.         0.32126498 0.31986424 0.         0.        ]
 [0.36551479 0.         0.303784   0.33070123 0.         0.        ]
 [0.35372764 0.         0.33046293 0.31580943 0.         0.        ]
 [0.35758165 0.         0.3229685  0.3194499  0.         0.        ]]
13:01:45      Epoch:   0      Batch:   0      OuterStep: 800      LossModel: 0.00013595     LossTerm2: 0.00000000      Time/Step(s): 2.3280Term3 quantities: 
 [[0.         0.3224953  0.36337787 0.         0.31412688 0.        ]
 [0.         0.32762203 0.3554479  0.         0.3169301  0.        ]
 [0.         0.32848752 0.3528339  0.         0.3186786  0.        ]
 [0.         0.32546094 0.35410166 0.         0.         0.32043743]
 [0.         0.32514992 0.35245273 0.         0.         0.32239735]
 [0.         0.32666317 0.34958148 0.         0.         0.32375526]
 [0.         0.32678315 0.34918493 0.         0.         0.32403192]
 [0.         0.3259077  0.34541556 0.         0.         0.3286768 ]
 [0.         0.32606298 0.34424308 0.         0.         0.32969397]
 [0.         0.32812056 0.33732122 0.         0.         0.33455822]
 [0.         0.32758945 0.34221908 0.         0.         0.33019143]
 [0.         0.3283517  0.33860612 0.         0.         0.3330422 ]
 [0.         0.32770386 0.3346293  0.         0.         0.33766684]
 [0.         0.33530352 0.         0.         0.30634674 0.35834983]
 [0.         0.33370343 0.         0.         0.31830516 0.34799138]
 [0.         0.33516344 0.         0.         0.30227953 0.362557  ]
 [0.         0.3401541  0.         0.         0.33888054 0.32096535]
 [0.         0.3395602  0.         0.         0.34499612 0.31544358]
 [0.31246132 0.3361222  0.         0.         0.35141647 0.        ]
 [0.30745178 0.33775505 0.         0.         0.3547932  0.        ]
 [0.31490755 0.34789425 0.         0.         0.33719826 0.        ]
 [0.3183077  0.34024316 0.         0.         0.34144914 0.        ]
 [0.31488058 0.33218938 0.         0.         0.35293007 0.        ]
 [0.3194261  0.32964206 0.         0.         0.3509319  0.        ]
 [0.3188421  0.34757274 0.         0.         0.33358523 0.        ]
 [0.3190099  0.34533164 0.         0.         0.3356585  0.        ]
 [0.32098413 0.33889198 0.         0.         0.34012392 0.        ]
 [0.32315832 0.33073786 0.         0.         0.34610382 0.        ]
 [0.31890973 0.354125   0.         0.         0.32696518 0.        ]
 [0.32203937 0.34476945 0.         0.         0.3331912  0.        ]
 [0.328014   0.3333477  0.         0.         0.33863828 0.        ]
 [0.33100903 0.32484922 0.         0.         0.34414175 0.        ]
 [0.3260555  0.         0.         0.3422097  0.         0.3317348 ]
 [0.32724994 0.         0.         0.34244168 0.         0.3303084 ]
 [0.3256486  0.         0.         0.3414199  0.         0.33293143]
 [0.3158988  0.         0.         0.3450545  0.         0.3390467 ]
 [0.32689258 0.         0.         0.33754632 0.3355611  0.        ]
 [0.31643322 0.         0.         0.34347144 0.         0.3400953 ]
 [0.3327247  0.         0.         0.3380396  0.3292357  0.        ]
 [0.3120905  0.         0.         0.34609777 0.         0.3418118 ]
 [0.31080887 0.         0.         0.34560317 0.         0.34358796]
 [0.3289912  0.         0.         0.34220383 0.32880503 0.        ]
 [0.33010238 0.         0.         0.3414642  0.32843345 0.        ]
 [0.3288737  0.         0.         0.33916032 0.331966   0.        ]
 [0.3224887  0.         0.         0.34595594 0.         0.33155534]
 [0.32251024 0.         0.         0.34543416 0.         0.3320556 ]
 [0.3244842  0.         0.         0.34542912 0.         0.33008665]
 [0.315212   0.         0.         0.3476296  0.         0.33715844]
 [0.348634   0.         0.3323855  0.31898046 0.         0.        ]
 [0.35373142 0.         0.31843346 0.32783514 0.         0.        ]
 [0.34961545 0.         0.32479802 0.32558647 0.         0.        ]
 [0.35663414 0.         0.3119134  0.3314525  0.         0.        ]
 [0.35488686 0.         0.31784165 0.32727152 0.         0.        ]
 [0.350718   0.         0.32339004 0.32589197 0.         0.        ]
 [0.35524982 0.         0.3143465  0.33040372 0.         0.        ]
 [0.3558657  0.         0.3138222  0.33031204 0.         0.        ]
 [0.3500249  0.         0.33248958 0.31748554 0.         0.        ]
 [0.35905433 0.         0.3209966  0.319949   0.         0.        ]
 [0.3578423  0.         0.3251501  0.3170075  0.         0.        ]
 [0.35599694 0.         0.32736602 0.316637   0.         0.        ]
 [0.35881865 0.         0.3212274  0.31995398 0.         0.        ]
 [0.36550638 0.         0.3036746  0.3308191  0.         0.        ]
 [0.3535664  0.         0.33054987 0.31588373 0.         0.        ]
 [0.35750404 0.         0.32294607 0.31954995 0.         0.        ]]
        Validation Criterion: 0.00095599
13:02:10      Epoch:   0      Batch:   0      OuterStep: 810      LossModel: 0.00012759     LossTerm2: 0.00000000      Time/Step(s): 2.5662Term3 quantities: 
 [[0.         0.32241213 0.36346033 0.         0.31412762 0.        ]
 [0.         0.3277226  0.35537586 0.         0.31690153 0.        ]
 [0.         0.32856977 0.35284236 0.         0.3185879  0.        ]
 [0.         0.32547614 0.35404408 0.         0.         0.32047975]
 [0.         0.3251611  0.3523877  0.         0.         0.3224512 ]
 [0.         0.32677636 0.34954318 0.         0.         0.32368046]
 [0.         0.3269985  0.34910017 0.         0.         0.32390127]
 [0.         0.32609352 0.34532213 0.         0.         0.32858437]
 [0.         0.32628    0.34413823 0.         0.         0.32958183]
 [0.         0.32814628 0.3373441  0.         0.         0.33450964]
 [0.         0.327845   0.34218323 0.         0.         0.32997173]
 [0.         0.32839796 0.33862287 0.         0.         0.33297917]
 [0.         0.3278344  0.33458373 0.         0.         0.3375819 ]
 [0.         0.33511594 0.         0.         0.30621645 0.35866755]
 [0.         0.33333912 0.         0.         0.31816807 0.3484928 ]
 [0.         0.33498698 0.         0.         0.30212098 0.36289212]
 [0.         0.3402778  0.         0.         0.3386126  0.32110962]
 [0.         0.33929724 0.         0.         0.3449982  0.31570455]
 [0.3125148  0.33574453 0.         0.         0.3517406  0.        ]
 [0.30774212 0.33730724 0.         0.         0.35495064 0.        ]
 [0.31515568 0.3477639  0.         0.         0.33708048 0.        ]
 [0.31841296 0.33992738 0.         0.         0.34165958 0.        ]
 [0.31533042 0.3323257  0.         0.         0.3523439  0.        ]
 [0.31961647 0.32955286 0.         0.         0.3508307  0.        ]
 [0.31904882 0.3472753  0.         0.         0.3336759  0.        ]
 [0.31922957 0.34514448 0.         0.         0.33562598 0.        ]
 [0.3211421  0.33877718 0.         0.         0.34008068 0.        ]
 [0.32325158 0.33076444 0.         0.         0.34598392 0.        ]
 [0.31916356 0.35397997 0.         0.         0.32685646 0.        ]
 [0.32235023 0.3445541  0.         0.         0.3330956  0.        ]
 [0.3280412  0.33340594 0.         0.         0.33855283 0.        ]
 [0.33138347 0.32496724 0.         0.         0.34364927 0.        ]
 [0.3265244  0.         0.         0.3425615  0.         0.33091405]
 [0.32748443 0.         0.         0.34265277 0.         0.32986277]
 [0.32612723 0.         0.         0.34176734 0.         0.33210546]
 [0.31636813 0.         0.         0.34544253 0.         0.33818936]
 [0.3273399  0.         0.         0.33601516 0.336645   0.        ]
 [0.3168978  0.         0.         0.34385365 0.         0.3392486 ]
 [0.3330619  0.         0.         0.3366709  0.3302672  0.        ]
 [0.31241196 0.         0.         0.3463121  0.         0.34127593]
 [0.3111126  0.         0.         0.34580818 0.         0.34307915]
 [0.         0.         0.         0.34198475 0.32902473 0.32899052]
 [0.3300496  0.         0.         0.3414139  0.32853648 0.        ]
 [0.32885104 0.         0.         0.3392481  0.33190084 0.        ]
 [0.32298604 0.         0.         0.34637102 0.         0.33064294]
 [0.32301894 0.         0.         0.3458528  0.         0.33112833]
 [0.32490024 0.         0.         0.3457167  0.         0.32938302]
 [0.31563568 0.         0.         0.3479471  0.         0.3364173 ]
 [0.34856156 0.         0.3324055  0.3190329  0.         0.        ]
 [0.35369053 0.         0.31843197 0.3278775  0.         0.        ]
 [0.34954736 0.         0.32480764 0.325645   0.         0.        ]
 [0.35644186 0.         0.31193307 0.33162504 0.         0.        ]
 [0.35487986 0.         0.31781074 0.32730946 0.         0.        ]
 [0.35065496 0.         0.32341    0.325935   0.         0.        ]
 [0.35513517 0.         0.3144303  0.33043453 0.         0.        ]
 [0.35565576 0.         0.3138757  0.33046848 0.         0.        ]
 [0.34993458 0.         0.33251345 0.31755197 0.         0.        ]
 [0.35899237 0.         0.32095975 0.3200479  0.         0.        ]
 [0.3578111  0.         0.32510918 0.31707966 0.         0.        ]
 [0.3559472  0.         0.3273322  0.31672058 0.         0.        ]
 [0.35875243 0.         0.32120365 0.32004395 0.         0.        ]
 [0.3653971  0.         0.30357802 0.33102491 0.         0.        ]
 [0.3534564  0.         0.33055747 0.31598613 0.         0.        ]
 [0.35738745 0.         0.32296345 0.31964916 0.         0.        ]]
13:02:35      Epoch:   0      Batch:   0      OuterStep: 820      LossModel: 0.00012249     LossTerm2: 0.00000000      Time/Step(s): 2.5834Term3 quantities: 
 [[0.         0.32228795 0.36357275 0.         0.31413928 0.        ]
 [0.         0.3277548  0.35533077 0.         0.31691444 0.        ]
 [0.         0.32856634 0.35287547 0.         0.31855816 0.        ]
 [0.         0.32557255 0.35397354 0.         0.         0.32045394]
 [0.         0.32526463 0.35237002 0.         0.         0.32236534]
 [0.         0.3268665  0.34953666 0.         0.         0.3235968 ]
 [0.         0.32712957 0.34911236 0.         0.         0.32375804]
 [0.         0.32604694 0.34537736 0.         0.         0.3285757 ]
 [0.         0.32640943 0.34410772 0.         0.         0.32948288]
 [0.         0.3283061  0.33733493 0.         0.         0.3343589 ]
 [0.         0.32783526 0.34223562 0.         0.         0.3299291 ]
 [0.         0.32860744 0.33861646 0.         0.         0.3327761 ]
 [0.         0.32812008 0.33452898 0.         0.         0.3373509 ]
 [0.         0.3349276  0.         0.         0.30614153 0.3589309 ]
 [0.         0.33308473 0.         0.         0.3179834  0.34893185]
 [0.         0.33483157 0.         0.         0.30201364 0.36315477]
 [0.         0.34036988 0.         0.         0.33832067 0.32130936]
 [0.         0.33902523 0.         0.         0.34494248 0.3160323 ]
 [0.31253165 0.33537456 0.         0.         0.35209376 0.        ]
 [0.3079553  0.3368036  0.         0.         0.35524115 0.        ]
 [0.31534564 0.34753913 0.         0.         0.3371153  0.        ]
 [0.3184086  0.3397206  0.         0.         0.34187078 0.        ]
 [0.31550857 0.33250937 0.         0.         0.3519821  0.        ]
 [0.3196354  0.32946283 0.         0.         0.3509018  0.        ]
 [0.31912327 0.34715152 0.         0.         0.33372524 0.        ]
 [0.31936795 0.344964   0.         0.         0.3356681  0.        ]
 [0.32121524 0.33864063 0.         0.         0.34014407 0.        ]
 [0.32318497 0.3307766  0.         0.         0.34603843 0.        ]
 [0.31934962 0.35389975 0.         0.         0.32675064 0.        ]
 [0.32254183 0.34435943 0.         0.         0.33309877 0.        ]
 [0.32799277 0.33339986 0.         0.         0.3386074  0.        ]
 [0.33151913 0.32508343 0.         0.         0.34339744 0.        ]
 [0.32651073 0.         0.         0.342408   0.         0.33108136]
 [0.32770973 0.         0.         0.3426719  0.         0.3296184 ]
 [0.32606694 0.         0.         0.34159648 0.         0.33233654]
 [0.3165176  0.         0.         0.34536365 0.         0.3381188 ]
 [0.32786295 0.         0.         0.3347627  0.33737433 0.        ]
 [0.31688383 0.         0.         0.34369978 0.         0.3394164 ]
 [0.33330178 0.         0.         0.3356828  0.3310154  0.        ]
 [0.31268996 0.         0.         0.34642744 0.         0.3408826 ]
 [0.31135416 0.         0.         0.34590304 0.         0.34274277]
 [0.         0.         0.         0.34196475 0.32900855 0.32902673]
 [0.3300015  0.         0.         0.34136984 0.32862866 0.        ]
 [0.32894763 0.         0.         0.3392584  0.331794   0.        ]
 [0.32308224 0.         0.         0.34623805 0.         0.3306797 ]
 [0.323123   0.         0.         0.34570125 0.         0.3311758 ]
 [0.32524556 0.         0.         0.34575316 0.         0.32900128]
 [0.31590042 0.         0.         0.34802207 0.         0.3360775 ]
 [0.34834796 0.         0.33260798 0.319044   0.         0.        ]
 [0.35357702 0.         0.31855983 0.3278631  0.         0.        ]
 [0.34939325 0.         0.3249701  0.3256366  0.         0.        ]
 [0.3562384  0.         0.31205383 0.33170775 0.         0.        ]
 [0.3547699  0.         0.31791875 0.32731128 0.         0.        ]
 [0.35049486 0.         0.3235973  0.32590786 0.         0.        ]
 [0.3549644  0.         0.3146453  0.3303903  0.         0.        ]
 [0.3554675  0.         0.31400138 0.33053103 0.         0.        ]
 [0.34976912 0.         0.33266115 0.31756976 0.         0.        ]
 [0.35881063 0.         0.32110107 0.32008833 0.         0.        ]
 [0.35763234 0.         0.3252782  0.31708956 0.         0.        ]
 [0.35577706 0.         0.32749355 0.3167294  0.         0.        ]
 [0.35854942 0.         0.32136112 0.3200895  0.         0.        ]
 [0.36526635 0.         0.30369443 0.33103928 0.         0.        ]
 [0.35327053 0.         0.33072212 0.31600732 0.         0.        ]
 [0.35715014 0.         0.32314637 0.31970352 0.         0.        ]]
13:03:01      Epoch:   0      Batch:   0      OuterStep: 830      LossModel: 0.00012040     LossTerm2: 0.00000000      Time/Step(s): 2.5333Term3 quantities: 
 [[0.         0.32223302 0.363602   0.         0.31416506 0.        ]
 [0.         0.3277469  0.35537    0.         0.31688312 0.        ]
 [0.         0.32856908 0.35287845 0.         0.31855246 0.        ]
 [0.         0.32575575 0.35391557 0.         0.         0.3203287 ]
 [0.         0.32539076 0.35231856 0.         0.         0.32229072]
 [0.         0.32702276 0.34950078 0.         0.         0.32347646]
 [0.         0.32720494 0.3491067  0.         0.         0.32368836]
 [0.         0.32604694 0.34539813 0.         0.         0.32855493]
 [0.         0.32657698 0.3440494  0.         0.         0.32937366]
 [0.         0.3283723  0.33735192 0.         0.         0.33427575]
 [0.         0.3278682  0.34224188 0.         0.         0.3298899 ]
 [0.         0.3287363  0.33858907 0.         0.         0.3326746 ]
 [0.         0.32822624 0.33450848 0.         0.         0.33726528]
 [0.         0.3347638  0.         0.         0.306059   0.3591772 ]
 [0.         0.33289698 0.         0.         0.31781277 0.34929022]
 [0.         0.33469847 0.         0.         0.30188727 0.3634143 ]
 [0.         0.34050184 0.         0.         0.33816618 0.321332  ]
 [0.         0.33881345 0.         0.         0.34499606 0.31619057]
 [0.31258175 0.33498964 0.         0.         0.35242864 0.        ]
 [0.308175   0.33627874 0.         0.         0.35554624 0.        ]
 [0.315436   0.34740284 0.         0.         0.33716127 0.        ]
 [0.31837726 0.3395936  0.         0.         0.3420291  0.        ]
 [0.31552333 0.33275843 0.         0.         0.35171828 0.        ]
 [0.31955025 0.32943955 0.         0.         0.3510102  0.        ]
 [0.3191712  0.34708872 0.         0.         0.33374012 0.        ]
 [0.31945276 0.3449085  0.         0.         0.33563876 0.        ]
 [0.32120484 0.33860806 0.         0.         0.3401871  0.        ]
 [0.32305247 0.3308129  0.         0.         0.34613472 0.        ]
 [0.3194394  0.35386306 0.         0.         0.3266976  0.        ]
 [0.3226863  0.3442309  0.         0.         0.33308274 0.        ]
 [0.32795456 0.33346072 0.         0.         0.33858475 0.        ]
 [0.3315248  0.32518733 0.         0.         0.34328797 0.        ]
 [0.326429   0.         0.         0.34235808 0.         0.33121297]
 [0.32774296 0.         0.         0.34255615 0.         0.32970086]
 [0.32596546 0.         0.         0.34157112 0.         0.33246347]
 [0.31628725 0.         0.         0.34514174 0.         0.338571  ]
 [0.32855216 0.         0.         0.33420816 0.33723965 0.        ]
 [0.31656256 0.         0.         0.34344217 0.         0.3399953 ]
 [0.33354396 0.         0.         0.33539078 0.33106527 0.        ]
 [0.31238645 0.         0.         0.34610158 0.         0.341512  ]
 [0.31098238 0.         0.         0.34554332 0.         0.34347436]
 [0.         0.         0.         0.34190997 0.32903746 0.32905257]
 [0.33001688 0.         0.         0.3413302  0.32865292 0.        ]
 [0.3290427  0.         0.         0.33919558 0.3317617  0.        ]
 [0.3228953  0.         0.         0.34606048 0.         0.33104423]
 [0.323011   0.         0.         0.34557003 0.         0.331419  ]
 [0.3252226  0.         0.         0.3455377  0.         0.32923967]
 [0.31554034 0.         0.         0.3476359  0.         0.33682373]
 [0.34807083 0.         0.33268222 0.31924692 0.         0.        ]
 [0.35338497 0.         0.31863186 0.32798317 0.         0.        ]
 [0.3491968  0.         0.32505476 0.3257484  0.         0.        ]
 [0.35607606 0.         0.31209984 0.33182406 0.         0.        ]
 [0.354561   0.         0.31801483 0.3274241  0.         0.        ]
 [0.35029277 0.         0.32368785 0.32601947 0.         0.        ]
 [0.3547444  0.         0.31476027 0.33049545 0.         0.        ]
 [0.35528865 0.         0.3140127  0.3306987  0.         0.        ]
 [0.34957242 0.         0.332723   0.31770456 0.         0.        ]
 [0.35853702 0.         0.3211834  0.32027957 0.         0.        ]
 [0.35735628 0.         0.32539037 0.31725335 0.         0.        ]
 [0.355529   0.         0.32760316 0.3168678  0.         0.        ]
 [0.35825163 0.         0.32145935 0.32028902 0.         0.        ]
 [0.3651407  0.         0.3037078  0.33115152 0.         0.        ]
 [0.3530279  0.         0.33082125 0.3161509  0.         0.        ]
 [0.35685754 0.         0.3232526  0.3198899  0.         0.        ]]
13:03:26      Epoch:   0      Batch:   0      OuterStep: 840      LossModel: 0.00011302     LossTerm2: 0.00000000      Time/Step(s): 2.3074Term3 quantities: 
 [[0.         0.32222068 0.36359718 0.         0.31418213 0.        ]
 [0.         0.3277633  0.35537666 0.         0.31686    0.        ]
 [0.         0.3285751  0.3528823  0.         0.31854263 0.        ]
 [0.         0.325938   0.35383943 0.         0.         0.3202226 ]
 [0.         0.325567   0.35226348 0.         0.         0.32216948]
 [0.         0.32713464 0.34947515 0.         0.         0.32339022]
 [0.         0.3272451  0.34912652 0.         0.         0.32362843]
 [0.         0.32622603 0.34537748 0.         0.         0.3283965 ]
 [0.         0.3267082  0.3440083  0.         0.         0.32928348]
 [0.         0.328442   0.33737063 0.         0.         0.33418733]
 [0.         0.32802528 0.34222588 0.         0.         0.32974887]
 [0.         0.32874718 0.3386053  0.         0.         0.3326475 ]
 [0.         0.32815957 0.33453688 0.         0.         0.33730352]
 [0.         0.3346373  0.         0.         0.30596888 0.3593938 ]
 [0.         0.33278227 0.         0.         0.3176897  0.34952807]
 [0.         0.33458877 0.         0.         0.3017741  0.36363712]
 [0.         0.34064478 0.         0.         0.3379965  0.32135868]
 [0.         0.33866313 0.         0.         0.34499586 0.316341  ]
 [0.31264433 0.33467823 0.         0.         0.3526775  0.        ]
 [0.3083713  0.33583766 0.         0.         0.3557909  0.        ]
 [0.31550834 0.34728184 0.         0.         0.3372098  0.        ]
 [0.3183441  0.33950916 0.         0.         0.3421467  0.        ]
 [0.315463   0.3330706  0.         0.         0.35146642 0.        ]
 [0.31947565 0.3294058  0.         0.         0.35111853 0.        ]
 [0.31922767 0.3470348  0.         0.         0.33373752 0.        ]
 [0.3194892  0.3447969  0.         0.         0.33571386 0.        ]
 [0.32121179 0.33851933 0.         0.         0.34026885 0.        ]
 [0.32296306 0.33084187 0.         0.         0.34619504 0.        ]
 [0.31956196 0.35375944 0.         0.         0.32667866 0.        ]
 [0.32285956 0.3440833  0.         0.         0.33305708 0.        ]
 [0.3279606  0.33349767 0.         0.         0.3385417  0.        ]
 [0.33152157 0.32525754 0.         0.         0.3432209  0.        ]
 [0.3266564  0.         0.         0.3423849  0.         0.33095866]
 [0.32787278 0.         0.         0.34258702 0.         0.32954016]
 [0.32617226 0.         0.         0.34156713 0.         0.33226064]
 [0.3163411  0.         0.         0.34513146 0.         0.33852738]
 [0.32909516 0.         0.         0.333737   0.33716786 0.        ]
 [0.3165599  0.         0.         0.3434126  0.         0.34002748]
 [0.3336817  0.         0.         0.33521968 0.33109853 0.        ]
 [0.31213233 0.         0.         0.34588066 0.         0.34198704]
 [0.3106785  0.         0.         0.34530154 0.         0.34401992]
 [0.         0.         0.         0.34200197 0.32900146 0.32899657]
 [0.3299865  0.         0.         0.34137025 0.32864323 0.        ]
 [0.32897735 0.         0.         0.33922327 0.3317994  0.        ]
 [0.322954   0.         0.         0.34606466 0.         0.3309813 ]
 [0.32305163 0.         0.         0.34554628 0.         0.33140206]
 [0.32526863 0.         0.         0.34555417 0.         0.32917726]
 [0.31538042 0.         0.         0.3475089  0.         0.33711067]
 [0.3478301  0.         0.33274958 0.3194204  0.         0.        ]
 [0.35321817 0.         0.3186754  0.32810637 0.         0.        ]
 [0.34903616 0.         0.3250863  0.3258775  0.         0.        ]
 [0.3559673  0.         0.31198907 0.33204365 0.         0.        ]
 [0.3543868  0.         0.31807464 0.32753858 0.         0.        ]
 [0.35012126 0.         0.32374164 0.3261371  0.         0.        ]
 [0.35452604 0.         0.31485155 0.3306224  0.         0.        ]
 [0.3552266  0.         0.31395492 0.33081844 0.         0.        ]
 [0.349407   0.         0.33273637 0.3178566  0.         0.        ]
 [0.35827538 0.         0.32121202 0.32051256 0.         0.        ]
 [0.35709938 0.         0.3254629  0.31743777 0.         0.        ]
 [0.35530302 0.         0.32765484 0.31704217 0.         0.        ]
 [0.35797268 0.         0.32150096 0.3205264  0.         0.        ]
 [0.3650018  0.         0.30354884 0.33144933 0.         0.        ]
 [0.35281113 0.         0.33085963 0.31632933 0.         0.        ]
 [0.35660753 0.         0.32325688 0.3201356  0.         0.        ]]
13:03:51      Epoch:   0      Batch:   0      OuterStep: 850      LossModel: 0.00011548     LossTerm2: 0.00000000      Time/Step(s): 2.5468Term3 quantities: 
 [[0.         0.32217553 0.36363202 0.         0.31419244 0.        ]
 [0.         0.32773685 0.35543022 0.         0.31683296 0.        ]
 [0.         0.32853585 0.35293546 0.         0.31852874 0.        ]
 [0.         0.32607093 0.3538454  0.         0.         0.3200837 ]
 [0.         0.32567433 0.35228142 0.         0.         0.32204428]
 [0.         0.32718065 0.34952042 0.         0.         0.32329896]
 [0.         0.32739237 0.34915316 0.         0.         0.3234545 ]
 [0.         0.32648402 0.3452867  0.         0.         0.32822934]
 [0.         0.32682428 0.3439803  0.         0.         0.32919535]
 [0.         0.3285165  0.337402   0.         0.         0.3340816 ]
 [0.         0.32813442 0.34222955 0.         0.         0.329636  ]
 [0.         0.32866257 0.33865213 0.         0.         0.33268526]
 [0.         0.32815242 0.33456147 0.         0.         0.33728614]
 [0.         0.3345084  0.         0.         0.30589673 0.35959488]
 [0.         0.3327338  0.         0.         0.31757286 0.3496933 ]
 [0.         0.334478   0.         0.         0.30165935 0.36386275]
 [0.         0.3408061  0.         0.         0.33779228 0.32140163]
 [0.         0.33857903 0.         0.         0.34497657 0.31644437]
 [0.3127348  0.3343835  0.         0.         0.35288176 0.        ]
 [0.30861288 0.33537653 0.         0.         0.3560106  0.        ]
 [0.31556097 0.3471927  0.         0.         0.33724633 0.        ]
 [0.31832436 0.33944377 0.         0.         0.3422318  0.        ]
 [0.31535164 0.33343285 0.         0.         0.35121557 0.        ]
 [0.31937906 0.32941905 0.         0.         0.3512019  0.        ]
 [0.3192903  0.34701028 0.         0.         0.33369938 0.        ]
 [0.31952703 0.3446699  0.         0.         0.33580312 0.        ]
 [0.32123297 0.3384967  0.         0.         0.34027028 0.        ]
 [0.322893   0.330898   0.         0.         0.34620902 0.        ]
 [0.31964615 0.35367563 0.         0.         0.32667822 0.        ]
 [0.32297832 0.3439727  0.         0.         0.333049   0.        ]
 [0.32794285 0.33351535 0.         0.         0.33854187 0.        ]
 [0.33152246 0.32532445 0.         0.         0.3431531  0.        ]
 [0.3268842  0.         0.         0.34238726 0.         0.33072856]
 [0.32804832 0.         0.         0.3425859  0.         0.3293658 ]
 [0.32647023 0.         0.         0.3416221  0.         0.33190766]
 [0.3164685  0.         0.         0.3450659  0.         0.33846554]
 [0.32956165 0.         0.         0.33327934 0.33715898 0.        ]
 [0.31664637 0.         0.         0.343309   0.         0.3400447 ]
 [0.33374843 0.         0.         0.33498946 0.33126214 0.        ]
 [0.31201214 0.         0.         0.34573784 0.         0.34225002]
 [0.3105466  0.         0.         0.34514907 0.         0.34430435]
 [0.         0.         0.         0.34202427 0.32898057 0.32899517]
 [0.32998678 0.         0.         0.34138533 0.32862782 0.        ]
 [0.32885504 0.         0.         0.33924755 0.3318974  0.        ]
 [0.32306132 0.         0.         0.34598517 0.         0.33095348]
 [0.3231661  0.         0.         0.3454763  0.         0.33135766]
 [0.32543644 0.         0.         0.3454963  0.         0.32906723]
 [0.3153316  0.         0.         0.3474072  0.         0.33726123]
 [0.34770393 0.         0.33270594 0.31959012 0.         0.        ]
 [0.35310555 0.         0.31864777 0.32824674 0.         0.        ]
 [0.34891748 0.         0.32507148 0.32601103 0.         0.        ]
 [0.3558493  0.         0.31184375 0.33230692 0.         0.        ]
 [0.35429904 0.         0.3180184  0.3276825  0.         0.        ]
 [0.3500076  0.         0.3237413  0.32625112 0.         0.        ]
 [0.35437566 0.         0.31488067 0.33074367 0.         0.        ]
 [0.35518274 0.         0.3137263  0.33109087 0.         0.        ]
 [0.34928483 0.         0.33272043 0.31799474 0.         0.        ]
 [0.35809934 0.         0.3211833  0.3207174  0.         0.        ]
 [0.35692975 0.         0.32545087 0.31761938 0.         0.        ]
 [0.35513967 0.         0.32764617 0.3172141  0.         0.        ]
 [0.3577607  0.         0.32148618 0.3207532  0.         0.        ]
 [0.36483154 0.         0.30348784 0.33168063 0.         0.        ]
 [0.35263678 0.         0.33085543 0.31650785 0.         0.        ]
 [0.3564122  0.         0.32323825 0.32034957 0.         0.        ]]
        Validation Criterion: 0.00056987
13:04:16      Epoch:   0      Batch:   0      OuterStep: 860      LossModel: 0.00012230     LossTerm2: 0.00000000      Time/Step(s): 2.2889Term3 quantities: 
 [[0.         0.32214263 0.36366126 0.         0.31419614 0.        ]
 [0.         0.32772326 0.3554595  0.         0.31681722 0.        ]
 [0.         0.32851171 0.35296798 0.         0.31852034 0.        ]
 [0.         0.32608423 0.3538397  0.         0.         0.32007605]
 [0.         0.32587492 0.35221833 0.         0.         0.32190678]
 [0.         0.3272982  0.34951052 0.         0.         0.32319123]
 [0.         0.3274284  0.34917733 0.         0.         0.3233942 ]
 [0.         0.32671466 0.34524727 0.         0.         0.32803813]
 [0.         0.32684946 0.34398448 0.         0.         0.32916602]
 [0.         0.32857195 0.33742043 0.         0.         0.3340076 ]
 [0.         0.328162   0.3422287  0.         0.         0.32960922]
 [0.         0.32856745 0.33868533 0.         0.         0.33274725]
 [0.         0.3282022  0.33454135 0.         0.         0.33725646]
 [0.         0.33438483 0.         0.         0.30579928 0.35981596]
 [0.         0.33271486 0.         0.         0.3174686  0.34981656]
 [0.         0.3343691  0.         0.         0.3015663  0.36406466]
 [0.         0.3409968  0.         0.         0.33756942 0.32143378]
 [0.         0.3385485  0.         0.         0.3448729  0.31657857]
 [0.31283894 0.3341378  0.         0.         0.35302326 0.        ]
 [0.         0.3349674  0.         0.         0.35616606 0.30886647]
 [0.31560135 0.347149   0.         0.         0.33724958 0.        ]
 [0.31830993 0.3394073  0.         0.         0.34228277 0.        ]
 [0.31518075 0.33387634 0.         0.         0.35094294 0.        ]
 [0.3193108  0.329433   0.         0.         0.35125628 0.        ]
 [0.31933242 0.3470346  0.         0.         0.33363298 0.        ]
 [0.31958568 0.34464055 0.         0.         0.3357737  0.        ]
 [0.32125887 0.33851328 0.         0.         0.3402278  0.        ]
 [0.32286793 0.33094344 0.         0.         0.3461887  0.        ]
 [0.31974173 0.35364    0.         0.         0.32661825 0.        ]
 [0.32308462 0.3438977  0.         0.         0.33301768 0.        ]
 [0.32795936 0.33357108 0.         0.         0.33846956 0.        ]
 [0.33150104 0.32542342 0.         0.         0.3430755  0.        ]
 [0.3266864  0.         0.         0.34226927 0.         0.33104438]
 [0.32797498 0.         0.         0.3424876  0.         0.32953745]
 [0.3263165  0.         0.         0.34150675 0.         0.33217672]
 [0.31636742 0.         0.         0.3449297  0.         0.3387029 ]
 [0.330046   0.         0.         0.33289108 0.33706293 0.        ]
 [0.3166128  0.         0.         0.3431832  0.         0.34020403]
 [0.33383486 0.         0.         0.33479628 0.33136892 0.        ]
 [0.3118051  0.         0.         0.34551728 0.         0.34267762]
 [0.3103295  0.         0.         0.34491456 0.         0.34475604]
 [0.         0.         0.         0.3417945  0.3290793  0.32912627]
 [0.33008793 0.         0.         0.34124547 0.3286666  0.        ]
 [0.3287824  0.         0.         0.33923233 0.33198532 0.        ]
 [0.32296327 0.         0.         0.34586832 0.         0.33116844]
 [0.3230807  0.         0.         0.34535965 0.         0.3315597 ]
 [0.32533714 0.         0.         0.34536007 0.         0.32930282]
 [0.31510526 0.         0.         0.34716952 0.         0.33772528]
 [0.34756708 0.         0.33272013 0.31971276 0.         0.        ]
 [0.35295448 0.         0.31869143 0.3283541  0.         0.        ]
 [0.34874538 0.         0.3251395  0.32611504 0.         0.        ]
 [0.35567883 0.         0.3118164  0.33250472 0.         0.        ]
 [0.35416836 0.         0.31803203 0.32779962 0.         0.        ]
 [0.3498567  0.         0.32378137 0.32636198 0.         0.        ]
 [0.35425928 0.         0.31493768 0.3308031  0.         0.        ]
 [0.3548857  0.         0.31379318 0.33132106 0.         0.        ]
 [0.3491504  0.         0.33275244 0.31809717 0.         0.        ]
 [0.3579337  0.         0.32119003 0.32087624 0.         0.        ]
 [0.3567642  0.         0.3254892  0.31774664 0.         0.        ]
 [0.35496852 0.         0.32769766 0.31733382 0.         0.        ]
 [0.35756835 0.         0.32152584 0.32090577 0.         0.        ]
 [0.36466756 0.         0.30349678 0.33183566 0.         0.        ]
 [0.35244963 0.         0.33091018 0.3166403  0.         0.        ]
 [0.35622668 0.         0.32326278 0.3205106  0.         0.        ]]
13:04:41      Epoch:   0      Batch:   0      OuterStep: 870      LossModel: 0.00011199     LossTerm2: 0.00000000      Time/Step(s): 2.5844Term3 quantities: 
 [[0.         0.32211193 0.36371854 0.         0.31416953 0.        ]
 [0.         0.32770285 0.35547608 0.         0.3168211  0.        ]
 [0.         0.32849988 0.3529638  0.         0.3185363  0.        ]
 [0.         0.32622686 0.35385856 0.         0.         0.3199146 ]
 [0.         0.3260289  0.35218766 0.         0.         0.32178342]
 [0.         0.32749668 0.34945288 0.         0.         0.3230504 ]
 [0.         0.32751417 0.34918684 0.         0.         0.3232989 ]
 [0.         0.32672948 0.34522647 0.         0.         0.32804412]
 [0.         0.32701257 0.343958   0.         0.         0.32902944]
 [0.         0.32860568 0.33744025 0.         0.         0.3339541 ]
 [0.         0.3280617  0.34224877 0.         0.         0.32968956]
 [0.         0.32884508 0.33860824 0.         0.         0.33254665]
 [0.         0.3282983  0.33451355 0.         0.         0.33718815]
 [0.         0.3342399  0.         0.         0.30574018 0.36001992]
 [0.         0.33270022 0.         0.         0.31738296 0.34991688]
 [0.         0.33423054 0.         0.         0.30147275 0.36429676]
 [0.         0.3411671  0.         0.         0.33734617 0.32148668]
 [0.         0.338527   0.         0.         0.34477463 0.31669837]
 [0.31290707 0.33393723 0.         0.         0.35315573 0.        ]
 [0.         0.33453998 0.         0.         0.35633618 0.30912387]
 [0.3156491  0.34708312 0.         0.         0.33726785 0.        ]
 [0.31830573 0.33936822 0.         0.         0.34232607 0.        ]
 [0.31498933 0.3343114  0.         0.         0.3506993  0.        ]
 [0.31925288 0.32943892 0.         0.         0.35130823 0.        ]
 [0.3193984  0.346967   0.         0.         0.33363461 0.        ]
 [0.31964916 0.34457543 0.         0.         0.33577532 0.        ]
 [0.32129562 0.3385105  0.         0.         0.34019387 0.        ]
 [0.32284474 0.33099592 0.         0.         0.3461594  0.        ]
 [0.31985673 0.35357848 0.         0.         0.32656476 0.        ]
 [0.32317746 0.34380955 0.         0.         0.33301303 0.        ]
 [0.32799137 0.33362013 0.         0.         0.33838853 0.        ]
 [0.33152705 0.32544017 0.         0.         0.34303275 0.        ]
 [0.32681316 0.         0.         0.34225705 0.         0.33092976]
 [0.32803467 0.         0.         0.34246078 0.         0.3295046 ]
 [0.3264324  0.         0.         0.34150365 0.         0.33206394]
 [0.31624043 0.         0.         0.3448043  0.         0.33895534]
 [0.33049482 0.         0.         0.3325273  0.33697787 0.        ]
 [0.31658167 0.         0.         0.3430822  0.         0.34033614]
 [0.33393186 0.         0.         0.3346661  0.33140206 0.        ]
 [0.31162202 0.         0.         0.34531856 0.         0.34305942]
 [0.31015164 0.         0.         0.34470513 0.         0.34514323]
 [0.32909134 0.         0.         0.34182504 0.32908362 0.        ]
 [0.3301583  0.         0.         0.341135   0.32870662 0.        ]
 [0.328765   0.         0.         0.33922577 0.3320093  0.        ]
 [0.3229019  0.         0.         0.34576744 0.         0.33133075]
 [0.32302627 0.         0.         0.34525976 0.         0.3317139 ]
 [0.32531983 0.         0.         0.34527934 0.         0.32940084]
 [0.31493005 0.         0.         0.34698698 0.         0.33808297]
 [0.34749478 0.         0.33270645 0.3197988  0.         0.        ]
 [0.3528446  0.         0.3187292  0.32842624 0.         0.        ]
 [0.34861204 0.         0.32519674 0.3261912  0.         0.        ]
 [0.3554227  0.         0.3118179  0.33275932 0.         0.        ]
 [0.35405582 0.         0.3180829  0.32786122 0.         0.        ]
 [0.34972033 0.         0.32384884 0.32643083 0.         0.        ]
 [0.35416493 0.         0.31497142 0.3308637  0.         0.        ]
 [0.3546666  0.         0.31394795 0.33138555 0.         0.        ]
 [0.34906822 0.         0.33275306 0.31817874 0.         0.        ]
 [0.35783356 0.         0.32117456 0.3209918  0.         0.        ]
 [0.35667765 0.         0.32548955 0.3178328  0.         0.        ]
 [0.3548648  0.         0.32771736 0.3174179  0.         0.        ]
 [0.35747865 0.         0.3215042  0.3210172  0.         0.        ]
 [0.36450586 0.         0.3034426  0.33205158 0.         0.        ]
 [0.35232297 0.         0.3309444  0.31673265 0.         0.        ]
 [0.3561242  0.         0.32325256 0.32062328 0.         0.        ]]
13:05:06      Epoch:   0      Batch:   0      OuterStep: 880      LossModel: 0.00010464     LossTerm2: 0.00000000      Time/Step(s): 2.6763Term3 quantities: 
 [[0.         0.3220951  0.36372647 0.         0.31417844 0.        ]
 [0.         0.32767868 0.35550576 0.         0.31681553 0.        ]
 [0.         0.32847184 0.3529955  0.         0.3185326  0.        ]
 [0.         0.326447   0.35378462 0.         0.         0.31976846]
 [0.         0.32605782 0.3522117  0.         0.         0.3217305 ]
 [0.         0.32759854 0.34946498 0.         0.         0.32293645]
 [0.         0.32757378 0.34921458 0.         0.         0.3232116 ]
 [0.         0.32693654 0.3452143  0.         0.         0.32784912]
 [0.         0.327278   0.3438241  0.         0.         0.32889795]
 [0.         0.32867476 0.3374637  0.         0.         0.33386156]
 [0.         0.32822475 0.34221873 0.         0.         0.32955647]
 [0.         0.32902226 0.33856732 0.         0.         0.33241042]
 [0.         0.32836038 0.33450508 0.         0.         0.3371345 ]
 [0.         0.3341005  0.         0.         0.30568832 0.3602111 ]
 [0.         0.33267057 0.         0.         0.31730103 0.3500284 ]
 [0.         0.3340987  0.         0.         0.30144778 0.36445358]
 [0.         0.34133184 0.         0.         0.33714485 0.3215233 ]
 [0.         0.33855274 0.         0.         0.34467712 0.31677008]
 [0.31303293 0.33368707 0.         0.         0.35328007 0.        ]
 [0.30938733 0.3341139  0.         0.         0.35649875 0.        ]
 [0.31568792 0.34702894 0.         0.         0.33728313 0.        ]
 [0.31831795 0.33933428 0.         0.         0.34234786 0.        ]
 [0.3148287  0.3347108  0.         0.         0.35046047 0.        ]
 [0.3192544  0.32940778 0.         0.         0.3513378  0.        ]
 [0.31944922 0.34694138 0.         0.         0.3336094  0.        ]
 [0.3197375  0.34453332 0.         0.         0.33572918 0.        ]
 [0.3213344  0.33846968 0.         0.         0.34019595 0.        ]
 [0.3228616  0.33098453 0.         0.         0.3461538  0.        ]
 [0.31998348 0.35353214 0.         0.         0.32648432 0.        ]
 [0.32327434 0.34369212 0.         0.         0.3330336  0.        ]
 [0.32804573 0.33361453 0.         0.         0.33833984 0.        ]
 [0.33156705 0.32547462 0.         0.         0.34295833 0.        ]
 [0.32696837 0.         0.         0.34226805 0.         0.33076352]
 [0.32815555 0.         0.         0.34246144 0.         0.32938302]
 [0.32658416 0.         0.         0.34150696 0.         0.33190888]
 [0.31617558 0.         0.         0.34472704 0.         0.33909738]
 [0.33091134 0.         0.         0.33216265 0.33692604 0.        ]
 [0.31658378 0.         0.         0.3430188  0.         0.3403975 ]
 [0.33404043 0.         0.         0.3345715  0.33138815 0.        ]
 [0.31149504 0.         0.         0.34519145 0.         0.34331352]
 [0.31004256 0.         0.         0.34457964 0.         0.34537777]
 [0.32915074 0.         0.         0.34169617 0.32915312 0.        ]
 [0.33018103 0.         0.         0.34103793 0.32878104 0.        ]
 [0.32879782 0.         0.         0.33922684 0.3319754  0.        ]
 [0.32296553 0.         0.         0.34573272 0.         0.33130175]
 [0.32310355 0.         0.         0.34523425 0.         0.3316622 ]
 [0.32540628 0.         0.         0.3452407  0.         0.32935303]
 [0.31484044 0.         0.         0.346889   0.         0.3382706 ]
 [0.34744734 0.         0.33267045 0.31988218 0.         0.        ]
 [0.35275942 0.         0.31873798 0.32850263 0.         0.        ]
 [0.34849942 0.         0.32523218 0.3262685  0.         0.        ]
 [0.35510966 0.         0.3119286  0.3329617  0.         0.        ]
 [0.35397804 0.         0.31809056 0.3279314  0.         0.        ]
 [0.34961095 0.         0.32389224 0.32649678 0.         0.        ]
 [0.35404164 0.         0.31503293 0.3309254  0.         0.        ]
 [0.3544938  0.         0.31380895 0.33169726 0.         0.        ]
 [0.34901062 0.         0.332741   0.3182483  0.         0.        ]
 [0.3577703  0.         0.3211384  0.32109126 0.         0.        ]
 [0.35663247 0.         0.3254577  0.3179099  0.         0.        ]
 [0.35480604 0.         0.32769975 0.31749415 0.         0.        ]
 [0.35742235 0.         0.32144904 0.3211286  0.         0.        ]
 [0.36441076 0.         0.30343094 0.3321583  0.         0.        ]
 [0.35223714 0.         0.33094573 0.31681708 0.         0.        ]
 [0.3560623  0.         0.32321006 0.3207276  0.         0.        ]]
13:05:31      Epoch:   0      Batch:   0      OuterStep: 890      LossModel: 0.00010114     LossTerm2: 0.00000000      Time/Step(s): 2.6765Term3 quantities: 
 [[0.         0.3220616  0.3638079  0.         0.3141305  0.        ]
 [0.         0.32765475 0.35556018 0.         0.31678504 0.        ]
 [0.         0.32842147 0.3531171  0.         0.31846142 0.        ]
 [0.         0.32664597 0.3537474  0.         0.         0.31960663]
 [0.         0.32617173 0.3522273  0.         0.         0.32160094]
 [0.         0.32759216 0.3495018  0.         0.         0.32290596]
 [0.         0.32773015 0.34922987 0.         0.         0.32303998]
 [0.         0.32692817 0.3452187  0.         0.         0.3278531 ]
 [0.         0.32745847 0.34380877 0.         0.         0.32873282]
 [0.         0.32872835 0.3375045  0.         0.         0.3337671 ]
 [0.         0.32851788 0.34216726 0.         0.         0.3293149 ]
 [0.         0.3290709  0.3385707  0.         0.         0.3323584 ]
 [0.         0.32850632 0.33448762 0.         0.         0.33700603]
 [0.         0.33396548 0.         0.         0.30568773 0.3603468 ]
 [0.         0.3326479  0.         0.         0.31728113 0.35007104]
 [0.         0.33397627 0.         0.         0.30142838 0.36459535]
 [0.         0.3414633  0.         0.         0.33706686 0.32146987]
 [0.         0.33857894 0.         0.         0.34461328 0.3168078 ]
 [0.31318223 0.33343822 0.         0.         0.35337952 0.        ]
 [0.30966982 0.33370447 0.         0.         0.35662577 0.        ]
 [0.31576255 0.34690434 0.         0.         0.33733314 0.        ]
 [0.3183647  0.33923733 0.         0.         0.34239796 0.        ]
 [0.31473228 0.33499834 0.         0.         0.35026944 0.        ]
 [0.31928864 0.32933807 0.         0.         0.35137329 0.        ]
 [0.3195339  0.3468002  0.         0.         0.3336659  0.        ]
 [0.3198808  0.34442317 0.         0.         0.33569604 0.        ]
 [0.32141235 0.33835724 0.         0.         0.3402304  0.        ]
 [0.32290605 0.330941   0.         0.         0.346153   0.        ]
 [0.32011494 0.35337377 0.         0.         0.3265113  0.        ]
 [0.32344273 0.3434629  0.         0.         0.33309442 0.        ]
 [0.32809436 0.33349368 0.         0.         0.33841196 0.        ]
 [0.33164325 0.3254246  0.         0.         0.34293213 0.        ]
 [0.32719538 0.         0.         0.34231696 0.         0.33048773]
 [0.328338   0.         0.         0.34250098 0.         0.32916105]
 [0.32683113 0.         0.         0.341568   0.         0.3316009 ]
 [0.31630486 0.         0.         0.34475234 0.         0.3389428 ]
 [0.33134142 0.         0.         0.33183968 0.33681896 0.        ]
 [0.31674218 0.         0.         0.34305367 0.         0.34020418]
 [0.3341701  0.         0.         0.334492   0.33133793 0.        ]
 [0.31152022 0.         0.         0.34518504 0.         0.34329474]
 [0.31008765 0.         0.         0.34457564 0.         0.34533674]
 [0.32918328 0.         0.         0.34152114 0.32929552 0.        ]
 [0.33016244 0.         0.         0.3408906  0.328947   0.        ]
 [0.32885256 0.         0.         0.3392378  0.33190963 0.        ]
 [0.32318532 0.         0.         0.34578192 0.         0.33103287]
 [0.32333508 0.         0.         0.3452734  0.         0.33139148]
 [0.32558692 0.         0.         0.34527007 0.         0.32914308]
 [0.31488726 0.         0.         0.3468756  0.         0.33823717]
 [0.347449   0.         0.33263934 0.31991166 0.         0.        ]
 [0.3527273  0.         0.31873927 0.32853347 0.         0.        ]
 [0.34845114 0.         0.325245   0.32630384 0.         0.        ]
 [0.35490704 0.         0.31201267 0.3330803  0.         0.        ]
 [0.35397807 0.         0.31805864 0.32796323 0.         0.        ]
 [0.3495717  0.         0.323901   0.3265273  0.         0.        ]
 [0.3539465  0.         0.3151039  0.33094957 0.         0.        ]
 [0.35435152 0.         0.31390032 0.33174816 0.         0.        ]
 [0.34899777 0.         0.332723   0.31827927 0.         0.        ]
 [0.3577778  0.         0.3210793  0.32114288 0.         0.        ]
 [0.35665932 0.         0.32540432 0.3179364  0.         0.        ]
 [0.3548167  0.         0.32766128 0.31752202 0.         0.        ]
 [0.35742328 0.         0.32141042 0.32116634 0.         0.        ]
 [0.36446363 0.         0.30330807 0.3322283  0.         0.        ]
 [0.3522185  0.         0.33093008 0.3168514  0.         0.        ]
 [0.3560651  0.         0.32316357 0.32077137 0.         0.        ]]
13:05:56      Epoch:   0      Batch:   0      OuterStep: 900      LossModel: 0.00010663     LossTerm2: 0.00000000      Time/Step(s): 2.4366Term3 quantities: 
 [[0.         0.32201567 0.3639299  0.         0.31405446 0.        ]
 [0.         0.32759696 0.35568085 0.         0.31672215 0.        ]
 [0.         0.32838184 0.35320094 0.         0.31841722 0.        ]
 [0.         0.3268179  0.35373992 0.         0.         0.3194422 ]
 [0.         0.32646093 0.35216478 0.         0.         0.32137427]
 [0.         0.327765   0.34950575 0.         0.         0.32272926]
 [0.         0.32791328 0.34923172 0.         0.         0.32285497]
 [0.         0.32706466 0.34524587 0.         0.         0.3276895 ]
 [0.         0.32757658 0.34376666 0.         0.         0.3286567 ]
 [0.         0.32890254 0.33750266 0.         0.         0.33359483]
 [0.         0.32853404 0.34217876 0.         0.         0.32928726]
 [0.         0.32917115 0.33856034 0.         0.         0.3322685 ]
 [0.         0.32862282 0.33446833 0.         0.         0.3369088 ]
 [0.         0.3338282  0.         0.         0.30565342 0.3605183 ]
 [0.         0.3326326  0.         0.         0.31727073 0.3500967 ]
 [0.         0.3338519  0.         0.         0.30138466 0.36476353]
 [0.         0.34156016 0.         0.         0.3369674  0.3214724 ]
 [0.         0.3386067  0.         0.         0.34457868 0.31681463]
 [0.         0.33322844 0.         0.         0.35345125 0.31332037]
 [0.30994323 0.33330095 0.         0.         0.35675582 0.        ]
 [0.3158368  0.3467715  0.         0.         0.3373917  0.        ]
 [0.3184031  0.3391437  0.         0.         0.3424532  0.        ]
 [0.31464303 0.33523935 0.         0.         0.35011765 0.        ]
 [0.31931618 0.3292672  0.         0.         0.35141665 0.        ]
 [0.31960833 0.3467133  0.         0.         0.33367845 0.        ]
 [0.3199676  0.3443512  0.         0.         0.33568126 0.        ]
 [0.32146433 0.33825016 0.         0.         0.34028557 0.        ]
 [0.32294995 0.33088294 0.         0.         0.34616718 0.        ]
 [0.32022431 0.35321543 0.         0.         0.32656035 0.        ]
 [0.32355586 0.343324   0.         0.         0.33312017 0.        ]
 [0.32816377 0.33340913 0.         0.         0.33842713 0.        ]
 [0.33170262 0.3253683  0.         0.         0.34292915 0.        ]
 [0.32728276 0.         0.         0.34228075 0.         0.33043653]
 [0.32841313 0.         0.         0.342462   0.         0.32912496]
 [0.32692373 0.         0.         0.34153384 0.         0.33154237]
 [0.3163578  0.         0.         0.34469393 0.         0.33894828]
 [0.33175302 0.         0.         0.33155212 0.33669493 0.        ]
 [0.31680518 0.         0.         0.34297636 0.         0.34021842]
 [0.33427826 0.         0.         0.33441493 0.33130687 0.        ]
 [0.31148574 0.         0.         0.34506977 0.         0.3434445 ]
 [0.31006995 0.         0.         0.3444679  0.         0.34546214]
 [0.32920155 0.         0.         0.34160534 0.32919315 0.        ]
 [0.33015618 0.         0.         0.3409068  0.32893702 0.        ]
 [0.32893938 0.         0.         0.33920166 0.33185902 0.        ]
 [0.32327852 0.         0.         0.3457167  0.         0.3310048 ]
 [0.32343015 0.         0.         0.3452164  0.         0.3313534 ]
 [0.32573095 0.         0.         0.34521413 0.         0.32905492]
 [0.31487644 0.         0.         0.34676847 0.         0.3383551 ]
 [0.34738094 0.         0.33266416 0.31995493 0.         0.        ]
 [0.35264322 0.         0.31878355 0.32857317 0.         0.        ]
 [0.34835032 0.         0.3253076  0.32634208 0.         0.        ]
 [0.35476288 0.         0.3120073  0.3332298  0.         0.        ]
 [0.35390967 0.         0.31809458 0.3279957  0.         0.        ]
 [0.34948328 0.         0.3239597  0.326557   0.         0.        ]
 [0.3538114  0.         0.31521556 0.33097303 0.         0.        ]
 [0.35417935 0.         0.31393367 0.3318869  0.         0.        ]
 [0.34894073 0.         0.33274272 0.31831655 0.         0.        ]
 [0.35772124 0.         0.32108024 0.32119852 0.         0.        ]
 [0.35661736 0.         0.32541406 0.3179686  0.         0.        ]
 [0.3547697  0.         0.32767835 0.31755188 0.         0.        ]
 [0.35735458 0.         0.32141238 0.32123303 0.         0.        ]
 [0.36440092 0.         0.303201   0.33239812 0.         0.        ]
 [0.352154   0.         0.3309547  0.31689128 0.         0.        ]
 [0.35600257 0.         0.32317007 0.32082734 0.         0.        ]]
        Validation Criterion: 0.00049383
        Saving best model so far ...
13:06:20      Epoch:   0      Batch:   0      OuterStep: 910      LossModel: 0.00011048     LossTerm2: 0.00000000      Time/Step(s): 2.4375Term3 quantities: 
 [[0.         0.32195598 0.36403808 0.         0.31400597 0.        ]
 [0.         0.32754737 0.3557646  0.         0.31668803 0.        ]
 [0.         0.32832897 0.35326067 0.         0.3184104  0.        ]
 [0.         0.3268132  0.35378474 0.         0.         0.31940216]
 [0.         0.32651424 0.35219106 0.         0.         0.32129464]
 [0.         0.3279034  0.3494757  0.         0.         0.322621  ]
 [0.         0.32802358 0.34926096 0.         0.         0.3227154 ]
 [0.         0.32711646 0.34522778 0.         0.         0.32765573]
 [0.         0.327744   0.34372666 0.         0.         0.32852933]
 [0.         0.32905132 0.33750144 0.         0.         0.33344728]
 [0.         0.32854977 0.34217325 0.         0.         0.32927698]
 [0.         0.3293483  0.33850104 0.         0.         0.33215073]
 [0.         0.32867825 0.33445546 0.         0.         0.3368663 ]
 [0.         0.33371884 0.         0.         0.3056039  0.36067733]
 [0.         0.33260548 0.         0.         0.31724122 0.35015333]
 [0.         0.3337634  0.         0.         0.30133998 0.3648966 ]
 [0.         0.34165147 0.         0.         0.3369368  0.3214118 ]
 [0.         0.3386342  0.         0.         0.34454244 0.3168234 ]
 [0.         0.333043   0.         0.         0.353513   0.31344405]
 [0.3102118  0.33291548 0.         0.         0.35687274 0.        ]
 [0.3158962  0.34667048 0.         0.         0.33743334 0.        ]
 [0.31842926 0.3390861  0.         0.         0.34248465 0.        ]
 [0.3145768  0.3354508  0.         0.         0.34997243 0.        ]
 [0.31933278 0.32921708 0.         0.         0.35145015 0.        ]
 [0.31966215 0.346688   0.         0.         0.33364984 0.        ]
 [0.32000726 0.3442258  0.         0.         0.33576688 0.        ]
 [0.3215272  0.33817008 0.         0.         0.34030274 0.        ]
 [0.3229822  0.3308489  0.         0.         0.34616894 0.        ]
 [0.32034427 0.3530965  0.         0.         0.32655933 0.        ]
 [0.3236811  0.34319603 0.         0.         0.33312288 0.        ]
 [0.32823965 0.3333781  0.         0.         0.33838236 0.        ]
 [0.3317488  0.32534307 0.         0.         0.34290808 0.        ]
 [0.32738316 0.         0.         0.34226704 0.         0.33034986]
 [0.32851768 0.         0.         0.34243774 0.         0.32904458]
 [0.3270177  0.         0.         0.34152755 0.         0.33145475]
 [0.31629184 0.         0.         0.34461597 0.         0.33909217]
 [0.33214277 0.         0.         0.3312851  0.33657217 0.        ]
 [0.31683013 0.         0.         0.3429184  0.         0.3402515 ]
 [0.3343617  0.         0.         0.33431053 0.33132783 0.        ]
 [0.31139702 0.         0.         0.34494153 0.         0.3436615 ]
 [0.3099684  0.         0.         0.3443217  0.         0.34570992]
 [0.32925394 0.         0.         0.34151542 0.3292306  0.        ]
 [0.33018917 0.         0.         0.34085545 0.32895538 0.        ]
 [0.32900673 0.         0.         0.33917117 0.3318221  0.        ]
 [0.32329762 0.         0.         0.3456692  0.         0.33103323]
 [0.32344466 0.         0.         0.34516087 0.         0.3313945 ]
 [0.3257348  0.         0.         0.34514442 0.         0.3291208 ]
 [0.3148043  0.         0.         0.34665334 0.         0.33854237]
 [0.34731212 0.         0.3326647  0.32002318 0.         0.        ]
 [0.3525629  0.         0.31881762 0.32861948 0.         0.        ]
 [0.34825677 0.         0.32534677 0.32639644 0.         0.        ]
 [0.3546114  0.         0.31196395 0.3334246  0.         0.        ]
 [0.3538362  0.         0.31811154 0.32805225 0.         0.        ]
 [0.34940144 0.         0.3239911  0.32660744 0.         0.        ]
 [0.3537203  0.         0.31528053 0.33099917 0.         0.        ]
 [0.35400605 0.         0.31392908 0.33206493 0.         0.        ]
 [0.34888214 0.         0.33275238 0.31836548 0.         0.        ]
 [0.35764498 0.         0.32106906 0.32128596 0.         0.        ]
 [0.35657218 0.         0.32540154 0.31802627 0.         0.        ]
 [0.3547271  0.         0.32766676 0.31760618 0.         0.        ]
 [0.35726252 0.         0.32141116 0.32132638 0.         0.        ]
 [0.36423147 0.         0.30322    0.3325486  0.         0.        ]
 [0.3520931  0.         0.33095592 0.31695104 0.         0.        ]
 [0.35594374 0.         0.3231582  0.32089806 0.         0.        ]]
13:06:46      Epoch:   0      Batch:   0      OuterStep: 920      LossModel: 0.00010932     LossTerm2: 0.00000000      Time/Step(s): 2.2714Term3 quantities: 
 [[0.         0.3219087  0.3641157  0.         0.31397563 0.        ]
 [0.         0.3275072  0.35583493 0.         0.31665787 0.        ]
 [0.         0.32828134 0.35331511 0.         0.31840354 0.        ]
 [0.         0.32699367 0.35378337 0.         0.         0.31922293]
 [0.         0.32660872 0.35220674 0.         0.         0.3211846 ]
 [0.         0.3280372  0.34948    0.         0.         0.3224827 ]
 [0.         0.32803255 0.34930015 0.         0.         0.32266724]
 [0.         0.3274185  0.34516108 0.         0.         0.32742038]
 [0.         0.3277668  0.34371772 0.         0.         0.32851556]
 [0.         0.3290303  0.33754447 0.         0.         0.33342525]
 [0.         0.32865998 0.34213963 0.         0.         0.3292003 ]
 [0.         0.3293274  0.33849037 0.         0.         0.33218226]
 [0.         0.32877898 0.3344198  0.         0.         0.33680123]
 [0.         0.33361995 0.         0.         0.3055283  0.36085168]
 [0.         0.33258334 0.         0.         0.3172065  0.35021013]
 [0.         0.33368066 0.         0.         0.30125955 0.36505982]
 [0.         0.34173265 0.         0.         0.33687964 0.32138768]
 [0.         0.33866793 0.         0.         0.3445103  0.31682175]
 [0.         0.3328733  0.         0.         0.3535867  0.31353998]
 [0.3104346  0.33257422 0.         0.         0.3569911  0.        ]
 [0.31592172 0.3465966  0.         0.         0.3374817  0.        ]
 [0.31843257 0.33904365 0.         0.         0.34252384 0.        ]
 [0.3144383  0.33569893 0.         0.         0.3498628  0.        ]
 [0.31933746 0.32916293 0.         0.         0.3514996  0.        ]
 [0.3196866  0.34666178 0.         0.         0.33365163 0.        ]
 [0.32004163 0.34417242 0.         0.         0.33578596 0.        ]
 [0.32154992 0.3381007  0.         0.         0.3403494  0.        ]
 [0.32297772 0.33083987 0.         0.         0.34618244 0.        ]
 [0.32043356 0.35303903 0.         0.         0.32652748 0.        ]
 [0.32375774 0.34310362 0.         0.         0.3331387  0.        ]
 [0.32827055 0.333355   0.         0.         0.33837444 0.        ]
 [0.33176494 0.32533154 0.         0.         0.3429035  0.        ]
 [0.32745346 0.         0.         0.3422364  0.         0.33031014]
 [0.32862088 0.         0.         0.3424259  0.         0.32895327]
 [0.32712263 0.         0.         0.34151107 0.         0.3313663 ]
 [0.3162328  0.         0.         0.34448326 0.         0.33928394]
 [0.33249524 0.         0.         0.33097953 0.33652532 0.        ]
 [0.3168234  0.         0.         0.3428133  0.         0.3403633 ]
 [0.3344007  0.         0.         0.33415797 0.3314414  0.        ]
 [0.31126127 0.         0.         0.3447492  0.         0.34398955]
 [0.309833   0.         0.         0.34411544 0.         0.34605148]
 [0.         0.         0.         0.3412369  0.3294184  0.32934472]
 [0.33021215 0.         0.         0.34064323 0.3291446  0.        ]
 [0.32902426 0.         0.         0.33915013 0.33182564 0.        ]
 [0.32327238 0.         0.         0.34556767 0.         0.33116   ]
 [0.32346505 0.         0.         0.34507844 0.         0.33145645]
 [0.32579246 0.         0.         0.34507397 0.         0.32913363]
 [0.31468683 0.         0.         0.34647524 0.         0.3388379 ]
 [0.34720954 0.         0.33263448 0.320156   0.         0.        ]
 [0.35245904 0.         0.31878406 0.32875696 0.         0.        ]
 [0.34813726 0.         0.32534373 0.326519   0.         0.        ]
 [0.35441172 0.         0.31201637 0.33357188 0.         0.        ]
 [0.3537362  0.         0.31809542 0.32816845 0.         0.        ]
 [0.34928834 0.         0.32398945 0.32672226 0.         0.        ]
 [0.35358757 0.         0.3152893  0.33112317 0.         0.        ]
 [0.35386053 0.         0.31390858 0.33223084 0.         0.        ]
 [0.34880805 0.         0.33271047 0.3184814  0.         0.        ]
 [0.3575194  0.         0.32102838 0.3214523  0.         0.        ]
 [0.35648733 0.         0.3253518  0.3181609  0.         0.        ]
 [0.35464445 0.         0.32762542 0.3177301  0.         0.        ]
 [0.3571162  0.         0.32138953 0.32149425 0.         0.        ]
 [0.3640058  0.         0.30324957 0.33274466 0.         0.        ]
 [0.35199818 0.         0.33091336 0.31708843 0.         0.        ]
 [0.35584387 0.         0.32309628 0.32105982 0.         0.        ]]
13:07:10      Epoch:   0      Batch:   0      OuterStep: 930      LossModel: 0.00011318     LossTerm2: 0.00000000      Time/Step(s): 2.4182Term3 quantities: 
 [[0.         0.3218676  0.3641458  0.         0.3139866  0.        ]
 [0.         0.32747087 0.35585478 0.         0.31667438 0.        ]
 [0.         0.3282051  0.35340187 0.         0.3183931  0.        ]
 [0.         0.32711446 0.35380813 0.         0.         0.31907746]
 [0.         0.32672426 0.3522372  0.         0.         0.32103845]
 [0.         0.32805443 0.34954005 0.         0.         0.32240546]
 [0.         0.32801834 0.34936002 0.         0.         0.32262155]
 [0.         0.3273494  0.3451924  0.         0.         0.32745826]
 [0.         0.32772142 0.34375685 0.         0.         0.3285218 ]
 [0.         0.3290091  0.33756354 0.         0.         0.3334274 ]
 [0.         0.32870597 0.3421143  0.         0.         0.32917973]
 [0.         0.3293195  0.3384666  0.         0.         0.33221388]
 [0.         0.3288572  0.3343764  0.         0.         0.33676648]
 [0.         0.33344623 0.         0.         0.30542436 0.36112937]
 [0.         0.33253145 0.         0.         0.3171297  0.35033888]
 [0.         0.33351517 0.         0.         0.30114302 0.36534184]
 [0.         0.34176806 0.         0.         0.33679965 0.32143232]
 [0.         0.3386703  0.         0.         0.34441167 0.31691796]
 [0.         0.33264896 0.         0.         0.35370502 0.31364605]
 [0.31077933 0.3320237  0.         0.         0.357197   0.        ]
 [0.         0.34641176 0.         0.         0.33701178 0.31657648]
 [0.31780046 0.3396054  0.         0.         0.3425942  0.        ]
 [0.31426615 0.33593723 0.         0.         0.3497966  0.        ]
 [0.3192454  0.32920885 0.         0.         0.35154578 0.        ]
 [0.31959808 0.34667405 0.         0.         0.33372787 0.        ]
 [0.31997526 0.34413135 0.         0.         0.3358933  0.        ]
 [0.3215283  0.3381006  0.         0.         0.34037107 0.        ]
 [0.32287318 0.33087462 0.         0.         0.3462522  0.        ]
 [0.3203982  0.35301897 0.         0.         0.32658285 0.        ]
 [0.323719   0.3431389  0.         0.         0.33314216 0.        ]
 [0.32816902 0.33339292 0.         0.         0.3384381  0.        ]
 [0.331661   0.3253994  0.         0.         0.3429396  0.        ]
 [0.3272348  0.         0.         0.34201947 0.         0.33074573]
 [0.32854143 0.         0.         0.3422741  0.         0.3291845 ]
 [0.32691047 0.         0.         0.34130427 0.         0.33178517]
 [0.31589684 0.         0.         0.3441547  0.         0.33994845]
 [0.33269188 0.         0.         0.3306488  0.3366593  0.        ]
 [0.31650785 0.         0.         0.3424756  0.         0.3410166 ]
 [0.3343096  0.         0.         0.33403605 0.3316544  0.        ]
 [0.31088805 0.         0.         0.3443507  0.         0.34476122]
 [0.30945393 0.         0.         0.3437032  0.         0.3468429 ]
 [0.32937872 0.         0.         0.34127745 0.32934377 0.        ]
 [0.3302292  0.         0.         0.34058827 0.32918257 0.        ]
 [0.32904845 0.         0.         0.3390773  0.33187428 0.        ]
 [0.3230291  0.         0.         0.34527528 0.         0.3316956 ]
 [0.32322592 0.         0.         0.34478903 0.         0.3319851 ]
 [0.3256405  0.         0.         0.3448342  0.         0.32952526]
 [0.31429982 0.         0.         0.346068   0.         0.33963218]
 [0.34701985 0.         0.33267117 0.32030895 0.         0.        ]
 [0.3522454  0.         0.3188745  0.32888007 0.         0.        ]
 [0.34792662 0.         0.32542858 0.32664487 0.         0.        ]
 [0.35405576 0.         0.31203473 0.33390945 0.         0.        ]
 [0.3535636  0.         0.3181489  0.32828742 0.         0.        ]
 [0.34906352 0.         0.3240958  0.32684064 0.         0.        ]
 [0.35332528 0.         0.3154523  0.33122247 0.         0.        ]
 [0.3535695  0.         0.31394434 0.33248606 0.         0.        ]
 [0.348662   0.         0.33272016 0.31861785 0.         0.        ]
 [0.35729507 0.         0.32104823 0.3216567  0.         0.        ]
 [0.35629112 0.         0.32538944 0.3183194  0.         0.        ]
 [0.35446152 0.         0.32766357 0.31787482 0.         0.        ]
 [0.3568813  0.         0.32142526 0.32169354 0.         0.        ]
 [0.36375564 0.         0.3032583  0.33298615 0.         0.        ]
 [0.35181412 0.         0.33094177 0.31724408 0.         0.        ]
 [0.3556313  0.         0.3231119  0.3212569  0.         0.        ]]
13:07:34      Epoch:   0      Batch:   0      OuterStep: 940      LossModel: 0.00010821     LossTerm2: 0.00000000      Time/Step(s): 2.7857Term3 quantities: 
 [[0.         0.32179612 0.36423305 0.         0.3139709  0.        ]
 [0.         0.32741183 0.35592183 0.         0.3166663  0.        ]
 [0.         0.32814622 0.35345292 0.         0.31840092 0.        ]
 [0.         0.3270566  0.3538416  0.         0.         0.31910172]
 [0.         0.32671067 0.35225043 0.         0.         0.32103887]
 [0.         0.32798386 0.34957477 0.         0.         0.32244143]
 [0.         0.32809022 0.3493418  0.         0.         0.32256797]
 [0.         0.32721987 0.3452712  0.         0.         0.32750896]
 [0.         0.32767782 0.34374306 0.         0.         0.32857913]
 [0.         0.32903644 0.33752728 0.         0.         0.33343628]
 [0.         0.32863945 0.34208387 0.         0.         0.3292767 ]
 [0.         0.32940194 0.33837116 0.         0.         0.33222687]
 [0.         0.32893625 0.334301   0.         0.         0.33676282]
 [0.         0.333263   0.         0.         0.3052877  0.36144933]
 [0.         0.3324566  0.         0.         0.31704435 0.35049912]
 [0.         0.33334637 0.         0.         0.30093405 0.36571962]
 [0.         0.3417736  0.         0.         0.33665368 0.32157272]
 [0.         0.33866102 0.         0.         0.34436768 0.3169714 ]
 [0.         0.3324131  0.         0.         0.35380253 0.31378436]
 [0.31113583 0.33151856 0.         0.         0.3573456  0.        ]
 [0.         0.3462203  0.         0.         0.33670032 0.31707937]
 [0.3169004  0.34015185 0.         0.         0.34294784 0.        ]
 [0.3141713  0.3361425  0.         0.         0.34968615 0.        ]
 [0.31907022 0.32935524 0.         0.         0.3515745  0.        ]
 [0.31936574 0.34691373 0.         0.         0.33372062 0.        ]
 [0.31980655 0.34428546 0.         0.         0.33590803 0.        ]
 [0.32134756 0.33828673 0.         0.         0.3403657  0.        ]
 [0.32265598 0.33103895 0.         0.         0.34630507 0.        ]
 [0.3202189  0.35315835 0.         0.         0.32662284 0.        ]
 [0.32347563 0.343344   0.         0.         0.3331804  0.        ]
 [0.32792944 0.33362195 0.         0.         0.33844858 0.        ]
 [0.3314193  0.32561263 0.         0.         0.34296808 0.        ]
 [0.32672772 0.         0.         0.34175032 0.         0.33152202]
 [0.32802472 0.         0.         0.3419701  0.         0.33000517]
 [0.32642558 0.         0.         0.34106013 0.         0.33251426]
 [0.3151348  0.         0.         0.34364566 0.         0.34121954]
 [0.33272192 0.         0.         0.33029303 0.33698505 0.        ]
 [0.31576413 0.         0.         0.34197935 0.         0.34225652]
 [0.33403003 0.         0.         0.33384845 0.3321215  0.        ]
 [0.3099857  0.         0.         0.3436716  0.         0.34634274]
 [0.30853388 0.         0.         0.34300554 0.         0.34846056]
 [0.3294764  0.         0.         0.34099025 0.32953334 0.        ]
 [0.33037657 0.         0.         0.34034508 0.3292783  0.        ]
 [0.32896784 0.         0.         0.33898497 0.33204716 0.        ]
 [0.32237482 0.         0.         0.34486875 0.         0.3327565 ]
 [0.32258287 0.         0.         0.34438884 0.         0.33302838]
 [0.32505178 0.         0.         0.34441382 0.         0.33053437]
 [0.31337792 0.         0.         0.34541127 0.         0.34121093]
 [0.34673545 0.         0.33266973 0.32059485 0.         0.        ]
 [0.3519313  0.         0.31892604 0.32914266 0.         0.        ]
 [0.34762043 0.         0.32551    0.3268696  0.         0.        ]
 [0.35354656 0.         0.312174   0.33427942 0.         0.        ]
 [0.35326418 0.         0.31816822 0.32856762 0.         0.        ]
 [0.34874898 0.         0.32417625 0.32707477 0.         0.        ]
 [0.35297477 0.         0.31555107 0.3314742  0.         0.        ]
 [0.35314366 0.         0.314046   0.33281043 0.         0.        ]
 [0.3484294  0.         0.33273312 0.31883746 0.         0.        ]
 [0.35694462 0.         0.32105166 0.32200372 0.         0.        ]
 [0.35596538 0.         0.3254265  0.31860813 0.         0.        ]
 [0.35416177 0.         0.32770127 0.31813687 0.         0.        ]
 [0.3565518  0.         0.32140464 0.32204363 0.         0.        ]
 [0.36339778 0.         0.30320382 0.33339843 0.         0.        ]
 [0.3515136  0.         0.33096886 0.3175176  0.         0.        ]
 [0.3552913  0.         0.32309982 0.32160893 0.         0.        ]]
13:07:59      Epoch:   0      Batch:   0      OuterStep: 950      LossModel: 0.00010848     LossTerm2: 0.00000000      Time/Step(s): 2.5662Term3 quantities: 
 [[0.         0.32177424 0.3642703  0.         0.31395546 0.        ]
 [0.         0.32739463 0.35594183 0.         0.31666353 0.        ]
 [0.         0.3281301  0.353452   0.         0.31841797 0.        ]
 [0.         0.32709616 0.35387105 0.         0.         0.31903282]
 [0.         0.3266723  0.352299   0.         0.         0.32102868]
 [0.         0.32805654 0.3495614  0.         0.         0.322382  ]
 [0.         0.32817993 0.34933245 0.         0.         0.3224876 ]
 [0.         0.32746443 0.34509456 0.         0.         0.32744107]
 [0.         0.32779023 0.343647   0.         0.         0.3285628 ]
 [0.         0.32896915 0.3375278  0.         0.         0.333503  ]
 [0.         0.32867882 0.34200034 0.         0.         0.32932088]
 [0.         0.32939583 0.33830425 0.         0.         0.33230004]
 [0.         0.32884294 0.33426428 0.         0.         0.3368928 ]
 [0.         0.33311608 0.         0.         0.30512092 0.36176303]
 [0.         0.33238927 0.         0.         0.31698608 0.3506246 ]
 [0.         0.33320042 0.         0.         0.30076566 0.36603388]
 [0.         0.34173715 0.         0.         0.33648604 0.32177684]
 [0.         0.33862573 0.         0.         0.3441601  0.3172142 ]
 [0.         0.3322011  0.         0.         0.35369888 0.3141    ]
 [0.3114345  0.33123863 0.         0.         0.3573269  0.        ]
 [0.         0.34614718 0.         0.         0.33702585 0.31682694]
 [0.31635657 0.34036425 0.         0.         0.3432792  0.        ]
 [0.3141997  0.33631858 0.         0.         0.34948176 0.        ]
 [0.31893933 0.32951558 0.         0.         0.3515451  0.        ]
 [0.31923154 0.34700438 0.         0.         0.33376405 0.        ]
 [0.3197218  0.34437525 0.         0.         0.3359029  0.        ]
 [0.3212413  0.33838335 0.         0.         0.34037533 0.        ]
 [0.32251805 0.3311874  0.         0.         0.34629452 0.        ]
 [0.32010415 0.35321885 0.         0.         0.32667696 0.        ]
 [0.3233101  0.34344476 0.         0.         0.33324513 0.        ]
 [0.32777137 0.33380994 0.         0.         0.3384187  0.        ]
 [0.33127004 0.32577977 0.         0.         0.3429502  0.        ]
 [0.3267879  0.         0.         0.34169444 0.         0.33151764]
 [0.32791686 0.         0.         0.34187013 0.         0.33021307]
 [0.32653445 0.         0.         0.34102124 0.         0.33244434]
 [0.31474715 0.         0.         0.34338728 0.         0.34186563]
 [0.33282307 0.         0.         0.32997194 0.33720505 0.        ]
 [0.31539404 0.         0.         0.34171137 0.         0.34289464]
 [0.33381778 0.         0.         0.333601   0.33258128 0.        ]
 [0.3092854  0.         0.         0.34320024 0.         0.34751436]
 [0.30782127 0.         0.         0.34251186 0.         0.34966686]
 [0.3294416  0.         0.         0.3410947  0.         0.3294637 ]
 [0.33037215 0.         0.         0.34036407 0.32926378 0.        ]
 [0.32888624 0.         0.         0.33887926 0.33223444 0.        ]
 [0.32207915 0.         0.         0.3446397  0.         0.3332811 ]
 [0.32232854 0.         0.         0.34417918 0.         0.33349228]
 [0.32487658 0.         0.         0.34424004 0.         0.33088335]
 [0.31274393 0.         0.         0.34499127 0.         0.34226486]
 [0.34660807 0.         0.33253887 0.32085308 0.         0.        ]
 [0.35176554 0.         0.31885323 0.32938123 0.         0.        ]
 [0.3474719  0.         0.3254475  0.32708058 0.         0.        ]
 [0.35329202 0.         0.31216407 0.3345439  0.         0.        ]
 [0.35309562 0.         0.31811365 0.32879078 0.         0.        ]
 [0.34860638 0.         0.32411015 0.32728347 0.         0.        ]
 [0.35279125 0.         0.315524   0.33168477 0.         0.        ]
 [0.35289228 0.         0.3139324  0.3331753  0.         0.        ]
 [0.34831974 0.         0.33263806 0.31904218 0.         0.        ]
 [0.3567486  0.         0.3209245  0.32232693 0.         0.        ]
 [0.35581166 0.         0.3253121  0.3188762  0.         0.        ]
 [0.3540101  0.         0.32761103 0.3183788  0.         0.        ]
 [0.35634938 0.         0.32126272 0.322388   0.         0.        ]
 [0.36321193 0.         0.30306616 0.33372197 0.         0.        ]
 [0.35134348 0.         0.3308852  0.31777135 0.         0.        ]
 [0.35508072 0.         0.32298136 0.32193795 0.         0.        ]]
        Validation Criterion: 0.00058086
13:08:23      Epoch:   0      Batch:   0      OuterStep: 960      LossModel: 0.00011025     LossTerm2: 0.00000000      Time/Step(s): 2.2704Term3 quantities: 
 [[0.         0.3217065  0.36433738 0.         0.31395614 0.        ]
 [0.         0.3273473  0.3560055  0.         0.31664714 0.        ]
 [0.         0.32807198 0.35352615 0.         0.31840187 0.        ]
 [0.         0.3271     0.3539213  0.         0.         0.31897873]
 [0.         0.32675698 0.35231206 0.         0.         0.3209309 ]
 [0.         0.3281275  0.34958243 0.         0.         0.32229   ]
 [0.         0.3281503  0.34937638 0.         0.         0.32247335]
 [0.         0.3274876  0.3451278  0.         0.         0.3273846 ]
 [0.         0.3278707  0.34361702 0.         0.         0.32851237]
 [0.         0.32897258 0.33752713 0.         0.         0.3335003 ]
 [0.         0.32883266 0.34193394 0.         0.         0.3292334 ]
 [0.         0.32941145 0.33823842 0.         0.         0.33235013]
 [0.         0.32878432 0.33424062 0.         0.         0.3369751 ]
 [0.         0.33297578 0.         0.         0.3049947  0.3620295 ]
 [0.         0.33232605 0.         0.         0.3169383  0.35073563]
 [0.         0.3330631  0.         0.         0.300616   0.3663209 ]
 [0.         0.34168428 0.         0.         0.3364464  0.32186934]
 [0.         0.33859688 0.         0.         0.3440929  0.3173102 ]
 [0.         0.33201104 0.         0.         0.353773   0.31421596]
 [0.3119024  0.3307626  0.         0.         0.35733494 0.        ]
 [0.         0.34606498 0.         0.         0.33672702 0.31720802]
 [0.         0.34073132 0.         0.         0.3430207  0.3162481 ]
 [0.31443062 0.33629063 0.         0.         0.34927878 0.        ]
 [0.31896535 0.32953846 0.         0.         0.3514961  0.        ]
 [0.31926206 0.34696457 0.         0.         0.33377346 0.        ]
 [0.319718   0.34432584 0.         0.         0.33595616 0.        ]
 [0.3212794  0.33834535 0.         0.         0.34037524 0.        ]
 [0.3225333  0.33122906 0.         0.         0.34623763 0.        ]
 [0.32015088 0.35318348 0.         0.         0.32666567 0.        ]
 [0.32335788 0.3434161  0.         0.         0.3332261  0.        ]
 [0.32774407 0.33385316 0.         0.         0.33840278 0.        ]
 [0.33128464 0.3258     0.         0.         0.3429153  0.        ]
 [0.32678038 0.         0.         0.3416576  0.         0.33156198]
 [0.32791612 0.         0.         0.3418393  0.         0.3302446 ]
 [0.32651272 0.         0.         0.34098047 0.         0.3325068 ]
 [0.31457695 0.         0.         0.3432729  0.         0.34215006]
 [0.3330482  0.         0.         0.32977724 0.33717453 0.        ]
 [0.31531656 0.         0.         0.3416087  0.         0.34307477]
 [0.33377767 0.         0.         0.33355874 0.33266369 0.        ]
 [0.3088846  0.         0.         0.3429632  0.         0.34815222]
 [0.30744952 0.         0.         0.34227878 0.         0.35027167]
 [0.         0.         0.         0.3409955  0.32946494 0.3295396 ]
 [0.3303595  0.         0.         0.34027514 0.32936543 0.        ]
 [0.32888308 0.         0.         0.33884472 0.33227217 0.        ]
 [0.32208163 0.         0.         0.34459728 0.         0.33332115]
 [0.32234648 0.         0.         0.34413195 0.         0.33352157]
 [0.32489774 0.         0.         0.34419525 0.         0.33090702]
 [0.31246313 0.         0.         0.3448114  0.         0.34272546]
 [0.34652495 0.         0.33246857 0.32100648 0.         0.        ]
 [0.35165727 0.         0.3188269  0.3295158  0.         0.        ]
 [0.3473617  0.         0.32541698 0.32722133 0.         0.        ]
 [0.35310936 0.         0.31204978 0.33484086 0.         0.        ]
 [0.3530074  0.         0.31806725 0.32892537 0.         0.        ]
 [0.34851792 0.         0.32408434 0.3273978  0.         0.        ]
 [0.3526745  0.         0.31550422 0.33182126 0.         0.        ]
 [0.3526731  0.         0.313891   0.33343592 0.         0.        ]
 [0.348252   0.         0.33258247 0.31916556 0.         0.        ]
 [0.35661635 0.         0.32085025 0.3225334  0.         0.        ]
 [0.35571867 0.         0.3252414  0.31903988 0.         0.        ]
 [0.3539158  0.         0.32755426 0.3185299  0.         0.        ]
 [0.35618725 0.         0.32121617 0.32259655 0.         0.        ]
 [0.36305705 0.         0.30289885 0.33404413 0.         0.        ]
 [0.3512195  0.         0.3308439  0.31793657 0.         0.        ]
 [0.35492107 0.         0.32293424 0.32214463 0.         0.        ]]
13:08:47      Epoch:   0      Batch:   0      OuterStep: 970      LossModel: 0.00010242     LossTerm2: 0.00000000      Time/Step(s): 2.2714Term3 quantities: 
 [[0.         0.32163516 0.3644243  0.         0.31394055 0.        ]
 [0.         0.32729697 0.3560829  0.         0.3166202  0.        ]
 [0.         0.32802686 0.353576   0.         0.31839707 0.        ]
 [0.         0.32715017 0.35398513 0.         0.         0.31886473]
 [0.         0.3267669  0.3523673  0.         0.         0.32086575]
 [0.         0.32816416 0.34962234 0.         0.         0.3222135 ]
 [0.         0.32809737 0.3494412  0.         0.         0.32246143]
 [0.         0.32739857 0.34517077 0.         0.         0.3274306 ]
 [0.         0.32785562 0.34360933 0.         0.         0.32853505]
 [0.         0.32903785 0.3375201  0.         0.         0.33344215]
 [0.         0.32884765 0.34188575 0.         0.         0.32926655]
 [0.         0.32941127 0.33818498 0.         0.         0.3324038 ]
 [0.         0.3288247  0.33417657 0.         0.         0.3369987 ]
 [0.         0.33281985 0.         0.         0.30485967 0.36232042]
 [0.         0.33225238 0.         0.         0.31684083 0.35090676]
 [0.         0.3329135  0.         0.         0.3004738  0.36661273]
 [0.         0.34163588 0.         0.         0.33643454 0.32192957]
 [0.         0.33859566 0.         0.         0.3440364  0.3173679 ]
 [0.         0.3318674  0.         0.         0.35381046 0.31432223]
 [0.31235126 0.3303156  0.         0.         0.35733312 0.        ]
 [0.         0.34592852 0.         0.         0.33650544 0.3175661 ]
 [0.         0.34078482 0.         0.         0.34275645 0.31645876]
 [0.31458852 0.33629325 0.         0.         0.3491182  0.        ]
 [0.31903204 0.3295199  0.         0.         0.3514481  0.        ]
 [0.31931153 0.34692493 0.         0.         0.3337635  0.        ]
 [0.31980708 0.34424344 0.         0.         0.33594948 0.        ]
 [0.32133698 0.33833998 0.         0.         0.34032306 0.        ]
 [0.32257205 0.33123925 0.         0.         0.34618878 0.        ]
 [0.32026064 0.3531127  0.         0.         0.3266267  0.        ]
 [0.32346728 0.34335598 0.         0.         0.33317673 0.        ]
 [0.3277254  0.33386397 0.         0.         0.33841065 0.        ]
 [0.33131728 0.3258016  0.         0.         0.3428811  0.        ]
 [0.32637215 0.         0.         0.34144813 0.         0.33217975]
 [0.32761908 0.         0.         0.34165424 0.         0.33072662]
 [0.32613933 0.         0.         0.34080207 0.         0.3330586 ]
 [0.3141327  0.         0.         0.34297773 0.         0.34288964]
 [0.33323464 0.         0.         0.32954094 0.3372244  0.        ]
 [0.31497034 0.         0.         0.34134832 0.         0.3436814 ]
 [0.33371946 0.         0.         0.33350828 0.33277225 0.        ]
 [0.30832085 0.         0.         0.3425596  0.         0.34911957]
 [0.30690116 0.         0.         0.34187332 0.         0.35122553]
 [0.         0.         0.         0.34077817 0.3296419  0.32957983]
 [0.33042997 0.         0.         0.34004152 0.32952845 0.        ]
 [0.32889432 0.         0.         0.33879426 0.33231142 0.        ]
 [0.32165354 0.         0.         0.3443302  0.         0.3340163 ]
 [0.32192165 0.         0.         0.34386826 0.         0.3342102 ]
 [0.3245069  0.         0.         0.34392592 0.         0.33156717]
 [0.3119262  0.         0.         0.34443113 0.         0.34364265]
 [0.34629667 0.         0.33252195 0.3211814  0.         0.        ]
 [0.35142916 0.         0.31888697 0.32968387 0.         0.        ]
 [0.34711185 0.         0.32553136 0.32735682 0.         0.        ]
 [0.35280144 0.         0.31212667 0.33507192 0.         0.        ]
 [0.3527988  0.         0.3181015  0.32909974 0.         0.        ]
 [0.34827924 0.         0.3241498  0.32757095 0.         0.        ]
 [0.3524046  0.         0.31563804 0.33195734 0.         0.        ]
 [0.35230196 0.         0.31400993 0.33368814 0.         0.        ]
 [0.34806675 0.         0.33263403 0.3192992  0.         0.        ]
 [0.356346   0.         0.32090306 0.32275096 0.         0.        ]
 [0.35546073 0.         0.32532528 0.319214   0.         0.        ]
 [0.35366905 0.         0.32763982 0.3186911  0.         0.        ]
 [0.35588902 0.         0.32129437 0.32281667 0.         0.        ]
 [0.3627235  0.         0.30295083 0.3343257  0.         0.        ]
 [0.35094562 0.         0.3309454  0.31810904 0.         0.        ]
 [0.35461915 0.         0.3230116  0.32236925 0.         0.        ]]
13:09:12      Epoch:   0      Batch:   0      OuterStep: 980      LossModel: 0.00010612     LossTerm2: 0.00000000      Time/Step(s): 2.3086Term3 quantities: 
 [[0.         0.32159433 0.364436   0.         0.31396973 0.        ]
 [0.         0.32724753 0.35613355 0.         0.31661895 0.        ]
 [0.         0.3279512  0.35367775 0.         0.3183711  0.        ]
 [0.         0.32724363 0.35403016 0.         0.         0.31872618]
 [0.         0.3268639  0.3524181  0.         0.         0.32071796]
 [0.         0.3282038  0.34964728 0.         0.         0.3221489 ]
 [0.         0.32817084 0.34945568 0.         0.         0.32237342]
 [0.         0.3275436  0.34511238 0.         0.         0.3273441 ]
 [0.         0.3279119  0.34358972 0.         0.         0.32849848]
 [0.         0.32908726 0.33751035 0.         0.         0.33340234]
 [0.         0.32886407 0.34182733 0.         0.         0.32930863]
 [0.         0.3295101  0.33808348 0.         0.         0.3324065 ]
 [0.         0.32888573 0.33412743 0.         0.         0.33698678]
 [0.         0.33272126 0.         0.         0.30477664 0.36250207]
 [0.         0.33220312 0.         0.         0.3167649  0.351032  ]
 [0.         0.3328374  0.         0.         0.30036125 0.3668014 ]
 [0.         0.34166208 0.         0.         0.33642837 0.32190955]
 [0.         0.3386535  0.         0.         0.3439722  0.31737435]
 [0.         0.33177885 0.         0.         0.35380673 0.31441447]
 [0.31258494 0.33008358 0.         0.         0.3573315  0.        ]
 [0.         0.3458343  0.         0.         0.33661723 0.31754854]
 [0.         0.34085718 0.         0.         0.3426907  0.31645215]
 [0.31454924 0.33644634 0.         0.         0.34900445 0.        ]
 [0.3190535  0.32955736 0.         0.         0.35138917 0.        ]
 [0.31937844 0.34687865 0.         0.         0.33374292 0.        ]
 [0.31989804 0.34426323 0.         0.         0.33583874 0.        ]
 [0.3214089  0.3383572  0.         0.         0.34023392 0.        ]
 [0.32259893 0.33128455 0.         0.         0.34611648 0.        ]
 [0.32035708 0.35308275 0.         0.         0.32656017 0.        ]
 [0.32354617 0.34326842 0.         0.         0.33318543 0.        ]
 [0.32773605 0.33386907 0.         0.         0.3383949  0.        ]
 [0.33132812 0.32586473 0.         0.         0.3428071  0.        ]
 [0.32652715 0.         0.         0.34148207 0.         0.33199075]
 [0.32761124 0.         0.         0.3416304  0.         0.33075836]
 [0.32632813 0.         0.         0.34083983 0.         0.33283207]
 [0.31389427 0.         0.         0.34285435 0.         0.34325138]
 [0.33344033 0.         0.         0.32927036 0.33728927 0.        ]
 [0.31484434 0.         0.         0.34125227 0.         0.34390342]
 [0.3336953  0.         0.         0.33340937 0.33289534 0.        ]
 [0.30795383 0.         0.         0.34231547 0.         0.34973073]
 [0.30655855 0.         0.         0.34162349 0.         0.35181797]
 [0.32957718 0.         0.         0.34087536 0.         0.32954746]
 [0.330384   0.         0.         0.34004146 0.32957458 0.        ]
 [0.3289233  0.         0.         0.33871612 0.33236063 0.        ]
 [0.3215179  0.         0.         0.3442379  0.         0.33424422]
 [0.32181403 0.         0.         0.34378865 0.         0.33439738]
 [0.32437384 0.         0.         0.34382513 0.         0.33180106]
 [0.31160283 0.         0.         0.34422305 0.         0.34417403]
 [0.3461673  0.         0.3324907  0.32134202 0.         0.        ]
 [0.35128334 0.         0.31887338 0.32984328 0.         0.        ]
 [0.3469437  0.         0.3255375  0.32751882 0.         0.        ]
 [0.35252565 0.         0.31214324 0.3353311  0.         0.        ]
 [0.35265598 0.         0.31809855 0.32924548 0.         0.        ]
 [0.34808868 0.         0.32420808 0.3277032  0.         0.        ]
 [0.35222077 0.         0.3156922  0.3320871  0.         0.        ]
 [0.35213324 0.         0.31394938 0.3339174  0.         0.        ]
 [0.34795445 0.         0.33261    0.31943557 0.         0.        ]
 [0.3561944  0.         0.32084918 0.32295632 0.         0.        ]
 [0.35531095 0.         0.32530734 0.31938174 0.         0.        ]
 [0.35351166 0.         0.3276428  0.31884557 0.         0.        ]
 [0.355726   0.         0.32124332 0.32303065 0.         0.        ]
 [0.36248666 0.         0.30294406 0.33456925 0.         0.        ]
 [0.35076347 0.         0.33096465 0.3182719  0.         0.        ]
 [0.3544627  0.         0.32297605 0.3225613  0.         0.        ]]
13:09:36      Epoch:   0      Batch:   0      OuterStep: 990      LossModel: 0.00010668     LossTerm2: 0.00000000      Time/Step(s): 2.4190Term3 quantities: 
 [[0.         0.32151946 0.36456072 0.         0.3139198  0.        ]
 [0.         0.32718566 0.35621935 0.         0.31659496 0.        ]
 [0.         0.32789594 0.35374513 0.         0.31835893 0.        ]
 [0.         0.3273142  0.3540947  0.         0.         0.3185911 ]
 [0.         0.32687804 0.35246488 0.         0.         0.320657  ]
 [0.         0.32829    0.34966838 0.         0.         0.32204157]
 [0.         0.32826942 0.34948874 0.         0.         0.32224178]
 [0.         0.3276653  0.3451185  0.         0.         0.32721624]
 [0.         0.32813758 0.34350365 0.         0.         0.3283587 ]
 [0.         0.3291107  0.33753765 0.         0.         0.3333516 ]
 [0.         0.3289599  0.34178257 0.         0.         0.32925758]
 [0.         0.32951814 0.33805948 0.         0.         0.33242244]
 [0.         0.32889295 0.3341159  0.         0.         0.33699116]
 [0.         0.33265617 0.         0.         0.30474013 0.36260372]
 [0.         0.33217844 0.         0.         0.31673977 0.3510818 ]
 [0.         0.33278808 0.         0.         0.30036086 0.36685106]
 [0.         0.3417173  0.         0.         0.3364725  0.3218102 ]
 [0.         0.3387449  0.         0.         0.34395468 0.31730044]
 [0.31443918 0.33173022 0.         0.         0.35383064 0.        ]
 [0.31271273 0.32992807 0.         0.         0.35735923 0.        ]
 [0.         0.34576043 0.         0.         0.3366777  0.31756186]
 [0.         0.3408742  0.         0.         0.34264117 0.3164847 ]
 [0.31446567 0.3365706  0.         0.         0.34896374 0.        ]
 [0.31911743 0.32955262 0.         0.         0.35133    0.        ]
 [0.31948033 0.34680352 0.         0.         0.33371624 0.        ]
 [0.32000035 0.3442125  0.         0.         0.33578712 0.        ]
 [0.32150862 0.33832708 0.         0.         0.34016436 0.        ]
 [0.3226659  0.33127207 0.         0.         0.34606206 0.        ]
 [0.32048997 0.3529632  0.         0.         0.3265468  0.        ]
 [0.3237321  0.34311453 0.         0.         0.3331534  0.        ]
 [0.3278528  0.33377898 0.         0.         0.33836824 0.        ]
 [0.33144596 0.32579944 0.         0.         0.34275466 0.        ]
 [0.32700643 0.         0.         0.34165817 0.         0.3313354 ]
 [0.3280275  0.         0.         0.3417854  0.         0.33018708]
 [0.32682282 0.         0.         0.3410239  0.         0.33215332]
 [0.31407553 0.         0.         0.34295365 0.         0.3429708 ]
 [0.333766   0.         0.         0.32905725 0.33717668 0.        ]
 [0.3151058  0.         0.         0.34137422 0.         0.34352002]
 [0.33382282 0.         0.         0.33336526 0.33281192 0.        ]
 [0.30799583 0.         0.         0.34238002 0.         0.3496242 ]
 [0.30664495 0.         0.         0.3417048  0.         0.35165024]
 [0.         0.         0.         0.34052593 0.32980928 0.32966477]
 [0.33038723 0.         0.         0.3398028  0.32981008 0.        ]
 [0.32904395 0.         0.         0.3386706  0.33228546 0.        ]
 [0.3219051  0.         0.         0.34439787 0.         0.33369705]
 [0.32221282 0.         0.         0.34394032 0.         0.33384693]
 [0.32479212 0.         0.         0.34397823 0.         0.33122966]
 [0.3117158  0.         0.         0.34431016 0.         0.3439741 ]
 [0.34621876 0.         0.3324055  0.32137567 0.         0.        ]
 [0.35130623 0.         0.3188233  0.32987043 0.         0.        ]
 [0.3469278  0.         0.32552338 0.32754892 0.         0.        ]
 [0.35251424 0.         0.3120906  0.3353952  0.         0.        ]
 [0.35269326 0.         0.31803378 0.32927296 0.         0.        ]
 [0.34810254 0.         0.32416412 0.3277333  0.         0.        ]
 [0.35226727 0.         0.31562278 0.33210996 0.         0.        ]
 [0.35216653 0.         0.3138305  0.33400294 0.         0.        ]
 [0.3479817  0.         0.33254775 0.31947058 0.         0.        ]
 [0.35623148 0.         0.3207628  0.3230057  0.         0.        ]
 [0.35536626 0.         0.32522693 0.3194068  0.         0.        ]
 [0.3535445  0.         0.32758287 0.31887257 0.         0.        ]
 [0.3557677  0.         0.3211545  0.3230778  0.         0.        ]
 [0.3626035  0.         0.30278853 0.33460796 0.         0.        ]
 [0.3507749  0.         0.33092418 0.3183009  0.         0.        ]
 [0.35453624 0.         0.32286736 0.32259643 0.         0.        ]]
13:10:00      Epoch:   0      Batch:   0      OuterStep: 1000      LossModel: 0.00009921     LossTerm2: 0.00000000      Time/Step(s): 2.3100Term3 quantities: 
 [[0.         0.32146356 0.36466458 0.         0.31387186 0.        ]
 [0.         0.3271273  0.3563184  0.         0.31655425 0.        ]
 [0.         0.3278302  0.35383844 0.         0.31833133 0.        ]
 [0.         0.32732454 0.3541895  0.         0.         0.31848595]
 [0.         0.32695886 0.35256392 0.         0.         0.32047722]
 [0.         0.32832968 0.34973675 0.         0.         0.32193354]
 [0.         0.32826447 0.34956834 0.         0.         0.32216722]
 [0.         0.32765305 0.34516975 0.         0.         0.32717726]
 [0.         0.32808617 0.34353924 0.         0.         0.32837468]
 [0.         0.3291694  0.3375726  0.         0.         0.33325803]
 [0.         0.3291717  0.34173784 0.         0.         0.32909045]
 [0.         0.32942635 0.33807662 0.         0.         0.33249706]
 [0.         0.3289369  0.33411062 0.         0.         0.33695242]
 [0.         0.33260742 0.         0.         0.30478206 0.36261052]
 [0.         0.3322025  0.         0.         0.31677395 0.3510235 ]
 [0.         0.33276856 0.         0.         0.30037802 0.36685348]
 [0.         0.34179497 0.         0.         0.3365387  0.3216664 ]
 [0.         0.3388511  0.         0.         0.3439428  0.31720614]
 [0.31446564 0.33175144 0.         0.         0.3537829  0.        ]
 [0.31272563 0.32989442 0.         0.         0.35738003 0.        ]
 [0.         0.3456963  0.         0.         0.3368353  0.31746843]
 [0.         0.34085685 0.         0.         0.34282345 0.3163197 ]
 [0.3143524  0.33667296 0.         0.         0.3489746  0.        ]
 [0.31919733 0.32950908 0.         0.         0.35129356 0.        ]
 [0.3195748  0.34671837 0.         0.         0.3337069  0.        ]
 [0.32008114 0.34408662 0.         0.         0.33583224 0.        ]
 [0.3215832  0.33827585 0.         0.         0.34014103 0.        ]
 [0.32276556 0.33122608 0.         0.         0.34600836 0.        ]
 [0.32063118 0.3527576  0.         0.         0.32661122 0.        ]
 [0.32392827 0.34289297 0.         0.         0.33317873 0.        ]
 [0.3280077  0.33364975 0.         0.         0.33834255 0.        ]
 [0.33156037 0.32570893 0.         0.         0.34273073 0.        ]
 [0.3273819  0.         0.         0.3417263  0.         0.33089176]
 [0.32850668 0.         0.         0.341904   0.         0.3295893 ]
 [0.32718086 0.         0.         0.34108523 0.         0.33173388]
 [0.31447047 0.         0.         0.34308842 0.         0.34244108]
 [0.33411705 0.         0.         0.32882953 0.33705342 0.        ]
 [0.31554195 0.         0.         0.34152332 0.         0.34293473]
 [0.3339898  0.         0.         0.3333153  0.3326949  0.        ]
 [0.3082951  0.         0.         0.3425329  0.         0.349172  ]
 [0.30696258 0.         0.         0.34186292 0.         0.35117453]
 [0.3296458  0.         0.         0.34060112 0.32975313 0.        ]
 [0.3303901  0.         0.         0.33980376 0.3298062  0.        ]
 [0.3292198  0.         0.         0.33860147 0.33217877 0.        ]
 [0.3224009  0.         0.         0.34452146 0.         0.33307758]
 [0.3227392  0.         0.         0.3440826  0.         0.33317825]
 [0.32529506 0.         0.         0.34409592 0.         0.33060905]
 [0.3120839  0.         0.         0.34444875 0.         0.3434673 ]
 [0.346323   0.         0.33238322 0.32129386 0.         0.        ]
 [0.35140517 0.         0.3188159  0.3297789  0.         0.        ]
 [0.34699816 0.         0.32553247 0.32746935 0.         0.        ]
 [0.35270765 0.         0.31199554 0.33529684 0.         0.        ]
 [0.3527995  0.         0.31801105 0.3291895  0.         0.        ]
 [0.3481979  0.         0.32414964 0.32765245 0.         0.        ]
 [0.35231537 0.         0.31566253 0.3320221  0.         0.        ]
 [0.35233343 0.         0.31367972 0.3339868  0.         0.        ]
 [0.34805197 0.         0.3325451  0.3194029  0.         0.        ]
 [0.35633966 0.         0.32075727 0.32290295 0.         0.        ]
 [0.3554911  0.         0.3252073  0.31930164 0.         0.        ]
 [0.3536492  0.         0.32757694 0.31877387 0.         0.        ]
 [0.3558895  0.         0.32114267 0.32296783 0.         0.        ]
 [0.36284736 0.         0.30259758 0.33455503 0.         0.        ]
 [0.35086653 0.         0.33093184 0.31820172 0.         0.        ]
 [0.3546609  0.         0.32283938 0.32249972 0.         0.        ]]
        Validation Criterion: 0.00046582
        Saving best model so far ...
13:10:25      Epoch:   0      Batch:   0      OuterStep: 1010      LossModel: 0.00009414     LossTerm2: 0.00000000      Time/Step(s): 2.3274Term3 quantities: 
 [[0.         0.32139608 0.36481932 0.         0.3137846  0.        ]
 [0.         0.3270559  0.3564475  0.         0.31649664 0.        ]
 [0.         0.32774433 0.35396934 0.         0.31828636 0.        ]
 [0.         0.3273662  0.35428753 0.         0.         0.3183462 ]
 [0.         0.3270302  0.3526115  0.         0.         0.3203583 ]
 [0.         0.32829878 0.34981835 0.         0.         0.32188287]
 [0.         0.32826608 0.34964824 0.         0.         0.3220857 ]
 [0.         0.32786873 0.34515136 0.         0.         0.32697988]
 [0.         0.32805875 0.34360543 0.         0.         0.32833588]
 [0.         0.32926747 0.3375966  0.         0.         0.333136  ]
 [0.         0.3291321  0.34174198 0.         0.         0.3291259 ]
 [0.         0.32957897 0.3380241  0.         0.         0.33239686]
 [0.         0.32899192 0.3341021  0.         0.         0.3369059 ]
 [0.         0.33254427 0.         0.         0.30481574 0.36263996]
 [0.         0.33222616 0.         0.         0.31683102 0.35094282]
 [0.         0.3327319  0.         0.         0.30043244 0.36683568]
 [0.         0.34184518 0.         0.         0.33662122 0.3215336 ]
 [0.         0.33895105 0.         0.         0.3439725  0.3170764 ]
 [0.31447357 0.33182323 0.         0.         0.35370326 0.        ]
 [0.31264925 0.32992193 0.         0.         0.35742888 0.        ]
 [0.         0.3456371  0.         0.         0.3370125  0.31735036]
 [0.         0.34078747 0.         0.         0.34296012 0.3162525 ]
 [0.3142551  0.33673847 0.         0.         0.34900644 0.        ]
 [0.31923243 0.32949197 0.         0.         0.35127556 0.        ]
 [0.31964645 0.3466479  0.         0.         0.33370566 0.        ]
 [0.3201503  0.34397554 0.         0.         0.3358742  0.        ]
 [0.3216061  0.33813617 0.         0.         0.3402578  0.        ]
 [0.3228134  0.3311915  0.         0.         0.34599513 0.        ]
 [0.32074484 0.3526338  0.         0.         0.32662135 0.        ]
 [0.32401976 0.3427855  0.         0.         0.33319473 0.        ]
 [0.32810134 0.33361414 0.         0.         0.33828455 0.        ]
 [0.33163047 0.3256123  0.         0.         0.34275725 0.        ]
 [0.3275406  0.         0.         0.34174806 0.         0.33071133]
 [0.32872796 0.         0.         0.34192804 0.         0.329344  ]
 [0.32736567 0.         0.         0.3411138  0.         0.3315205 ]
 [0.31472802 0.         0.         0.34317726 0.         0.3420947 ]
 [0.33442044 0.         0.         0.32862672 0.33695278 0.        ]
 [0.3158061  0.         0.         0.34160933 0.         0.34258464]
 [0.33410457 0.         0.         0.33324638 0.33264908 0.        ]
 [0.3084977  0.         0.         0.3426222  0.         0.34888014]
 [0.30715814 0.         0.         0.34194323 0.         0.35089862]
 [0.3296742  0.         0.         0.3404472  0.3298786  0.        ]
 [0.3304041  0.         0.         0.33970615 0.3298897  0.        ]
 [0.32938585 0.         0.         0.33851212 0.33210197 0.        ]
 [0.32262817 0.         0.         0.34457374 0.         0.33279806]
 [0.32296047 0.         0.         0.34412292 0.         0.33291662]
 [0.32551548 0.         0.         0.34411612 0.         0.3303684 ]
 [0.31232104 0.         0.         0.34453627 0.         0.3431427 ]
 [0.34634012 0.         0.3324456  0.32121435 0.         0.        ]
 [0.35145473 0.         0.31883046 0.3297148  0.         0.        ]
 [0.34705243 0.         0.32556948 0.32737812 0.         0.        ]
 [0.35285023 0.         0.31179053 0.33535928 0.         0.        ]
 [0.35284555 0.         0.31804875 0.32910568 0.         0.        ]
 [0.34822887 0.         0.32420537 0.3275657  0.         0.        ]
 [0.3523597  0.         0.31577045 0.33186978 0.         0.        ]
 [0.352313   0.         0.31369343 0.33399352 0.         0.        ]
 [0.34807163 0.         0.33260465 0.3193237  0.         0.        ]
 [0.35640824 0.         0.32078385 0.32280797 0.         0.        ]
 [0.3555438  0.         0.32525426 0.31920195 0.         0.        ]
 [0.35369828 0.         0.3276272  0.31867456 0.         0.        ]
 [0.35594925 0.         0.32118    0.32287064 0.         0.        ]
 [0.36298168 0.         0.3024833  0.33453506 0.         0.        ]
 [0.3509167  0.         0.3309792  0.31810403 0.         0.        ]
 [0.3547081  0.         0.32290155 0.32239044 0.         0.        ]]
13:10:50      Epoch:   0      Batch:   0      OuterStep: 1020      LossModel: 0.00009449     LossTerm2: 0.00000000      Time/Step(s): 2.6576Term3 quantities: 
 [[0.         0.32134652 0.36491865 0.         0.31373483 0.        ]
 [0.         0.32699126 0.3565367  0.         0.31647202 0.        ]
 [0.         0.32768133 0.3540376  0.         0.31828105 0.        ]
 [0.         0.3273302  0.35438517 0.         0.         0.31828466]
 [0.         0.32704177 0.35269094 0.         0.         0.32026726]
 [0.         0.32835507 0.34984207 0.         0.         0.3218029 ]
 [0.         0.328315   0.34968403 0.         0.         0.32200092]
 [0.         0.3278795  0.34513095 0.         0.         0.3269895 ]
 [0.         0.32817408 0.34355527 0.         0.         0.3282707 ]
 [0.         0.32924005 0.3376081  0.         0.         0.33315185]
 [0.         0.32911143 0.34170252 0.         0.         0.3291861 ]
 [0.         0.3298913  0.3378948  0.         0.         0.3322139 ]
 [0.         0.32911074 0.33404216 0.         0.         0.3368471 ]
 [0.         0.33245784 0.         0.         0.3048298  0.36271235]
 [0.         0.33222464 0.         0.         0.3168823  0.35089305]
 [0.         0.3326754  0.         0.         0.30041218 0.36691245]
 [0.         0.34186026 0.         0.         0.33667225 0.32146752]
 [0.         0.33903924 0.         0.         0.3439388  0.31702206]
 [0.31448144 0.33184582 0.         0.         0.35367277 0.        ]
 [0.31268743 0.3297928  0.         0.         0.35751978 0.        ]
 [0.         0.34558684 0.         0.         0.33708224 0.31733096]
 [0.         0.3406928  0.         0.         0.34311026 0.316197  ]
 [0.31416512 0.33680725 0.         0.         0.34902754 0.        ]
 [0.3192328  0.32950088 0.         0.         0.35126632 0.        ]
 [0.3196506  0.34664515 0.         0.         0.33370423 0.        ]
 [0.32018605 0.343956   0.         0.         0.33585796 0.        ]
 [0.3215876  0.33809212 0.         0.         0.34032023 0.        ]
 [0.3228097  0.331201   0.         0.         0.34598932 0.        ]
 [0.3208399  0.35255876 0.         0.         0.32660133 0.        ]
 [0.3240344  0.34278157 0.         0.         0.33318406 0.        ]
 [0.32811773 0.33355233 0.         0.         0.33832994 0.        ]
 [0.33163273 0.3255983  0.         0.         0.34276897 0.        ]
 [0.32760128 0.         0.         0.3417037  0.         0.33069506]
 [0.32872233 0.         0.         0.34186804 0.         0.32940954]
 [0.32744756 0.         0.         0.34108904 0.         0.3314634 ]
 [0.31466582 0.         0.         0.34308034 0.         0.34225383]
 [0.3346488  0.         0.         0.32842425 0.33692703 0.        ]
 [0.3157337  0.         0.         0.34150404 0.         0.34276226]
 [0.33410203 0.         0.         0.33310974 0.3327882  0.        ]
 [0.30838865 0.         0.         0.34249416 0.         0.34911716]
 [0.30704123 0.         0.         0.3418096  0.         0.35114917]
 [0.3296987  0.         0.         0.34032986 0.32997143 0.        ]
 [0.33040315 0.         0.         0.33961162 0.3299853  0.        ]
 [0.3294708  0.         0.         0.33843017 0.33209908 0.        ]
 [0.32255164 0.         0.         0.3444709  0.         0.33297747]
 [0.3228723  0.         0.         0.3440161  0.         0.33311155]
 [0.32551268 0.         0.         0.34402028 0.         0.33046705]
 [0.31219482 0.         0.         0.34439915 0.         0.34340605]
 [0.34626266 0.         0.33247164 0.3212657  0.         0.        ]
 [0.35139215 0.         0.318867   0.3297408  0.         0.        ]
 [0.3470243  0.         0.325571   0.32740477 0.         0.        ]
 [0.35267553 0.         0.31181422 0.33551028 0.         0.        ]
 [0.35280284 0.         0.31805807 0.3291391  0.         0.        ]
 [0.34817997 0.         0.32422397 0.3275961  0.         0.        ]
 [0.35231677 0.         0.31574327 0.33193997 0.         0.        ]
 [0.35226497 0.         0.31371427 0.33402076 0.         0.        ]
 [0.34803188 0.         0.33261675 0.31935146 0.         0.        ]
 [0.35638875 0.         0.32075104 0.32286024 0.         0.        ]
 [0.35548353 0.         0.32527623 0.31924018 0.         0.        ]
 [0.35365477 0.         0.32763925 0.31870604 0.         0.        ]
 [0.3558861  0.         0.32118586 0.322928   0.         0.        ]
 [0.36288744 0.         0.30245385 0.33465877 0.         0.        ]
 [0.35086924 0.         0.33099434 0.3181364  0.         0.        ]
 [0.35465422 0.         0.32289875 0.32244703 0.         0.        ]]
13:11:16      Epoch:   0      Batch:   0      OuterStep: 1030      LossModel: 0.00009909     LossTerm2: 0.00000000      Time/Step(s): 2.4292Term3 quantities: 
 [[0.         0.32130215 0.36499932 0.         0.31369853 0.        ]
 [0.         0.32696268 0.3565826  0.         0.3164547  0.        ]
 [0.         0.32762364 0.35412    0.         0.31825638 0.        ]
 [0.         0.32730895 0.3544433  0.         0.         0.3182477 ]
 [0.         0.32697105 0.352753   0.         0.         0.32027602]
 [0.         0.32836258 0.34986892 0.         0.         0.3217685 ]
 [0.         0.32818544 0.34973887 0.         0.         0.32207575]
 [0.         0.32775787 0.34520498 0.         0.         0.32703722]
 [0.         0.32823932 0.3434971  0.         0.         0.32826358]
 [0.         0.32930806 0.33759338 0.         0.         0.33309856]
 [0.         0.32921913 0.34161535 0.         0.         0.32916552]
 [0.         0.32989156 0.33781737 0.         0.         0.3322911 ]
 [0.         0.32912052 0.33398518 0.         0.         0.3368943 ]
 [0.         0.33239534 0.         0.         0.30479938 0.36280528]
 [0.         0.33222708 0.         0.         0.3169201  0.3508528 ]
 [0.         0.33263594 0.         0.         0.30037245 0.3669917 ]
 [0.         0.34187678 0.         0.         0.33670306 0.32142013]
 [0.         0.3391308  0.         0.         0.34391996 0.3169493 ]
 [0.         0.33186364 0.         0.         0.3536507  0.31448567]
 [0.31268376 0.32980138 0.         0.         0.35751498 0.        ]
 [0.         0.34556493 0.         0.         0.3371239  0.3173112 ]
 [0.         0.34062955 0.         0.         0.34317487 0.31619552]
 [0.31412688 0.3368219  0.         0.         0.34905118 0.        ]
 [0.31922588 0.3295173  0.         0.         0.35125682 0.        ]
 [0.31966358 0.34663618 0.         0.         0.33370027 0.        ]
 [0.3202241  0.34389946 0.         0.         0.33587646 0.        ]
 [0.32160178 0.33802783 0.         0.         0.34037045 0.        ]
 [0.32279208 0.33121714 0.         0.         0.3459908  0.        ]
 [0.32087362 0.35251495 0.         0.         0.32661146 0.        ]
 [0.32404268 0.34277502 0.         0.         0.3331824  0.        ]
 [0.32810393 0.33356956 0.         0.         0.33832654 0.        ]
 [0.3316395  0.32560372 0.         0.         0.34275684 0.        ]
 [0.32760042 0.         0.         0.34165993 0.         0.33073968]
 [0.32869732 0.         0.         0.341813   0.         0.32948962]
 [0.32751253 0.         0.         0.34106514 0.         0.3314223 ]
 [0.31445658 0.         0.         0.3429479  0.         0.34259552]
 [0.33482078 0.         0.         0.32817376 0.33700544 0.        ]
 [0.31560206 0.         0.         0.34139103 0.         0.34300694]
 [0.33406323 0.         0.         0.33296824 0.33296853 0.        ]
 [0.3081356  0.         0.         0.3423053  0.         0.3495591 ]
 [0.30677816 0.         0.         0.34160325 0.         0.35161856]
 [0.32972986 0.         0.         0.34031656 0.32995358 0.        ]
 [0.33038545 0.         0.         0.33959633 0.3300182  0.        ]
 [0.32948396 0.         0.         0.33834594 0.3321702  0.        ]
 [0.3224421  0.         0.         0.3443559  0.         0.33320194]
 [0.32280332 0.         0.         0.34392172 0.         0.33327496]
 [0.3255113  0.         0.         0.34394678 0.         0.33054194]
 [0.31191355 0.         0.         0.34420046 0.         0.343886  ]
 [0.34616253 0.         0.33245617 0.3213812  0.         0.        ]
 [0.35131264 0.         0.31884804 0.32983932 0.         0.        ]
 [0.34694657 0.         0.32554844 0.32750496 0.         0.        ]
 [0.3524542  0.         0.31189385 0.335652   0.         0.        ]
 [0.3527458  0.         0.31802595 0.3292283  0.         0.        ]
 [0.34809482 0.         0.32423797 0.32766724 0.         0.        ]
 [0.35215703 0.         0.31584752 0.33199543 0.         0.        ]
 [0.35219136 0.         0.31348735 0.33432126 0.         0.        ]
 [0.34797084 0.         0.3325894  0.3194398  0.         0.        ]
 [0.3562769  0.         0.32070494 0.32301816 0.         0.        ]
 [0.3553889  0.         0.32526124 0.31934986 0.         0.        ]
 [0.35357207 0.         0.32762554 0.31880242 0.         0.        ]
 [0.35578278 0.         0.32113543 0.3230818  0.         0.        ]
 [0.3627882  0.         0.3024177  0.33479407 0.         0.        ]
 [0.3507866  0.         0.3309694  0.318244   0.         0.        ]
 [0.35453114 0.         0.32286313 0.32260573 0.         0.        ]]
13:11:40      Epoch:   0      Batch:   0      OuterStep: 1040      LossModel: 0.00009548     LossTerm2: 0.00000000      Time/Step(s): 2.2890Term3 quantities: 
 [[0.         0.321262   0.3650547  0.         0.31368327 0.        ]
 [0.         0.32692033 0.3566539  0.         0.3164258  0.        ]
 [0.         0.3275766  0.3541742  0.         0.3182492  0.        ]
 [0.         0.32724977 0.3545445  0.         0.         0.31820568]
 [0.         0.32696545 0.3528075  0.         0.         0.32022712]
 [0.         0.32828328 0.34993488 0.         0.         0.32178187]
 [0.         0.32826346 0.34974152 0.         0.         0.32199505]
 [0.         0.32773796 0.34518993 0.         0.         0.32707217]
 [0.         0.32822022 0.34349477 0.         0.         0.328285  ]
 [0.         0.32932207 0.33758122 0.         0.         0.33309674]
 [0.         0.3292979  0.34153527 0.         0.         0.3291669 ]
 [0.         0.3297616  0.33778986 0.         0.         0.33244854]
 [0.         0.32915458 0.33392704 0.         0.         0.3369184 ]
 [0.         0.33236822 0.         0.         0.30475533 0.36287647]
 [0.         0.33225802 0.         0.         0.31692773 0.35081422]
 [0.         0.33264023 0.         0.         0.30033204 0.36702773]
 [0.         0.34191656 0.         0.         0.33666667 0.32141683]
 [0.         0.33921596 0.         0.         0.34380075 0.31698334]
 [0.         0.33186892 0.         0.         0.35363612 0.31449494]
 [0.31278712 0.32965076 0.         0.         0.3575622  0.        ]
 [0.         0.3456747  0.         0.         0.3372975  0.31702784]
 [0.31630194 0.34044272 0.         0.         0.34325534 0.        ]
 [0.31401372 0.33695754 0.         0.         0.34902865 0.        ]
 [0.31919247 0.3295711  0.         0.         0.3512364  0.        ]
 [0.31964573 0.34671676 0.         0.         0.3336375  0.        ]
 [0.3202303  0.34394175 0.         0.         0.33582792 0.        ]
 [0.32158953 0.33810782 0.         0.         0.34030262 0.        ]
 [0.32273033 0.3312934  0.         0.         0.34597626 0.        ]
 [0.32089275 0.35254854 0.         0.         0.32655874 0.        ]
 [0.32401723 0.3428182  0.         0.         0.3331646  0.        ]
 [0.32810855 0.33364165 0.         0.         0.33824983 0.        ]
 [0.3316295  0.325679   0.         0.         0.3426915  0.        ]
 [0.32785216 0.         0.         0.34174386 0.         0.33040398]
 [0.3289068  0.         0.         0.34187642 0.         0.32921675]
 [0.32773644 0.         0.         0.3411391  0.         0.33112445]
 [0.31447336 0.         0.         0.34295967 0.         0.34256703]
 [0.33502474 0.         0.         0.32795063 0.3370246  0.        ]
 [0.31570452 0.         0.         0.34142235 0.         0.34287316]
 [0.3340878  0.         0.         0.33288544 0.33302683 0.        ]
 [0.3080481  0.         0.         0.34226644 0.         0.34968546]
 [0.30670846 0.         0.         0.34156355 0.         0.351728  ]
 [0.32973647 0.         0.         0.340306   0.32995752 0.        ]
 [0.33040527 0.         0.         0.339613   0.32998177 0.        ]
 [0.32949075 0.         0.         0.33826333 0.33224592 0.        ]
 [0.322627   0.         0.         0.34442818 0.         0.33294472]
 [0.32301843 0.         0.         0.3439991  0.         0.3329825 ]
 [0.32566956 0.         0.         0.34398204 0.         0.3303484 ]
 [0.31185517 0.         0.         0.34417394 0.         0.3439709 ]
 [0.3461483  0.         0.3323974  0.32145426 0.         0.        ]
 [0.35130832 0.         0.31878498 0.32990673 0.         0.        ]
 [0.3469001  0.         0.3255359  0.32756403 0.         0.        ]
 [0.35238263 0.         0.31181058 0.33580676 0.         0.        ]
 [0.35274276 0.         0.31796142 0.32929584 0.         0.        ]
 [0.34809554 0.         0.32415906 0.32774547 0.         0.        ]
 [0.3522135  0.         0.31577054 0.3320159  0.         0.        ]
 [0.3521714  0.         0.31348228 0.3343463  0.         0.        ]
 [0.34795865 0.         0.33254644 0.3194949  0.         0.        ]
 [0.3562258  0.         0.32066318 0.323111   0.         0.        ]
 [0.3553823  0.         0.32520095 0.3194167  0.         0.        ]
 [0.3535611  0.         0.32757655 0.3188623  0.         0.        ]
 [0.3557582  0.         0.32106608 0.3231758  0.         0.        ]
 [0.3628248  0.         0.3022035  0.33497167 0.         0.        ]
 [0.3507671  0.         0.33092213 0.31831083 0.         0.        ]
 [0.3544832  0.         0.3228293  0.32268754 0.         0.        ]]
13:12:04      Epoch:   0      Batch:   0      OuterStep: 1050      LossModel: 0.00009418     LossTerm2: 0.00000000      Time/Step(s): 2.1425Term3 quantities: 
 [[0.         0.32119855 0.36516216 0.         0.31363925 0.        ]
 [0.         0.3268648  0.35672718 0.         0.31640807 0.        ]
 [0.         0.32752815 0.35423973 0.         0.3182321  0.        ]
 [0.         0.32728323 0.35459417 0.         0.         0.31812263]
 [0.         0.32689342 0.35290658 0.         0.         0.3202    ]
 [0.         0.328269   0.34999755 0.         0.         0.32173347]
 [0.         0.32830745 0.3497792  0.         0.         0.3219134 ]
 [0.         0.3277851  0.3452101  0.         0.         0.3270048 ]
 [0.         0.32818845 0.3434922  0.         0.         0.3283194 ]
 [0.         0.32926965 0.33761245 0.         0.         0.33311784]
 [0.         0.32917517 0.34154037 0.         0.         0.32928437]
 [0.         0.32993284 0.33769923 0.         0.         0.332368  ]
 [0.         0.3292134  0.3338751  0.         0.         0.3369115 ]
 [0.         0.33235258 0.         0.         0.30471689 0.36293057]
 [0.         0.33227637 0.         0.         0.31690386 0.35081974]
 [0.         0.33266282 0.         0.         0.30028114 0.36705607]
 [0.         0.3419191  0.         0.         0.33657533 0.32150564]
 [0.         0.33923498 0.         0.         0.34370774 0.31705728]
 [0.         0.33178875 0.         0.         0.35360867 0.31460258]
 [0.31298703 0.3293522  0.         0.         0.35766077 0.        ]
 [0.         0.3459253  0.         0.         0.33724877 0.31682596]
 [0.31601307 0.34075162 0.         0.         0.34323534 0.        ]
 [0.31396887 0.33700278 0.         0.         0.34902838 0.        ]
 [0.31907797 0.32971054 0.         0.         0.35121143 0.        ]
 [0.31960526 0.34683892 0.         0.         0.3335558  0.        ]
 [0.32021725 0.34400502 0.         0.         0.33577767 0.        ]
 [0.32155856 0.33815104 0.         0.         0.3402905  0.        ]
 [0.32265544 0.3313596  0.         0.         0.345985   0.        ]
 [0.32086673 0.35258597 0.         0.         0.32654732 0.        ]
 [0.3239646  0.34288198 0.         0.         0.33315346 0.        ]
 [0.32808834 0.33372632 0.         0.         0.3381854  0.        ]
 [0.3315778  0.32574514 0.         0.         0.3426771  0.        ]
 [0.32801026 0.         0.         0.34177288 0.         0.3302168 ]
 [0.3291871  0.         0.         0.34195265 0.         0.32886025]
 [0.3278864  0.         0.         0.34116265 0.         0.330951  ]
 [0.3146887  0.         0.         0.34305125 0.         0.34226012]
 [0.33525658 0.         0.         0.32779765 0.33694577 0.        ]
 [0.31593236 0.         0.         0.3415174  0.         0.34255028]
 [0.33415315 0.         0.         0.33290777 0.3329391  0.        ]
 [0.3081408  0.         0.         0.34233934 0.         0.34951982]
 [0.3068308  0.         0.         0.34164396 0.         0.35152528]
 [0.32976243 0.         0.         0.3402729  0.32996467 0.        ]
 [0.33044648 0.         0.         0.33959994 0.3299536  0.        ]
 [0.3295343  0.         0.         0.33820298 0.33226278 0.        ]
 [0.3228178  0.         0.         0.3444747  0.         0.33270743]
 [0.3232114  0.         0.         0.34403992 0.         0.33274865]
 [0.3258492  0.         0.         0.34401742 0.         0.33013335]
 [0.31203264 0.         0.         0.34427303 0.         0.3436943 ]
 [0.34618747 0.         0.33238176 0.32143074 0.         0.        ]
 [0.35133487 0.         0.31877267 0.3298924  0.         0.        ]
 [0.34690335 0.         0.32556042 0.32753623 0.         0.        ]
 [0.3524222  0.         0.31171918 0.3358586  0.         0.        ]
 [0.35276142 0.         0.3179615  0.32927707 0.         0.        ]
 [0.34810436 0.         0.32418102 0.32771456 0.         0.        ]
 [0.3522841  0.         0.31572354 0.3319924  0.         0.        ]
 [0.3521643  0.         0.31330985 0.33452582 0.         0.        ]
 [0.3479833  0.         0.33254948 0.31946716 0.         0.        ]
 [0.35625643 0.         0.32063967 0.323104   0.         0.        ]
 [0.35544625 0.         0.32517138 0.3193824  0.         0.        ]
 [0.35361728 0.         0.3275538  0.31882888 0.         0.        ]
 [0.3558167  0.         0.32102945 0.32315382 0.         0.        ]
 [0.36289093 0.         0.3020765  0.33503264 0.         0.        ]
 [0.350815   0.         0.33090806 0.3182769  0.         0.        ]
 [0.35454032 0.         0.32279643 0.32266325 0.         0.        ]]
        Validation Criterion: 0.00047829
13:12:29      Epoch:   0      Batch:   0      OuterStep: 1060      LossModel: 0.00009491     LossTerm2: 0.00000000      Time/Step(s): 2.2717Term3 quantities: 
 [[0.         0.32114992 0.3652693  0.         0.31358087 0.        ]
 [0.         0.32680315 0.35681933 0.         0.31637758 0.        ]
 [0.         0.32746962 0.3543393  0.         0.3181911  0.        ]
 [0.         0.327446   0.35462746 0.         0.         0.31792653]
 [0.         0.3270104  0.35291973 0.         0.         0.3200699 ]
 [0.         0.32829204 0.35003394 0.         0.         0.32167402]
 [0.         0.32821906 0.34985024 0.         0.         0.32193074]
 [0.         0.32777765 0.3452205  0.         0.         0.32700184]
 [0.         0.32820612 0.34348124 0.         0.         0.32831264]
 [0.         0.32934847 0.33759564 0.         0.         0.3330559 ]
 [0.         0.32911998 0.34152716 0.         0.         0.32935286]
 [0.         0.33001742 0.33763307 0.         0.         0.3323495 ]
 [0.         0.32930657 0.33381984 0.         0.         0.33687353]
 [0.         0.3322911  0.         0.         0.3046748  0.36303407]
 [0.         0.33225608 0.         0.         0.31689823 0.35084572]
 [0.         0.33261964 0.         0.         0.3002234  0.36715698]
 [0.         0.34188557 0.         0.         0.336706   0.3214084 ]
 [0.         0.33922485 0.         0.         0.34377116 0.31700402]
 [0.         0.33170718 0.         0.         0.35370526 0.31458753]
 [0.31312886 0.32920554 0.         0.         0.35766563 0.        ]
 [0.         0.3460787  0.         0.         0.3367734  0.31714803]
 [0.         0.34104073 0.         0.         0.34278166 0.31617764]
 [0.314094   0.33686692 0.         0.         0.349039   0.        ]
 [0.31903735 0.3297117  0.         0.         0.35125098 0.        ]
 [0.3195295  0.34687567 0.         0.         0.3335948  0.        ]
 [0.32015985 0.34395263 0.         0.         0.33588758 0.        ]
 [0.3215207  0.33815098 0.         0.         0.34032837 0.        ]
 [0.32259202 0.3313858  0.         0.         0.3460222  0.        ]
 [0.32083663 0.35255337 0.         0.         0.3266101  0.        ]
 [0.32393825 0.3428496  0.         0.         0.33321223 0.        ]
 [0.32801604 0.33376762 0.         0.         0.33821627 0.        ]
 [0.33153427 0.32572886 0.         0.         0.34273687 0.        ]
 [0.32779577 0.         0.         0.34162307 0.         0.33058116]
 [0.32903257 0.         0.         0.34183174 0.         0.32913566]
 [0.3276891  0.         0.         0.34102473 0.         0.33128613]
 [0.31456107 0.         0.         0.3429185  0.         0.34252036]
 [0.33540004 0.         0.         0.3276693  0.33693063 0.        ]
 [0.31577837 0.         0.         0.3413649  0.         0.34285673]
 [0.33409822 0.         0.         0.3328687  0.3330331  0.        ]
 [0.30797163 0.         0.         0.342177   0.         0.34985137]
 [0.30666882 0.         0.         0.34147942 0.         0.3518517 ]
 [0.3297778  0.         0.         0.34025514 0.32996705 0.        ]
 [0.33047324 0.         0.         0.33958378 0.3299429  0.        ]
 [0.32956836 0.         0.         0.33813083 0.33230084 0.        ]
 [0.32260674 0.         0.         0.34430555 0.         0.33308768]
 [0.32302925 0.         0.         0.3438856  0.         0.33308512]
 [0.32570198 0.         0.         0.3438602  0.         0.33043787]
 [0.3118812  0.         0.         0.3441097  0.         0.3440091 ]
 [0.34607574 0.         0.33244926 0.32147506 0.         0.        ]
 [0.35121697 0.         0.318841   0.32994202 0.         0.        ]
 [0.34680325 0.         0.3256246  0.3275722  0.         0.        ]
 [0.35232553 0.         0.31169468 0.33597982 0.         0.        ]
 [0.3526392  0.         0.31802997 0.3293309  0.         0.        ]
 [0.34797788 0.         0.32426998 0.32775214 0.         0.        ]
 [0.35206664 0.         0.3159033  0.33203006 0.         0.        ]
 [0.3519233  0.         0.3134829  0.33459386 0.         0.        ]
 [0.347907   0.         0.3326     0.31949294 0.         0.        ]
 [0.3561635  0.         0.32068166 0.32315478 0.         0.        ]
 [0.35536504 0.         0.32521212 0.31942284 0.         0.        ]
 [0.35354096 0.         0.32760373 0.3188553  0.         0.        ]
 [0.35568762 0.         0.32107776 0.32323465 0.         0.        ]
 [0.3627903  0.         0.30208078 0.335129   0.         0.        ]
 [0.35073102 0.         0.33095858 0.31831047 0.         0.        ]
 [0.35446706 0.         0.32281026 0.32272264 0.         0.        ]]
13:12:53      Epoch:   0      Batch:   0      OuterStep: 1070      LossModel: 0.00010077     LossTerm2: 0.00000000      Time/Step(s): 2.2712Term3 quantities: 
 [[0.         0.3211152  0.3653154  0.         0.3135695  0.        ]
 [0.         0.32676816 0.35686854 0.         0.3163633  0.        ]
 [0.         0.32744142 0.35434195 0.         0.31821665 0.        ]
 [0.         0.32725576 0.35472083 0.         0.         0.31802338]
 [0.         0.32703635 0.35295168 0.         0.         0.32001203]
 [0.         0.32836437 0.35003766 0.         0.         0.32159796]
 [0.         0.32820833 0.3498639  0.         0.         0.32192776]
 [0.         0.3278939  0.34515092 0.         0.         0.32695523]
 [0.         0.32817784 0.34344903 0.         0.         0.32837307]
 [0.         0.32944882 0.33753702 0.         0.         0.33301416]
 [0.         0.32914203 0.3414375  0.         0.         0.32942042]
 [0.         0.32997644 0.33753756 0.         0.         0.33248606]
 [0.         0.32924277 0.33373803 0.         0.         0.33701923]
 [0.         0.33220088 0.         0.         0.30460575 0.3631934 ]
 [0.         0.3322432  0.         0.         0.31686434 0.35089254]
 [0.         0.33252147 0.         0.         0.3001378  0.3673407 ]
 [0.         0.34184575 0.         0.         0.33668584 0.3214684 ]
 [0.         0.33923954 0.         0.         0.34375817 0.31700233]
 [0.         0.33166236 0.         0.         0.3537365  0.31460118]
 [0.31340307 0.32891604 0.         0.         0.35768092 0.        ]
 [0.         0.34612307 0.         0.         0.33676368 0.31711328]
 [0.         0.34112138 0.         0.         0.34282577 0.31605282]
 [0.31414595 0.33686602 0.         0.         0.348988   0.        ]
 [0.31900904 0.32970548 0.         0.         0.3512855  0.        ]
 [0.31949088 0.3468721  0.         0.         0.3336371  0.        ]
 [0.32013148 0.34390858 0.         0.         0.33595997 0.        ]
 [0.32152623 0.33813077 0.         0.         0.34034303 0.        ]
 [0.32255307 0.3314108  0.         0.         0.34603617 0.        ]
 [0.3208095  0.35249618 0.         0.         0.3266943  0.        ]
 [0.32389182 0.34287882 0.         0.         0.33322936 0.        ]
 [0.32792145 0.33377934 0.         0.         0.33829924 0.        ]
 [0.33143198 0.32580248 0.         0.         0.34276557 0.        ]
 [0.3274203  0.         0.         0.3414113  0.         0.33116838]
 [0.3285975  0.         0.         0.34158152 0.         0.329821  ]
 [0.32740012 0.         0.         0.34085688 0.         0.33174294]
 [0.31392592 0.         0.         0.34250313 0.         0.343571  ]
 [0.33543205 0.         0.         0.3274496  0.3371183  0.        ]
 [0.31519505 0.         0.         0.34097213 0.         0.34383285]
 [0.33391714 0.         0.         0.3326772  0.3334057  0.        ]
 [0.3073135  0.         0.         0.34166622 0.         0.35102034]
 [0.3059959  0.         0.         0.34094745 0.         0.35305667]
 [0.         0.         0.         0.3403294  0.32987347 0.32979715]
 [0.33044544 0.         0.         0.33965066 0.3299038  0.        ]
 [0.329505   0.         0.         0.33801472 0.33248025 0.        ]
 [0.32201186 0.         0.         0.34393835 0.         0.3340498 ]
 [0.32246536 0.         0.         0.3435283  0.         0.33400634]
 [0.32520777 0.         0.         0.34352708 0.         0.33126518]
 [0.31115082 0.         0.         0.34357598 0.         0.3452732 ]
 [0.34580132 0.         0.33254907 0.3216497  0.         0.        ]
 [0.3509496  0.         0.31894353 0.3301069  0.         0.        ]
 [0.34654146 0.         0.32572275 0.32773575 0.         0.        ]
 [0.3521269  0.         0.3117105  0.33616254 0.         0.        ]
 [0.35238233 0.         0.31812453 0.32949308 0.         0.        ]
 [0.34770218 0.         0.32439604 0.32790184 0.         0.        ]
 [0.35169616 0.         0.31610703 0.33219677 0.         0.        ]
 [0.351681   0.         0.3135019  0.33481714 0.         0.        ]
 [0.3477057  0.         0.33265704 0.3196374  0.         0.        ]
 [0.35592505 0.         0.32070875 0.3233662  0.         0.        ]
 [0.3550803  0.         0.32531694 0.3196028  0.         0.        ]
 [0.35328427 0.         0.32769373 0.31902203 0.         0.        ]
 [0.35535753 0.         0.32118437 0.32345814 0.         0.        ]
 [0.36249015 0.         0.30204955 0.3354603  0.         0.        ]
 [0.35046774 0.         0.3310457  0.31848657 0.         0.        ]
 [0.35416937 0.         0.32288396 0.32294664 0.         0.        ]]
13:13:17      Epoch:   0      Batch:   0      OuterStep: 1080      LossModel: 0.00009862     LossTerm2: 0.00000000      Time/Step(s): 2.6780Term3 quantities: 
 [[0.         0.32108256 0.36534318 0.         0.31357434 0.        ]
 [0.         0.32675228 0.3568846  0.         0.3163632  0.        ]
 [0.         0.3273956  0.35438097 0.         0.31822345 0.        ]
 [0.         0.3273104  0.35478118 0.         0.         0.31790847]
 [0.         0.32712707 0.35294223 0.         0.         0.31993076]
 [0.         0.32842    0.35001472 0.         0.         0.3215653 ]
 [0.         0.32847637 0.3497235  0.         0.         0.3218001 ]
 [0.         0.32789293 0.34512737 0.         0.         0.32697973]
 [0.         0.3282627  0.3433854  0.         0.         0.32835186]
 [0.         0.32941929 0.33752206 0.         0.         0.33305866]
 [0.         0.32936624 0.34130767 0.         0.         0.32932603]
 [0.         0.3299918  0.33743712 0.         0.         0.33257106]
 [0.         0.32932368 0.33365095 0.         0.         0.33702534]
 [0.         0.3321231  0.         0.         0.3045268  0.36335012]
 [0.         0.33222786 0.         0.         0.3168563  0.35091585]
 [0.         0.33244726 0.         0.         0.30007693 0.3674758 ]
 [0.         0.34186146 0.         0.         0.3367217  0.32141688]
 [0.         0.33928964 0.         0.         0.34373426 0.31697607]
 [0.         0.33164132 0.         0.         0.35372162 0.31463704]
 [0.3135471  0.3287827  0.         0.         0.35767016 0.        ]
 [0.         0.34612074 0.         0.         0.33668852 0.31719074]
 [0.         0.34114727 0.         0.         0.34265834 0.3161944 ]
 [0.31413665 0.33690792 0.         0.         0.34895536 0.        ]
 [0.31899258 0.32974926 0.         0.         0.3512582  0.        ]
 [0.3194444  0.34692422 0.         0.         0.33363137 0.        ]
 [0.32011768 0.34385762 0.         0.         0.33602473 0.        ]
 [0.32153985 0.3381305  0.         0.         0.34032968 0.        ]
 [0.32254025 0.33146152 0.         0.         0.34599826 0.        ]
 [0.32082692 0.35247636 0.         0.         0.32669675 0.        ]
 [0.32391328 0.3428995  0.         0.         0.33318728 0.        ]
 [0.32790977 0.33384514 0.         0.         0.33824512 0.        ]
 [0.33141276 0.32580164 0.         0.         0.34278554 0.        ]
 [0.32756308 0.         0.         0.3414391  0.         0.33099788]
 [0.3285882  0.         0.         0.34155786 0.         0.3298539 ]
 [0.3275396  0.         0.         0.34087786 0.         0.33158255]
 [0.31360838 0.         0.         0.34233168 0.         0.34405988]
 [0.33546868 0.         0.         0.32729217 0.3372392  0.        ]
 [0.31498083 0.         0.         0.340836   0.         0.34418315]
 [0.33377552 0.         0.         0.33259022 0.33363426 0.        ]
 [0.30683565 0.         0.         0.34136856 0.         0.3517958 ]
 [0.3055301  0.         0.         0.34064242 0.         0.35382748]
 [0.         0.         0.         0.34035045 0.32985094 0.32979864]
 [0.33042666 0.         0.         0.3396644  0.32990894 0.        ]
 [0.3294486  0.         0.         0.33791068 0.33264077 0.        ]
 [0.32189897 0.         0.         0.34386587 0.         0.33423516]
 [0.32236773 0.         0.         0.34346074 0.         0.33417156]
 [0.32515553 0.         0.         0.3434558  0.         0.33138868]
 [0.31068397 0.         0.         0.34330538 0.         0.34601068]
 [0.34571004 0.         0.33246046 0.32182956 0.         0.        ]
 [0.3508218  0.         0.3189071  0.33027112 0.         0.        ]
 [0.34639513 0.         0.32573608 0.3278688  0.         0.        ]
 [0.35197172 0.         0.31155613 0.33647212 0.         0.        ]
 [0.35227484 0.         0.31807017 0.329655   0.         0.        ]
 [0.34757864 0.         0.32437143 0.32805    0.         0.        ]
 [0.35153234 0.         0.3161471  0.3323206  0.         0.        ]
 [0.3515212  0.         0.31333306 0.33514583 0.         0.        ]
 [0.34760424 0.         0.33262226 0.31977347 0.         0.        ]
 [0.35580346 0.         0.32058614 0.32361042 0.         0.        ]
 [0.35495347 0.         0.32525486 0.3197917  0.         0.        ]
 [0.35315114 0.         0.32765877 0.31919006 0.         0.        ]
 [0.3551985  0.         0.32110253 0.32369894 0.         0.        ]
 [0.3623261  0.         0.30197376 0.33570012 0.         0.        ]
 [0.35032618 0.         0.331016   0.31865776 0.         0.        ]
 [0.3540058  0.         0.32282308 0.32317114 0.         0.        ]]
13:13:42      Epoch:   0      Batch:   0      OuterStep: 1090      LossModel: 0.00009306     LossTerm2: 0.00000000      Time/Step(s): 2.2898Term3 quantities: 
 [[0.         0.32100227 0.3655451  0.         0.31345257 0.        ]
 [0.         0.3267178  0.35698178 0.         0.31630042 0.        ]
 [0.         0.3273182  0.35453704 0.         0.31814474 0.        ]
 [0.         0.32759914 0.35475293 0.         0.         0.31764802]
 [0.         0.32728866 0.3529839  0.         0.         0.3197275 ]
 [0.         0.32853028 0.3500629  0.         0.         0.3214068 ]
 [0.         0.32909092 0.34882206 0.         0.         0.32208702]
 [0.         0.32794636 0.34515452 0.         0.         0.32689914]
 [0.         0.32843092 0.34334442 0.         0.         0.32822466]
 [0.         0.32947728 0.3375637  0.         0.         0.3329591 ]
 [0.         0.3295122  0.34127527 0.         0.         0.32921252]
 [0.         0.3300541  0.3374082  0.         0.         0.3325377 ]
 [0.         0.3294669  0.33363652 0.         0.         0.33689648]
 [0.         0.33207312 0.         0.         0.30451807 0.36340883]
 [0.         0.33223173 0.         0.         0.31687444 0.35089383]
 [0.         0.33241776 0.         0.         0.30004808 0.36753422]
 [0.         0.34188318 0.         0.         0.3366838  0.32143298]
 [0.         0.33934686 0.         0.         0.3437006  0.31695253]
 [0.         0.3316467  0.         0.         0.353755   0.31459823]
 [0.31364945 0.32866392 0.         0.         0.35768664 0.        ]
 [0.         0.3460999  0.         0.         0.3366471  0.317253  ]
 [0.         0.3411264  0.         0.         0.34268463 0.31618896]
 [0.31411025 0.33694384 0.         0.         0.34894592 0.        ]
 [0.3189937  0.32979017 0.         0.         0.35121608 0.        ]
 [0.31946158 0.34687155 0.         0.         0.3336669  0.        ]
 [0.32017654 0.34384087 0.         0.         0.33598256 0.        ]
 [0.32159066 0.33811602 0.         0.         0.34029332 0.        ]
 [0.32258716 0.33144432 0.         0.         0.34596848 0.        ]
 [0.3209054  0.3524118  0.         0.         0.32668284 0.        ]
 [0.32396585 0.34284416 0.         0.         0.33319002 0.        ]
 [0.3279581  0.333811   0.         0.         0.3382309  0.        ]
 [0.3314696  0.32575622 0.         0.         0.34277424 0.        ]
 [0.32764995 0.         0.         0.34151366 0.         0.3308364 ]
 [0.32875136 0.         0.         0.34165546 0.         0.32959315]
 [0.32757926 0.         0.         0.340941   0.         0.33147976]
 [0.31359696 0.         0.         0.34236094 0.         0.3440421 ]
 [0.33557007 0.         0.         0.32725498 0.33717492 0.        ]
 [0.31503227 0.         0.         0.3408904  0.         0.3440773 ]
 [0.33372062 0.         0.         0.33270174 0.33357763 0.        ]
 [0.30663532 0.         0.         0.3413249  0.         0.3520398 ]
 [0.3053571  0.         0.         0.34060505 0.         0.35403788]
 [0.32985255 0.         0.         0.34034172 0.32980573 0.        ]
 [0.33045065 0.         0.         0.33963257 0.3299168  0.        ]
 [0.3294783  0.         0.         0.33788845 0.3326332  0.        ]
 [0.32201868 0.         0.         0.34392238 0.         0.33405897]
 [0.32250383 0.         0.         0.3435248  0.         0.33397132]
 [0.3253758  0.         0.         0.34353983 0.         0.3310843 ]
 [0.31057087 0.         0.         0.3432969  0.         0.34613225]
 [0.34575602 0.         0.33230326 0.3219407  0.         0.        ]
 [0.35085115 0.         0.3187746  0.3303743  0.         0.        ]
 [0.34642026 0.         0.32561737 0.32796234 0.         0.        ]
 [0.3518763  0.         0.3114768  0.33664694 0.         0.        ]
 [0.35230732 0.         0.31792676 0.32976592 0.         0.        ]
 [0.34761575 0.         0.3242425  0.32814184 0.         0.        ]
 [0.35168892 0.         0.31593254 0.3323785  0.         0.        ]
 [0.35150364 0.         0.31324697 0.33524933 0.         0.        ]
 [0.34762844 0.         0.33251983 0.31985176 0.         0.        ]
 [0.3557886  0.         0.32049352 0.32371786 0.         0.        ]
 [0.35497725 0.         0.32515383 0.31986886 0.         0.        ]
 [0.35316122 0.         0.3275846  0.31925416 0.         0.        ]
 [0.35522753 0.         0.3209813  0.32379115 0.         0.        ]
 [0.3623201  0.         0.30176684 0.33591306 0.         0.        ]
 [0.35032547 0.         0.33094746 0.31872708 0.         0.        ]
 [0.354016   0.         0.32270712 0.3232769  0.         0.        ]]
13:14:06      Epoch:   0      Batch:   0      OuterStep: 1100      LossModel: 0.00009216     LossTerm2: 0.00000000      Time/Step(s): 2.4746Term3 quantities: 
 [[0.         0.3209481  0.36568132 0.         0.31337062 0.        ]
 [0.         0.32666585 0.35713777 0.         0.31619644 0.        ]
 [0.         0.32726136 0.35465825 0.         0.31808037 0.        ]
 [0.         0.3277188  0.35484862 0.         0.         0.31743255]
 [0.         0.32737485 0.3530738  0.         0.         0.31955144]
 [0.         0.32874244 0.35004735 0.         0.         0.3212102 ]
 [0.         0.32894656 0.34877667 0.         0.         0.32227674]
 [0.         0.3280321  0.34522867 0.         0.         0.32673916]
 [0.         0.3285366  0.34335497 0.         0.         0.32810843]
 [0.         0.3296543  0.33755207 0.         0.         0.33279356]
 [0.         0.32962304 0.34122798 0.         0.         0.32914904]
 [0.         0.33007768 0.33737105 0.         0.         0.33255124]
 [0.         0.32960758 0.33357933 0.         0.         0.33681318]
 [0.         0.33199477 0.         0.         0.3044916  0.3635136 ]
 [0.         0.33228984 0.         0.         0.31693467 0.3507755 ]
 [0.         0.3323858  0.         0.         0.30000788 0.36760637]
 [0.         0.34188253 0.         0.         0.33670273 0.32141474]
 [0.         0.33939466 0.         0.         0.3436629  0.3169425 ]
 [0.         0.3316165  0.         0.         0.3536717  0.31471187]
 [0.31376258 0.3284872  0.         0.         0.35775027 0.        ]
 [0.         0.34603238 0.         0.         0.3367349  0.31723276]
 [0.         0.34104824 0.         0.         0.3427524  0.31619933]
 [0.3140246  0.33702126 0.         0.         0.3489541  0.        ]
 [0.3190575  0.3297388  0.         0.         0.35120374 0.        ]
 [0.3194858  0.34678906 0.         0.         0.33372515 0.        ]
 [0.3202927  0.34376726 0.         0.         0.33594    0.        ]
 [0.321669   0.33803356 0.         0.         0.34029737 0.        ]
 [0.32265118 0.33141533 0.         0.         0.34593356 0.        ]
 [0.3209942  0.35229626 0.         0.         0.32670954 0.        ]
 [0.3240127  0.34266979 0.         0.         0.3333176  0.        ]
 [0.32797995 0.33372897 0.         0.         0.33829108 0.        ]
 [0.33156192 0.3256674  0.         0.         0.3427707  0.        ]
 [0.32760504 0.         0.         0.34145784 0.         0.33093706]
 [0.32883164 0.         0.         0.3416534  0.         0.32951495]
 [0.32756844 0.         0.         0.34089676 0.         0.33153483]
 [0.313665   0.         0.         0.3423755  0.         0.34395954]
 [0.33572674 0.         0.         0.32712796 0.33714524 0.        ]
 [0.31508052 0.         0.         0.3408915  0.         0.3440279 ]
 [0.33375004 0.         0.         0.33274043 0.33350956 0.        ]
 [0.3065609  0.         0.         0.3412673  0.         0.3521718 ]
 [0.3052886  0.         0.         0.34054542 0.         0.3541659 ]
 [0.3298673  0.         0.         0.34023327 0.32989943 0.        ]
 [0.33048457 0.         0.         0.33953664 0.32997873 0.        ]
 [0.32957992 0.         0.         0.33785877 0.33256134 0.        ]
 [0.32210457 0.         0.         0.34392482 0.         0.3339707 ]
 [0.32259724 0.         0.         0.34352383 0.         0.33387893]
 [0.3256487  0.         0.         0.34359232 0.         0.33075896]
 [0.31056395 0.         0.         0.3432497  0.         0.3461863 ]
 [0.34566107 0.         0.33246362 0.3218753  0.         0.        ]
 [0.35086814 0.         0.31881654 0.3303153  0.         0.        ]
 [0.3464062  0.         0.32568035 0.32791355 0.         0.        ]
 [0.35181996 0.         0.31152    0.33665997 0.         0.        ]
 [0.35227448 0.         0.31800568 0.32971978 0.         0.        ]
 [0.34758466 0.         0.32433426 0.3280811  0.         0.        ]
 [0.3516344  0.         0.31598184 0.3323838  0.         0.        ]
 [0.35155314 0.         0.31311244 0.3353344  0.         0.        ]
 [0.34759536 0.         0.3325898  0.3198148  0.         0.        ]
 [0.35571668 0.         0.32063007 0.32365328 0.         0.        ]
 [0.35492    0.         0.325301   0.31977907 0.         0.        ]
 [0.35311598 0.         0.3277174  0.3191667  0.         0.        ]
 [0.35520452 0.         0.32106644 0.32372898 0.         0.        ]
 [0.3622954  0.         0.3017783  0.3359263  0.         0.        ]
 [0.35028628 0.         0.33107102 0.31864265 0.         0.        ]
 [0.3539773  0.         0.32282677 0.32319593 0.         0.        ]]
        Validation Criterion: 0.00043386
        Saving best model so far ...
13:14:30      Epoch:   0      Batch:   0      OuterStep: 1110      LossModel: 0.00009669     LossTerm2: 0.00000000      Time/Step(s): 2.2719Term3 quantities: 
 [[0.         0.32084692 0.36583662 0.         0.31331646 0.        ]
 [0.         0.32657313 0.3573027  0.         0.31612423 0.        ]
 [0.         0.32715762 0.35481447 0.         0.3180279  0.        ]
 [0.         0.32768285 0.3550026  0.         0.         0.31731454]
 [0.         0.3274036  0.35319135 0.         0.         0.31940508]
 [0.         0.32870468 0.35015842 0.         0.         0.32113692]
 [0.         0.32871458 0.3488148  0.         0.         0.3224706 ]
 [0.         0.3281435  0.3452182  0.         0.         0.32663822]
 [0.         0.32848164 0.3434167  0.         0.         0.32810166]
 [0.         0.3297437  0.33756962 0.         0.         0.33268666]
 [0.         0.32964504 0.34121776 0.         0.         0.3291372 ]
 [0.         0.33026728 0.3373044  0.         0.         0.33242834]
 [0.         0.32970017 0.33357224 0.         0.         0.3367276 ]
 [0.         0.33190063 0.         0.         0.30448374 0.36361563]
 [0.         0.33235705 0.         0.         0.31699768 0.35064527]
 [0.         0.33231682 0.         0.         0.29996595 0.36771727]
 [0.         0.3418731  0.         0.         0.33667868 0.32144818]
 [0.         0.33943236 0.         0.         0.3436053  0.31696233]
 [0.         0.33158672 0.         0.         0.3537288  0.31468442]
 [0.31382528 0.3283641  0.         0.         0.35781056 0.        ]
 [0.         0.34595087 0.         0.         0.33672908 0.31732005]
 [0.         0.34093106 0.         0.         0.34276307 0.31630588]
 [0.3139851  0.33703214 0.         0.         0.34898272 0.        ]
 [0.31906685 0.329745   0.         0.         0.35118818 0.        ]
 [0.3194899  0.34672117 0.         0.         0.33378896 0.        ]
 [0.320349   0.3437641  0.         0.         0.33588696 0.        ]
 [0.32169074 0.3379983  0.         0.         0.3403109  0.        ]
 [0.32269263 0.33139443 0.         0.         0.3459129  0.        ]
 [0.32102895 0.35221007 0.         0.         0.32676092 0.        ]
 [0.3240298  0.34253982 0.         0.         0.3334304  0.        ]
 [0.3280171  0.33365783 0.         0.         0.33832508 0.        ]
 [0.33161467 0.3256367  0.         0.         0.3427486  0.        ]
 [0.3277621  0.         0.         0.34147742 0.         0.3307605 ]
 [0.32895055 0.         0.         0.34163675 0.         0.32941273]
 [0.32782683 0.         0.         0.34095818 0.         0.3312149 ]
 [0.31360826 0.         0.         0.3422896  0.         0.34410217]
 [0.33589244 0.         0.         0.3270157  0.3370919  0.        ]
 [0.3150937  0.         0.         0.34083554 0.         0.3440708 ]
 [0.3337699  0.         0.         0.3326837  0.33354637 0.        ]
 [0.30649033 0.         0.         0.34116712 0.         0.35234255]
 [0.30521652 0.         0.         0.3404332  0.         0.35435024]
 [0.         0.         0.         0.34002027 0.33004057 0.32993916]
 [0.33049875 0.         0.         0.33941194 0.3300893  0.        ]
 [0.3296436  0.         0.         0.3377838  0.3325726  0.        ]
 [0.32215318 0.         0.         0.34387684 0.         0.33397   ]
 [0.32265443 0.         0.         0.3434823  0.         0.33386326]
 [0.32560933 0.         0.         0.34349602 0.         0.33089468]
 [0.31054282 0.         0.         0.3431663  0.         0.3462909 ]
 [0.34561625 0.         0.3325052  0.32187852 0.         0.        ]
 [0.35088503 0.         0.31877515 0.33033976 0.         0.        ]
 [0.34640166 0.         0.3256886  0.3279098  0.         0.        ]
 [0.3517785  0.         0.31140727 0.33681422 0.         0.        ]
 [0.35226032 0.         0.31801474 0.32972494 0.         0.        ]
 [0.34757888 0.         0.32433435 0.32808673 0.         0.        ]
 [0.35149166 0.         0.3162006  0.3323077  0.         0.        ]
 [0.35151735 0.         0.3130692  0.3354134  0.         0.        ]
 [0.34756452 0.         0.33264267 0.3197928  0.         0.        ]
 [0.35568738 0.         0.3206523  0.32366022 0.         0.        ]
 [0.35491636 0.         0.3253132  0.3197704  0.         0.        ]
 [0.35311636 0.         0.32773516 0.31914848 0.         0.        ]
 [0.3552043  0.         0.32108763 0.32370806 0.         0.        ]
 [0.36237913 0.         0.30169415 0.33592674 0.         0.        ]
 [0.35028246 0.         0.33109358 0.3186239  0.         0.        ]
 [0.3539513  0.         0.32284895 0.32319966 0.         0.        ]]
13:14:54      Epoch:   0      Batch:   0      OuterStep: 1120      LossModel: 0.00009007     LossTerm2: 0.00000000      Time/Step(s): 2.6751Term3 quantities: 
 [[0.         0.32081527 0.3659265  0.         0.31325826 0.        ]
 [0.         0.32656062 0.3573481  0.         0.31609124 0.        ]
 [0.         0.3271259  0.35484967 0.         0.3180244  0.        ]
 [0.         0.3278127  0.35501343 0.         0.         0.31717393]
 [0.         0.32741487 0.35325533 0.         0.         0.3193298 ]
 [0.         0.32868013 0.3502268  0.         0.         0.3210931 ]
 [0.         0.32883528 0.34888333 0.         0.         0.3222814 ]
 [0.         0.3282199  0.3452281  0.         0.         0.326552  ]
 [0.         0.3286426  0.34336913 0.         0.         0.32798827]
 [0.         0.32963476 0.3376271  0.         0.         0.3327381 ]
 [0.         0.32962582 0.3411893  0.         0.         0.3291849 ]
 [0.         0.33043376 0.3372179  0.         0.         0.33234832]
 [0.         0.32965016 0.33353528 0.         0.         0.3368146 ]
 [0.         0.33182922 0.         0.         0.30441883 0.36375198]
 [0.         0.3323895  0.         0.         0.31700018 0.35061023]
 [0.         0.33224577 0.         0.         0.2999137  0.36784062]
 [0.         0.34186947 0.         0.         0.33665127 0.32147926]
 [0.         0.33948603 0.         0.         0.34357852 0.3169355 ]
 [0.         0.33157557 0.         0.         0.3536842  0.31474024]
 [0.3138822  0.328264   0.         0.         0.35785383 0.        ]
 [0.         0.34589106 0.         0.         0.33671856 0.31739038]
 [0.         0.3408443  0.         0.         0.34284422 0.3163115 ]
 [0.31392124 0.3370862  0.         0.         0.3489925  0.        ]
 [0.31908545 0.32972902 0.         0.         0.3511855  0.        ]
 [0.3195028  0.3466743  0.         0.         0.3338229  0.        ]
 [0.32038042 0.34370187 0.         0.         0.33591765 0.        ]
 [0.32172793 0.33793738 0.         0.         0.34033465 0.        ]
 [0.32272652 0.33137125 0.         0.         0.3459022  0.        ]
 [0.32108787 0.3521259  0.         0.         0.3267863  0.        ]
 [0.3240734  0.34241566 0.         0.         0.333511   0.        ]
 [0.32805514 0.33360854 0.         0.         0.33833632 0.        ]
 [0.3316342  0.32560426 0.         0.         0.34276158 0.        ]
 [0.32790795 0.         0.         0.34145844 0.         0.33063358]
 [0.32902336 0.         0.         0.34161672 0.         0.32935986]
 [0.3279448  0.         0.         0.3409278  0.         0.3311274 ]
 [0.3135301  0.         0.         0.34219044 0.         0.3442795 ]
 [0.33604205 0.         0.         0.32689956 0.33705842 0.        ]
 [0.31508753 0.         0.         0.34075993 0.         0.3441526 ]
 [0.3337694  0.         0.         0.3325932  0.33363745 0.        ]
 [0.3063859  0.         0.         0.34105214 0.         0.35256195]
 [0.3051277  0.         0.         0.34031877 0.         0.35455352]
 [0.32994506 0.         0.         0.34015724 0.32989773 0.        ]
 [0.33054927 0.         0.         0.3394492  0.3300016  0.        ]
 [0.3296692  0.         0.         0.33769277 0.33263803 0.        ]
 [0.32215533 0.         0.         0.34379938 0.         0.33404523]
 [0.3226848  0.         0.         0.34341213 0.         0.33390304]
 [0.32552257 0.         0.         0.34337157 0.         0.33110586]
 [0.3104512  0.         0.         0.34305167 0.         0.3464971 ]
 [0.3455967  0.         0.33249006 0.32191324 0.         0.        ]
 [0.35083914 0.         0.31879207 0.33036876 0.         0.        ]
 [0.34636962 0.         0.32569122 0.3279392  0.         0.        ]
 [0.35168496 0.         0.31141478 0.3369002  0.         0.        ]
 [0.35224018 0.         0.31800035 0.32975948 0.         0.        ]
 [0.3475463  0.         0.32434717 0.32810652 0.         0.        ]
 [0.35151112 0.         0.31613266 0.33235618 0.         0.        ]
 [0.35145277 0.         0.3130565  0.33549076 0.         0.        ]
 [0.3475483  0.         0.33262542 0.31982625 0.         0.        ]
 [0.3556859  0.         0.32061103 0.323703   0.         0.        ]
 [0.3549051  0.         0.3252984  0.31979644 0.         0.        ]
 [0.35310704 0.         0.32771814 0.31917483 0.         0.        ]
 [0.35520267 0.         0.32102266 0.3237746  0.         0.        ]
 [0.36240262 0.         0.30148256 0.3361148  0.         0.        ]
 [0.35027146 0.         0.33107343 0.31865513 0.         0.        ]
 [0.35389712 0.         0.32285014 0.32325277 0.         0.        ]]
13:15:19      Epoch:   0      Batch:   0      OuterStep: 1130      LossModel: 0.00008608     LossTerm2: 0.00000000      Time/Step(s): 2.6950Term3 quantities: 
 [[0.         0.3207686  0.36600068 0.         0.31323078 0.        ]
 [0.         0.32649827 0.35746005 0.         0.31604168 0.        ]
 [0.         0.32705456 0.35494277 0.         0.3180027  0.        ]
 [0.         0.3278509  0.35512105 0.         0.         0.3170281 ]
 [0.         0.3274187  0.35334483 0.         0.         0.31923652]
 [0.         0.32874754 0.35026026 0.         0.         0.32099217]
 [0.         0.32901376 0.34892908 0.         0.         0.32205722]
 [0.         0.32835752 0.3452222  0.         0.         0.3264203 ]
 [0.         0.32879788 0.34331736 0.         0.         0.32788473]
 [0.         0.3297174  0.33763275 0.         0.         0.33264986]
 [0.         0.32973206 0.34114972 0.         0.         0.3291183 ]
 [0.         0.33051863 0.33716264 0.         0.         0.33231875]
 [0.         0.3296831  0.33353704 0.         0.         0.33677986]
 [0.         0.33178943 0.         0.         0.3043256  0.36388493]
 [0.         0.33242294 0.         0.         0.31698477 0.35059234]
 [0.         0.33220467 0.         0.         0.29984292 0.36795244]
 [0.         0.34189644 0.         0.         0.33665386 0.3214497 ]
 [0.         0.3395357  0.         0.         0.34352994 0.31693438]
 [0.         0.3316026  0.         0.         0.35365433 0.31474313]
 [0.31394544 0.32817197 0.         0.         0.3578826  0.        ]
 [0.         0.345862   0.         0.         0.33671916 0.31741887]
 [0.         0.34078562 0.         0.         0.3428452  0.3163692 ]
 [0.31386995 0.3371154  0.         0.         0.34901467 0.        ]
 [0.31908426 0.32974356 0.         0.         0.35117218 0.        ]
 [0.31950837 0.3466417  0.         0.         0.33384994 0.        ]
 [0.32042572 0.34361252 0.         0.         0.33596182 0.        ]
 [0.3217529  0.3379091  0.         0.         0.3403379  0.        ]
 [0.32271913 0.3313592  0.         0.         0.34592164 0.        ]
 [0.32116657 0.35204804 0.         0.         0.32678533 0.        ]
 [0.3241613  0.34231418 0.         0.         0.33352458 0.        ]
 [0.32814816 0.3335889  0.         0.         0.33826295 0.        ]
 [0.33168042 0.32551447 0.         0.         0.34280512 0.        ]
 [0.32796606 0.         0.         0.34144706 0.         0.33058682]
 [0.32911244 0.         0.         0.34160665 0.         0.32928094]
 [0.32799956 0.         0.         0.34090716 0.         0.33109337]
 [0.31349087 0.         0.         0.34214085 0.         0.34436825]
 [0.33618405 0.         0.         0.3267644  0.33705154 0.        ]
 [0.31512004 0.         0.         0.34072927 0.         0.34415066]
 [0.33377627 0.         0.         0.3325247  0.33369905 0.        ]
 [0.3062732  0.         0.         0.34095812 0.         0.35276872]
 [0.30503887 0.         0.         0.34022853 0.         0.3547326 ]
 [0.3299404  0.         0.         0.3400547  0.33000493 0.        ]
 [0.3305222  0.         0.         0.3393634  0.3301144  0.        ]
 [0.32969585 0.         0.         0.33762267 0.3326815  0.        ]
 [0.32220036 0.         0.         0.34376588 0.         0.33403376]
 [0.32274732 0.         0.         0.34337994 0.         0.3338727 ]
 [0.32559794 0.         0.         0.34334254 0.         0.33105955]
 [0.31035298 0.         0.         0.34296083 0.         0.3466862 ]
 [0.34559938 0.         0.33241084 0.32198972 0.         0.        ]
 [0.3507944  0.         0.3187658  0.3304399  0.         0.        ]
 [0.34633404 0.         0.32566932 0.32799667 0.         0.        ]
 [0.3514782  0.         0.31137145 0.33715037 0.         0.        ]
 [0.3522277  0.         0.3179607  0.32981163 0.         0.        ]
 [0.34752443 0.         0.3243057  0.32816985 0.         0.        ]
 [0.3514846  0.         0.31613615 0.33237925 0.         0.        ]
 [0.3514119  0.         0.31290153 0.33568653 0.         0.        ]
 [0.3475424  0.         0.33257285 0.31988475 0.         0.        ]
 [0.35572574 0.         0.32047322 0.32380095 0.         0.        ]
 [0.3549152  0.         0.32521224 0.31987253 0.         0.        ]
 [0.35310578 0.         0.3276558  0.31923848 0.         0.        ]
 [0.35516548 0.         0.3209591  0.32387546 0.         0.        ]
 [0.3624396  0.         0.3013829  0.3361775  0.         0.        ]
 [0.3502627  0.         0.3310111  0.31872627 0.         0.        ]
 [0.3538682  0.         0.32279158 0.32334024 0.         0.        ]]
13:15:44      Epoch:   0      Batch:   0      OuterStep: 1140      LossModel: 0.00009183     LossTerm2: 0.00000000      Time/Step(s): 2.3089Term3 quantities: 
 [[0.         0.32066223 0.36611494 0.         0.3132229  0.        ]
 [0.         0.3263966  0.35754997 0.         0.3160535  0.        ]
 [0.         0.32695562 0.35505137 0.         0.31799302 0.        ]
 [0.         0.32774574 0.3553004  0.         0.         0.3169539 ]
 [0.         0.32745326 0.3534566  0.         0.         0.31909007]
 [0.         0.32870898 0.35037127 0.         0.         0.32091972]
 [0.         0.3289008  0.34912464 0.         0.         0.32197455]
 [0.         0.32824892 0.34530768 0.         0.         0.3264434 ]
 [0.         0.32869858 0.34342605 0.         0.         0.3278754 ]
 [0.         0.32966655 0.33768812 0.         0.         0.33264527]
 [0.         0.3297984  0.34113583 0.         0.         0.32906577]
 [0.         0.33045036 0.33715653 0.         0.         0.33239305]
 [0.         0.32964334 0.33353108 0.         0.         0.33682567]
 [0.         0.33170566 0.         0.         0.30417126 0.36412317]
 [0.         0.33244845 0.         0.         0.31691772 0.35063386]
 [0.         0.3321311  0.         0.         0.29962963 0.36823925]
 [0.         0.34200436 0.         0.         0.3364293  0.32156634]
 [0.         0.33967206 0.         0.         0.34333253 0.3169954 ]
 [0.         0.3317434  0.         0.         0.35347846 0.31477815]
 [0.31404856 0.32821807 0.         0.         0.35773334 0.        ]
 [0.         0.34590626 0.         0.         0.3365372  0.3175565 ]
 [0.         0.34081382 0.         0.         0.34269732 0.31648892]
 [0.31388146 0.33726764 0.         0.         0.34885082 0.        ]
 [0.31915748 0.32986572 0.         0.         0.3509768  0.        ]
 [0.31963035 0.34670693 0.         0.         0.33366272 0.        ]
 [0.32054093 0.34365314 0.         0.         0.33580595 0.        ]
 [0.3218622  0.33797246 0.         0.         0.34016538 0.        ]
 [0.32279992 0.33144376 0.         0.         0.34575638 0.        ]
 [0.3213427  0.35206828 0.         0.         0.32658905 0.        ]
 [0.32435915 0.34231344 0.         0.         0.33332753 0.        ]
 [0.32830185 0.33365586 0.         0.         0.3380423  0.        ]
 [0.33181795 0.32556513 0.         0.         0.3426169  0.        ]
 [0.32796362 0.         0.         0.34137568 0.         0.3306607 ]
 [0.3291243  0.         0.         0.34155107 0.         0.3293247 ]
 [0.32807252 0.         0.         0.34087956 0.         0.3310479 ]
 [0.31338415 0.         0.         0.3419831  0.         0.34463271]
 [0.3363864  0.         0.         0.3265843  0.3370293  0.        ]
 [0.31509137 0.         0.         0.340607   0.         0.34430167]
 [0.3338728  0.         0.         0.33246395 0.33366328 0.        ]
 [0.30609    0.         0.         0.34073144 0.         0.35317856]
 [0.304869   0.         0.         0.33999762 0.         0.35513335]
 [0.32999766 0.         0.         0.34005097 0.32995147 0.        ]
 [0.33052453 0.         0.         0.33934414 0.3301314  0.        ]
 [0.32973757 0.         0.         0.33753496 0.33272746 0.        ]
 [0.32217968 0.         0.         0.34366074 0.         0.33415964]
 [0.3227739  0.         0.         0.34329775 0.         0.33392844]
 [0.32577166 0.         0.         0.34330717 0.         0.33092123]
 [0.31019303 0.         0.         0.34274533 0.         0.3470616 ]
 [0.34554225 0.         0.33238855 0.32206923 0.         0.        ]
 [0.35073704 0.         0.31874496 0.330518   0.         0.        ]
 [0.3462644  0.         0.32566732 0.32806832 0.         0.        ]
 [0.35134947 0.         0.3114458  0.3372047  0.         0.        ]
 [0.35219347 0.         0.31791425 0.32989234 0.         0.        ]
 [0.3474581  0.         0.32430747 0.32823443 0.         0.        ]
 [0.3513835  0.         0.31617263 0.3324438  0.         0.        ]
 [0.35128033 0.         0.31288984 0.33582985 0.         0.        ]
 [0.34749687 0.         0.33254853 0.31995466 0.         0.        ]
 [0.35566095 0.         0.32042578 0.32391322 0.         0.        ]
 [0.35486516 0.         0.3251842  0.3199506  0.         0.        ]
 [0.3530554  0.         0.32762983 0.31931475 0.         0.        ]
 [0.3550743  0.         0.32094353 0.32398218 0.         0.        ]
 [0.36238992 0.         0.30120003 0.33640996 0.         0.        ]
 [0.35020125 0.         0.33098987 0.31880888 0.         0.        ]
 [0.35383642 0.         0.32272556 0.32343802 0.         0.        ]]
13:16:08      Epoch:   0      Batch:   0      OuterStep: 1150      LossModel: 0.00009689     LossTerm2: 0.00000000      Time/Step(s): 2.6199Term3 quantities: 
 [[0.         0.32058746 0.36620343 0.         0.31320912 0.        ]
 [0.         0.32632548 0.35760638 0.         0.31606814 0.        ]
 [0.         0.3268718  0.35515106 0.         0.31797716 0.        ]
 [0.         0.3278209  0.35539964 0.         0.         0.3167795 ]
 [0.         0.32743752 0.3535756  0.         0.         0.31898683]
 [0.         0.3287296  0.35044792 0.         0.         0.3208225 ]
 [0.         0.32876265 0.3492696  0.         0.         0.32196775]
 [0.         0.3282979  0.34538704 0.         0.         0.32631508]
 [0.         0.32870662 0.3434562  0.         0.         0.32783723]
 [0.         0.32982722 0.33770138 0.         0.         0.33247134]
 [0.         0.32990998 0.34110317 0.         0.         0.32898682]
 [0.         0.3305893  0.33710274 0.         0.         0.33230802]
 [0.         0.32974938 0.33350194 0.         0.         0.33674872]
 [0.         0.33164838 0.         0.         0.30404177 0.36430985]
 [0.         0.33249986 0.         0.         0.3169019  0.35059828]
 [0.         0.33209535 0.         0.         0.29948705 0.3684176 ]
 [0.         0.34204862 0.         0.         0.3363869  0.32156447]
 [0.         0.33974844 0.         0.         0.34327143 0.31698006]
 [0.         0.33179712 0.         0.         0.3533751  0.31482783]
 [0.31410187 0.3281906  0.         0.         0.3577075  0.        ]
 [0.         0.34591    0.         0.         0.3365037  0.3175863 ]
 [0.         0.34078467 0.         0.         0.34268478 0.31653062]
 [0.31387696 0.33730105 0.         0.         0.34882203 0.        ]
 [0.31919453 0.32988766 0.         0.         0.3509178  0.        ]
 [0.31970692 0.34673157 0.         0.         0.3335615  0.        ]
 [0.3206621  0.34357193 0.         0.         0.33576602 0.        ]
 [0.32195434 0.33795816 0.         0.         0.34008744 0.        ]
 [0.32287508 0.331411   0.         0.         0.34571397 0.        ]
 [0.32150713 0.35204035 0.         0.         0.32645258 0.        ]
 [0.324534   0.3422525  0.         0.         0.3332135  0.        ]
 [0.32850608 0.33348054 0.         0.         0.33801338 0.        ]
 [0.33192307 0.32552323 0.         0.         0.34255368 0.        ]
 [0.32803687 0.         0.         0.34135717 0.         0.33060592]
 [0.32920438 0.         0.         0.3415294  0.         0.32926628]
 [0.32816008 0.         0.         0.34085932 0.         0.33098063]
 [0.31339622 0.         0.         0.34191668 0.         0.34468707]
 [0.33654973 0.         0.         0.32638314 0.33706716 0.        ]
 [0.31512013 0.         0.         0.3405433  0.         0.34433654]
 [0.3339265  0.         0.         0.33236673 0.3337068  0.        ]
 [0.30600327 0.         0.         0.3405971  0.         0.35339966]
 [0.30480188 0.         0.         0.33986503 0.         0.35533312]
 [0.3300073  0.         0.         0.33995837 0.33003435 0.        ]
 [0.33051383 0.         0.         0.3392751  0.33021104 0.        ]
 [0.3297628  0.         0.         0.33743328 0.33280393 0.        ]
 [0.3222127  0.         0.         0.34360173 0.         0.33418557]
 [0.32278776 0.         0.         0.34322363 0.         0.33398864]
 [0.3257765  0.         0.         0.34323287 0.         0.3309906 ]
 [0.31014082 0.         0.         0.34262794 0.         0.3472313 ]
 [0.34547794 0.         0.33236808 0.322154   0.         0.        ]
 [0.35068005 0.         0.31872368 0.33059627 0.         0.        ]
 [0.34617862 0.         0.3256811  0.3281403  0.         0.        ]
 [0.35131675 0.         0.31134486 0.33733842 0.         0.        ]
 [0.3521425  0.         0.31787983 0.3299776  0.         0.        ]
 [0.34738556 0.         0.3243091  0.32830536 0.         0.        ]
 [0.3512327  0.         0.316254   0.3325133  0.         0.        ]
 [0.35118863 0.         0.31282148 0.33598992 0.         0.        ]
 [0.34744537 0.         0.33253273 0.32002196 0.         0.        ]
 [0.35559025 0.         0.32039943 0.3240103  0.         0.        ]
 [0.35481668 0.         0.32515126 0.32003203 0.         0.        ]
 [0.35299885 0.         0.32761407 0.31938708 0.         0.        ]
 [0.35501042 0.         0.32089618 0.3240934  0.         0.        ]
 [0.36228487 0.         0.30118227 0.33653286 0.         0.        ]
 [0.35014182 0.         0.33096904 0.31888917 0.         0.        ]
 [0.3538096  0.         0.32265684 0.32353362 0.         0.        ]]
        Validation Criterion: 0.00042119
        Saving best model so far ...
13:16:32      Epoch:   0      Batch:   0      OuterStep: 1160      LossModel: 0.00008871     LossTerm2: 0.00000000      Time/Step(s): 2.3987Term3 quantities: 
 [[0.         0.32052156 0.36625847 0.         0.31322002 0.        ]
 [0.         0.32625502 0.3576847  0.         0.31606033 0.        ]
 [0.         0.32681906 0.35517925 0.         0.31800172 0.        ]
 [0.         0.32776943 0.3554936  0.         0.         0.31673706]
 [0.         0.32741356 0.35367927 0.         0.         0.3189072 ]
 [0.         0.32874352 0.35049874 0.         0.         0.32075784]
 [0.         0.32871938 0.34941387 0.         0.         0.32186675]
 [0.         0.32827142 0.34541363 0.         0.         0.32631496]
 [0.         0.3286687  0.34350285 0.         0.         0.32782847]
 [0.         0.32974628 0.3377494  0.         0.         0.33250436]
 [0.         0.32984516 0.34111395 0.         0.         0.3290409 ]
 [0.         0.3306206  0.33707273 0.         0.         0.33230662]
 [0.         0.3297727  0.33349004 0.         0.         0.33673733]
 [0.         0.33159202 0.         0.         0.30395788 0.36445013]
 [0.         0.33255094 0.         0.         0.31690133 0.35054767]
 [0.         0.33208263 0.         0.         0.29935953 0.36855784]
 [0.         0.34209594 0.         0.         0.3364011  0.32150292]
 [0.         0.3397696  0.         0.         0.343255   0.3169754 ]
 [0.         0.33183837 0.         0.         0.35342515 0.31473652]
 [0.31412768 0.32813758 0.         0.         0.35773474 0.        ]
 [0.         0.34592548 0.         0.         0.33651808 0.31755653]
 [0.         0.3407736  0.         0.         0.3427297  0.3164967 ]
 [0.3138622  0.33730078 0.         0.         0.34883696 0.        ]
 [0.31918076 0.32989943 0.         0.         0.35091978 0.        ]
 [0.3197547  0.3467297  0.         0.         0.33351567 0.        ]
 [0.32073686 0.34359297 0.         0.         0.33567017 0.        ]
 [0.3220212  0.33794576 0.         0.         0.34003302 0.        ]
 [0.32290754 0.33141187 0.         0.         0.3456806  0.        ]
 [0.321638   0.35200426 0.         0.         0.32635772 0.        ]
 [0.3246351  0.34217808 0.         0.         0.33318684 0.        ]
 [0.32859093 0.3333557  0.         0.         0.33805332 0.        ]
 [0.33199227 0.3254829  0.         0.         0.3425249  0.        ]
 [0.32817313 0.         0.         0.34134665 0.         0.3304802 ]
 [0.32933697 0.         0.         0.34152082 0.         0.32914218]
 [0.32831573 0.         0.         0.34086177 0.         0.33082256]
 [0.31342763 0.         0.         0.34184104 0.         0.34473136]
 [0.33667886 0.         0.         0.32621247 0.33710873 0.        ]
 [0.3151628  0.         0.         0.34047458 0.         0.34436265]
 [0.3339252  0.         0.         0.332222   0.3338528  0.        ]
 [0.3059308  0.         0.         0.34045672 0.         0.35361254]
 [0.3047529  0.         0.         0.3397324  0.         0.35551473]
 [0.33000672 0.         0.         0.339877   0.33011627 0.        ]
 [0.33052352 0.         0.         0.33919433 0.33028215 0.        ]
 [0.32976913 0.         0.         0.33731923 0.3329116  0.        ]
 [0.32225573 0.         0.         0.34352717 0.         0.3342171 ]
 [0.32284707 0.         0.         0.34316096 0.         0.33399197]
 [0.3257859  0.         0.         0.34313452 0.         0.3310796 ]
 [0.31009257 0.         0.         0.34249544 0.         0.34741202]
 [0.34543943 0.         0.332313   0.32224762 0.         0.        ]
 [0.35063073 0.         0.31869525 0.33067408 0.         0.        ]
 [0.34610993 0.         0.3256798  0.32821026 0.         0.        ]
 [0.3512551  0.         0.31121582 0.3375291  0.         0.        ]
 [0.35208592 0.         0.31787044 0.33004367 0.         0.        ]
 [0.3473228  0.         0.32430178 0.3283755  0.         0.        ]
 [0.35117006 0.         0.3163051  0.3325248  0.         0.        ]
 [0.35107625 0.         0.31277552 0.3361482  0.         0.        ]
 [0.34741193 0.         0.33248875 0.32009944 0.         0.        ]
 [0.35554236 0.         0.32031924 0.32413843 0.         0.        ]
 [0.3547903  0.         0.32508907 0.32012066 0.         0.        ]
 [0.35296592 0.         0.32756653 0.31946763 0.         0.        ]
 [0.35497278 0.         0.3208238  0.3242034  0.         0.        ]
 [0.36226526 0.         0.30105776 0.33667696 0.         0.        ]
 [0.35010278 0.         0.33092147 0.31897575 0.         0.        ]
 [0.35376373 0.         0.3225873  0.32364902 0.         0.        ]]
13:16:56      Epoch:   0      Batch:   0      OuterStep: 1170      LossModel: 0.00008934     LossTerm2: 0.00000000      Time/Step(s): 2.2899Term3 quantities: 
 [[0.         0.3204822  0.3663579  0.         0.31315997 0.        ]
 [0.         0.32619393 0.3577814  0.         0.31602466 0.        ]
 [0.         0.32678297 0.35522878 0.         0.31798825 0.        ]
 [0.         0.32772738 0.35559443 0.         0.         0.31667817]
 [0.         0.32743937 0.3537528  0.         0.         0.31880778]
 [0.         0.32865185 0.35060072 0.         0.         0.32074744]
 [0.         0.32882574 0.34948233 0.         0.         0.3216919 ]
 [0.         0.32821482 0.34550244 0.         0.         0.32628277]
 [0.         0.32873    0.34349912 0.         0.         0.3277709 ]
 [0.         0.32974443 0.3377996  0.         0.         0.332456  ]
 [0.         0.32980978 0.34111652 0.         0.         0.32907367]
 [0.         0.33050975 0.33708262 0.         0.         0.3324076 ]
 [0.         0.32987413 0.33345702 0.         0.         0.3366689 ]
 [0.         0.33152235 0.         0.         0.3039688  0.3645089 ]
 [0.         0.33261037 0.         0.         0.31690407 0.35048562]
 [0.         0.3320343  0.         0.         0.29936373 0.36860192]
 [0.         0.34208003 0.         0.         0.3364876  0.3214324 ]
 [0.         0.33968976 0.         0.         0.34344178 0.31686845]
 [0.         0.3318233  0.         0.         0.35350466 0.31467208]
 [0.31408334 0.328045   0.         0.         0.35787168 0.        ]
 [0.         0.34588027 0.         0.         0.33660468 0.3175151 ]
 [0.         0.34070992 0.         0.         0.3428504  0.31643975]
 [0.31377235 0.3372581  0.         0.         0.34896958 0.        ]
 [0.31911615 0.32983828 0.         0.         0.3510456  0.        ]
 [0.31972155 0.3466826  0.         0.         0.3335959  0.        ]
 [0.32070884 0.3434861  0.         0.         0.3358051  0.        ]
 [0.32203484 0.33787432 0.         0.         0.34009084 0.        ]
 [0.32287255 0.33133748 0.         0.         0.34579    0.        ]
 [0.3216622  0.35190448 0.         0.         0.3264334  0.        ]
 [0.32465768 0.3420549  0.         0.         0.33328736 0.        ]
 [0.3286194  0.33322164 0.         0.         0.33815902 0.        ]
 [0.33197537 0.32541934 0.         0.         0.34260532 0.        ]
 [0.32832277 0.         0.         0.34135398 0.         0.3303233 ]
 [0.32945022 0.         0.         0.34151706 0.         0.32903266]
 [0.32847545 0.         0.         0.34087414 0.         0.33065033]
 [0.3134945  0.         0.         0.34182575 0.         0.34467974]
 [0.33674368 0.         0.         0.32605258 0.33720374 0.        ]
 [0.31523567 0.         0.         0.3404533  0.         0.34431106]
 [0.333853   0.         0.         0.33205605 0.334091   0.        ]
 [0.30589658 0.         0.         0.3403916  0.         0.35371184]
 [0.30471542 0.         0.         0.33965525 0.         0.3556293 ]
 [0.33004454 0.         0.         0.33978006 0.33017543 0.        ]
 [0.3305425  0.         0.         0.33911362 0.33034387 0.        ]
 [0.32977626 0.         0.         0.3371981  0.33302563 0.        ]
 [0.32236713 0.         0.         0.3435134  0.         0.33411947]
 [0.322968   0.         0.         0.3431446  0.         0.33388743]
 [0.3259321  0.         0.         0.34311095 0.         0.33095703]
 [0.3100692  0.         0.         0.34242374 0.         0.34750712]
 [0.3453977  0.         0.33228704 0.3223152  0.         0.        ]
 [0.35057548 0.         0.31868696 0.33073753 0.         0.        ]
 [0.3460491  0.         0.32569107 0.32825986 0.         0.        ]
 [0.35116184 0.         0.3112172  0.33762097 0.         0.        ]
 [0.3520386  0.         0.31784877 0.33011264 0.         0.        ]
 [0.3472624  0.         0.3243063  0.32843134 0.         0.        ]
 [0.35120788 0.         0.31621003 0.3325821  0.         0.        ]
 [0.35105595 0.         0.31269732 0.33624682 0.         0.        ]
 [0.34737635 0.         0.33246997 0.3201537  0.         0.        ]
 [0.3554806  0.         0.3202917  0.3242277  0.         0.        ]
 [0.35475636 0.         0.3250635  0.32018012 0.         0.        ]
 [0.35293254 0.         0.32754642 0.31952104 0.         0.        ]
 [0.3549378  0.         0.320769   0.3242933  0.         0.        ]
 [0.36222288 0.         0.30089667 0.33688042 0.         0.        ]
 [0.35006362 0.         0.33090198 0.31903437 0.         0.        ]
 [0.35370603 0.         0.32257038 0.3237236  0.         0.        ]]
13:17:20      Epoch:   0      Batch:   0      OuterStep: 1180      LossModel: 0.00008961     LossTerm2: 0.00000000      Time/Step(s): 2.3989Term3 quantities: 
 [[0.         0.3204367  0.36640075 0.         0.31316257 0.        ]
 [0.         0.3261916  0.35775214 0.         0.31605628 0.        ]
 [0.         0.32677415 0.35525694 0.         0.3179689  0.        ]
 [0.         0.32767293 0.35569683 0.         0.         0.31663024]
 [0.         0.3272781  0.3538485  0.         0.         0.3188734 ]
 [0.         0.32864067 0.35064209 0.         0.         0.3207173 ]
 [0.         0.32879338 0.3495955  0.         0.         0.32161114]
 [0.         0.32814267 0.34554517 0.         0.         0.3263122 ]
 [0.         0.32856944 0.3435554  0.         0.         0.32787514]
 [0.         0.32981312 0.33778444 0.         0.         0.33240253]
 [0.         0.32991362 0.3410732  0.         0.         0.32901317]
 [0.         0.33052483 0.33704218 0.         0.         0.33243293]
 [0.         0.32980812 0.33345586 0.         0.         0.33673608]
 [0.         0.3314843  0.         0.         0.30392647 0.36458933]
 [0.         0.33264503 0.         0.         0.31690684 0.35044813]
 [0.         0.3320115  0.         0.         0.29929447 0.36869404]
 [0.         0.3421275  0.         0.         0.3365044  0.321368  ]
 [0.         0.33966398 0.         0.         0.34351453 0.3168215 ]
 [0.         0.33190688 0.         0.         0.3535084  0.3145847 ]
 [0.31405726 0.32803792 0.         0.         0.35790488 0.        ]
 [0.         0.34591088 0.         0.         0.33660847 0.31748065]
 [0.         0.34071183 0.         0.         0.34289238 0.31639585]
 [0.31368887 0.3373065  0.         0.         0.34900463 0.        ]
 [0.31906855 0.3298872  0.         0.         0.35104418 0.        ]
 [0.31971216 0.34671375 0.         0.         0.3335741  0.        ]
 [0.32072732 0.34347582 0.         0.         0.33579695 0.        ]
 [0.3220161  0.3378948  0.         0.         0.34008914 0.        ]
 [0.32283655 0.33138528 0.         0.         0.3457782  0.        ]
 [0.321666   0.35185242 0.         0.         0.32648155 0.        ]
 [0.32469183 0.34203386 0.         0.         0.33327425 0.        ]
 [0.3286955  0.33325428 0.         0.         0.33805025 0.        ]
 [0.33200443 0.3254104  0.         0.         0.34258518 0.        ]
 [0.3283728  0.         0.         0.34134343 0.         0.33028373]
 [0.32952595 0.         0.         0.34150976 0.         0.3289643 ]
 [0.32854798 0.         0.         0.34086937 0.         0.33058268]
 [0.31352076 0.         0.         0.34180576 0.         0.34467348]
 [0.33685547 0.         0.         0.3259288  0.3372157  0.        ]
 [0.31528857 0.         0.         0.340439   0.         0.34427246]
 [0.3338602  0.         0.         0.33197987 0.33415997 0.        ]
 [0.30582908 0.         0.         0.34032112 0.         0.35384986]
 [0.30465218 0.         0.         0.33958116 0.         0.35576662]
 [0.33004302 0.         0.         0.33959568 0.33036134 0.        ]
 [0.33053166 0.         0.         0.33897036 0.33049804 0.        ]
 [0.32982698 0.         0.         0.33712602 0.33304703 0.        ]
 [0.3224306  0.         0.         0.34349483 0.         0.33407456]
 [0.3230669  0.         0.         0.3431379  0.         0.33379522]
 [0.32609695 0.         0.         0.34312633 0.         0.33077672]
 [0.31003496 0.         0.         0.34236863 0.         0.34759638]
 [0.34538612 0.         0.33223277 0.32238114 0.         0.        ]
 [0.35053712 0.         0.31866136 0.3308015  0.         0.        ]
 [0.34603247 0.         0.32565874 0.32830873 0.         0.        ]
 [0.35100535 0.         0.31115696 0.33783767 0.         0.        ]
 [0.3520129  0.         0.31781924 0.3301679  0.         0.        ]
 [0.34722763 0.         0.32429132 0.32848105 0.         0.        ]
 [0.35116395 0.         0.31623483 0.33260122 0.         0.        ]
 [0.35108033 0.         0.3125028  0.3364169  0.         0.        ]
 [0.34735906 0.         0.33243877 0.3202022  0.         0.        ]
 [0.35546055 0.         0.32023093 0.3243085  0.         0.        ]
 [0.35476315 0.         0.3249901  0.32024676 0.         0.        ]
 [0.35293514 0.         0.32748544 0.31957945 0.         0.        ]
 [0.35492596 0.         0.3207021  0.324372   0.         0.        ]
 [0.3621633  0.         0.3008356  0.33700112 0.         0.        ]
 [0.35004994 0.         0.33085525 0.3190948  0.         0.        ]
 [0.35371104 0.         0.3224934  0.32379565 0.         0.        ]]
13:17:45      Epoch:   0      Batch:   0      OuterStep: 1190      LossModel: 0.00008989     LossTerm2: 0.00000000      Time/Step(s): 2.6603Term3 quantities: 
 [[0.         0.32040676 0.3664488  0.         0.31314442 0.        ]
 [0.         0.32617116 0.35779184 0.         0.31603697 0.        ]
 [0.         0.32678148 0.3552733  0.         0.31794524 0.        ]
 [0.         0.32759938 0.3557316  0.         0.         0.316669  ]
 [0.         0.32737052 0.35385516 0.         0.         0.31877428]
 [0.         0.32857567 0.35070252 0.         0.         0.3207218 ]
 [0.         0.32871908 0.34968477 0.         0.         0.3215961 ]
 [0.         0.3282103  0.3455169  0.         0.         0.3262729 ]
 [0.         0.3287774  0.34347835 0.         0.         0.32774428]
 [0.         0.3297815  0.3378084  0.         0.         0.33241013]
 [0.         0.32993597 0.34103012 0.         0.         0.32903388]
 [0.         0.3307142  0.33694026 0.         0.         0.33234558]
 [0.         0.32978585 0.33341533 0.         0.         0.3367989 ]
 [0.         0.331472   0.         0.         0.30389446 0.3646335 ]
 [0.         0.33265346 0.         0.         0.31692067 0.35042587]
 [0.         0.3320215  0.         0.         0.29925326 0.36872518]
 [0.         0.3421835  0.         0.         0.3365524  0.3212641 ]
 [0.         0.33964947 0.         0.         0.34362736 0.3167231 ]
 [0.         0.33199024 0.         0.         0.35346842 0.31454137]
 [0.31403807 0.32802814 0.         0.         0.3579338  0.        ]
 [0.         0.34595674 0.         0.         0.3366601  0.3173832 ]
 [0.         0.3407148  0.         0.         0.34299713 0.31628805]
 [0.31360057 0.33736095 0.         0.         0.34903842 0.        ]
 [0.31903523 0.32993364 0.         0.         0.35103118 0.        ]
 [0.31970543 0.34671432 0.         0.         0.33358026 0.        ]
 [0.32076433 0.34349948 0.         0.         0.33573624 0.        ]
 [0.32201582 0.33786583 0.         0.         0.34011838 0.        ]
 [0.3228381  0.33138883 0.         0.         0.3457731  0.        ]
 [0.32171875 0.35178444 0.         0.         0.3264968  0.        ]
 [0.32472262 0.34199068 0.         0.         0.33328667 0.        ]
 [0.32873982 0.33325726 0.         0.         0.3380029  0.        ]
 [0.33203894 0.32539165 0.         0.         0.34256944 0.        ]
 [0.328454   0.         0.         0.34133023 0.         0.33021584]
 [0.32960987 0.         0.         0.34149113 0.         0.328899  ]
 [0.32869416 0.         0.         0.34088367 0.         0.33042216]
 [0.31346238 0.         0.         0.34171572 0.         0.34482193]
 [0.33697343 0.         0.         0.3257576  0.337269   0.        ]
 [0.31529802 0.         0.         0.34038618 0.         0.34431574]
 [0.3338712  0.         0.         0.3318718  0.3342571  0.        ]
 [0.3057184  0.         0.         0.34020972 0.         0.35407186]
 [0.30453822 0.         0.         0.33945945 0.         0.3560024 ]
 [0.33004743 0.         0.         0.33960629 0.33034626 0.        ]
 [0.3305525  0.         0.         0.33895844 0.33048907 0.        ]
 [0.32986853 0.         0.         0.3370329  0.33309853 0.        ]
 [0.3224542  0.         0.         0.34344158 0.         0.3341042 ]
 [0.3231035  0.         0.         0.3430915  0.         0.33380508]
 [0.3260726  0.         0.         0.34302875 0.         0.33089864]
 [0.30993858 0.         0.         0.34224957 0.         0.3478119 ]
 [0.34536776 0.         0.33220342 0.32242885 0.         0.        ]
 [0.3504971  0.         0.3186659  0.330837   0.         0.        ]
 [0.3459885  0.         0.32566476 0.32834664 0.         0.        ]
 [0.35084885 0.         0.3112839  0.33786726 0.         0.        ]
 [0.35198715 0.         0.3178115  0.33020136 0.         0.        ]
 [0.34718975 0.         0.32429954 0.32851067 0.         0.        ]
 [0.35109583 0.         0.3162865  0.33261764 0.         0.        ]
 [0.3509237  0.         0.3125255  0.33655086 0.         0.        ]
 [0.34734073 0.         0.33242097 0.32023826 0.         0.        ]
 [0.35547033 0.         0.32017258 0.32435712 0.         0.        ]
 [0.35474694 0.         0.324971   0.32028207 0.         0.        ]
 [0.3529144  0.         0.32747734 0.31960833 0.         0.        ]
 [0.354902   0.         0.32066658 0.3244314  0.         0.        ]
 [0.36211616 0.         0.30075657 0.33712724 0.         0.        ]
 [0.35002223 0.         0.33084843 0.31912938 0.         0.        ]
 [0.35368353 0.         0.32245186 0.3238646  0.         0.        ]]
13:18:09      Epoch:   0      Batch:   0      OuterStep: 1200      LossModel: 0.00008838     LossTerm2: 0.00000000      Time/Step(s): 2.4006Term3 quantities: 
 [[0.         0.3203777  0.3665171  0.         0.31310523 0.        ]
 [0.         0.32610294 0.3579314  0.         0.31596565 0.        ]
 [0.         0.32675576 0.3553196  0.         0.31792465 0.        ]
 [0.         0.32741725 0.35589194 0.         0.         0.31669077]
 [0.         0.3273034  0.35395372 0.         0.         0.31874293]
 [0.         0.32851082 0.35076088 0.         0.         0.32072824]
 [0.         0.32856563 0.34980497 0.         0.         0.32162938]
 [0.         0.3281832  0.34553465 0.         0.         0.32628217]
 [0.         0.3287126  0.343472   0.         0.         0.32781535]
 [0.         0.32970792 0.3378283  0.         0.         0.33246374]
 [0.         0.32992762 0.3410001  0.         0.         0.32907233]
 [0.         0.3307061  0.33690947 0.         0.         0.3323844 ]
 [0.         0.32979813 0.3333674  0.         0.         0.33683443]
 [0.         0.33145455 0.         0.         0.30390963 0.36463588]
 [0.         0.3326663  0.         0.         0.31694105 0.35039264]
 [0.         0.33202824 0.         0.         0.2992605  0.36871126]
 [0.         0.34223047 0.         0.         0.33655447 0.32121512]
 [0.         0.3396367  0.         0.         0.34367824 0.31668508]
 [0.         0.33206645 0.         0.         0.3534452  0.3144884 ]
 [0.3139806  0.32804954 0.         0.         0.35796985 0.        ]
 [0.         0.3460722  0.         0.         0.33691067 0.31701708]
 [0.31632566 0.34055474 0.         0.         0.34311962 0.        ]
 [0.31349555 0.33742413 0.         0.         0.34908035 0.        ]
 [0.31897357 0.32998195 0.         0.         0.35104448 0.        ]
 [0.31967816 0.3467355  0.         0.         0.33358636 0.        ]
 [0.32077608 0.34352615 0.         0.         0.33569777 0.        ]
 [0.32199022 0.3378957  0.         0.         0.34011406 0.        ]
 [0.32281727 0.3314551  0.         0.         0.34572768 0.        ]
 [0.32177317 0.35180512 0.         0.         0.32642168 0.        ]
 [0.3247114  0.34198242 0.         0.         0.33330613 0.        ]
 [0.32873577 0.33325988 0.         0.         0.33800438 0.        ]
 [0.33205825 0.32539058 0.         0.         0.34255117 0.        ]
 [0.32874843 0.         0.         0.34141815 0.         0.3298334 ]
 [0.3297817  0.         0.         0.34153572 0.         0.32868257]
 [0.32894915 0.         0.         0.3409489  0.         0.33010194]
 [0.31362024 0.         0.         0.34179398 0.         0.34458572]
 [0.33709314 0.         0.         0.32556602 0.33734083 0.        ]
 [0.3154857  0.         0.         0.34047008 0.         0.3440442 ]
 [0.33390298 0.         0.         0.3317727  0.33432433 0.        ]
 [0.30575553 0.         0.         0.3402447  0.         0.3539997 ]
 [0.3045836  0.         0.         0.33949324 0.         0.35592312]
 [0.33010378 0.         0.         0.33959055 0.33030567 0.        ]
 [0.33061314 0.         0.         0.33894116 0.3304457  0.        ]
 [0.32993135 0.         0.         0.33693498 0.3331337  0.        ]
 [0.32265538 0.         0.         0.3435046  0.         0.33384   ]
 [0.32331425 0.         0.         0.34314868 0.         0.3335371 ]
 [0.32623848 0.         0.         0.34305805 0.         0.3307034 ]
 [0.3100255  0.         0.         0.342297   0.         0.34767753]
 [0.34538502 0.         0.3321956  0.32241943 0.         0.        ]
 [0.35051474 0.         0.31864825 0.330837   0.         0.        ]
 [0.34596303 0.         0.32569692 0.32834002 0.         0.        ]
 [0.3509307  0.         0.31118783 0.33788145 0.         0.        ]
 [0.3520016  0.         0.31779453 0.33020386 0.         0.        ]
 [0.3471957  0.         0.32429677 0.3285075  0.         0.        ]
 [0.35105512 0.         0.31635734 0.3325876  0.         0.        ]
 [0.35095066 0.         0.31246042 0.33658895 0.         0.        ]
 [0.34735143 0.         0.3324181  0.32023045 0.         0.        ]
 [0.35553092 0.         0.3201018  0.32436734 0.         0.        ]
 [0.35476756 0.         0.3249691  0.3202634  0.         0.        ]
 [0.35292757 0.         0.32748246 0.31958997 0.         0.        ]
 [0.35495648 0.         0.32062802 0.3244156  0.         0.        ]
 [0.36216024 0.         0.3006563  0.3371835  0.         0.        ]
 [0.35003948 0.         0.33084494 0.31911552 0.         0.        ]
 [0.3536913  0.         0.32246384 0.32384488 0.         0.        ]]
        Validation Criterion: 0.00046072
13:18:34      Epoch:   0      Batch:   0      OuterStep: 1210      LossModel: 0.00008880     LossTerm2: 0.00000000      Time/Step(s): 2.5305Term3 quantities: 
 [[0.         0.3203121  0.3666551  0.         0.31303287 0.        ]
 [0.         0.3260873  0.35798252 0.         0.31593016 0.        ]
 [0.         0.3267849  0.3553483  0.         0.31786686 0.        ]
 [0.         0.32744437 0.3559204  0.         0.         0.3166352 ]
 [0.         0.32721394 0.35400477 0.         0.         0.31878132]
 [0.         0.32851633 0.35081288 0.         0.         0.32067075]
 [0.         0.32848993 0.3498987  0.         0.         0.32161134]
 [0.         0.32824454 0.34549987 0.         0.         0.32625568]
 [0.         0.32855478 0.34354764 0.         0.         0.3278976 ]
 [0.         0.3297367  0.33783126 0.         0.         0.3324321 ]
 [0.         0.32999298 0.34096307 0.         0.         0.32904392]
 [0.         0.33061334 0.3368885  0.         0.         0.33249816]
 [0.         0.3299192  0.3333055  0.         0.         0.3367753 ]
 [0.         0.33145225 0.         0.         0.30389023 0.3646575 ]
 [0.         0.33264735 0.         0.         0.31694582 0.3504069 ]
 [0.         0.33204928 0.         0.         0.29925004 0.36870068]
 [0.         0.34227476 0.         0.         0.3366217  0.32110348]
 [0.         0.3396012  0.         0.         0.34373683 0.31666195]
 [0.         0.33209714 0.         0.         0.35334322 0.31455967]
 [0.31389695 0.32810572 0.         0.         0.35799742 0.        ]
 [0.         0.34631476 0.         0.         0.33698756 0.31669772]
 [0.31595913 0.3408513  0.         0.         0.34318957 0.        ]
 [0.         0.3372643  0.         0.         0.349075   0.3136607 ]
 [0.3186451  0.33016196 0.         0.         0.35119298 0.        ]
 [0.3195533  0.34685907 0.         0.         0.33358768 0.        ]
 [0.32063496 0.34360528 0.         0.         0.3357598  0.        ]
 [0.32189867 0.3379731  0.         0.         0.3401283  0.        ]
 [0.32270876 0.33156013 0.         0.         0.3457311  0.        ]
 [0.32171082 0.3518673  0.         0.         0.3264218  0.        ]
 [0.32463452 0.34205973 0.         0.         0.33330572 0.        ]
 [0.32866162 0.3333284  0.         0.         0.33800998 0.        ]
 [0.3320017  0.32548356 0.         0.         0.34251475 0.        ]
 [0.32883108 0.         0.         0.34141025 0.         0.32975873]
 [0.32997787 0.         0.         0.34158534 0.         0.32843676]
 [0.32904378 0.         0.         0.34094167 0.         0.33001453]
 [0.31391877 0.         0.         0.34193632 0.         0.3441449 ]
 [0.33724338 0.         0.         0.3255166  0.33723995 0.        ]
 [0.3157307  0.         0.         0.3405883  0.         0.34368098]
 [0.3339736  0.         0.         0.33180928 0.3342172  0.        ]
 [0.30597672 0.         0.         0.34042487 0.         0.3535985 ]
 [0.30482298 0.         0.         0.33968318 0.         0.35549384]
 [0.3301253  0.         0.         0.33940798 0.33046675 0.        ]
 [0.33062643 0.         0.         0.33879918 0.3305744  0.        ]
 [0.3300212  0.         0.         0.33688456 0.33309427 0.        ]
 [0.3228781  0.         0.         0.34357908 0.         0.33354282]
 [0.32352898 0.         0.         0.3432184  0.         0.33325267]
 [0.32654023 0.         0.         0.3431506  0.         0.3303092 ]
 [0.31029525 0.         0.         0.34248087 0.         0.34722385]
 [0.34547883 0.         0.33216256 0.32235864 0.         0.        ]
 [0.35058424 0.         0.31863862 0.33077714 0.         0.        ]
 [0.34601107 0.         0.3256992  0.3282897  0.         0.        ]
 [0.35113046 0.         0.31094557 0.33792397 0.         0.        ]
 [0.35206842 0.         0.31777903 0.3301526  0.         0.        ]
 [0.3472555  0.         0.32429385 0.32845062 0.         0.        ]
 [0.35109514 0.         0.3163805  0.3325244  0.         0.        ]
 [0.35108596 0.         0.31229445 0.33661962 0.         0.        ]
 [0.34742233 0.         0.33240628 0.32017145 0.         0.        ]
 [0.35565668 0.         0.32004154 0.32430178 0.         0.        ]
 [0.35488367 0.         0.32492125 0.32019508 0.         0.        ]
 [0.353032   0.         0.32744557 0.31952247 0.         0.        ]
 [0.3551154  0.         0.32052678 0.3243578  0.         0.        ]
 [0.36232546 0.         0.30048802 0.33718655 0.         0.        ]
 [0.3501372  0.         0.33082062 0.31904215 0.         0.        ]
 [0.35382232 0.         0.32239679 0.32378086 0.         0.        ]]
13:18:59      Epoch:   0      Batch:   0      OuterStep: 1220      LossModel: 0.00008774     LossTerm2: 0.00000000      Time/Step(s): 2.2898Term3 quantities: 
 [[0.         0.3202824  0.3667039  0.         0.3130137  0.        ]
 [0.         0.3260388  0.35805872 0.         0.31590253 0.        ]
 [0.         0.3267643  0.35541773 0.         0.31781805 0.        ]
 [0.         0.32739452 0.3559582  0.         0.         0.3166473 ]
 [0.         0.327128   0.3540691  0.         0.         0.31880292]
 [0.         0.32849595 0.35081896 0.         0.         0.32068512]
 [0.         0.32852867 0.3499427  0.         0.         0.3215286 ]
 [0.         0.32808915 0.34555674 0.         0.         0.32635412]
 [0.         0.32858458 0.34347197 0.         0.         0.32794347]
 [0.         0.32977548 0.3377841  0.         0.         0.33244047]
 [0.         0.33005992 0.3408841  0.         0.         0.329056  ]
 [0.         0.33069208 0.33679375 0.         0.         0.33251417]
 [0.         0.32996565 0.3332052  0.         0.         0.33682925]
 [0.         0.33137187 0.         0.         0.30378446 0.36484367]
 [0.         0.3325992  0.         0.         0.31691244 0.35048836]
 [0.         0.33197284 0.         0.         0.29912162 0.36890557]
 [0.         0.3423469  0.         0.         0.33645603 0.32119712]
 [0.         0.33956078 0.         0.         0.34386835 0.3165708 ]
 [0.         0.3320669  0.         0.         0.3533244  0.31460875]
 [0.31397155 0.32800323 0.         0.         0.35802525 0.        ]
 [0.         0.3464392  0.         0.         0.33634746 0.31721345]
 [0.         0.341113   0.         0.         0.34259236 0.3162947 ]
 [0.313709   0.33688325 0.         0.         0.3494078  0.        ]
 [0.31854057 0.32988098 0.         0.         0.35157847 0.        ]
 [0.31940514 0.34694812 0.         0.         0.33364674 0.        ]
 [0.32050163 0.34365138 0.         0.         0.335847   0.        ]
 [0.32174143 0.33803913 0.         0.         0.34021947 0.        ]
 [0.32254314 0.33167318 0.         0.         0.34578368 0.        ]
 [0.32154888 0.35189816 0.         0.         0.32655302 0.        ]
 [0.32444924 0.3422276  0.         0.         0.33332312 0.        ]
 [0.3284796  0.33344692 0.         0.         0.3380735  0.        ]
 [0.3318173  0.32560888 0.         0.         0.34257382 0.        ]
 [0.32827726 0.         0.         0.34113547 0.         0.33058724]
 [0.32956842 0.         0.         0.34134573 0.         0.32908586]
 [0.32857478 0.         0.         0.34071922 0.         0.33070606]
 [0.3133996  0.         0.         0.3416018  0.         0.34499854]
 [0.33718807 0.         0.         0.32542083 0.3373911  0.        ]
 [0.31516644 0.         0.         0.34023073 0.         0.34460282]
 [0.33377686 0.         0.         0.33170104 0.3345221  0.        ]
 [0.30543536 0.         0.         0.34003323 0.         0.3545314 ]
 [0.30425343 0.         0.         0.33926272 0.         0.35648385]
 [0.3300945  0.         0.         0.3393631  0.33054242 0.        ]
 [0.33054528 0.         0.         0.3387528  0.33070195 0.        ]
 [0.3300095  0.         0.         0.33678386 0.33320668 0.        ]
 [0.32224342 0.         0.         0.34321177 0.         0.3345449 ]
 [0.3229022  0.         0.         0.34285116 0.         0.33424664]
 [0.32604548 0.         0.         0.3428181  0.         0.3311364 ]
 [0.30965826 0.         0.         0.34203458 0.         0.34830716]
 [0.3452788  0.         0.33228374 0.3224375  0.         0.        ]
 [0.35039207 0.         0.31874198 0.330866   0.         0.        ]
 [0.34583655 0.         0.32582507 0.32833838 0.         0.        ]
 [0.350869   0.         0.31101605 0.33811504 0.         0.        ]
 [0.35186827 0.         0.31790128 0.33023047 0.         0.        ]
 [0.34704852 0.         0.3244497  0.32850182 0.         0.        ]
 [0.35087007 0.         0.31656885 0.33256105 0.         0.        ]
 [0.3507525  0.         0.31245217 0.33679533 0.         0.        ]
 [0.3472741  0.         0.332504   0.32022193 0.         0.        ]
 [0.3554295  0.         0.32014263 0.3244279  0.         0.        ]
 [0.3546808  0.         0.32504454 0.32027465 0.         0.        ]
 [0.35284907 0.         0.32756528 0.31958565 0.         0.        ]
 [0.35485572 0.         0.32065308 0.32449123 0.         0.        ]
 [0.36213493 0.         0.3004362  0.33742884 0.         0.        ]
 [0.3499506  0.         0.33093834 0.31911108 0.         0.        ]
 [0.35361767 0.         0.32250363 0.32387874 0.         0.        ]]
13:19:24      Epoch:   0      Batch:   0      OuterStep: 1230      LossModel: 0.00008474     LossTerm2: 0.00000000      Time/Step(s): 2.6958Term3 quantities: 
 [[0.         0.3202625  0.36672845 0.         0.31300902 0.        ]
 [0.         0.32599467 0.35808992 0.         0.31591544 0.        ]
 [0.         0.32676783 0.3553718  0.         0.31786042 0.        ]
 [0.         0.32744628 0.35598293 0.         0.         0.31657085]
 [0.         0.32721606 0.354074   0.         0.         0.3187099 ]
 [0.         0.32849902 0.35085064 0.         0.         0.32065034]
 [0.         0.32857668 0.34997633 0.         0.         0.321447  ]
 [0.         0.32813916 0.3454939  0.         0.         0.32636696]
 [0.         0.32879475 0.34334576 0.         0.         0.3278595 ]
 [0.         0.3298566  0.33774027 0.         0.         0.3324031 ]
 [0.         0.32995224 0.34082538 0.         0.         0.32922238]
 [0.         0.33074448 0.33667788 0.         0.         0.3325777 ]
 [0.         0.3298757  0.33314723 0.         0.         0.33697706]
 [0.         0.33129588 0.         0.         0.30369517 0.36500892]
 [0.         0.33260152 0.         0.         0.31687298 0.35052553]
 [0.         0.33188906 0.         0.         0.29904076 0.36907026]
 [0.         0.34235415 0.         0.         0.3364136  0.32123223]
 [0.         0.33957905 0.         0.         0.34373018 0.31669074]
 [0.         0.33204922 0.         0.         0.35332257 0.3146283 ]
 [0.31411007 0.32792467 0.         0.         0.35796526 0.        ]
 [0.         0.346469   0.         0.         0.3363932  0.31713772]
 [0.         0.34120145 0.         0.         0.34273937 0.3160591 ]
 [0.         0.33666205 0.         0.         0.34934863 0.31398925]
 [0.31849274 0.329751   0.         0.         0.35175622 0.        ]
 [0.3193705  0.34693265 0.         0.         0.33369687 0.        ]
 [0.32048494 0.34364495 0.         0.         0.3358702  0.        ]
 [0.3217243  0.33806056 0.         0.         0.34021515 0.        ]
 [0.32248807 0.3317395  0.         0.         0.3457725  0.        ]
 [0.3215406  0.3518657  0.         0.         0.32659367 0.        ]
 [0.32442728 0.3422246  0.         0.         0.3333481  0.        ]
 [0.32841444 0.33355707 0.         0.         0.3380285  0.        ]
 [0.3317421  0.32566044 0.         0.         0.34259754 0.        ]
 [0.32826498 0.         0.         0.34109938 0.         0.3306356 ]
 [0.3293492  0.         0.         0.34123063 0.         0.32942015]
 [0.3285797  0.         0.         0.34067836 0.         0.33074194]
 [0.31284392 0.         0.         0.34127226 0.         0.34588382]
 [0.3370932  0.         0.         0.32520768 0.33769906 0.        ]
 [0.31472164 0.         0.         0.33995795 0.         0.34532037]
 [0.33357024 0.         0.         0.33148077 0.33494902 0.        ]
 [0.30475047 0.         0.         0.33955464 0.         0.35569492]
 [0.30357116 0.         0.         0.33877027 0.         0.3576586 ]
 [0.33008462 0.         0.         0.33954442 0.33037093 0.        ]
 [0.33053076 0.         0.         0.33888483 0.3305844  0.        ]
 [0.32991624 0.         0.         0.33666638 0.33341742 0.        ]
 [0.32183993 0.         0.         0.34298673 0.         0.33517334]
 [0.322565   0.         0.         0.3426564  0.         0.33477858]
 [0.3256765  0.         0.         0.3426038  0.         0.33171973]
 [0.3089499  0.         0.         0.34157583 0.         0.3494743 ]
 [0.34506133 0.         0.33226368 0.32267496 0.         0.        ]
 [0.35018334 0.         0.31874433 0.33107233 0.         0.        ]
 [0.34565365 0.         0.32581985 0.32852653 0.         0.        ]
 [0.35053542 0.         0.31110424 0.3383603  0.         0.        ]
 [0.35167176 0.         0.31788734 0.33044088 0.         0.        ]
 [0.34686312 0.         0.32443762 0.3286993  0.         0.        ]
 [0.35060918 0.         0.3166093  0.33278152 0.         0.        ]
 [0.35044825 0.         0.31247061 0.3370812  0.         0.        ]
 [0.34710598 0.         0.33249626 0.3203978  0.         0.        ]
 [0.35512516 0.         0.32014266 0.32473218 0.         0.        ]
 [0.3544353  0.         0.32504165 0.32052302 0.         0.        ]
 [0.3526201  0.         0.3275715  0.31980833 0.         0.        ]
 [0.35450408 0.         0.32069466 0.32480127 0.         0.        ]
 [0.36183763 0.         0.30040732 0.337755   0.         0.        ]
 [0.34971187 0.         0.33093897 0.3193492  0.         0.        ]
 [0.3533472  0.         0.3224607  0.32419217 0.         0.        ]]
13:19:49      Epoch:   0      Batch:   0      OuterStep: 1240      LossModel: 0.00008411     LossTerm2: 0.00000000      Time/Step(s): 2.5297Term3 quantities: 
 [[0.         0.32022932 0.36673954 0.         0.31303108 0.        ]
 [0.         0.32597288 0.3580484  0.         0.31597874 0.        ]
 [0.         0.32674104 0.35537568 0.         0.31788328 0.        ]
 [0.         0.32755503 0.35598263 0.         0.         0.3164624 ]
 [0.         0.3272089  0.35409793 0.         0.         0.3186931 ]
 [0.         0.32853466 0.3508596  0.         0.         0.32060567]
 [0.         0.32852888 0.35004386 0.         0.         0.32142726]
 [0.         0.32811373 0.34547272 0.         0.         0.32641354]
 [0.         0.32873884 0.3433454  0.         0.         0.3279157 ]
 [0.         0.32975197 0.33774048 0.         0.         0.33250758]
 [0.         0.32985318 0.34078345 0.         0.         0.32936335]
 [0.         0.33071324 0.33660483 0.         0.         0.33268195]
 [0.         0.32985824 0.33306068 0.         0.         0.33708107]
 [0.         0.33120093 0.         0.         0.30362248 0.36517656]
 [0.         0.3325877  0.         0.         0.3168152  0.3505971 ]
 [0.         0.331818   0.         0.         0.29894227 0.3692397 ]
 [0.         0.34246603 0.         0.         0.33618596 0.321348  ]
 [0.         0.3395799  0.         0.         0.34371048 0.31670967]
 [0.         0.33203644 0.         0.         0.3532392  0.3147244 ]
 [0.31417617 0.32791486 0.         0.         0.357909   0.        ]
 [0.         0.34646198 0.         0.         0.3362201  0.31731796]
 [0.         0.34121504 0.         0.         0.34243658 0.3163484 ]
 [0.         0.3364152  0.         0.         0.34946415 0.31412068]
 [0.3183668  0.32967633 0.         0.         0.35195687 0.        ]
 [0.31933263 0.3469829  0.         0.         0.33368456 0.        ]
 [0.32043514 0.34363988 0.         0.         0.33592498 0.        ]
 [0.32170308 0.33808914 0.         0.         0.34020784 0.        ]
 [0.32245272 0.33182105 0.         0.         0.34572622 0.        ]
 [0.32155138 0.35189044 0.         0.         0.32655817 0.        ]
 [0.32437426 0.34231892 0.         0.         0.33330682 0.        ]
 [0.3283446  0.333636   0.         0.         0.33801937 0.        ]
 [0.33166662 0.3257434  0.         0.         0.34259    0.        ]
 [0.3279628  0.         0.         0.34096763 0.         0.33106953]
 [0.32909736 0.         0.         0.3411081  0.         0.32979453]
 [0.32830763 0.         0.         0.34057248 0.         0.33111984]
 [0.31237185 0.         0.         0.3410126  0.         0.34661555]
 [0.33701825 0.         0.         0.3250756  0.3379062  0.        ]
 [0.314317   0.         0.         0.3397143  0.         0.34596875]
 [0.333412   0.         0.         0.33144173 0.33514634 0.        ]
 [0.30411226 0.         0.         0.3391536  0.         0.35673413]
 [0.30295953 0.         0.         0.33837304 0.         0.35866743]
 [0.33007213 0.         0.         0.33953917 0.3303887  0.        ]
 [0.33053312 0.         0.         0.3388854  0.33058146 0.        ]
 [0.32984558 0.         0.         0.3365962  0.33355826 0.        ]
 [0.32148555 0.         0.         0.34279162 0.         0.33572277]
 [0.3222153  0.         0.         0.34245902 0.         0.33532572]
 [0.32539558 0.         0.         0.34258178 0.         0.33202264]
 [0.3083215  0.         0.         0.34120896 0.         0.35046956]
 [0.34490636 0.         0.33220583 0.32288787 0.         0.        ]
 [0.350019   0.         0.31870648 0.3312745  0.         0.        ]
 [0.3454937  0.         0.32580304 0.3287032  0.         0.        ]
 [0.35025725 0.         0.31108665 0.3386561  0.         0.        ]
 [0.35152537 0.         0.31783673 0.33063787 0.         0.        ]
 [0.34669477 0.         0.32443216 0.32887307 0.         0.        ]
 [0.35044354 0.         0.3166575  0.3328989  0.         0.        ]
 [0.35041866 0.         0.3122617  0.33731958 0.         0.        ]
 [0.34697357 0.         0.33245653 0.3205699  0.         0.        ]
 [0.3549062  0.         0.3200752  0.32501855 0.         0.        ]
 [0.35424006 0.         0.32500136 0.32075855 0.         0.        ]
 [0.35243416 0.         0.32754087 0.32002503 0.         0.        ]
 [0.35427925 0.         0.32063344 0.32508728 0.         0.        ]
 [0.36164287 0.         0.30026755 0.33808962 0.         0.        ]
 [0.3495142  0.         0.33091375 0.31957212 0.         0.        ]
 [0.35312104 0.         0.32240513 0.32447383 0.         0.        ]]
13:20:13      Epoch:   0      Batch:   0      OuterStep: 1250      LossModel: 0.00008606     LossTerm2: 0.00000000      Time/Step(s): 2.2718Term3 quantities: 
 [[0.         0.3202024  0.3667367  0.         0.31306088 0.        ]
 [0.         0.3259392  0.35805908 0.         0.31600174 0.        ]
 [0.         0.3267086  0.35535175 0.         0.31793964 0.        ]
 [0.         0.32749736 0.3560181  0.         0.         0.31648454]
 [0.         0.32707497 0.35416016 0.         0.         0.3187649 ]
 [0.         0.32848293 0.35089248 0.         0.         0.32062462]
 [0.         0.3284523  0.35012025 0.         0.         0.3214275 ]
 [0.         0.32818428 0.3454493  0.         0.         0.32636645]
 [0.         0.3285832  0.3433678  0.         0.         0.328049  ]
 [0.         0.3296898  0.33773643 0.         0.         0.33257377]
 [0.         0.3298531  0.34072453 0.         0.         0.32942235]
 [0.         0.3306393  0.33654973 0.         0.         0.33281097]
 [0.         0.32984522 0.3330056  0.         0.         0.3371491 ]
 [0.         0.33116376 0.         0.         0.30358317 0.365253  ]
 [0.         0.33257714 0.         0.         0.31679073 0.3506321 ]
 [0.         0.3318196  0.         0.         0.29887033 0.3693101 ]
 [0.         0.34263763 0.         0.         0.336059   0.32130337]
 [0.         0.33961138 0.         0.         0.3436541  0.31673458]
 [0.         0.33206904 0.         0.         0.3532296  0.31470144]
 [0.31422377 0.32789573 0.         0.         0.3578805  0.        ]
 [0.         0.34646282 0.         0.         0.33618385 0.31735337]
 [0.         0.34123635 0.         0.         0.34248134 0.31628227]
 [0.         0.33623785 0.         0.         0.34952003 0.3142421 ]
 [0.3183917  0.3294573  0.         0.         0.35215098 0.        ]
 [0.31931856 0.34698206 0.         0.         0.33369943 0.        ]
 [0.32047507 0.34366325 0.         0.         0.33586168 0.        ]
 [0.32170978 0.33813095 0.         0.         0.3401593  0.        ]
 [0.32245114 0.3318915  0.         0.         0.34565738 0.        ]
 [0.32160532 0.351883   0.         0.         0.32651168 0.        ]
 [0.32437876 0.34230167 0.         0.         0.33331966 0.        ]
 [0.3283154  0.33368117 0.         0.         0.33800343 0.        ]
 [0.3316656  0.32578665 0.         0.         0.3425478  0.        ]
 [0.32795584 0.         0.         0.34095255 0.         0.33109167]
 [0.32916963 0.         0.         0.3411254  0.         0.32970494]
 [0.32836062 0.         0.         0.34056702 0.         0.33107236]
 [0.31230658 0.         0.         0.34097415 0.         0.34671935]
 [0.3370847  0.         0.         0.32502207 0.33789316 0.        ]
 [0.31433025 0.         0.         0.33971187 0.         0.34595788]
 [0.33339018 0.         0.         0.3314401  0.33516976 0.        ]
 [0.30386573 0.         0.         0.33902112 0.         0.35711312]
 [0.30274406 0.         0.         0.3382452  0.         0.35901076]
 [0.33010226 0.         0.         0.33942226 0.33047545 0.        ]
 [0.33055437 0.         0.         0.3387545  0.3306911  0.        ]
 [0.32981414 0.         0.         0.33651108 0.3336748  0.        ]
 [0.3215131  0.         0.         0.34279215 0.         0.33569473]
 [0.32225108 0.         0.         0.342459   0.         0.33528998]
 [0.32532275 0.         0.         0.34247464 0.         0.3322026 ]
 [0.3081291  0.         0.         0.34109434 0.         0.35077658]
 [0.3448636  0.         0.3321671  0.3229694  0.         0.        ]
 [0.34996253 0.         0.31868574 0.33135176 0.         0.        ]
 [0.34540486 0.         0.32582226 0.32877287 0.         0.        ]
 [0.35019204 0.         0.3110413  0.3387667  0.         0.        ]
 [0.3514692  0.         0.31781253 0.33071828 0.         0.        ]
 [0.34661984 0.         0.32443395 0.32894614 0.         0.        ]
 [0.35039926 0.         0.31660444 0.33299628 0.         0.        ]
 [0.350359   0.         0.31204602 0.33759502 0.         0.        ]
 [0.3469139  0.         0.33245465 0.32063138 0.         0.        ]
 [0.35485345 0.         0.32001498 0.32513157 0.         0.        ]
 [0.35417438 0.         0.32498702 0.32083863 0.         0.        ]
 [0.3523576  0.         0.32754678 0.32009566 0.         0.        ]
 [0.35425562 0.         0.32055044 0.3251939  0.         0.        ]
 [0.36163217 0.         0.30011424 0.3382536  0.         0.        ]
 [0.3494303  0.         0.33092117 0.3196485  0.         0.        ]
 [0.35303771 0.         0.32238623 0.32457608 0.         0.        ]]
        Validation Criterion: 0.00041296
        Saving best model so far ...
13:20:38      Epoch:   0      Batch:   0      OuterStep: 1260      LossModel: 0.00008447     LossTerm2: 0.00000000      Time/Step(s): 2.4567Term3 quantities: 
 [[0.         0.3201768  0.36675557 0.         0.31306764 0.        ]
 [0.         0.3259411  0.35804704 0.         0.3160119  0.        ]
 [0.         0.32668206 0.35536307 0.         0.31795487 0.        ]
 [0.         0.32746682 0.3560954  0.         0.         0.31643772]
 [0.         0.3271026  0.35423094 0.         0.         0.3186665 ]
 [0.         0.32842907 0.3509297  0.         0.         0.32064128]
 [0.         0.32846507 0.35018086 0.         0.         0.32135406]
 [0.         0.32803184 0.34549138 0.         0.         0.32647684]
 [0.         0.32856378 0.34337243 0.         0.         0.3280637 ]
 [0.         0.32963014 0.33777982 0.         0.         0.33259004]
 [0.         0.32999426 0.34067318 0.         0.         0.32933256]
 [0.         0.33054775 0.33655414 0.         0.         0.33289814]
 [0.         0.32982522 0.33296043 0.         0.         0.33721432]
 [0.         0.3312137  0.         0.         0.3036361  0.36515024]
 [0.         0.33258665 0.         0.         0.31683308 0.3505803 ]
 [0.         0.3318964  0.         0.         0.29892376 0.3691798 ]
 [0.         0.34275058 0.         0.         0.33587465 0.32137477]
 [0.         0.33966246 0.         0.         0.34369558 0.31664202]
 [0.         0.33215177 0.         0.         0.3531579  0.31469038]
 [0.31418577 0.32795283 0.         0.         0.35786146 0.        ]
 [0.         0.3464878  0.         0.         0.33624303 0.31726924]
 [0.         0.34127706 0.         0.         0.34246525 0.31625766]
 [0.31445432 0.33594912 0.         0.         0.34959653 0.        ]
 [0.3184878  0.32935676 0.         0.         0.3521555  0.        ]
 [0.3193908  0.34693468 0.         0.         0.3336746  0.        ]
 [0.32055697 0.34365427 0.         0.         0.33578885 0.        ]
 [0.3217934  0.33812565 0.         0.         0.3400809  0.        ]
 [0.32247552 0.3319262  0.         0.         0.34559834 0.        ]
 [0.3217077  0.35181457 0.         0.         0.32647777 0.        ]
 [0.32448244 0.34223184 0.         0.         0.3332857  0.        ]
 [0.32839155 0.33363035 0.         0.         0.33797815 0.        ]
 [0.33176595 0.3257632  0.         0.         0.34247085 0.        ]
 [0.32863542 0.         0.         0.34125233 0.         0.33011222]
 [0.32963797 0.         0.         0.3413328  0.         0.32902917]
 [0.3290591  0.         0.         0.34087282 0.         0.3300681 ]
 [0.3128061  0.         0.         0.34131858 0.         0.34587535]
 [0.33736587 0.         0.         0.3250186  0.33761546 0.        ]
 [0.3149468  0.         0.         0.34009472 0.         0.34495854]
 [0.33359948 0.         0.         0.3315136  0.33488694 0.        ]
 [0.30429602 0.         0.         0.339404   0.         0.35630003]
 [0.30322218 0.         0.         0.3386499  0.         0.35812786]
 [0.3301526  0.         0.         0.33916306 0.3306844  0.        ]
 [0.33060515 0.         0.         0.33854687 0.33084792 0.        ]
 [0.32993832 0.         0.         0.33643603 0.33362567 0.        ]
 [0.32216558 0.         0.         0.34313902 0.         0.3346954 ]
 [0.32291788 0.         0.         0.3428051  0.         0.33427706]
 [0.32577193 0.         0.         0.34269455 0.         0.33153355]
 [0.30869538 0.         0.         0.34151706 0.         0.34978756]
 [0.34507483 0.         0.33208224 0.32284287 0.         0.        ]
 [0.35013768 0.         0.3186086  0.3312537  0.         0.        ]
 [0.3455386  0.         0.32578602 0.32867542 0.         0.        ]
 [0.3503999  0.         0.3108116  0.33878848 0.         0.        ]
 [0.3516499  0.         0.31773987 0.33061025 0.         0.        ]
 [0.34678409 0.         0.32436857 0.32884732 0.         0.        ]
 [0.35055578 0.         0.3166274  0.3328169  0.         0.        ]
 [0.35049707 0.         0.3120887  0.33741432 0.         0.        ]
 [0.34704927 0.         0.3324305  0.32052034 0.         0.        ]
 [0.35512447 0.         0.31990704 0.32496855 0.         0.        ]
 [0.35443693 0.         0.32487246 0.32069057 0.         0.        ]
 [0.3525738  0.         0.32747132 0.31995487 0.         0.        ]
 [0.35457578 0.         0.32040176 0.32502243 0.         0.        ]
 [0.36193076 0.         0.2998674  0.33820188 0.         0.        ]
 [0.34962863 0.         0.33086807 0.31950334 0.         0.        ]
 [0.35329852 0.         0.32228917 0.32441238 0.         0.        ]]
13:21:02      Epoch:   0      Batch:   0      OuterStep: 1270      LossModel: 0.00008178     LossTerm2: 0.00000000      Time/Step(s): 2.2717Term3 quantities: 
 [[0.         0.32014844 0.36677918 0.         0.31307235 0.        ]
 [0.         0.32589516 0.35811973 0.         0.31598508 0.        ]
 [0.         0.32661706 0.3554597  0.         0.31792328 0.        ]
 [0.         0.32717982 0.35628918 0.         0.         0.31653097]
 [0.         0.32704142 0.35431865 0.         0.         0.31864   ]
 [0.         0.3284319  0.35102373 0.         0.         0.32054433]
 [0.         0.32841712 0.35030085 0.         0.         0.32128203]
 [0.         0.32808217 0.34557298 0.         0.         0.32634488]
 [0.         0.32859343 0.34335962 0.         0.         0.3280469 ]
 [0.         0.32966593 0.33780754 0.         0.         0.33252656]
 [0.         0.3300204  0.34068286 0.         0.         0.32929674]
 [0.         0.33071196 0.33652386 0.         0.         0.33276415]
 [0.         0.3298147  0.33295277 0.         0.         0.33723256]
 [0.         0.33134472 0.         0.         0.30368102 0.36497432]
 [0.         0.33259362 0.         0.         0.31686392 0.35054243]
 [0.         0.33205605 0.         0.         0.29898605 0.3689579 ]
 [0.         0.34285027 0.         0.         0.33605957 0.32109016]
 [0.         0.3397276  0.         0.         0.34370127 0.31657118]
 [0.         0.3322728  0.         0.         0.35314187 0.31458533]
 [0.31413513 0.32801476 0.         0.         0.35785013 0.        ]
 [0.         0.3465232  0.         0.         0.33633468 0.31714213]
 [0.         0.3413143  0.         0.         0.34257165 0.31611413]
 [0.3142158  0.33629397 0.         0.         0.34949017 0.        ]
 [0.3186003  0.3294995  0.         0.         0.35190016 0.        ]
 [0.31945547 0.34688008 0.         0.         0.33366445 0.        ]
 [0.32062292 0.34360722 0.         0.         0.33576986 0.        ]
 [0.32185832 0.33807442 0.         0.         0.3400672  0.        ]
 [0.3225171  0.33188674 0.         0.         0.3455962  0.        ]
 [0.32183844 0.35169494 0.         0.         0.32646662 0.        ]
 [0.324614   0.34210366 0.         0.         0.33328223 0.        ]
 [0.3285349  0.3335329  0.         0.         0.33793223 0.        ]
 [0.33190498 0.3256921  0.         0.         0.34240302 0.        ]
 [0.32911265 0.         0.         0.34136838 0.         0.32951894]
 [0.3301885  0.         0.         0.34151292 0.         0.32829857]
 [0.32944286 0.         0.         0.34092778 0.         0.3296294 ]
 [0.31350186 0.         0.         0.341685   0.         0.3448131 ]
 [0.33773473 0.         0.         0.32505918 0.33720607 0.        ]
 [0.31566745 0.         0.         0.34046054 0.         0.34387198]
 [0.33391938 0.         0.         0.33165926 0.3344214  0.        ]
 [0.3050942  0.         0.         0.33997378 0.         0.35493198]
 [0.304059   0.         0.         0.3392406  0.         0.35670036]
 [0.3302686  0.         0.         0.3391283  0.33060318 0.        ]
 [0.33073947 0.         0.         0.33848494 0.33077556 0.        ]
 [0.33020622 0.         0.         0.33642372 0.33337012 0.        ]
 [0.32284513 0.         0.         0.34340435 0.         0.33375052]
 [0.32358375 0.         0.         0.3430475  0.         0.3333688 ]
 [0.32648185 0.         0.         0.3429705  0.         0.33054763]
 [0.30958477 0.         0.         0.3420684  0.         0.34834683]
 [0.3452913  0.         0.33212695 0.32258174 0.         0.        ]
 [0.35033566 0.         0.3186339  0.33103037 0.         0.        ]
 [0.3457279  0.         0.3258201  0.32845205 0.         0.        ]
 [0.3505329  0.         0.31079203 0.33867514 0.         0.        ]
 [0.35185757 0.         0.3177604  0.3303821  0.         0.        ]
 [0.34696984 0.         0.32440302 0.32862714 0.         0.        ]
 [0.35080793 0.         0.31659263 0.3325994  0.         0.        ]
 [0.35071853 0.         0.31180537 0.33747602 0.         0.        ]
 [0.34721103 0.         0.33248785 0.32030118 0.         0.        ]
 [0.3554614  0.         0.3198721  0.32466647 0.         0.        ]
 [0.3547376  0.         0.3248695  0.32039288 0.         0.        ]
 [0.35283908 0.         0.3274831  0.31967786 0.         0.        ]
 [0.35491616 0.         0.32036728 0.32471657 0.         0.        ]
 [0.36227804 0.         0.29975381 0.33796814 0.         0.        ]
 [0.34989002 0.         0.33089462 0.31921542 0.         0.        ]
 [0.35362116 0.         0.32228783 0.32409105 0.         0.        ]]
13:21:27      Epoch:   0      Batch:   0      OuterStep: 1280      LossModel: 0.00008263     LossTerm2: 0.00000000      Time/Step(s): 2.3616Term3 quantities: 
 [[0.         0.32011893 0.366886   0.         0.31299508 0.        ]
 [0.         0.3258643  0.35819238 0.         0.31594327 0.        ]
 [0.         0.32662037 0.35544625 0.         0.31793338 0.        ]
 [0.         0.32726854 0.35637408 0.         0.         0.31635734]
 [0.         0.32701465 0.35442865 0.         0.         0.31855673]
 [0.         0.32838413 0.35108674 0.         0.         0.32052922]
 [0.         0.3282888  0.35044312 0.         0.         0.3212681 ]
 [0.         0.3282222  0.34551886 0.         0.         0.32625902]
 [0.         0.32867658 0.3433543  0.         0.         0.3279691 ]
 [0.         0.32974923 0.33781615 0.         0.         0.33243462]
 [0.         0.3301288  0.34064814 0.         0.         0.329223  ]
 [0.         0.3308774  0.33646467 0.         0.         0.33265793]
 [0.         0.32997665 0.33288038 0.         0.         0.337143  ]
 [0.         0.3314129  0.         0.         0.3036947  0.36489242]
 [0.         0.3326263  0.         0.         0.31684473 0.35052896]
 [0.         0.33215627 0.         0.         0.29900572 0.36883807]
 [0.         0.34280714 0.         0.         0.3360035  0.3211893 ]
 [0.         0.33976176 0.         0.         0.3438257  0.31641254]
 [0.         0.33234432 0.         0.         0.35313913 0.31451657]
 [0.31408283 0.32802832 0.         0.         0.35788885 0.        ]
 [0.         0.34653857 0.         0.         0.33646432 0.31699714]
 [0.         0.34130496 0.         0.         0.34270313 0.3159919 ]
 [0.3140137  0.33650166 0.         0.         0.34948468 0.        ]
 [0.31861275 0.32969967 0.         0.         0.35168752 0.        ]
 [0.31943852 0.3468512  0.         0.         0.3337103  0.        ]
 [0.32063103 0.34349954 0.         0.         0.3358695  0.        ]
 [0.32182533 0.33807188 0.         0.         0.3401028  0.        ]
 [0.32245928 0.33188704 0.         0.         0.34565368 0.        ]
 [0.32187077 0.35157806 0.         0.         0.32655117 0.        ]
 [0.32463574 0.3419653  0.         0.         0.333399   0.        ]
 [0.328546   0.3335382  0.         0.         0.33791575 0.        ]
 [0.33190438 0.3256306  0.         0.         0.34246507 0.        ]
 [0.32914752 0.         0.         0.34132406 0.         0.32952842]
 [0.33027795 0.         0.         0.341462   0.         0.32826   ]
 [0.32955945 0.         0.         0.34091735 0.         0.32952324]
 [0.3137187  0.         0.         0.3417516  0.         0.3445297 ]
 [0.33792043 0.         0.         0.32498235 0.33709726 0.        ]
 [0.31584412 0.         0.         0.34050632 0.         0.34364963]
 [0.3340542  0.         0.         0.33165392 0.33429185 0.        ]
 [0.30539557 0.         0.         0.3401224  0.         0.354482  ]
 [0.3043566  0.         0.         0.3393837  0.         0.35625967]
 [0.330429   0.         0.         0.33911207 0.3304589  0.        ]
 [0.3308723  0.         0.         0.33847764 0.33065    0.        ]
 [0.33040634 0.         0.         0.33636135 0.33323237 0.        ]
 [0.32294855 0.         0.         0.3433856  0.         0.3336659 ]
 [0.32370993 0.         0.         0.34303895 0.         0.33325112]
 [0.32660368 0.         0.         0.34294373 0.         0.3304526 ]
 [0.30984676 0.         0.         0.34216037 0.         0.34799287]
 [0.3453144  0.         0.33223733 0.32244828 0.         0.        ]
 [0.35036933 0.         0.31871465 0.330916   0.         0.        ]
 [0.34577128 0.         0.32587728 0.32835153 0.         0.        ]
 [0.35058135 0.         0.31093496 0.3384837  0.         0.        ]
 [0.35190308 0.         0.31782874 0.3302681  0.         0.        ]
 [0.34698924 0.         0.32450137 0.3285094  0.         0.        ]
 [0.35080504 0.         0.31675383 0.33244115 0.         0.        ]
 [0.3505661  0.         0.31213835 0.33729562 0.         0.        ]
 [0.34724027 0.         0.33257774 0.320182   0.         0.        ]
 [0.35557702 0.         0.31991073 0.32451227 0.         0.        ]
 [0.35482    0.         0.3249449  0.32023504 0.         0.        ]
 [0.35291997 0.         0.3275559  0.3195241  0.         0.        ]
 [0.35499242 0.         0.32047462 0.3245329  0.         0.        ]
 [0.3623925  0.         0.29971313 0.33789444 0.         0.        ]
 [0.34998465 0.         0.33094838 0.31906703 0.         0.        ]
 [0.3537334  0.         0.3223451  0.3239216  0.         0.        ]]
13:21:51      Epoch:   0      Batch:   0      OuterStep: 1290      LossModel: 0.00009855     LossTerm2: 0.00000000      Time/Step(s): 2.4542Term3 quantities: 
 [[0.         0.32004395 0.3671762  0.         0.3127798  0.        ]
 [0.         0.32584223 0.35830706 0.         0.31585076 0.        ]
 [0.         0.3266672  0.3555479  0.         0.31778488 0.        ]
 [0.         0.3273451  0.35644725 0.         0.         0.31620768]
 [0.         0.3270567  0.35454196 0.         0.         0.3184013 ]
 [0.         0.32887056 0.34842414 0.         0.32270527 0.        ]
 [0.         0.32832366 0.3505523  0.         0.         0.3211241 ]
 [0.         0.32818577 0.34561324 0.         0.         0.3262011 ]
 [0.         0.3287547  0.34335542 0.         0.         0.3278899 ]
 [0.         0.32992318 0.33781657 0.         0.         0.33226025]
 [0.         0.3301734  0.3406384  0.         0.         0.3291882 ]
 [0.         0.3309489  0.33642355 0.         0.         0.3326276 ]
 [0.         0.33017233 0.33282045 0.         0.         0.3370072 ]
 [0.         0.33139127 0.         0.         0.30368835 0.36492035]
 [0.         0.33267784 0.         0.         0.31681234 0.35050985]
 [0.         0.33215997 0.         0.         0.298973   0.36886704]
 [0.         0.34272307 0.         0.         0.3363095  0.32096747]
 [0.         0.3397472  0.         0.         0.34386882 0.316384  ]
 [0.         0.33235696 0.         0.         0.3531737  0.31446937]
 [0.3139791  0.32807705 0.         0.         0.35794386 0.        ]
 [0.         0.3465242  0.         0.         0.336491   0.3169848 ]
 [0.         0.3412611  0.         0.         0.34280846 0.31593043]
 [0.         0.33673587 0.         0.         0.34932905 0.31393504]
 [0.31850007 0.32989043 0.         0.         0.35160947 0.        ]
 [0.31931168 0.3469265  0.         0.         0.33376178 0.        ]
 [0.32051143 0.3435599  0.         0.         0.33592877 0.        ]
 [0.32172287 0.33806324 0.         0.         0.3402139  0.        ]
 [0.3223382  0.33193848 0.         0.         0.3457234  0.        ]
 [0.32181323 0.35158098 0.         0.         0.3266058  0.        ]
 [0.324553   0.34198558 0.         0.         0.33346143 0.        ]
 [0.3284483  0.33361742 0.         0.         0.33793432 0.        ]
 [0.33177507 0.32566565 0.         0.         0.34255922 0.        ]
 [0.3291193  0.         0.         0.34125054 0.         0.32963014]
 [0.33017305 0.         0.         0.3413885  0.         0.32843837]
 [0.32953852 0.         0.         0.3408461  0.         0.3296154 ]
 [0.31355166 0.         0.         0.34161887 0.         0.34482947]
 [0.33791405 0.         0.         0.3248639  0.33722204 0.        ]
 [0.3156699  0.         0.         0.34036952 0.         0.34396058]
 [0.33396703 0.         0.         0.33150226 0.3345307  0.        ]
 [0.30527526 0.         0.         0.3399996  0.         0.35472512]
 [0.304218   0.         0.         0.33923927 0.         0.35654268]
 [0.33040264 0.         0.         0.33899742 0.33059984 0.        ]
 [0.33084273 0.         0.         0.33839306 0.33076426 0.        ]
 [0.3304509  0.         0.         0.33626592 0.3332832  0.        ]
 [0.3227423  0.         0.         0.34323338 0.         0.33402434]
 [0.32352886 0.         0.         0.34289342 0.         0.33357775]
 [0.3264075  0.         0.         0.34277898 0.         0.3308135 ]
 [0.3096517  0.         0.         0.34200466 0.         0.3483437 ]
 [0.34519225 0.         0.33232933 0.32247844 0.         0.        ]
 [0.35026842 0.         0.3187735  0.33095807 0.         0.        ]
 [0.3456622  0.         0.32596835 0.3283695  0.         0.        ]
 [0.35056135 0.         0.31073335 0.33870527 0.         0.        ]
 [0.3517989  0.         0.31789517 0.33030587 0.         0.        ]
 [0.3468861  0.         0.32458284 0.32853112 0.         0.        ]
 [0.3506324  0.         0.31690982 0.33245772 0.         0.        ]
 [0.35053313 0.         0.3120293  0.33743763 0.         0.        ]
 [0.34716886 0.         0.33262238 0.3202088  0.         0.        ]
 [0.35546407 0.         0.31996238 0.32457355 0.         0.        ]
 [0.3547087  0.         0.3250235  0.32026786 0.         0.        ]
 [0.3528331  0.         0.32761598 0.31955096 0.         0.        ]
 [0.3548729  0.         0.3205182  0.32460886 0.         0.        ]
 [0.36228928 0.         0.2996592  0.33805153 0.         0.        ]
 [0.34990782 0.         0.33099505 0.31909713 0.         0.        ]
 [0.35363322 0.         0.3223956  0.32397118 0.         0.        ]]
13:22:15      Epoch:   0      Batch:   0      OuterStep: 1300      LossModel: 0.00008590     LossTerm2: 0.00000000      Time/Step(s): 2.3258Term3 quantities: 
 [[0.         0.32029116 0.3671589  0.         0.31255    0.        ]
 [0.         0.32601961 0.35842323 0.         0.31555718 0.        ]
 [0.         0.32699728 0.3555653  0.         0.3174374  0.        ]
 [0.         0.32727852 0.35655746 0.         0.         0.31616405]
 [0.         0.32705194 0.35456738 0.         0.         0.31838068]
 [0.         0.32732588 0.34870648 0.         0.32396767 0.        ]
 [0.         0.32811308 0.35069272 0.         0.         0.32119414]
 [0.         0.32807136 0.34564313 0.         0.         0.32628554]
 [0.         0.32871425 0.34336114 0.         0.         0.3279246 ]
 [0.         0.32957357 0.33789718 0.         0.         0.3325293 ]
 [0.         0.3298613  0.34065446 0.         0.         0.32948416]
 [0.         0.33069658 0.3364281  0.         0.         0.3328753 ]
 [0.         0.32992253 0.33282328 0.         0.         0.33725417]
 [0.         0.33122072 0.         0.         0.3035483  0.365231  ]
 [0.         0.3326293  0.         0.         0.31677854 0.3505922 ]
 [0.         0.33196676 0.         0.         0.2988425  0.36919078]
 [0.         0.3427212  0.         0.         0.33626848 0.3210103 ]
 [0.         0.33972266 0.         0.         0.34392363 0.3163538 ]
 [0.         0.33237925 0.         0.         0.35317275 0.314448  ]
 [0.3139457  0.32811853 0.         0.         0.3579358  0.        ]
 [0.         0.34645137 0.         0.         0.33646697 0.31708172]
 [0.         0.3411536  0.         0.         0.34279695 0.3160495 ]
 [0.         0.3365807  0.         0.         0.34931952 0.31409982]
 [0.31813353 0.3300604  0.         0.         0.35180604 0.        ]
 [0.31916875 0.34698954 0.         0.         0.33384174 0.        ]
 [0.320378   0.34352303 0.         0.         0.33609897 0.        ]
 [0.32157367 0.33810258 0.         0.         0.34032375 0.        ]
 [0.32220942 0.33201805 0.         0.         0.3457726  0.        ]
 [0.32174724 0.35166347 0.         0.         0.32658926 0.        ]
 [0.3244289  0.34207317 0.         0.         0.3334979  0.        ]
 [0.3282848  0.33368167 0.         0.         0.33803353 0.        ]
 [0.3315873  0.32577738 0.         0.         0.34263533 0.        ]
 [0.3286348  0.         0.         0.3410458  0.         0.3303194 ]
 [0.32967854 0.         0.         0.3411422  0.         0.32917926]
 [0.32904926 0.         0.         0.34064916 0.         0.33030164]
 [0.3129214  0.         0.         0.34121153 0.         0.34586707]
 [0.33766785 0.         0.         0.32473615 0.337596   0.        ]
 [0.31506646 0.         0.         0.33997965 0.         0.34495392]
 [0.3336139  0.         0.         0.33125725 0.3351289  0.        ]
 [0.30457723 0.         0.         0.33945474 0.         0.355968  ]
 [0.3035041  0.         0.         0.33867165 0.         0.35782427]
 [0.33025694 0.         0.         0.33889806 0.330845   0.        ]
 [0.33066854 0.         0.         0.3382987  0.33103278 0.        ]
 [0.3303021  0.         0.         0.33615756 0.33354038 0.        ]
 [0.32213166 0.         0.         0.34288958 0.         0.33497882]
 [0.32293293 0.         0.         0.34256107 0.         0.334506  ]
 [0.32591304 0.         0.         0.34246394 0.         0.33162305]
 [0.3088361  0.         0.         0.34143123 0.         0.34973267]
 [0.34482655 0.         0.33242923 0.32274422 0.         0.        ]
 [0.3499041  0.         0.31891692 0.33117902 0.         0.        ]
 [0.3453178  0.         0.32611388 0.32856834 0.         0.        ]
 [0.35002783 0.         0.31094605 0.3390261  0.         0.        ]
 [0.3514304  0.         0.3180334  0.33053616 0.         0.        ]
 [0.34652415 0.         0.32474315 0.32873273 0.         0.        ]
 [0.3502487  0.         0.31712762 0.3326237  0.         0.        ]
 [0.35018665 0.         0.31203586 0.33777755 0.         0.        ]
 [0.3468992  0.         0.3326883  0.32041255 0.         0.        ]
 [0.35500687 0.         0.3200746  0.3249185  0.         0.        ]
 [0.35427958 0.         0.32516637 0.32055405 0.         0.        ]
 [0.3524532  0.         0.32774013 0.3198067  0.         0.        ]
 [0.35437775 0.         0.32065856 0.32496366 0.         0.        ]
 [0.36180165 0.         0.2997501  0.33844826 0.         0.        ]
 [0.34953913 0.         0.3310964  0.31936443 0.         0.        ]
 [0.35316706 0.         0.32250848 0.32432446 0.         0.        ]]
        Validation Criterion: 0.00041315
13:22:40      Epoch:   0      Batch:   0      OuterStep: 1310      LossModel: 0.00008284     LossTerm2: 0.00000000      Time/Step(s): 2.9331Term3 quantities: 
 [[0.         0.3204399  0.36706108 0.         0.31249905 0.        ]
 [0.         0.3260662  0.35856622 0.         0.3153676  0.        ]
 [0.         0.32714403 0.3555364  0.         0.31731957 0.        ]
 [0.         0.32685807 0.35686022 0.         0.         0.31628177]
 [0.         0.32687762 0.35475314 0.         0.         0.31836927]
 [0.         0.32624727 0.34889847 0.         0.32485425 0.        ]
 [0.         0.32811657 0.35072008 0.         0.         0.32116342]
 [0.         0.3278579  0.3458036  0.         0.         0.3263385 ]
 [0.         0.32852632 0.34348738 0.         0.         0.32798633]
 [0.         0.32945943 0.33796397 0.         0.         0.33257663]
 [0.         0.32975587 0.34069702 0.         0.         0.3295471 ]
 [0.         0.33065444 0.33641636 0.         0.         0.33292922]
 [0.         0.3299602  0.33279225 0.         0.         0.33724758]
 [0.         0.3312007  0.         0.         0.30361524 0.36518413]
 [0.         0.33270022 0.         0.         0.31683505 0.3504647 ]
 [0.         0.331991   0.         0.         0.29886124 0.36914775]
 [0.         0.3428139  0.         0.         0.33634335 0.32084283]
 [0.         0.33967516 0.         0.         0.34403726 0.31628758]
 [0.         0.33235446 0.         0.         0.35325727 0.31438833]
 [0.31378734 0.32811308 0.         0.         0.35809958 0.        ]
 [0.         0.34641972 0.         0.         0.33660257 0.31697777]
 [0.         0.34110087 0.         0.         0.34296897 0.31593016]
 [0.         0.33635584 0.         0.         0.34964475 0.31399935]
 [0.31789353 0.32975456 0.         0.         0.35235193 0.        ]
 [0.31898877 0.3469847  0.         0.         0.33402652 0.        ]
 [0.32016784 0.34347698 0.         0.         0.33635524 0.        ]
 [0.32139963 0.33804524 0.         0.         0.3405551  0.        ]
 [0.32201427 0.3320058  0.         0.         0.34597993 0.        ]
 [0.3216344  0.35165477 0.         0.         0.32671082 0.        ]
 [0.32431278 0.34203705 0.         0.         0.33365017 0.        ]
 [0.32809064 0.33367276 0.         0.         0.3382366  0.        ]
 [0.331382   0.32576898 0.         0.         0.34284908 0.        ]
 [0.32860184 0.         0.         0.34102768 0.         0.33037046]
 [0.32962978 0.         0.         0.34113646 0.         0.32923377]
 [0.32910824 0.         0.         0.34065428 0.         0.33023748]
 [0.31286806 0.         0.         0.34122285 0.         0.34590915]
 [0.33743498 0.         0.         0.32460055 0.33796453 0.        ]
 [0.31495875 0.         0.         0.3399427  0.         0.34509853]
 [0.33330166 0.         0.         0.33113036 0.33556795 0.        ]
 [0.30429652 0.         0.         0.33932966 0.         0.35637376]
 [0.30322987 0.         0.         0.3385344  0.         0.35823572]
 [0.33014828 0.         0.         0.33883843 0.33101326 0.        ]
 [0.33056533 0.         0.         0.33825573 0.33117893 0.        ]
 [0.33016518 0.         0.         0.33601233 0.3338226  0.        ]
 [0.32203618 0.         0.         0.34286097 0.         0.33510286]
 [0.32283786 0.         0.         0.342519   0.         0.3346431 ]
 [0.32584056 0.         0.         0.34243283 0.         0.3317266 ]
 [0.30856064 0.         0.         0.34132472 0.         0.35011464]
 [0.3447148  0.         0.33230332 0.32298195 0.         0.        ]
 [0.34976515 0.         0.31883052 0.3314043  0.         0.        ]
 [0.34519696 0.         0.3260556  0.32874745 0.         0.        ]
 [0.34975934 0.         0.3109555  0.33928525 0.         0.        ]
 [0.35129297 0.         0.3179698  0.33073717 0.         0.        ]
 [0.34639663 0.         0.32466948 0.32893386 0.         0.        ]
 [0.35009933 0.         0.31704658 0.3328541  0.         0.        ]
 [0.35001203 0.         0.3119016  0.3380864  0.         0.        ]
 [0.34680378 0.         0.33259523 0.320601   0.         0.        ]
 [0.35480016 0.         0.31996483 0.32523498 0.         0.        ]
 [0.35410705 0.         0.3250783  0.3208146  0.         0.        ]
 [0.35229114 0.         0.32766703 0.3200418  0.         0.        ]
 [0.35416263 0.         0.3205869  0.32525054 0.         0.        ]
 [0.3615873  0.         0.29960135 0.33881134 0.         0.        ]
 [0.3493751  0.         0.3310183  0.3196065  0.         0.        ]
 [0.3529494  0.         0.32242432 0.3246263  0.         0.        ]]
13:23:05      Epoch:   0      Batch:   0      OuterStep: 1320      LossModel: 0.00008293     LossTerm2: 0.00000000      Time/Step(s): 2.5663Term3 quantities: 
 [[0.         0.32044274 0.36712867 0.         0.3124286  0.        ]
 [0.         0.32612306 0.358503   0.         0.31537393 0.        ]
 [0.         0.3272092  0.3554769  0.         0.31731397 0.        ]
 [0.         0.32672986 0.35694042 0.         0.         0.3163297 ]
 [0.         0.3265172  0.35493168 0.         0.         0.3185511 ]
 [0.         0.326602   0.34853786 0.         0.32486016 0.        ]
 [0.         0.327941   0.35086763 0.         0.         0.32119134]
 [0.         0.32784775 0.3458232  0.         0.         0.32632917]
 [0.         0.32833892 0.3435592  0.         0.         0.3281019 ]
 [0.         0.32947862 0.3380046  0.         0.         0.3325168 ]
 [0.         0.329783   0.3406683  0.         0.         0.32954863]
 [0.         0.3306019  0.33641836 0.         0.         0.3329798 ]
 [0.         0.3299144  0.33280823 0.         0.         0.33727738]
 [0.         0.33118522 0.         0.         0.30371162 0.36510327]
 [0.         0.3327335  0.         0.         0.3169247  0.35034174]
 [0.         0.33201218 0.         0.         0.29895365 0.36903417]
 [0.         0.3429973  0.         0.         0.33637425 0.3206285 ]
 [0.         0.3397141  0.         0.         0.3442283  0.31605765]
 [0.         0.33239156 0.         0.         0.35339567 0.31421274]
 [0.31362918 0.328132   0.         0.         0.35823885 0.        ]
 [0.         0.34649307 0.         0.         0.33672264 0.31678426]
 [0.         0.34114236 0.         0.         0.34310415 0.31575352]
 [0.         0.33622625 0.         0.         0.3499538  0.31381994]
 [0.31762922 0.32964027 0.         0.         0.35273054 0.        ]
 [0.318843   0.34702587 0.         0.         0.33413115 0.        ]
 [0.32009023 0.3435511  0.         0.         0.33635867 0.        ]
 [0.32127628 0.3380826  0.         0.         0.34064114 0.        ]
 [0.32185322 0.3320409  0.         0.         0.34610587 0.        ]
 [0.3215276  0.35170314 0.         0.         0.32676923 0.        ]
 [0.32421616 0.3420636  0.         0.         0.33372015 0.        ]
 [0.32799542 0.33370343 0.         0.         0.33830118 0.        ]
 [0.33123848 0.3258208  0.         0.         0.34294075 0.        ]
 [0.32886627 0.         0.         0.34110993 0.         0.3300238 ]
 [0.32989997 0.         0.         0.34120283 0.         0.32889724]
 [0.32937613 0.         0.         0.34073696 0.         0.32988685]
 [0.31304646 0.         0.         0.34129912 0.         0.34565446]
 [0.33739993 0.         0.         0.32444307 0.33815697 0.        ]
 [0.315161   0.         0.         0.34001726 0.         0.34482172]
 [0.3332125  0.         0.         0.3310525  0.33573496 0.        ]
 [0.304316   0.         0.         0.33935136 0.         0.35633266]
 [0.3032669  0.         0.         0.33855325 0.         0.35817987]
 [0.33017448 0.         0.         0.33869487 0.33113062 0.        ]
 [0.33058414 0.         0.         0.33815616 0.3312597  0.        ]
 [0.33015656 0.         0.         0.33590752 0.33393598 0.        ]
 [0.32227206 0.         0.         0.34292787 0.         0.3348001 ]
 [0.3231282  0.         0.         0.34260523 0.         0.33426654]
 [0.32599273 0.         0.         0.34242347 0.         0.3315838 ]
 [0.30865026 0.         0.         0.34136087 0.         0.34998885]
 [0.34481832 0.         0.33212176 0.32305986 0.         0.        ]
 [0.34981912 0.         0.31870413 0.33147678 0.         0.        ]
 [0.34525952 0.         0.32591516 0.32882538 0.         0.        ]
 [0.34984475 0.         0.31064042 0.33951485 0.         0.        ]
 [0.35136765 0.         0.3178057  0.33082667 0.         0.        ]
 [0.3464624  0.         0.32454792 0.32898968 0.         0.        ]
 [0.35018805 0.         0.31697047 0.33284155 0.         0.        ]
 [0.35002464 0.         0.31173134 0.33824396 0.         0.        ]
 [0.34686297 0.         0.3324804  0.3206567  0.         0.        ]
 [0.3549041  0.         0.31977448 0.32532138 0.         0.        ]
 [0.35419625 0.         0.3249192  0.32088453 0.         0.        ]
 [0.3523629  0.         0.32753247 0.3201046  0.         0.        ]
 [0.35430467 0.         0.32032147 0.32537392 0.         0.        ]
 [0.36162046 0.         0.2993388  0.33904073 0.         0.        ]
 [0.34943378 0.         0.33088857 0.3196777  0.         0.        ]
 [0.35304147 0.         0.3222405  0.32471806 0.         0.        ]]
13:23:30      Epoch:   0      Batch:   0      OuterStep: 1330      LossModel: 0.00008351     LossTerm2: 0.00000000      Time/Step(s): 2.5658Term3 quantities: 
 [[0.         0.3204461  0.36714938 0.         0.31240463 0.        ]
 [0.         0.3260744  0.35857898 0.         0.31534672 0.        ]
 [0.         0.3271841  0.3555416  0.         0.31727433 0.        ]
 [0.         0.32674342 0.3569906  0.         0.         0.316266  ]
 [0.         0.32649785 0.35499415 0.         0.         0.3185081 ]
 [0.         0.3270985  0.3483384  0.         0.32456312 0.        ]
 [0.         0.32772788 0.35097513 0.         0.         0.32129696]
 [0.         0.32769948 0.34594506 0.         0.         0.32635546]
 [0.         0.32814515 0.3436856  0.         0.         0.32816926]
 [0.         0.32938161 0.3380662  0.         0.         0.3325522 ]
 [0.         0.3296818  0.3407322  0.         0.         0.32958597]
 [0.         0.33064234 0.3364102  0.         0.         0.33294755]
 [0.         0.3297553  0.33283928 0.         0.         0.33740544]
 [0.         0.33127564 0.         0.         0.30377048 0.36495388]
 [0.         0.3327434  0.         0.         0.3169953  0.35026133]
 [0.         0.3321208  0.         0.         0.29902145 0.36885774]
 [0.         0.34322944 0.         0.         0.33634752 0.32042304]
 [0.         0.33982208 0.         0.         0.34431174 0.31586623]
 [0.         0.3325298  0.         0.         0.35347262 0.31399754]
 [0.313493   0.32821378 0.         0.         0.35829315 0.        ]
 [0.         0.34664404 0.         0.         0.33678165 0.31657436]
 [0.         0.34126788 0.         0.         0.34320313 0.315529  ]
 [0.31382942 0.33605054 0.         0.         0.35012004 0.        ]
 [0.3175904  0.32956582 0.         0.         0.35284385 0.        ]
 [0.31883582 0.3470155  0.         0.         0.33414876 0.        ]
 [0.32006514 0.34364393 0.         0.         0.336291   0.        ]
 [0.32122946 0.33816323 0.         0.         0.34060732 0.        ]
 [0.32177547 0.33214134 0.         0.         0.3460832  0.        ]
 [0.3215097  0.35166943 0.         0.         0.32682082 0.        ]
 [0.32423422 0.34201372 0.         0.         0.3337521  0.        ]
 [0.32799292 0.33374363 0.         0.         0.3382635  0.        ]
 [0.33123994 0.32583955 0.         0.         0.3429205  0.        ]
 [0.32933968 0.         0.         0.34124076 0.         0.32941952]
 [0.33028066 0.         0.         0.34131995 0.         0.32839936]
 [0.32979253 0.         0.         0.340833   0.         0.3293744 ]
 [0.31346443 0.         0.         0.3414963  0.         0.34503928]
 [0.33758733 0.         0.         0.3243431  0.33806956 0.        ]
 [0.31564987 0.         0.         0.3402507  0.         0.34409946]
 [0.33335954 0.         0.         0.3310501  0.3355904  0.        ]
 [0.3046829  0.         0.         0.339601   0.         0.35571608]
 [0.30367333 0.         0.         0.3388218  0.         0.35750487]
 [0.33021152 0.         0.         0.3385632  0.3312253  0.        ]
 [0.33064649 0.         0.         0.33803773 0.33131582 0.        ]
 [0.3302513  0.         0.         0.33581525 0.3339334  0.        ]
 [0.32277665 0.         0.         0.34311414 0.         0.33410928]
 [0.32362983 0.         0.         0.3427789  0.         0.33359137]
 [0.32648998 0.         0.         0.34258705 0.         0.33092296]
 [0.30912888 0.         0.         0.3416267  0.         0.34924442]
 [0.3450048  0.         0.33208337 0.32291186 0.         0.        ]
 [0.349974   0.         0.3186841  0.33134192 0.         0.        ]
 [0.34537658 0.         0.3259325  0.32869095 0.         0.        ]
 [0.34993094 0.         0.31062642 0.33944267 0.         0.        ]
 [0.35150737 0.         0.31780615 0.33068645 0.         0.        ]
 [0.34661824 0.         0.32452616 0.32885563 0.         0.        ]
 [0.35036254 0.         0.3168993  0.33273816 0.         0.        ]
 [0.35016704 0.         0.31161705 0.3382159  0.         0.        ]
 [0.34699434 0.         0.33247912 0.32052654 0.         0.        ]
 [0.35515472 0.         0.31968737 0.3251579  0.         0.        ]
 [0.35443154 0.         0.3248551  0.32071337 0.         0.        ]
 [0.3525684  0.         0.32749137 0.3199403  0.         0.        ]
 [0.3545414  0.         0.32027692 0.32518172 0.         0.        ]
 [0.36180735 0.         0.29928294 0.3389097  0.         0.        ]
 [0.34962258 0.         0.33086914 0.3195083  0.         0.        ]
 [0.35329106 0.         0.32217148 0.32453755 0.         0.        ]]
13:23:54      Epoch:   0      Batch:   0      OuterStep: 1340      LossModel: 0.00008071     LossTerm2: 0.00000000      Time/Step(s): 2.5471Term3 quantities: 
 [[0.         0.32043368 0.3671549  0.         0.31241152 0.        ]
 [0.         0.32603684 0.3586037  0.         0.31535953 0.        ]
 [0.         0.32716882 0.3555359  0.         0.3172952  0.        ]
 [0.         0.32676628 0.3571449  0.         0.         0.3160889 ]
 [0.         0.32659256 0.355087   0.         0.         0.31832042]
 [0.         0.32738417 0.3482115  0.         0.32440436 0.        ]
 [0.         0.3278234  0.35109422 0.         0.         0.32108232]
 [0.         0.3277659  0.3459885  0.         0.         0.32624552]
 [0.         0.3281965  0.34371874 0.         0.         0.32808486]
 [0.         0.32941005 0.33814418 0.         0.         0.33244577]
 [0.         0.329675   0.34078714 0.         0.         0.32953787]
 [0.         0.33074299 0.33643556 0.         0.         0.3328215 ]
 [0.         0.32978213 0.33285767 0.         0.         0.33736014]
 [0.         0.33131033 0.         0.         0.3037878  0.36490184]
 [0.         0.33271945 0.         0.         0.3170448  0.35023576]
 [0.         0.33217275 0.         0.         0.29904854 0.36877865]
 [0.         0.34336296 0.         0.         0.33639792 0.32023916]
 [0.         0.3398685  0.         0.         0.34435737 0.31577417]
 [0.         0.33259022 0.         0.         0.35341728 0.31399247]
 [0.31344137 0.32824904 0.         0.         0.3583096  0.        ]
 [0.         0.34669918 0.         0.         0.33682314 0.31647784]
 [0.         0.34127966 0.         0.         0.3432719  0.3154485 ]
 [0.31363732 0.33631015 0.         0.         0.3500525  0.        ]
 [0.31768864 0.32965684 0.         0.         0.35265452 0.        ]
 [0.31887627 0.34702918 0.         0.         0.33409458 0.        ]
 [0.32014233 0.34358132 0.         0.         0.33627632 0.        ]
 [0.32125166 0.33813977 0.         0.         0.34060857 0.        ]
 [0.32180563 0.33212122 0.         0.         0.34607315 0.        ]
 [0.32157135 0.3516077  0.         0.         0.32682097 0.        ]
 [0.32431057 0.34198546 0.         0.         0.33370394 0.        ]
 [0.32808295 0.3336814  0.         0.         0.33823568 0.        ]
 [0.33132553 0.32582054 0.         0.         0.34285393 0.        ]
 [0.32976598 0.         0.         0.3413407  0.         0.32889333]
 [0.3307018  0.         0.         0.3414404  0.         0.32785776]
 [0.33027261 0.         0.         0.34093416 0.         0.3287932 ]
 [0.3140165  0.         0.         0.3417397  0.         0.3442438 ]
 [0.3377984  0.         0.         0.32434446 0.33785713 0.        ]
 [0.31620258 0.         0.         0.34048522 0.         0.34331217]
 [0.33351895 0.         0.         0.33110756 0.3353735  0.        ]
 [0.30522287 0.         0.         0.33994094 0.         0.3548362 ]
 [0.30425453 0.         0.         0.33917984 0.         0.3565656 ]
 [0.3303492  0.         0.         0.33860078 0.33105    0.        ]
 [0.330776   0.         0.         0.3380639  0.33116007 0.        ]
 [0.33041137 0.         0.         0.33576807 0.33382052 0.        ]
 [0.3233112  0.         0.         0.34329456 0.         0.3333942 ]
 [0.32419646 0.         0.         0.34297207 0.         0.33283144]
 [0.32703203 0.         0.         0.34277308 0.         0.33019492]
 [0.3097655  0.         0.         0.34197542 0.         0.34825912]
 [0.3451702  0.         0.3320269  0.3228029  0.         0.        ]
 [0.3501278  0.         0.31861126 0.33126098 0.         0.        ]
 [0.3455113  0.         0.32588163 0.32860714 0.         0.        ]
 [0.3499989  0.         0.3105629  0.33943826 0.         0.        ]
 [0.35164222 0.         0.31775555 0.3306022  0.         0.        ]
 [0.34678763 0.         0.32444304 0.3287694  0.         0.        ]
 [0.35048366 0.         0.31697288 0.3325435  0.         0.        ]
 [0.3504     0.         0.3114684  0.33813164 0.         0.        ]
 [0.34713316 0.         0.33242002 0.32044682 0.         0.        ]
 [0.3553384  0.         0.31961158 0.32504997 0.         0.        ]
 [0.35464635 0.         0.32475725 0.32059634 0.         0.        ]
 [0.35276657 0.         0.3274001  0.3198334  0.         0.        ]
 [0.35472345 0.         0.3202017  0.32507488 0.         0.        ]
 [0.3620493  0.         0.29910883 0.33884183 0.         0.        ]
 [0.34980637 0.         0.33078927 0.3194044  0.         0.        ]
 [0.35349563 0.         0.32210386 0.32440048 0.         0.        ]]
13:24:18      Epoch:   0      Batch:   0      OuterStep: 1350      LossModel: 0.00008231     LossTerm2: 0.00000000      Time/Step(s): 2.4175Term3 quantities: 
 [[0.         0.3204253  0.36720228 0.         0.31237245 0.        ]
 [0.         0.32607615 0.35857356 0.         0.31535026 0.        ]
 [0.         0.32716215 0.35554877 0.         0.31728905 0.        ]
 [0.         0.32658112 0.35729384 0.         0.         0.31612507]
 [0.         0.326523   0.35522392 0.         0.         0.3182531 ]
 [0.         0.32759383 0.3480413  0.         0.32436496 0.        ]
 [0.         0.32781407 0.35122213 0.         0.         0.3209639 ]
 [0.         0.327773   0.34608606 0.         0.         0.32614097]
 [0.         0.32854065 0.34363452 0.         0.         0.32782486]
 [0.         0.32946786 0.33818802 0.         0.         0.33234414]
 [0.         0.32969055 0.3408425  0.         0.         0.32946694]
 [0.         0.33065113 0.33648595 0.         0.         0.3328629 ]
 [0.         0.32987192 0.33282614 0.         0.         0.33730197]
 [0.         0.3313091  0.         0.         0.3038174  0.36487353]
 [0.         0.33270845 0.         0.         0.31706944 0.3502221 ]
 [0.         0.3321984  0.         0.         0.29906353 0.36873806]
 [0.         0.34346518 0.         0.         0.3363453  0.32018954]
 [0.         0.3398755  0.         0.         0.3444191  0.31570545]
 [0.         0.33261755 0.         0.         0.35350394 0.31387854]
 [0.31346014 0.3281903  0.         0.         0.3583495  0.        ]
 [0.         0.34669986 0.         0.         0.33690104 0.31639913]
 [0.         0.34124422 0.         0.         0.34338522 0.31537056]
 [0.3134391  0.33654618 0.         0.         0.35001478 0.        ]
 [0.31775653 0.32981625 0.         0.         0.3524272  0.        ]
 [0.318916   0.34701836 0.         0.         0.33406562 0.        ]
 [0.32018268 0.3435806  0.         0.         0.33623675 0.        ]
 [0.32124645 0.33809796 0.         0.         0.34065557 0.        ]
 [0.32180396 0.33211643 0.         0.         0.34607965 0.        ]
 [0.3216435  0.35154358 0.         0.         0.3268129  0.        ]
 [0.32438445 0.3419148  0.         0.         0.33370075 0.        ]
 [0.32812476 0.33369294 0.         0.         0.33818227 0.        ]
 [0.3313727  0.32579085 0.         0.         0.34283644 0.        ]
 [0.32973096 0.         0.         0.34128472 0.         0.3289843 ]
 [0.3307943  0.         0.         0.3414397  0.         0.32776597]
 [0.33028463 0.         0.         0.34089655 0.         0.3288188 ]
 [0.31425995 0.         0.         0.34182674 0.         0.34391332]
 [0.33794248 0.         0.         0.32432967 0.33772787 0.        ]
 [0.31642768 0.         0.         0.34056944 0.         0.34300292]
 [0.33360943 0.         0.         0.33114105 0.33524957 0.        ]
 [0.3055533  0.         0.         0.34011322 0.         0.35433352]
 [0.30458564 0.         0.         0.33934632 0.         0.35606802]
 [0.33047414 0.         0.         0.3385186  0.33100733 0.        ]
 [0.33088887 0.         0.         0.33802378 0.33108735 0.        ]
 [0.33056024 0.         0.         0.33574602 0.33369374 0.        ]
 [0.3235025  0.         0.         0.34334928 0.         0.33314824]
 [0.3243386  0.         0.         0.34299162 0.         0.3326698 ]
 [0.3271712  0.         0.         0.34277573 0.         0.3300531 ]
 [0.31007823 0.         0.         0.34211004 0.         0.34781173]
 [0.34520423 0.         0.33207145 0.32272434 0.         0.        ]
 [0.35015562 0.         0.31865105 0.3311933  0.         0.        ]
 [0.34555286 0.         0.3259122  0.32853496 0.         0.        ]
 [0.3499972  0.         0.3105848  0.33941805 0.         0.        ]
 [0.35167935 0.         0.31780055 0.33052006 0.         0.        ]
 [0.3468046  0.         0.32450137 0.32869402 0.         0.        ]
 [0.3505292  0.         0.3169697  0.33250117 0.         0.        ]
 [0.35050023 0.         0.31129906 0.33820075 0.         0.        ]
 [0.34717354 0.         0.33244836 0.32037818 0.         0.        ]
 [0.35538563 0.         0.31963798 0.32497638 0.         0.        ]
 [0.35471845 0.         0.3247675  0.32051408 0.         0.        ]
 [0.352838   0.         0.3274094  0.31975257 0.         0.        ]
 [0.35475326 0.         0.3202577  0.3249891  0.         0.        ]
 [0.36224103 0.         0.2989068  0.33885217 0.         0.        ]
 [0.34988528 0.         0.33078617 0.31932858 0.         0.        ]
 [0.35358384 0.         0.32209584 0.32432032 0.         0.        ]]
        Validation Criterion: 0.00040724
        Saving best model so far ...
13:24:43      Epoch:   0      Batch:   0      OuterStep: 1360      LossModel: 0.00008142     LossTerm2: 0.00000000      Time/Step(s): 2.8237Term3 quantities: 
 [[0.         0.32043684 0.36722687 0.         0.31233633 0.        ]
 [0.         0.32610622 0.35860968 0.         0.31528416 0.        ]
 [0.         0.32716653 0.35559037 0.         0.31724307 0.        ]
 [0.         0.32661107 0.3573305  0.         0.         0.31605843]
 [0.         0.32659537 0.35521945 0.         0.         0.3181852 ]
 [0.         0.3276996  0.3479112  0.         0.32438916 0.        ]
 [0.         0.3277906  0.35129592 0.         0.         0.32091346]
 [0.         0.32787254 0.34604084 0.         0.         0.32608664]
 [0.         0.32851493 0.34362042 0.         0.         0.32786465]
 [0.         0.32956246 0.3381836  0.         0.         0.33225384]
 [0.         0.32985047 0.34080243 0.         0.         0.32934704]
 [0.         0.33065024 0.33647224 0.         0.         0.33287758]
 [0.         0.3300453  0.33274728 0.         0.         0.3372074 ]
 [0.         0.33128604 0.         0.         0.30382934 0.36488467]
 [0.         0.33272865 0.         0.         0.3170755  0.35019588]
 [0.         0.3321956  0.         0.         0.29907817 0.36872625]
 [0.         0.34352884 0.         0.         0.33634004 0.32013112]
 [0.         0.33986437 0.         0.         0.34446806 0.31566757]
 [0.         0.3325992  0.         0.         0.35345307 0.31394777]
 [0.31345335 0.32815793 0.         0.         0.35838863 0.        ]
 [0.         0.3466552  0.         0.         0.3369369  0.31640798]
 [0.         0.34118617 0.         0.         0.34345737 0.3153565 ]
 [0.         0.33666697 0.         0.         0.34975368 0.31357938]
 [0.31768867 0.3299641  0.         0.         0.35234722 0.        ]
 [0.31890032 0.34700486 0.         0.         0.33409476 0.        ]
 [0.32014734 0.34354758 0.         0.         0.3363051  0.        ]
 [0.3212745  0.3380264  0.         0.         0.34069914 0.        ]
 [0.32175604 0.33211723 0.         0.         0.34612674 0.        ]
 [0.32169628 0.35150453 0.         0.         0.3267992  0.        ]
 [0.32435545 0.34189805 0.         0.         0.33374652 0.        ]
 [0.32810912 0.33366767 0.         0.         0.33822328 0.        ]
 [0.33136132 0.32575315 0.         0.         0.34288555 0.        ]
 [0.32943922 0.         0.         0.341103   0.         0.3294578 ]
 [0.3304909  0.         0.         0.34127071 0.         0.32823843]
 [0.33000377 0.         0.         0.3407151  0.         0.32928112]
 [0.31399888 0.         0.         0.34166214 0.         0.34433895]
 [0.33800104 0.         0.         0.32427025 0.33772868 0.        ]
 [0.31611672 0.         0.         0.3403864  0.         0.34349698]
 [0.3336183  0.         0.         0.33111626 0.33526537 0.        ]
 [0.30546772 0.         0.         0.3400519  0.         0.3544804 ]
 [0.30447233 0.         0.         0.33926868 0.         0.356259  ]
 [0.33049515 0.         0.         0.3384606  0.3310443  0.        ]
 [0.33093253 0.         0.         0.33797914 0.33108836 0.        ]
 [0.3306146  0.         0.         0.33568847 0.3336969  0.        ]
 [0.3231437  0.         0.         0.3431303  0.         0.33372605]
 [0.32397982 0.         0.         0.34277508 0.         0.3332451 ]
 [0.32689282 0.         0.         0.34260434 0.         0.33050284]
 [0.3098924  0.         0.         0.3419941  0.         0.34811357]
 [0.34511614 0.         0.3322164  0.32266745 0.         0.        ]
 [0.35007656 0.         0.3187828  0.33114067 0.         0.        ]
 [0.3454802  0.         0.32602862 0.32849124 0.         0.        ]
 [0.34986418 0.         0.31067222 0.33946356 0.         0.        ]
 [0.35163927 0.         0.3178674  0.3304933  0.         0.        ]
 [0.34670186 0.         0.32465938 0.32863876 0.         0.        ]
 [0.35040823 0.         0.3172238  0.332368   0.         0.        ]
 [0.3502854  0.         0.3116103  0.33810434 0.         0.        ]
 [0.3471265  0.         0.33253852 0.32033494 0.         0.        ]
 [0.35535005 0.         0.31971404 0.32493585 0.         0.        ]
 [0.3546547  0.         0.32488158 0.3204637  0.         0.        ]
 [0.3527924  0.         0.32750332 0.3197043  0.         0.        ]
 [0.35469657 0.         0.32035586 0.3249475  0.         0.        ]
 [0.3621754  0.         0.2989007  0.338924   0.         0.        ]
 [0.3498511  0.         0.33087105 0.31927782 0.         0.        ]
 [0.35353312 0.         0.3221883  0.3242786  0.         0.        ]]
13:25:08      Epoch:   0      Batch:   0      OuterStep: 1370      LossModel: 0.00008343     LossTerm2: 0.00000000      Time/Step(s): 2.3987Term3 quantities: 
 [[0.         0.32044137 0.3672347  0.         0.31232393 0.        ]
 [0.         0.3261509  0.35857847 0.         0.31527063 0.        ]
 [0.         0.32716542 0.35560465 0.         0.31722987 0.        ]
 [0.         0.32672235 0.35730064 0.         0.         0.31597695]
 [0.         0.32662737 0.35516518 0.         0.         0.31820747]
 [0.         0.3278583  0.34770665 0.         0.32443503 0.        ]
 [0.         0.3279254  0.35126197 0.         0.         0.32081255]
 [0.         0.3278632  0.34597445 0.         0.         0.32616234]
 [0.         0.3283229  0.34363684 0.         0.         0.32804036]
 [0.         0.32952037 0.3381452  0.         0.         0.3323344 ]
 [0.         0.32986495 0.34072542 0.         0.         0.32940966]
 [0.         0.33077925 0.3363432  0.         0.         0.3328776 ]
 [0.         0.3300002  0.33267227 0.         0.         0.3373275 ]
 [0.         0.33125648 0.         0.         0.30376813 0.36497542]
 [0.         0.3327709  0.         0.         0.31706443 0.35016465]
 [0.         0.33218616 0.         0.         0.29901662 0.36879727]
 [0.         0.34357855 0.         0.         0.33625615 0.3201653 ]
 [0.         0.33983725 0.         0.         0.34449285 0.31566983]
 [0.         0.33255643 0.         0.         0.3534992  0.31394443]
 [0.31342646 0.32815608 0.         0.         0.35841742 0.        ]
 [0.         0.34659746 0.         0.         0.33698753 0.31641498]
 [0.         0.34113473 0.         0.         0.3434768  0.31538853]
 [0.         0.33647454 0.         0.         0.34990472 0.31362072]
 [0.31753004 0.32991815 0.         0.         0.35255182 0.        ]
 [0.31882975 0.34707534 0.         0.         0.334095   0.        ]
 [0.32006556 0.34350866 0.         0.         0.3364258  0.        ]
 [0.32121885 0.33812508 0.         0.         0.34065613 0.        ]
 [0.32164982 0.33219105 0.         0.         0.34615907 0.        ]
 [0.32165712 0.3515358  0.         0.         0.32680708 0.        ]
 [0.32422915 0.34198374 0.         0.         0.33378714 0.        ]
 [0.3279948  0.33373457 0.         0.         0.33827066 0.        ]
 [0.33125135 0.32581306 0.         0.         0.34293553 0.        ]
 [0.32906908 0.         0.         0.3409838  0.         0.32994714]
 [0.33007863 0.         0.         0.34109262 0.         0.32882875]
 [0.32968867 0.         0.         0.3406294  0.         0.3296819 ]
 [0.31329286 0.         0.         0.34133306 0.         0.3453741 ]
 [0.33796898 0.         0.         0.324169   0.33786204 0.        ]
 [0.31544366 0.         0.         0.3400886  0.         0.3444677 ]
 [0.33350474 0.         0.         0.33097923 0.33551607 0.        ]
 [0.30482697 0.         0.         0.33971176 0.         0.35546124]
 [0.30377793 0.         0.         0.33889395 0.         0.35732815]
 [0.3303719  0.         0.         0.33839256 0.3312356  0.        ]
 [0.33087412 0.         0.         0.3379299  0.33119604 0.        ]
 [0.33054265 0.         0.         0.33559763 0.3338597  0.        ]
 [0.32255438 0.         0.         0.34288776 0.         0.3345578 ]
 [0.32342708 0.         0.         0.34255105 0.         0.33402187]
 [0.32637748 0.         0.         0.34235057 0.         0.33127195]
 [0.309121   0.         0.         0.34159172 0.         0.34928727]
 [0.34491867 0.         0.33239424 0.32268718 0.         0.        ]
 [0.34993124 0.         0.31889567 0.33117315 0.         0.        ]
 [0.34530064 0.         0.32619897 0.3285004  0.         0.        ]
 [0.34964693 0.         0.31086308 0.33948997 0.         0.        ]
 [0.3514671  0.         0.31802344 0.33050948 0.         0.        ]
 [0.346502   0.         0.32484576 0.32865214 0.         0.        ]
 [0.35014993 0.         0.31746486 0.33238527 0.         0.        ]
 [0.35017592 0.         0.31154978 0.3382743  0.         0.        ]
 [0.34698862 0.         0.33266094 0.32035047 0.         0.        ]
 [0.35521483 0.         0.3198049  0.32498023 0.         0.        ]
 [0.35444665 0.         0.32506865 0.3204847  0.         0.        ]
 [0.35260814 0.         0.32767293 0.319719   0.         0.        ]
 [0.3545073  0.         0.32049462 0.32499802 0.         0.        ]
 [0.3620242  0.         0.29904085 0.33893493 0.         0.        ]
 [0.34969038 0.         0.33101204 0.31929752 0.         0.        ]
 [0.3533333  0.         0.32235506 0.3243116  0.         0.        ]]
13:25:32      Epoch:   0      Batch:   0      OuterStep: 1380      LossModel: 0.00007998     LossTerm2: 0.00000000      Time/Step(s): 2.3422Term3 quantities: 
 [[0.         0.3204474  0.36723718 0.         0.3123154  0.        ]
 [0.         0.32616726 0.35858905 0.         0.3152437  0.        ]
 [0.         0.32713917 0.3556578  0.         0.31720304 0.        ]
 [0.         0.32682204 0.3571405  0.         0.         0.31603754]
 [0.         0.32655516 0.35514265 0.         0.         0.31830218]
 [0.         0.32792312 0.3476321  0.         0.32444477 0.        ]
 [0.         0.32792434 0.35125804 0.         0.         0.32081762]
 [0.         0.32774353 0.34596133 0.         0.         0.3262952 ]
 [0.         0.32829198 0.34361172 0.         0.         0.32809633]
 [0.         0.3295565  0.33811677 0.         0.         0.33232668]
 [0.         0.32988402 0.3406555  0.         0.         0.32946038]
 [0.         0.3308861  0.3362373  0.         0.         0.33287668]
 [0.         0.33003864 0.33259448 0.         0.         0.33736682]
 [0.         0.331201   0.         0.         0.30373955 0.36505947]
 [0.         0.33279535 0.         0.         0.31707105 0.3501336 ]
 [0.         0.3321496  0.         0.         0.29898012 0.36887032]
 [0.         0.3436196  0.         0.         0.33614847 0.320232  ]
 [0.         0.3398097  0.         0.         0.34445155 0.3157387 ]
 [0.         0.3325226  0.         0.         0.3534675  0.31400988]
 [0.3134042  0.3281747  0.         0.         0.35842118 0.        ]
 [0.         0.34653762 0.         0.         0.336953   0.31650946]
 [0.         0.34108716 0.         0.         0.343458   0.31545478]
 [0.         0.33621982 0.         0.         0.3499169  0.31386334]
 [0.3174575  0.32972676 0.         0.         0.35281575 0.        ]
 [0.3187754  0.34711558 0.         0.         0.334109   0.        ]
 [0.32004398 0.34352723 0.         0.         0.33642876 0.        ]
 [0.3211329  0.3381609  0.         0.         0.34070617 0.        ]
 [0.32157892 0.33225122 0.         0.         0.34616992 0.        ]
 [0.32163075 0.3515682  0.         0.         0.32680106 0.        ]
 [0.32418528 0.342023   0.         0.         0.33379173 0.        ]
 [0.3279585  0.33378622 0.         0.         0.33825523 0.        ]
 [0.33119255 0.32584497 0.         0.         0.34296247 0.        ]
 [0.32904318 0.         0.         0.34098816 0.         0.3299687 ]
 [0.330083   0.         0.         0.3411074  0.         0.32880953]
 [0.3296974  0.         0.         0.34064487 0.         0.3296577 ]
 [0.31287184 0.         0.         0.34116074 0.         0.34596747]
 [0.33792174 0.         0.         0.32399976 0.33807844 0.        ]
 [0.31506786 0.         0.         0.3399352  0.         0.34499693]
 [0.33339274 0.         0.         0.33084056 0.3357667  0.        ]
 [0.30417222 0.         0.         0.339393   0.         0.3564348 ]
 [0.30311862 0.         0.         0.3385666  0.         0.35831472]
 [0.330243   0.         0.         0.33834618 0.33141086 0.        ]
 [0.33074093 0.         0.         0.33787835 0.3313807  0.        ]
 [0.33042803 0.         0.         0.33550546 0.33406648 0.        ]
 [0.32230747 0.         0.         0.3427945  0.         0.33489805]
 [0.3232336  0.         0.         0.34247753 0.         0.33428887]
 [0.3262384  0.         0.         0.34229535 0.         0.33146626]
 [0.3084778  0.         0.         0.3412909  0.         0.35023138]
 [0.34483537 0.         0.3323974  0.3227672  0.         0.        ]
 [0.3498472  0.         0.31891686 0.331236   0.         0.        ]
 [0.3452155  0.         0.3262315  0.32855305 0.         0.        ]
 [0.34967384 0.         0.3107405  0.33958563 0.         0.        ]
 [0.3513748  0.         0.31805187 0.33057335 0.         0.        ]
 [0.34641996 0.         0.32487237 0.3287077  0.         0.        ]
 [0.35008943 0.         0.31756896 0.33234164 0.         0.        ]
 [0.35001072 0.         0.31154117 0.33844814 0.         0.        ]
 [0.3469079  0.         0.33268797 0.32040414 0.         0.        ]
 [0.35508832 0.         0.31983942 0.32507223 0.         0.        ]
 [0.35432413 0.         0.32511252 0.32056335 0.         0.        ]
 [0.35248643 0.         0.32772842 0.31978512 0.         0.        ]
 [0.3543887  0.         0.32055092 0.32506037 0.         0.        ]
 [0.3619478  0.         0.29885116 0.33920106 0.         0.        ]
 [0.34957242 0.         0.3310661  0.31936142 0.         0.        ]
 [0.35320085 0.         0.32240137 0.3243977  0.         0.        ]]
13:25:57      Epoch:   0      Batch:   0      OuterStep: 1390      LossModel: 0.00008017     LossTerm2: 0.00000000      Time/Step(s): 2.4002Term3 quantities: 
 [[0.         0.32044908 0.36725006 0.         0.3123008  0.        ]
 [0.         0.3262014  0.3585468  0.         0.3152518  0.        ]
 [0.         0.3271718  0.3555746  0.         0.3172536  0.        ]
 [0.         0.32663628 0.3572299  0.         0.         0.31613377]
 [0.         0.3265501  0.3551467  0.         0.         0.31830317]
 [0.         0.32803747 0.34749725 0.         0.32446525 0.        ]
 [0.         0.32788453 0.35129258 0.         0.         0.32082292]
 [0.         0.32800323 0.34581998 0.         0.         0.32617685]
 [0.         0.32851887 0.34348875 0.         0.         0.3279924 ]
 [0.         0.32950786 0.33810696 0.         0.         0.33238515]
 [0.         0.32974365 0.34064928 0.         0.         0.329607  ]
 [0.         0.33091086 0.33616814 0.         0.         0.33292097]
 [0.         0.32999742 0.33254454 0.         0.         0.337458  ]
 [0.         0.33114418 0.         0.         0.30374292 0.36511293]
 [0.         0.33281073 0.         0.         0.31705323 0.35013607]
 [0.         0.3321088  0.         0.         0.29896408 0.36892712]
 [0.         0.34370482 0.         0.         0.33606988 0.32022536]
 [0.         0.33980846 0.         0.         0.34447926 0.3157123 ]
 [0.         0.33252943 0.         0.         0.3533852  0.31408536]
 [0.31341943 0.32818246 0.         0.         0.35839808 0.        ]
 [0.         0.3465216  0.         0.         0.33693007 0.31654835]
 [0.         0.34109253 0.         0.         0.3434461  0.31546134]
 [0.         0.33604223 0.         0.         0.3500766  0.3138812 ]
 [0.31736952 0.32963595 0.         0.         0.35299456 0.        ]
 [0.3187612  0.3471043  0.         0.         0.3341345  0.        ]
 [0.3200983  0.343577   0.         0.         0.33632475 0.        ]
 [0.32113647 0.33816803 0.         0.         0.3406955  0.        ]
 [0.32157832 0.33229607 0.         0.         0.34612557 0.        ]
 [0.32167003 0.351602   0.         0.         0.326728   0.        ]
 [0.32422912 0.34199792 0.         0.         0.33377296 0.        ]
 [0.32798818 0.3338273  0.         0.         0.33818448 0.        ]
 [0.33120558 0.32587162 0.         0.         0.3429228  0.        ]
 [0.32900283 0.         0.         0.34100267 0.         0.32999447]
 [0.33008948 0.         0.         0.34112507 0.         0.32878545]
 [0.32964125 0.         0.         0.34065053 0.         0.32970822]
 [0.31281322 0.         0.         0.3411484  0.         0.34603843]
 [0.3379198  0.         0.         0.32387507 0.33820516 0.        ]
 [0.3150413  0.         0.         0.33994448 0.         0.34501418]
 [0.33336565 0.         0.         0.33083025 0.3358041  0.        ]
 [0.30379814 0.         0.         0.33924875 0.         0.35695314]
 [0.30276376 0.         0.         0.33842444 0.         0.3588118 ]
 [0.3302048  0.         0.         0.3383588  0.3314364  0.        ]
 [0.3306725  0.         0.         0.3378778  0.33144972 0.        ]
 [0.33037296 0.         0.         0.33546406 0.334163   0.        ]
 [0.32232413 0.         0.         0.34282482 0.         0.33485103]
 [0.3232634  0.         0.         0.3425126  0.         0.33422402]
 [0.32628134 0.         0.         0.34231967 0.         0.3313989 ]
 [0.3082128  0.         0.         0.34119877 0.         0.3505885 ]
 [0.3448507  0.         0.3322981  0.32285127 0.         0.        ]
 [0.34983855 0.         0.31885338 0.3313081  0.         0.        ]
 [0.34521458 0.         0.32617232 0.3286131  0.         0.        ]
 [0.3497047  0.         0.3105116  0.33978367 0.         0.        ]
 [0.35136858 0.         0.31798422 0.3306472  0.         0.        ]
 [0.34644213 0.         0.3247804  0.32877746 0.         0.        ]
 [0.35017458 0.         0.31741568 0.3324097  0.         0.        ]
 [0.34999877 0.         0.3114658  0.3385354  0.         0.        ]
 [0.3468935  0.         0.33264378 0.32046276 0.         0.        ]
 [0.3550424  0.         0.31978583 0.32517183 0.         0.        ]
 [0.35431108 0.         0.32503963 0.32064927 0.         0.        ]
 [0.35246527 0.         0.32766822 0.3198665  0.         0.        ]
 [0.35440668 0.         0.32042673 0.32516652 0.         0.        ]
 [0.36186293 0.         0.29885688 0.33928016 0.         0.        ]
 [0.34953457 0.         0.33102453 0.31944093 0.         0.        ]
 [0.35315847 0.         0.32234484 0.3244967  0.         0.        ]]
13:26:21      Epoch:   0      Batch:   0      OuterStep: 1400      LossModel: 0.00008319     LossTerm2: 0.00000000      Time/Step(s): 2.4365Term3 quantities: 
 [[0.         0.32044458 0.36728418 0.         0.3122713  0.        ]
 [0.         0.32620338 0.35859185 0.         0.31520474 0.        ]
 [0.         0.32715535 0.3556116  0.         0.31723306 0.        ]
 [0.         0.32664785 0.3572768  0.         0.         0.3160754 ]
 [0.         0.32664743 0.35514233 0.         0.         0.31821027]
 [0.         0.32815233 0.34743863 0.         0.32440907 0.        ]
 [0.         0.3278342  0.35136464 0.         0.         0.32080117]
 [0.         0.32797942 0.3458276  0.         0.         0.32619298]
 [0.         0.32863754 0.34343076 0.         0.         0.32793173]
 [0.         0.3295419  0.33810857 0.         0.         0.33234954]
 [0.         0.329801   0.34064355 0.         0.         0.32955542]
 [0.         0.3308518  0.33616573 0.         0.         0.33298248]
 [0.         0.33001456 0.33250493 0.         0.         0.3374806 ]
 [0.         0.33110544 0.         0.         0.30372983 0.36516467]
 [0.         0.33283398 0.         0.         0.31703892 0.35012716]
 [0.         0.33211085 0.         0.         0.29895115 0.368938  ]
 [0.         0.3437932  0.         0.         0.33597466 0.32023218]
 [0.         0.3398128  0.         0.         0.34447652 0.3157107 ]
 [0.         0.3325704  0.         0.         0.35340184 0.3140278 ]
 [0.31344482 0.3281836  0.         0.         0.35837162 0.        ]
 [0.         0.34651908 0.         0.         0.336955   0.3165259 ]
 [0.         0.3411047  0.         0.         0.34342068 0.3154746 ]
 [0.         0.33589703 0.         0.         0.35013556 0.3139675 ]
 [0.3174226  0.3294417  0.         0.         0.3531357  0.        ]
 [0.31878275 0.34709367 0.         0.         0.33412364 0.        ]
 [0.32010368 0.3436064  0.         0.         0.33628994 0.        ]
 [0.3211778  0.33816016 0.         0.         0.34066203 0.        ]
 [0.32159305 0.33228934 0.         0.         0.34611768 0.        ]
 [0.32170194 0.35163343 0.         0.         0.3266646  0.        ]
 [0.32428318 0.34192303 0.         0.         0.33379376 0.        ]
 [0.32799098 0.3338151  0.         0.         0.33819386 0.        ]
 [0.33126053 0.3258312  0.         0.         0.3429083  0.        ]
 [0.32893896 0.         0.         0.34099677 0.         0.3300643 ]
 [0.32999548 0.         0.         0.34110618 0.         0.3288983 ]
 [0.3296189  0.         0.         0.3406558  0.         0.32972533]
 [0.3128706  0.         0.         0.3412228  0.         0.34590665]
 [0.33796996 0.         0.         0.3238549  0.3381752  0.        ]
 [0.31513482 0.         0.         0.3400299  0.         0.34483528]
 [0.33335808 0.         0.         0.33084723 0.33579463 0.        ]
 [0.30366084 0.         0.         0.3392378  0.         0.35710144]
 [0.30267075 0.         0.         0.3384407  0.         0.3588886 ]
 [0.330252   0.         0.         0.33837005 0.33137798 0.        ]
 [0.33069155 0.         0.         0.33788595 0.33142254 0.        ]
 [0.3304261  0.         0.         0.33546162 0.3341123  0.        ]
 [0.3223429  0.         0.         0.3428698  0.         0.33478734]
 [0.32324874 0.         0.         0.34253478 0.         0.33421654]
 [0.32627398 0.         0.         0.34233427 0.         0.33139178]
 [0.3082243  0.         0.         0.3412593  0.         0.35051638]
 [0.34488112 0.         0.33220714 0.3229118  0.         0.        ]
 [0.34984773 0.         0.31879157 0.3313607  0.         0.        ]
 [0.345226   0.         0.3261199  0.32865417 0.         0.        ]
 [0.34956697 0.         0.3105096  0.33992347 0.         0.        ]
 [0.3513844  0.         0.3179275  0.33068818 0.         0.        ]
 [0.34646466 0.         0.3247126  0.32882273 0.         0.        ]
 [0.35017338 0.         0.31736133 0.33246532 0.         0.        ]
 [0.35016432 0.         0.31114605 0.33868968 0.         0.        ]
 [0.3469071  0.         0.33258602 0.32050684 0.         0.        ]
 [0.355056   0.         0.31969953 0.3252445  0.         0.        ]
 [0.35433507 0.         0.32495683 0.32070813 0.         0.        ]
 [0.35247636 0.         0.32760787 0.31991574 0.         0.        ]
 [0.35443768 0.         0.32032952 0.3252327  0.         0.        ]
 [0.36190352 0.         0.2986683  0.3394282  0.         0.        ]
 [0.34953174 0.         0.33097416 0.3194941  0.         0.        ]
 [0.3531568  0.         0.32228512 0.3245581  0.         0.        ]]
        Validation Criterion: 0.00039316
        Saving best model so far ...
13:26:45      Epoch:   0      Batch:   0      OuterStep: 1410      LossModel: 0.00008037     LossTerm2: 0.00000000      Time/Step(s): 2.2899Term3 quantities: 
 [[0.         0.32044888 0.36728758 0.         0.31226358 0.        ]
 [0.         0.3262171  0.3586037  0.         0.3151793  0.        ]
 [0.         0.32712007 0.35569972 0.         0.31718025 0.        ]
 [0.         0.3265911  0.35734102 0.         0.         0.3160679 ]
 [0.         0.32658395 0.35522792 0.         0.         0.31818807]
 [0.         0.32826886 0.34730917 0.         0.32442206 0.        ]
 [0.         0.32768196 0.3514711  0.         0.         0.3208469 ]
 [0.         0.3277731  0.34596226 0.         0.         0.3262646 ]
 [0.         0.32838854 0.3435451  0.         0.         0.3280664 ]
 [0.         0.3294787  0.3381612  0.         0.         0.33236006]
 [0.         0.32974836 0.34065756 0.         0.         0.32959402]
 [0.         0.3306679  0.33621177 0.         0.         0.3331203 ]
 [0.         0.330091   0.3324606  0.         0.         0.33744836]
 [0.         0.33106795 0.         0.         0.3037666  0.36516544]
 [0.         0.33284533 0.         0.         0.31704125 0.35011345]
 [0.         0.3321228  0.         0.         0.29892367 0.3689535 ]
 [0.         0.34388432 0.         0.         0.33594018 0.32017553]
 [0.         0.3398276  0.         0.         0.34449273 0.3156797 ]
 [0.         0.3326157  0.         0.         0.35330617 0.31407806]
 [0.31344953 0.3282101  0.         0.         0.35834035 0.        ]
 [0.         0.3465255  0.         0.         0.33695754 0.3165169 ]
 [0.         0.34111565 0.         0.         0.34345686 0.31542754]
 [0.         0.33579257 0.         0.         0.35025445 0.313953  ]
 [0.3174566  0.32934138 0.         0.         0.35320196 0.        ]
 [0.3188097  0.3470913  0.         0.         0.33409905 0.        ]
 [0.32015172 0.34353825 0.         0.         0.3363101  0.        ]
 [0.32121667 0.33818418 0.         0.         0.34059915 0.        ]
 [0.3216236  0.3323295  0.         0.         0.3460469  0.        ]
 [0.32171658 0.3515925  0.         0.         0.32669082 0.        ]
 [0.32439914 0.34189296 0.         0.         0.3337078  0.        ]
 [0.32805893 0.33381373 0.         0.         0.3381274  0.        ]
 [0.331317   0.32582438 0.         0.         0.34285855 0.        ]
 [0.32898617 0.         0.         0.34102684 0.         0.32998696]
 [0.33006653 0.         0.         0.34113565 0.         0.32879782]
 [0.32971546 0.         0.         0.34070033 0.         0.3295842 ]
 [0.31285506 0.         0.         0.3412411  0.         0.3459039 ]
 [0.33804238 0.         0.         0.3238653  0.3380924  0.        ]
 [0.31512874 0.         0.         0.34004945 0.         0.34482184]
 [0.33337086 0.         0.         0.3308571  0.33577204 0.        ]
 [0.30365077 0.         0.         0.33929417 0.         0.35705504]
 [0.3026579  0.         0.         0.33848214 0.         0.35885993]
 [0.33025306 0.         0.         0.33837655 0.3313705  0.        ]
 [0.3307555  0.         0.         0.3379018  0.33134273 0.        ]
 [0.33043888 0.         0.         0.33545434 0.33410677 0.        ]
 [0.32226002 0.         0.         0.3428481  0.         0.3348919 ]
 [0.32321087 0.         0.         0.34253106 0.         0.33425808]
 [0.32623288 0.         0.         0.34231818 0.         0.331449  ]
 [0.30825612 0.         0.         0.34131712 0.         0.35042682]
 [0.34488416 0.         0.33219063 0.32292518 0.         0.        ]
 [0.3498477  0.         0.3187918  0.3313605  0.         0.        ]
 [0.34521997 0.         0.32611755 0.32866246 0.         0.        ]
 [0.34946564 0.         0.3105467  0.33998773 0.         0.        ]
 [0.35140878 0.         0.31790763 0.33068365 0.         0.        ]
 [0.34646067 0.         0.3247075  0.32883185 0.         0.        ]
 [0.35004008 0.         0.3175195  0.3324405  0.         0.        ]
 [0.3500464  0.         0.31108332 0.33887023 0.         0.        ]
 [0.3469088  0.         0.33257926 0.320512   0.         0.        ]
 [0.35505885 0.         0.31966496 0.32527623 0.         0.        ]
 [0.35434425 0.         0.32493246 0.3207233  0.         0.        ]
 [0.35248446 0.         0.32758814 0.31992742 0.         0.        ]
 [0.3544312  0.         0.32029662 0.32527214 0.         0.        ]
 [0.36192772 0.         0.29851612 0.33955613 0.         0.        ]
 [0.34953174 0.         0.33095983 0.31950846 0.         0.        ]
 [0.35316005 0.         0.32226267 0.3245773  0.         0.        ]]
13:27:10      Epoch:   0      Batch:   0      OuterStep: 1420      LossModel: 0.00008349     LossTerm2: 0.00000000      Time/Step(s): 2.6028Term3 quantities: 
 [[0.         0.32041085 0.3673743  0.         0.31221488 0.        ]
 [0.         0.3261881  0.35866082 0.         0.31515107 0.        ]
 [0.         0.32711825 0.3556683  0.         0.31721342 0.        ]
 [0.         0.3265459  0.35745794 0.         0.         0.31599626]
 [0.         0.32643905 0.35537007 0.         0.         0.31819084]
 [0.         0.32826275 0.34731847 0.         0.32441878 0.        ]
 [0.         0.32764873 0.3515908  0.         0.         0.3207604 ]
 [0.         0.3277667  0.3459994  0.         0.         0.32623386]
 [0.         0.32842103 0.34359106 0.         0.         0.32798794]
 [0.         0.3294079  0.33823094 0.         0.         0.33236122]
 [0.         0.32974672 0.34072533 0.         0.         0.32952797]
 [0.         0.33077314 0.33621827 0.         0.         0.3330086 ]
 [0.         0.32998887 0.3324817  0.         0.         0.33752936]
 [0.         0.3310568  0.         0.         0.3037479  0.36519533]
 [0.         0.33279377 0.         0.         0.31709617 0.35011008]
 [0.         0.33211982 0.         0.         0.29893908 0.36894107]
 [0.         0.343981   0.         0.         0.33582604 0.320193  ]
 [0.         0.33983335 0.         0.         0.34448552 0.3156811 ]
 [0.         0.33265632 0.         0.         0.3533042  0.3140395 ]
 [0.31343862 0.32823998 0.         0.         0.3583214  0.        ]
 [0.         0.34665006 0.         0.         0.3373334  0.31601653]
 [0.31552416 0.340912   0.         0.         0.34356382 0.        ]
 [0.31394598 0.33571276 0.         0.         0.35034132 0.        ]
 [0.3174617  0.32930487 0.         0.         0.35323337 0.        ]
 [0.3188178  0.34715542 0.         0.         0.33402678 0.        ]
 [0.32016423 0.34362692 0.         0.         0.33620885 0.        ]
 [0.32122448 0.3381931  0.         0.         0.34058237 0.        ]
 [0.3216278  0.33235317 0.         0.         0.34601903 0.        ]
 [0.32171538 0.35159233 0.         0.         0.32669225 0.        ]
 [0.32445177 0.34185    0.         0.         0.3336982  0.        ]
 [0.32809308 0.3338429  0.         0.         0.33806407 0.        ]
 [0.33136714 0.3258207  0.         0.         0.3428121  0.        ]
 [0.32941785 0.         0.         0.3412126  0.         0.32936954]
 [0.33040687 0.         0.         0.34129307 0.         0.32830006]
 [0.33010104 0.         0.         0.34084886 0.         0.32905015]
 [0.31317434 0.         0.         0.34142697 0.         0.34539872]
 [0.33813527 0.         0.         0.32382977 0.33803496 0.        ]
 [0.31543592 0.         0.         0.34024018 0.         0.34432387]
 [0.33341455 0.         0.         0.33088195 0.33570343 0.        ]
 [0.3039025  0.         0.         0.33949432 0.         0.3566032 ]
 [0.30293512 0.         0.         0.3386923  0.         0.3583726 ]
 [0.3302738  0.         0.         0.3383726  0.3313536  0.        ]
 [0.3307761  0.         0.         0.33788753 0.33133638 0.        ]
 [0.33045012 0.         0.         0.33540538 0.33414447 0.        ]
 [0.3226247  0.         0.         0.34304085 0.         0.33433443]
 [0.32360008 0.         0.         0.3427242  0.         0.33367577]
 [0.3265605  0.         0.         0.34246987 0.         0.33096972]
 [0.30854997 0.         0.         0.34152377 0.         0.34992623]
 [0.34494463 0.         0.33213174 0.3229237  0.         0.        ]
 [0.3499218  0.         0.31868926 0.33138898 0.         0.        ]
 [0.34526995 0.         0.32606927 0.3286608  0.         0.        ]
 [0.3495237  0.         0.3104761  0.34000015 0.         0.        ]
 [0.35149443 0.         0.3177989  0.33070663 0.         0.        ]
 [0.34651655 0.         0.32465282 0.32883072 0.         0.        ]
 [0.35006717 0.         0.31757712 0.33235568 0.         0.        ]
 [0.34993178 0.         0.31121963 0.33884856 0.         0.        ]
 [0.34696713 0.         0.33252317 0.32050973 0.         0.        ]
 [0.3551354  0.         0.31959608 0.32526857 0.         0.        ]
 [0.35441482 0.         0.32486817 0.32071698 0.         0.        ]
 [0.35255483 0.         0.32752335 0.3199219  0.         0.        ]
 [0.35446525 0.         0.3202811  0.32525364 0.         0.        ]
 [0.36198786 0.         0.29842412 0.33958802 0.         0.        ]
 [0.3496     0.         0.33089235 0.31950766 0.         0.        ]
 [0.35325542 0.         0.32218423 0.32456028 0.         0.        ]]
13:27:34      Epoch:   0      Batch:   0      OuterStep: 1430      LossModel: 0.00008032     LossTerm2: 0.00000000      Time/Step(s): 2.2710Term3 quantities: 
 [[0.         0.32039273 0.36741245 0.         0.31219485 0.        ]
 [0.         0.32617015 0.35871625 0.         0.31511363 0.        ]
 [0.         0.32706085 0.35581133 0.         0.31712776 0.        ]
 [0.         0.3265151  0.357687   0.         0.         0.3157978 ]
 [0.         0.32638064 0.35560578 0.         0.         0.31801364]
 [0.         0.32831296 0.3471985  0.         0.32448858 0.        ]
 [0.         0.32768482 0.35177445 0.         0.         0.32054073]
 [0.         0.32795456 0.3461117  0.         0.         0.32593372]
 [0.         0.3285668  0.34360966 0.         0.         0.32782352]
 [0.         0.3295309  0.33832332 0.         0.         0.3321458 ]
 [0.         0.32974    0.340851   0.         0.         0.3294089 ]
 [0.         0.3309562  0.33628255 0.         0.         0.33276123]
 [0.         0.33003727 0.3325335  0.         0.         0.33742926]
 [0.         0.33107838 0.         0.         0.30385205 0.36506957]
 [0.         0.3327953  0.         0.         0.3171416  0.35006315]
 [0.         0.33215797 0.         0.         0.29900223 0.36883977]
 [0.         0.34408084 0.         0.         0.3358724  0.32004678]
 [0.         0.33987302 0.         0.         0.34455574 0.3155712 ]
 [0.         0.3327117  0.         0.         0.35325325 0.31403506]
 [0.31345782 0.32825226 0.         0.         0.35828987 0.        ]
 [0.         0.346949   0.         0.         0.33724877 0.3158022 ]
 [0.         0.34149712 0.         0.         0.34352466 0.31497827]
 [0.31408313 0.3355604  0.         0.         0.35035646 0.        ]
 [0.31764928 0.32925433 0.         0.         0.35309643 0.        ]
 [0.31887928 0.34710622 0.         0.         0.33401453 0.        ]
 [0.3202247  0.34354424 0.         0.         0.33623114 0.        ]
 [0.3212631  0.33811295 0.         0.         0.34062397 0.        ]
 [0.3216841  0.33231577 0.         0.         0.3460001  0.        ]
 [0.32178226 0.35148314 0.         0.         0.32673463 0.        ]
 [0.3245672  0.34168142 0.         0.         0.33375135 0.        ]
 [0.3282164  0.33378115 0.         0.         0.3380025  0.        ]
 [0.3315059  0.3257233  0.         0.         0.34277087 0.        ]
 [0.33032206 0.         0.         0.3415149  0.         0.32816306]
 [0.33120954 0.         0.         0.34159714 0.         0.32719323]
 [0.33104512 0.         0.         0.341138   0.         0.3278169 ]
 [0.31424275 0.         0.         0.34194177 0.         0.34381548]
 [0.33833894 0.         0.         0.32384872 0.33781227 0.        ]
 [0.31649783 0.         0.         0.34072903 0.         0.34277314]
 [0.3336183  0.         0.         0.33103764 0.33534408 0.        ]
 [0.30489665 0.         0.         0.34009624 0.         0.35500705]
 [0.30399552 0.         0.         0.3393248  0.         0.35667968]
 [0.3304481  0.         0.         0.33838186 0.33117005 0.        ]
 [0.33088914 0.         0.         0.3378873  0.33122358 0.        ]
 [0.330594   0.         0.         0.33539212 0.33401397 0.        ]
 [0.32376015 0.         0.         0.34351376 0.         0.33272615]
 [0.32473487 0.         0.         0.34318927 0.         0.33207586]
 [0.32757777 0.         0.         0.34289575 0.         0.32952657]
 [0.3096753  0.         0.         0.342155   0.         0.3481697 ]
 [0.34521168 0.         0.3319572  0.3228311  0.         0.        ]
 [0.35013068 0.         0.31858337 0.33128595 0.         0.        ]
 [0.34548983 0.         0.32592672 0.32858348 0.         0.        ]
 [0.34984633 0.         0.31014347 0.34001026 0.         0.        ]
 [0.35167235 0.         0.31770515 0.33062246 0.         0.        ]
 [0.3467667  0.         0.32448182 0.32875153 0.         0.        ]
 [0.35038963 0.         0.3172923  0.33231807 0.         0.        ]
 [0.3503925  0.         0.31073615 0.33887136 0.         0.        ]
 [0.3471636  0.         0.3323952  0.32044125 0.         0.        ]
 [0.35542876 0.         0.31940326 0.32516804 0.         0.        ]
 [0.35469806 0.         0.3246758  0.32062608 0.         0.        ]
 [0.3528162  0.         0.32734582 0.31983796 0.         0.        ]
 [0.35473308 0.         0.3200912  0.32517573 0.         0.        ]
 [0.36229205 0.         0.29815355 0.33955437 0.         0.        ]
 [0.34984052 0.         0.33074093 0.31941858 0.         0.        ]
 [0.35354728 0.         0.32199353 0.3244591  0.         0.        ]]
13:27:58      Epoch:   0      Batch:   0      OuterStep: 1440      LossModel: 0.00008096     LossTerm2: 0.00000000      Time/Step(s): 2.7140Term3 quantities: 
 [[0.         0.32040313 0.36744806 0.         0.31214887 0.        ]
 [0.         0.326215   0.3587112  0.         0.3150738  0.        ]
 [0.         0.32708853 0.35582125 0.         0.31709018 0.        ]
 [0.         0.32657403 0.35777596 0.         0.         0.31565002]
 [0.         0.32644376 0.35572952 0.         0.         0.3178267 ]
 [0.         0.3284597  0.34708333 0.         0.324457   0.        ]
 [0.         0.32773376 0.35189992 0.         0.         0.3203663 ]
 [0.         0.32784697 0.3462356  0.         0.         0.3259174 ]
 [0.         0.32846454 0.3437229  0.         0.         0.32781267]
 [0.         0.32963622 0.33837292 0.         0.         0.3319909 ]
 [0.         0.32985607 0.3409216  0.         0.         0.3292223 ]
 [0.         0.33100203 0.33632076 0.         0.         0.3326773 ]
 [0.         0.33021268 0.33249477 0.         0.         0.33729258]
 [0.         0.33111262 0.         0.         0.3038461  0.36504126]
 [0.         0.33281803 0.         0.         0.31718314 0.3499989 ]
 [0.         0.3321671  0.         0.         0.29909524 0.36873767]
 [0.         0.34412703 0.         0.         0.335953   0.31991994]
 [0.         0.33987647 0.         0.         0.3446926  0.31543094]
 [0.         0.33270738 0.         0.         0.3533931  0.31389958]
 [0.31355757 0.3281196  0.         0.         0.35832283 0.        ]
 [0.         0.34708506 0.         0.         0.33675265 0.31616235]
 [0.         0.3415885  0.         0.         0.3430808  0.31533074]
 [0.31376943 0.33595887 0.         0.         0.3502717  0.        ]
 [0.31776235 0.3293974  0.         0.         0.35284024 0.        ]
 [0.31894547 0.34698436 0.         0.         0.33407027 0.        ]
 [0.32025474 0.34338492 0.         0.         0.3363603  0.        ]
 [0.32131642 0.33796176 0.         0.         0.34072176 0.        ]
 [0.32172635 0.33219913 0.         0.         0.34607452 0.        ]
 [0.32187697 0.3513298  0.         0.         0.3267933  0.        ]
 [0.32468545 0.34144998 0.         0.         0.33386457 0.        ]
 [0.32826895 0.33363202 0.         0.         0.33809903 0.        ]
 [0.33162016 0.32555056 0.         0.         0.34282932 0.        ]
 [0.32996994 0.         0.         0.34126997 0.         0.32876003]
 [0.33107647 0.         0.         0.3414548  0.         0.32746866]
 [0.33064416 0.         0.         0.34087607 0.         0.32847977]
 [0.3146511  0.         0.         0.34203807 0.         0.3433108 ]
 [0.33853436 0.         0.         0.323928   0.33753762 0.        ]
 [0.31678486 0.         0.         0.34079388 0.         0.3424213 ]
 [0.33379933 0.         0.         0.33120117 0.33499947 0.        ]
 [0.3055519  0.         0.         0.3404277  0.         0.3540204 ]
 [0.30462983 0.         0.         0.3396387  0.         0.3557315 ]
 [0.33066952 0.         0.         0.3383575  0.33097294 0.        ]
 [0.33108968 0.         0.         0.33788937 0.33102095 0.        ]
 [0.33079088 0.         0.         0.33539757 0.33381155 0.        ]
 [0.32386774 0.         0.         0.34346423 0.         0.33266807]
 [0.32478243 0.         0.         0.34310415 0.         0.33211342]
 [0.32765377 0.         0.         0.34282354 0.         0.32952276]
 [0.31026137 0.         0.         0.34239748 0.         0.34734115]
 [0.34528786 0.         0.3320102  0.32270193 0.         0.        ]
 [0.35022208 0.         0.3185718  0.33120614 0.         0.        ]
 [0.3455616  0.         0.32596117 0.32847723 0.         0.        ]
 [0.349921   0.         0.31013587 0.33994314 0.         0.        ]
 [0.3517329  0.         0.31774577 0.33052126 0.         0.        ]
 [0.34683293 0.         0.32453415 0.32863295 0.         0.        ]
 [0.35038602 0.         0.3175106  0.33210337 0.         0.        ]
 [0.35048202 0.         0.3106697  0.33884835 0.         0.        ]
 [0.34723923 0.         0.33242598 0.32033473 0.         0.        ]
 [0.35557196 0.         0.31936225 0.32506576 0.         0.        ]
 [0.35483593 0.         0.32466534 0.32049876 0.         0.        ]
 [0.3529479  0.         0.3273363  0.31971583 0.         0.        ]
 [0.35484886 0.         0.3201134  0.32503775 0.         0.        ]
 [0.3625037  0.         0.29796597 0.33953044 0.         0.        ]
 [0.34997547 0.         0.33071768 0.31930688 0.         0.        ]
 [0.35367215 0.         0.3219927  0.32433516 0.         0.        ]]
13:28:23      Epoch:   0      Batch:   0      OuterStep: 1450      LossModel: 0.00007895     LossTerm2: 0.00000000      Time/Step(s): 2.7876Term3 quantities: 
 [[0.         0.32040158 0.36747363 0.         0.31212476 0.        ]
 [0.         0.32623178 0.35872892 0.         0.31503928 0.        ]
 [0.         0.3271252  0.35578877 0.         0.317086   0.        ]
 [0.         0.32657367 0.35782588 0.         0.         0.31560045]
 [0.         0.32652634 0.35570005 0.         0.         0.31777358]
 [0.         0.32859933 0.34697476 0.         0.3244259  0.        ]
 [0.         0.32784155 0.35192505 0.         0.         0.32023337]
 [0.         0.32787618 0.34621584 0.         0.         0.32590806]
 [0.         0.32849127 0.3437047  0.         0.         0.32780403]
 [0.         0.32958382 0.33838403 0.         0.         0.33203217]
 [0.         0.3298565  0.3409124  0.         0.         0.3292311 ]
 [0.         0.33080238 0.33634877 0.         0.         0.33284885]
 [0.         0.3302525  0.33243638 0.         0.         0.33731106]
 [0.         0.3311059  0.         0.         0.3038659  0.36502826]
 [0.         0.33287564 0.         0.         0.31719676 0.34992763]
 [0.         0.3321567  0.         0.         0.29907143 0.3687719 ]
 [0.         0.34413293 0.         0.         0.3359296  0.3199374 ]
 [0.         0.33985105 0.         0.         0.34472165 0.31542733]
 [0.         0.33265504 0.         0.         0.35344604 0.31389895]
 [0.31358072 0.3280756  0.         0.         0.35834363 0.        ]
 [0.         0.3470619  0.         0.         0.33708864 0.31584957]
 [0.         0.34158775 0.         0.         0.34336823 0.31504402]
 [0.3134912  0.33627883 0.         0.         0.35022998 0.        ]
 [0.31776813 0.3295979  0.         0.         0.352634   0.        ]
 [0.31893155 0.34694776 0.         0.         0.33412072 0.        ]
 [0.32023284 0.34327674 0.         0.         0.33649048 0.        ]
 [0.32129008 0.33794203 0.         0.         0.34076792 0.        ]
 [0.32164615 0.33218458 0.         0.         0.3461693  0.        ]
 [0.32192096 0.3513025  0.         0.         0.3267765  0.        ]
 [0.3246994  0.34132072 0.         0.         0.33397982 0.        ]
 [0.32820204 0.33357775 0.         0.         0.33822027 0.        ]
 [0.33158708 0.32551095 0.         0.         0.34290197 0.        ]
 [0.32982123 0.         0.         0.34115422 0.         0.32902455]
 [0.33078268 0.         0.         0.341286   0.         0.3279313 ]
 [0.33059293 0.         0.         0.34079123 0.         0.32861584]
 [0.3143214  0.         0.         0.34184676 0.         0.3438319 ]
 [0.3386188  0.         0.         0.32389322 0.33748797 0.        ]
 [0.3163856  0.         0.         0.34057605 0.         0.34303838]
 [0.33381438 0.         0.         0.33109474 0.33509085 0.        ]
 [0.30549994 0.         0.         0.34035036 0.         0.3541497 ]
 [0.30452675 0.         0.         0.33953542 0.         0.35593784]
 [0.33068222 0.         0.         0.33823264 0.33108518 0.        ]
 [0.3311406  0.         0.         0.3377938  0.3310655  0.        ]
 [0.33088306 0.         0.         0.3353152  0.33380175 0.        ]
 [0.32340425 0.         0.         0.3432158  0.         0.33337995]
 [0.32435682 0.         0.         0.34287104 0.         0.3327721 ]
 [0.32724464 0.         0.         0.3425872  0.         0.33016813]
 [0.31006062 0.         0.         0.34224045 0.         0.3476989 ]
 [0.34516984 0.         0.33224964 0.32258052 0.         0.        ]
 [0.35012338 0.         0.31877005 0.33110657 0.         0.        ]
 [0.3454752  0.         0.3261444  0.3283804  0.         0.        ]
 [0.34980005 0.         0.31033194 0.339868   0.         0.        ]
 [0.35166025 0.         0.3179068  0.33043295 0.         0.        ]
 [0.3467237  0.         0.32475308 0.32852328 0.         0.        ]
 [0.35030776 0.         0.31771496 0.33197737 0.         0.        ]
 [0.350242   0.         0.31099674 0.33876124 0.         0.        ]
 [0.34718296 0.         0.33257186 0.3202452  0.         0.        ]
 [0.35547665 0.         0.31956103 0.32496238 0.         0.        ]
 [0.3547591  0.         0.32486722 0.32037368 0.         0.        ]
 [0.35288695 0.         0.32751572 0.31959742 0.         0.        ]
 [0.35482973 0.         0.32027495 0.32489523 0.         0.        ]
 [0.3625009  0.         0.2980155  0.33948362 0.         0.        ]
 [0.34993505 0.         0.3308751  0.3191899  0.         0.        ]
 [0.35359606 0.         0.3221973  0.32420668 0.         0.        ]]
        Validation Criterion: 0.00039935
13:28:47      Epoch:   0      Batch:   0      OuterStep: 1460      LossModel: 0.00008113     LossTerm2: 0.00000000      Time/Step(s): 2.4185Term3 quantities: 
 [[0.         0.320411   0.36743936 0.         0.31214964 0.        ]
 [0.         0.3262752  0.3586492  0.         0.31507564 0.        ]
 [0.         0.32712173 0.3557881  0.         0.3170901  0.        ]
 [0.         0.32651404 0.35775942 0.         0.         0.31572664]
 [0.         0.32650635 0.35562256 0.         0.         0.31787106]
 [0.         0.3286798  0.34686965 0.         0.3244506  0.        ]
 [0.         0.3277249  0.3519061  0.         0.         0.320369  ]
 [0.         0.32791963 0.34612894 0.         0.         0.32595143]
 [0.         0.32858714 0.34358588 0.         0.         0.32782698]
 [0.         0.32955915 0.33832982 0.         0.         0.33211103]
 [0.         0.32990253 0.34080726 0.         0.         0.32929015]
 [0.         0.33097005 0.3361959  0.         0.         0.33283406]
 [0.         0.33027834 0.332334   0.         0.         0.33738765]
 [0.         0.33104026 0.         0.         0.30383265 0.3651271 ]
 [0.         0.33289042 0.         0.         0.31718597 0.3499236 ]
 [0.         0.33211395 0.         0.         0.29904878 0.3688372 ]
 [0.         0.34411    0.         0.         0.33593982 0.3199501 ]
 [0.         0.3398017  0.         0.         0.3447707  0.31542754]
 [0.         0.33258194 0.         0.         0.3534562  0.31396183]
 [0.31361473 0.3279971  0.         0.         0.35838816 0.        ]
 [0.         0.34696344 0.         0.         0.33702892 0.31600773]
 [0.         0.34151044 0.         0.         0.3432556  0.315234  ]
 [0.         0.33624944 0.         0.         0.34997904 0.3137715 ]
 [0.31758755 0.32975358 0.         0.         0.35265893 0.        ]
 [0.31887972 0.34694993 0.         0.         0.33417037 0.        ]
 [0.32017398 0.34321976 0.         0.         0.3366062  0.        ]
 [0.32121077 0.33792698 0.         0.         0.34086227 0.        ]
 [0.32156196 0.33221462 0.         0.         0.34622347 0.        ]
 [0.3219109  0.35129428 0.         0.         0.32679486 0.        ]
 [0.32463837 0.3413715  0.         0.         0.3339901  0.        ]
 [0.32813945 0.33360747 0.         0.         0.33825305 0.        ]
 [0.3315014  0.32549345 0.         0.         0.3430052  0.        ]
 [0.3294884  0.         0.         0.34099    0.         0.32952157]
 [0.33040944 0.         0.         0.3410946  0.         0.32849598]
 [0.33027187 0.         0.         0.3406463  0.         0.32908183]
 [0.3134699  0.         0.         0.34139112 0.         0.34513897]
 [0.3385641  0.         0.         0.32371357 0.3377223  0.        ]
 [0.31562552 0.         0.         0.340185   0.         0.34418944]
 [0.33370373 0.         0.         0.33088315 0.33541313 0.        ]
 [0.3048165  0.         0.         0.33995184 0.         0.35523167]
 [0.30379185 0.         0.         0.33910924 0.         0.3570989 ]
 [0.3305364  0.         0.         0.3381692  0.3312944  0.        ]
 [0.33101907 0.         0.         0.3377253  0.33125556 0.        ]
 [0.3308213  0.         0.         0.33523437 0.3339443  0.        ]
 [0.32279092 0.         0.         0.3428943  0.         0.33431485]
 [0.32379586 0.         0.         0.34257564 0.         0.33362848]
 [0.32676172 0.         0.         0.3423146  0.         0.33092377]
 [0.3092196  0.         0.         0.34177384 0.         0.34900656]
 [0.34496945 0.         0.33246082 0.32256973 0.         0.        ]
 [0.34995422 0.         0.3189551  0.33109078 0.         0.        ]
 [0.34530303 0.         0.32633543 0.3283616  0.         0.        ]
 [0.34957397 0.         0.3104805  0.33994544 0.         0.        ]
 [0.35149938 0.         0.31807452 0.33042613 0.         0.        ]
 [0.34652588 0.         0.32497126 0.3285029  0.         0.        ]
 [0.3500432  0.         0.31802619 0.33193064 0.         0.        ]
 [0.35002476 0.         0.3111141  0.33886114 0.         0.        ]
 [0.34703985 0.         0.3327294  0.32023072 0.         0.        ]
 [0.35531676 0.         0.31972384 0.32495934 0.         0.        ]
 [0.3545567  0.         0.32507342 0.3203699  0.         0.        ]
 [0.35270825 0.         0.32770112 0.31959072 0.         0.        ]
 [0.35468414 0.         0.3203805  0.32493532 0.         0.        ]
 [0.36232406 0.         0.2980879  0.33958805 0.         0.        ]
 [0.34977743 0.         0.33103916 0.31918335 0.         0.        ]
 [0.35342318 0.         0.32235184 0.32422504 0.         0.        ]]
13:29:11      Epoch:   0      Batch:   0      OuterStep: 1470      LossModel: 0.00007812     LossTerm2: 0.00000000      Time/Step(s): 2.5293Term3 quantities: 
 [[0.         0.3204159  0.36741373 0.         0.3121703  0.        ]
 [0.         0.32627335 0.3586543  0.         0.3150724  0.        ]
 [0.         0.32713032 0.35574946 0.         0.31712013 0.        ]
 [0.         0.32657754 0.35762283 0.         0.         0.3157996 ]
 [0.         0.32645327 0.3555658  0.         0.         0.31798086]
 [0.         0.32860085 0.34686667 0.         0.3245325  0.        ]
 [0.         0.32775778 0.3518399  0.         0.         0.3204023 ]
 [0.         0.32801694 0.3459523  0.         0.         0.32603073]
 [0.         0.32861826 0.34347254 0.         0.         0.32790917]
 [0.         0.3296344  0.33823156 0.         0.         0.33213407]
 [0.         0.32989404 0.34070265 0.         0.         0.3294033 ]
 [0.         0.33100775 0.33605972 0.         0.         0.3329326 ]
 [0.         0.33020288 0.33224607 0.         0.         0.33755106]
 [0.         0.33095795 0.         0.         0.3037914  0.36525065]
 [0.         0.33285433 0.         0.         0.31716496 0.3499807 ]
 [0.         0.33207074 0.         0.         0.29898328 0.36894593]
 [0.         0.34413007 0.         0.         0.3357917  0.3200782 ]
 [0.         0.33976066 0.         0.         0.34477076 0.3154685 ]
 [0.         0.3325161  0.         0.         0.3534485  0.31403542]
 [0.3136255  0.32797527 0.         0.         0.35839918 0.        ]
 [0.         0.34688866 0.         0.         0.33700487 0.31610644]
 [0.         0.3414618  0.         0.         0.34330285 0.31523535]
 [0.         0.33605012 0.         0.         0.3501405  0.31380942]
 [0.31745857 0.32963517 0.         0.         0.35290623 0.        ]
 [0.31879777 0.34707698 0.         0.         0.33412528 0.        ]
 [0.32016116 0.3433228  0.         0.         0.33651605 0.        ]
 [0.32112777 0.33798224 0.         0.         0.34088996 0.        ]
 [0.32147333 0.3323199  0.         0.         0.34620678 0.        ]
 [0.3218683  0.35136545 0.         0.         0.32676628 0.        ]
 [0.32455897 0.34147826 0.         0.         0.33396277 0.        ]
 [0.32805863 0.33372453 0.         0.         0.33821687 0.        ]
 [0.3313892  0.3255671  0.         0.         0.3430437  0.        ]
 [0.32908276 0.         0.         0.340876   0.         0.33004126]
 [0.33018288 0.         0.         0.34101784 0.         0.32879925]
 [0.32993537 0.         0.         0.340566   0.         0.32949868]
 [0.3128084  0.         0.         0.3411151  0.         0.34607658]
 [0.33846152 0.         0.         0.32354045 0.3379981  0.        ]
 [0.31506255 0.         0.         0.33996132 0.         0.34497613]
 [0.3335576  0.         0.         0.330711   0.33573136 0.        ]
 [0.30390397 0.         0.         0.33949545 0.         0.35660055]
 [0.3028533  0.         0.         0.33862916 0.         0.35851756]
 [0.33037362 0.         0.         0.33812052 0.33150586 0.        ]
 [0.330861   0.         0.         0.33768374 0.33145526 0.        ]
 [0.33065584 0.         0.         0.33513758 0.33420658 0.        ]
 [0.32233745 0.         0.         0.34273598 0.         0.33492664]
 [0.32339036 0.         0.         0.3424389  0.         0.33417073]
 [0.32639638 0.         0.         0.34216854 0.         0.33143505]
 [0.30825552 0.         0.         0.34129915 0.         0.35044527]
 [0.34482813 0.         0.33251816 0.3226537  0.         0.        ]
 [0.34983322 0.         0.31899324 0.33117357 0.         0.        ]
 [0.3451709  0.         0.3264119  0.32841715 0.         0.        ]
 [0.34936604 0.         0.31052482 0.34010908 0.         0.        ]
 [0.35137653 0.         0.31813204 0.33049145 0.         0.        ]
 [0.3463849  0.         0.32505032 0.32856473 0.         0.        ]
 [0.3498591  0.         0.31817335 0.3319676  0.         0.        ]
 [0.34985772 0.         0.31115285 0.33898938 0.         0.        ]
 [0.34691152 0.         0.33280203 0.32028657 0.         0.        ]
 [0.35517627 0.         0.3197523  0.32507136 0.         0.        ]
 [0.35436693 0.         0.3251815  0.3204516  0.         0.        ]
 [0.35252357 0.         0.32781816 0.31965837 0.         0.        ]
 [0.3544528  0.         0.32052475 0.32502252 0.         0.        ]
 [0.36213863 0.         0.29811728 0.33974418 0.         0.        ]
 [0.3496015  0.         0.33114806 0.3192504  0.         0.        ]
 [0.35322803 0.         0.32245877 0.32431325 0.         0.        ]]
13:29:36      Epoch:   0      Batch:   0      OuterStep: 1480      LossModel: 0.00007839     LossTerm2: 0.00000000      Time/Step(s): 2.2714Term3 quantities: 
 [[0.         0.3204247  0.36739847 0.         0.31217685 0.        ]
 [0.         0.32629678 0.3586395  0.         0.31506377 0.        ]
 [0.         0.32715097 0.35570705 0.         0.31714204 0.        ]
 [0.         0.32655782 0.3575615  0.         0.         0.31588072]
 [0.         0.32650718 0.35544887 0.         0.         0.318044  ]
 [0.         0.32865152 0.34671584 0.         0.3246326  0.        ]
 [0.         0.32769185 0.35182613 0.         0.         0.32048196]
 [0.         0.32794127 0.3459119  0.         0.         0.32614687]
 [0.         0.32848284 0.34345058 0.         0.         0.3280666 ]
 [0.         0.32956362 0.33818915 0.         0.         0.33224723]
 [0.         0.3298806  0.34062654 0.         0.         0.3294929 ]
 [0.         0.33104756 0.33595607 0.         0.         0.33299634]
 [0.         0.3302179  0.3321496  0.         0.         0.33763248]
 [0.         0.33090186 0.         0.         0.30379286 0.36530527]
 [0.         0.33285597 0.         0.         0.31714776 0.3499963 ]
 [0.         0.33204412 0.         0.         0.29895422 0.36900163]
 [0.         0.34418708 0.         0.         0.33571565 0.3200973 ]
 [0.         0.3397755  0.         0.         0.3447396  0.31548482]
 [0.         0.33249164 0.         0.         0.35340753 0.31410092]
 [0.31363326 0.32799953 0.         0.         0.35836715 0.        ]
 [0.         0.3468545  0.         0.         0.33700716 0.3161384 ]
 [0.         0.34143883 0.         0.         0.3432367  0.3153245 ]
 [0.         0.33589894 0.         0.         0.35010237 0.3139987 ]
 [0.31736943 0.32951576 0.         0.         0.35311484 0.        ]
 [0.31876618 0.34716967 0.         0.         0.33406413 0.        ]
 [0.3201599  0.3434092  0.         0.         0.3364309  0.        ]
 [0.32113197 0.33804446 0.         0.         0.34082356 0.        ]
 [0.32145268 0.33237475 0.         0.         0.3461726  0.        ]
 [0.32186723 0.3513779  0.         0.         0.32675484 0.        ]
 [0.32455072 0.34156734 0.         0.         0.33388188 0.        ]
 [0.3280853  0.33378792 0.         0.         0.3381268  0.        ]
 [0.33136857 0.3255976  0.         0.         0.34303385 0.        ]
 [0.32908386 0.         0.         0.34092942 0.         0.32998678]
 [0.33018246 0.         0.         0.3410552  0.         0.3287623 ]
 [0.3299522  0.         0.         0.34062287 0.         0.32942495]
 [0.3126243  0.         0.         0.34106696 0.         0.3463088 ]
 [0.33842653 0.         0.         0.32347155 0.33810192 0.        ]
 [0.31491527 0.         0.         0.33993715 0.         0.3451476 ]
 [0.33347514 0.         0.         0.3306548  0.3358701  0.        ]
 [0.30328345 0.         0.         0.33922875 0.         0.3574878 ]
 [0.3022761  0.         0.         0.33838686 0.         0.3593371 ]
 [0.33028737 0.         0.         0.3381432  0.3315694  0.        ]
 [0.33075044 0.         0.         0.33768785 0.33156165 0.        ]
 [0.3305242  0.         0.         0.33507875 0.3343971  0.        ]
 [0.32219067 0.         0.         0.34271845 0.         0.33509088]
 [0.32324815 0.         0.         0.3424144  0.         0.3343374 ]
 [0.32637602 0.         0.         0.34218854 0.         0.3314354 ]
 [0.30778334 0.         0.         0.34112555 0.         0.35109115]
 [0.34482288 0.         0.33238414 0.32279295 0.         0.        ]
 [0.34980568 0.         0.31891486 0.33127952 0.         0.        ]
 [0.34514454 0.         0.32633275 0.32852274 0.         0.        ]
 [0.34931827 0.         0.31045225 0.34022948 0.         0.        ]
 [0.35135505 0.         0.3180372  0.33060774 0.         0.        ]
 [0.34637854 0.         0.32493973 0.32868174 0.         0.        ]
 [0.34988198 0.         0.31809407 0.33202395 0.         0.        ]
 [0.34988424 0.         0.31089535 0.33922046 0.         0.        ]
 [0.3468875  0.         0.33272192 0.32039064 0.         0.        ]
 [0.35509512 0.         0.31967962 0.3252253  0.         0.        ]
 [0.3543236  0.         0.32508123 0.32059515 0.         0.        ]
 [0.35246602 0.         0.32774767 0.3197863  0.         0.        ]
 [0.35436505 0.         0.3204382  0.32519674 0.         0.        ]
 [0.36206934 0.         0.29796493 0.33996573 0.         0.        ]
 [0.3495293  0.         0.33109063 0.31938007 0.         0.        ]
 [0.35317162 0.         0.32236862 0.32445982 0.         0.        ]]
13:30:01      Epoch:   0      Batch:   0      OuterStep: 1490      LossModel: 0.00007920     LossTerm2: 0.00000000      Time/Step(s): 2.8417Term3 quantities: 
 [[0.         0.3204359  0.36737964 0.         0.31218448 0.        ]
 [0.         0.32633254 0.3586024  0.         0.3150651  0.        ]
 [0.         0.3271768  0.35566208 0.         0.3171611  0.        ]
 [0.         0.3265204  0.35763305 0.         0.         0.31584647]
 [0.         0.32641652 0.35547096 0.         0.         0.3181126 ]
 [0.         0.3287008  0.34664717 0.         0.324652   0.        ]
 [0.         0.32760605 0.35185874 0.         0.         0.3205352 ]
 [0.         0.32800263 0.34587473 0.         0.         0.3261227 ]
 [0.         0.3283594  0.3435022  0.         0.         0.32813844]
 [0.         0.32955173 0.33819282 0.         0.         0.33225545]
 [0.         0.3298715  0.34060162 0.         0.         0.3295269 ]
 [0.         0.33105084 0.3359167  0.         0.         0.3330325 ]
 [0.         0.33024985 0.33210427 0.         0.         0.33764595]
 [0.         0.3308824  0.         0.         0.30376667 0.3653509 ]
 [0.         0.33283436 0.         0.         0.31715283 0.35001278]
 [0.         0.33206132 0.         0.         0.2989242  0.3690145 ]
 [0.         0.34426442 0.         0.         0.33561987 0.32011572]
 [0.         0.33980072 0.         0.         0.3447293  0.31546995]
 [0.         0.33250535 0.         0.         0.35338828 0.31410635]
 [0.31368163 0.32798305 0.         0.         0.35833538 0.        ]
 [0.         0.3468417  0.         0.         0.33697173 0.31618664]
 [0.         0.34143847 0.         0.         0.34324664 0.3153149 ]
 [0.         0.3357798  0.         0.         0.35023302 0.31398717]
 [0.31733888 0.32939732 0.         0.         0.35326383 0.        ]
 [0.31876934 0.3471813  0.         0.         0.33404937 0.        ]
 [0.32018578 0.34341186 0.         0.         0.33640236 0.        ]
 [0.32121935 0.33805928 0.         0.         0.34072137 0.        ]
 [0.3214823  0.33241206 0.         0.         0.34610558 0.        ]
 [0.32187903 0.35135865 0.         0.         0.32676235 0.        ]
 [0.324608   0.34158602 0.         0.         0.33380595 0.        ]
 [0.32812017 0.33381775 0.         0.         0.3380621  0.        ]
 [0.33143932 0.32557303 0.         0.         0.34298775 0.        ]
 [0.32905564 0.         0.         0.34094888 0.         0.32999545]
 [0.33009154 0.         0.         0.3410403  0.         0.32886815]
 [0.32990104 0.         0.         0.34062418 0.         0.32947478]
 [0.3126879  0.         0.         0.34114507 0.         0.34616706]
 [0.33845264 0.         0.         0.3234746  0.3380728  0.        ]
 [0.3149896  0.         0.         0.34001684 0.         0.34499356]
 [0.33347642 0.         0.         0.330725   0.33579856 0.        ]
 [0.30306044 0.         0.         0.33918768 0.         0.3577519 ]
 [0.3020835  0.         0.         0.33835506 0.         0.35956147]
 [0.330274   0.         0.         0.33817682 0.3315492  0.        ]
 [0.3307198  0.         0.         0.33771664 0.33156353 0.        ]
 [0.33048615 0.         0.         0.33506426 0.33444953 0.        ]
 [0.32221738 0.         0.         0.3427735  0.         0.33500916]
 [0.32325342 0.         0.         0.34246227 0.         0.3342843 ]
 [0.32631114 0.         0.         0.34217367 0.         0.3315152 ]
 [0.30771288 0.         0.         0.34114918 0.         0.351138  ]
 [0.34481958 0.         0.3323096  0.3228708  0.         0.        ]
 [0.34980753 0.         0.3188473  0.33134517 0.         0.        ]
 [0.34513283 0.         0.32630745 0.3285598  0.         0.        ]
 [0.34923133 0.         0.31028944 0.34047917 0.         0.        ]
 [0.3513399  0.         0.3179934  0.33066663 0.         0.        ]
 [0.3463693  0.         0.32488766 0.328743   0.         0.        ]
 [0.3498988  0.         0.31802937 0.3320718  0.         0.        ]
 [0.34990263 0.         0.31070656 0.3393909  0.         0.        ]
 [0.3468738  0.         0.33268002 0.32044625 0.         0.        ]
 [0.35504302 0.         0.31963986 0.3253171  0.         0.        ]
 [0.35429695 0.         0.32503355 0.32066953 0.         0.        ]
 [0.3524354  0.         0.32770842 0.31985623 0.         0.        ]
 [0.35434398 0.         0.3203954  0.32526064 0.         0.        ]
 [0.36210197 0.         0.2978107  0.34008726 0.         0.        ]
 [0.34948102 0.         0.33106828 0.3194508  0.         0.        ]
 [0.35313302 0.         0.322312   0.324555   0.         0.        ]]
13:30:25      Epoch:   0      Batch:   0      OuterStep: 1500      LossModel: 0.00007722     LossTerm2: 0.00000000      Time/Step(s): 2.4011Term3 quantities: 
 [[0.         0.32044047 0.36737043 0.         0.31218916 0.        ]
 [0.         0.32636535 0.3585901  0.         0.31504455 0.        ]
 [0.         0.3271432  0.35577142 0.         0.31708533 0.        ]
 [0.         0.32638294 0.35766587 0.         0.         0.31595114]
 [0.         0.32644185 0.35551056 0.         0.         0.31804758]
 [0.         0.3287394  0.34659502 0.         0.32466558 0.        ]
 [0.         0.3275377  0.35193855 0.         0.         0.32052377]
 [0.         0.32782906 0.34596893 0.         0.         0.32620203]
 [0.         0.3284757  0.34346342 0.         0.         0.32806095]
 [0.         0.3295138  0.33822337 0.         0.         0.33226287]
 [0.         0.3298834  0.34061074 0.         0.         0.3295059 ]
 [0.         0.33105206 0.3359062  0.         0.         0.33304173]
 [0.         0.33022228 0.33207703 0.         0.         0.33770075]
 [0.         0.3308683  0.         0.         0.30375814 0.3653736 ]
 [0.         0.33282202 0.         0.         0.31713843 0.35003954]
 [0.         0.33205342 0.         0.         0.29891026 0.36903632]
 [0.         0.34433922 0.         0.         0.3355686  0.3200922 ]
 [0.         0.339836   0.         0.         0.34472343 0.31544048]
 [0.         0.33255827 0.         0.         0.35335714 0.31408465]
 [0.31370416 0.32800636 0.         0.         0.3582895  0.        ]
 [0.         0.34684053 0.         0.         0.33701566 0.31614378]
 [0.         0.34145504 0.         0.         0.34325072 0.31529427]
 [0.         0.3357004  0.         0.         0.35032403 0.31397557]
 [0.31738353 0.32926223 0.         0.         0.35335428 0.        ]
 [0.31878805 0.34719235 0.         0.         0.3340196  0.        ]
 [0.32021785 0.3433905  0.         0.         0.3363917  0.        ]
 [0.3212519  0.33810556 0.         0.         0.34064257 0.        ]
 [0.3215154  0.3324295  0.         0.         0.34605506 0.        ]
 [0.32191736 0.3513206  0.         0.         0.3267621  0.        ]
 [0.3247104  0.3415132  0.         0.         0.3337764  0.        ]
 [0.3281114  0.3337238  0.         0.         0.33816487 0.        ]
 [0.33151895 0.32555017 0.         0.         0.34293082 0.        ]
 [0.3291236  0.         0.         0.3409965  0.         0.32987988]
 [0.33009067 0.         0.         0.34105554 0.         0.32885385]
 [0.32997194 0.         0.         0.34066936 0.         0.32935876]
 [0.31271237 0.         0.         0.34119412 0.         0.34609348]
 [0.33849257 0.         0.         0.32342845 0.33807907 0.        ]
 [0.31505963 0.         0.         0.34008855 0.         0.34485188]
 [0.3334888  0.         0.         0.33073735 0.33577394 0.        ]
 [0.30307826 0.         0.         0.33926767 0.         0.3576541 ]
 [0.3021139  0.         0.         0.3384341  0.         0.35945198]
 [0.3303017  0.         0.         0.33820197 0.33149636 0.        ]
 [0.33074778 0.         0.         0.33773473 0.33151752 0.        ]
 [0.3305299  0.         0.         0.3350626  0.33440757 0.        ]
 [0.3222258  0.         0.         0.34280804 0.         0.33496615]
 [0.32326907 0.         0.         0.3424891  0.         0.33424187]
 [0.32631752 0.         0.         0.34219417 0.         0.33148828]
 [0.3078301  0.         0.         0.3412663  0.         0.35090357]
 [0.3448194  0.         0.3322634  0.3229171  0.         0.        ]
 [0.34979555 0.         0.3188261  0.33137834 0.         0.        ]
 [0.3451276  0.         0.3262577  0.3286147  0.         0.        ]
 [0.3490762  0.         0.31033114 0.34059265 0.         0.        ]
 [0.35133585 0.         0.31795585 0.3307083  0.         0.        ]
 [0.3463605  0.         0.32486016 0.3287794  0.         0.        ]
 [0.34985083 0.         0.31804648 0.33210263 0.         0.        ]
 [0.34980524 0.         0.3106954  0.33949935 0.         0.        ]
 [0.3468712  0.         0.3326587  0.32047015 0.         0.        ]
 [0.35501426 0.         0.31960332 0.32538244 0.         0.        ]
 [0.35430405 0.         0.32498002 0.32071593 0.         0.        ]
 [0.3524373  0.         0.32767043 0.31989232 0.         0.        ]
 [0.3543914  0.         0.32027355 0.3253351  0.         0.        ]
 [0.3621434  0.         0.29763216 0.34022444 0.         0.        ]
 [0.34946692 0.         0.33104655 0.3194866  0.         0.        ]
 [0.35313043 0.         0.32229573 0.32457387 0.         0.        ]]
        Validation Criterion: 0.00038167
        Saving best model so far ...
13:30:50      Epoch:   0      Batch:   0      OuterStep: 1510      LossModel: 0.00007686     LossTerm2: 0.00000000      Time/Step(s): 2.3266Term3 quantities: 
 [[0.         0.3204448  0.36737004 0.         0.3121853  0.        ]
 [0.         0.3263922  0.35855636 0.         0.31505144 0.        ]
 [0.         0.32719898 0.3556547  0.         0.31714627 0.        ]
 [0.         0.326467   0.3577471  0.         0.         0.31578588]
 [0.         0.32628646 0.35561788 0.         0.         0.31809562]
 [0.         0.32874656 0.34652847 0.         0.32472497 0.        ]
 [0.         0.32764855 0.35196555 0.         0.         0.32038596]
 [0.         0.3277532  0.3460193  0.         0.         0.32622746]
 [0.         0.32857868 0.34342897 0.         0.         0.32799238]
 [0.         0.3295172  0.33823904 0.         0.         0.33224386]
 [0.         0.3298412  0.34063143 0.         0.         0.32952738]
 [0.         0.33088613 0.33595076 0.         0.         0.33316314]
 [0.         0.3303079  0.33202362 0.         0.         0.33766845]
 [0.         0.33086878 0.         0.         0.30374023 0.36539102]
 [0.         0.33278093 0.         0.         0.3171334  0.35008565]
 [0.         0.33204582 0.         0.         0.29891112 0.3690431 ]
 [0.         0.3443998  0.         0.         0.33551306 0.3200871 ]
 [0.         0.33986562 0.         0.         0.3447266  0.31540778]
 [0.         0.33259806 0.         0.         0.35331666 0.31408525]
 [0.31370467 0.32803816 0.         0.         0.3582572  0.        ]
 [0.         0.3468302  0.         0.         0.33701786 0.31615204]
 [0.         0.34145468 0.         0.         0.3432421  0.31530318]
 [0.         0.33565077 0.         0.         0.3503792  0.31397003]
 [0.31739613 0.32919496 0.         0.         0.35340902 0.        ]
 [0.31879357 0.34718212 0.         0.         0.33402437 0.        ]
 [0.32022008 0.34339237 0.         0.         0.33638757 0.        ]
 [0.32125023 0.3381208  0.         0.         0.34062895 0.        ]
 [0.32149976 0.33242238 0.         0.         0.34607786 0.        ]
 [0.32195574 0.35132617 0.         0.         0.32671812 0.        ]
 [0.32475486 0.34145686 0.         0.         0.33378834 0.        ]
 [0.3281698  0.33366928 0.         0.         0.33816093 0.        ]
 [0.33158362 0.32552746 0.         0.         0.34288892 0.        ]
 [0.3291286  0.         0.         0.34100252 0.         0.32986888]
 [0.3302023  0.         0.         0.34110412 0.         0.32869357]
 [0.3300201  0.         0.         0.34068292 0.         0.329297  ]
 [0.312765   0.         0.         0.3412449  0.         0.34599012]
 [0.33854088 0.         0.         0.32339188 0.33806726 0.        ]
 [0.3150748  0.         0.         0.34012577 0.         0.34479946]
 [0.33350745 0.         0.         0.3307336  0.33575895 0.        ]
 [0.30316907 0.         0.         0.33937645 0.         0.3574545 ]
 [0.30221203 0.         0.         0.33854422 0.         0.35924375]
 [0.33032316 0.         0.         0.33821273 0.33146417 0.        ]
 [0.33078852 0.         0.         0.33774555 0.33146593 0.        ]
 [0.33057398 0.         0.         0.33505595 0.3343701  0.        ]
 [0.32226178 0.         0.         0.34284508 0.         0.33489308]
 [0.32333308 0.         0.         0.34253657 0.         0.3341304 ]
 [0.32631567 0.         0.         0.34219843 0.         0.3314859 ]
 [0.3079331  0.         0.         0.34136808 0.         0.35069883]
 [0.3447947  0.         0.33229312 0.32291213 0.         0.        ]
 [0.34978703 0.         0.31882882 0.33138412 0.         0.        ]
 [0.34507293 0.         0.32633084 0.3285963  0.         0.        ]
 [0.34903425 0.         0.3104584  0.34050745 0.         0.        ]
 [0.3513171  0.         0.31798038 0.33070248 0.         0.        ]
 [0.34632328 0.         0.32490534 0.32877135 0.         0.        ]
 [0.34971443 0.         0.31822422 0.33206132 0.         0.        ]
 [0.3497465  0.         0.3106642  0.33958933 0.         0.        ]
 [0.34685993 0.         0.33267233 0.3204678  0.         0.        ]
 [0.3550045  0.         0.3196077  0.32538784 0.         0.        ]
 [0.3542902  0.         0.3249971  0.32071272 0.         0.        ]
 [0.3524277  0.         0.32768276 0.3198896  0.         0.        ]
 [0.35437655 0.         0.32030618 0.32531723 0.         0.        ]
 [0.36214876 0.         0.2975272  0.34032407 0.         0.        ]
 [0.34945428 0.         0.33105737 0.31948835 0.         0.        ]
 [0.35317832 0.         0.3222519  0.32456985 0.         0.        ]]
13:31:17      Epoch:   0      Batch:   0      OuterStep: 1520      LossModel: 0.00007859     LossTerm2: 0.00000000      Time/Step(s): 2.2728Term3 quantities: 
 [[0.         0.3204625  0.36735982 0.         0.31217772 0.        ]
 [0.         0.3264231  0.35852832 0.         0.3150486  0.        ]
 [0.         0.3271849  0.35570428 0.         0.31711093 0.        ]
 [0.         0.3266085  0.35770026 0.         0.         0.31569126]
 [0.         0.3263596  0.35563645 0.         0.         0.31800395]
 [0.         0.3288193  0.34643686 0.         0.3247438  0.        ]
 [0.         0.3276634  0.35201314 0.         0.         0.32032344]
 [0.         0.32796016 0.3459321  0.         0.         0.3261078 ]
 [0.         0.3284704  0.34345388 0.         0.         0.32807574]
 [0.         0.3295658  0.33823913 0.         0.         0.33219507]
 [0.         0.32990402 0.34062314 0.         0.         0.32947278]
 [0.         0.3308281  0.3359613  0.         0.         0.3332106 ]
 [0.         0.33023754 0.33201775 0.         0.         0.3377447 ]
 [0.         0.33087778 0.         0.         0.30373737 0.3653849 ]
 [0.         0.3327729  0.         0.         0.31712314 0.350104  ]
 [0.         0.3320725  0.         0.         0.2988796  0.36904794]
 [0.         0.3444568  0.         0.         0.33544484 0.3200984 ]
 [0.         0.3399002  0.         0.         0.34469074 0.3154091 ]
 [0.         0.33263162 0.         0.         0.35325775 0.31411064]
 [0.31371814 0.32805708 0.         0.         0.35822484 0.        ]
 [0.         0.34680593 0.         0.         0.3370158  0.3161783 ]
 [0.         0.34142315 0.         0.         0.34326062 0.31531632]
 [0.         0.33560708 0.         0.         0.3503959  0.31399706]
 [0.31740737 0.32915092 0.         0.         0.35344177 0.        ]
 [0.31879485 0.3471951  0.         0.         0.3340101  0.        ]
 [0.32021302 0.34337193 0.         0.         0.3364151  0.        ]
 [0.32123908 0.33805135 0.         0.         0.3407096  0.        ]
 [0.32150504 0.33245224 0.         0.         0.34604272 0.        ]
 [0.32200378 0.3513486  0.         0.         0.32664764 0.        ]
 [0.32479864 0.34134108 0.         0.         0.3338603  0.        ]
 [0.32822645 0.3336854  0.         0.         0.3380881  0.        ]
 [0.3316109  0.3255129  0.         0.         0.3428763  0.        ]
 [0.32911932 0.         0.         0.34098575 0.         0.32989493]
 [0.33015352 0.         0.         0.34107625 0.         0.3287702 ]
 [0.33005276 0.         0.         0.34067532 0.         0.32927185]
 [0.31274152 0.         0.         0.34124467 0.         0.34601384]
 [0.33860433 0.         0.         0.32341352 0.33798218 0.        ]
 [0.31503886 0.         0.         0.340123   0.         0.34483814]
 [0.33353105 0.         0.         0.33074036 0.3357286  0.        ]
 [0.3031881  0.         0.         0.33942676 0.         0.35738516]
 [0.30222416 0.         0.         0.33858863 0.         0.3591873 ]
 [0.3303373  0.         0.         0.33820152 0.3314612  0.        ]
 [0.3307899  0.         0.         0.3377368  0.33147326 0.        ]
 [0.33059695 0.         0.         0.3350142  0.33438882 0.        ]
 [0.3222428  0.         0.         0.34282967 0.         0.3349275 ]
 [0.32332087 0.         0.         0.3425182  0.         0.33416092]
 [0.3263827  0.         0.         0.3422043  0.         0.33141303]
 [0.30789894 0.         0.         0.34137532 0.         0.35072574]
 [0.3447761  0.         0.33233666 0.32288718 0.         0.        ]
 [0.3497564  0.         0.3188659  0.33137774 0.         0.        ]
 [0.34504828 0.         0.32637575 0.328576   0.         0.        ]
 [0.34912622 0.         0.31019807 0.34067574 0.         0.        ]
 [0.3513076  0.         0.31800124 0.33069113 0.         0.        ]
 [0.3462997  0.         0.3249532  0.32874715 0.         0.        ]
 [0.34969816 0.         0.3183431  0.33195874 0.         0.        ]
 [0.34968308 0.         0.31066212 0.33965477 0.         0.        ]
 [0.34684145 0.         0.33271533 0.3204432  0.         0.        ]
 [0.35505676 0.         0.31957915 0.32536408 0.         0.        ]
 [0.35427964 0.         0.3250324  0.3206879  0.         0.        ]
 [0.35241514 0.         0.32772198 0.31986287 0.         0.        ]
 [0.35439414 0.         0.32028916 0.32531667 0.         0.        ]
 [0.36217463 0.         0.29745907 0.3403663  0.         0.        ]
 [0.349443   0.         0.33109474 0.3194623  0.         0.        ]
 [0.35317522 0.         0.3222514  0.32457337 0.         0.        ]]
13:31:41      Epoch:   0      Batch:   0      OuterStep: 1530      LossModel: 0.00007872     LossTerm2: 0.00000000      Time/Step(s): 2.4193Term3 quantities: 
 [[0.         0.32045856 0.36737815 0.         0.3121633  0.        ]
 [0.         0.32645506 0.358503   0.         0.31504187 0.        ]
 [0.         0.32720056 0.3556811  0.         0.31711835 0.        ]
 [0.         0.3263614  0.35787168 0.         0.         0.31576693]
 [0.         0.3264081  0.35568053 0.         0.         0.31791136]
 [0.         0.32885328 0.34633684 0.         0.32480985 0.        ]
 [0.         0.32752416 0.35213825 0.         0.         0.32033756]
 [0.         0.32770705 0.34612206 0.         0.         0.32617092]
 [0.         0.32852986 0.34348738 0.         0.         0.32798275]
 [0.         0.32945597 0.3383129  0.         0.         0.33223116]
 [0.         0.32985777 0.34067887 0.         0.         0.3294633 ]
 [0.         0.3309651  0.33594084 0.         0.         0.33309403]
 [0.         0.33027425 0.33199346 0.         0.         0.33773223]
 [0.         0.3308962  0.         0.         0.3037671  0.36533672]
 [0.         0.33278725 0.         0.         0.31714585 0.35006693]
 [0.         0.33211884 0.         0.         0.2989111  0.36897007]
 [0.         0.34453282 0.         0.         0.33539668 0.3200705 ]
 [0.         0.3399491  0.         0.         0.34469965 0.3153512 ]
 [0.         0.33267146 0.         0.         0.35320956 0.314119  ]
 [0.3136998  0.3281325  0.         0.         0.35816765 0.        ]
 [0.         0.34682152 0.         0.         0.33705726 0.3161212 ]
 [0.         0.34141973 0.         0.         0.3432951  0.31528518]
 [0.31435362 0.3352041  0.         0.         0.35044226 0.        ]
 [0.31755525 0.32911947 0.         0.         0.35332534 0.        ]
 [0.318824   0.3471636  0.         0.         0.33401242 0.        ]
 [0.32020912 0.34337896 0.         0.         0.33641195 0.        ]
 [0.32125005 0.33803847 0.         0.         0.34071144 0.        ]
 [0.32155392 0.33245656 0.         0.         0.3459895  0.        ]
 [0.32205853 0.35134724 0.         0.         0.3265942  0.        ]
 [0.32490188 0.3412462  0.         0.         0.33385196 0.        ]
 [0.3283146  0.33363825 0.         0.         0.33804715 0.        ]
 [0.33172387 0.32541585 0.         0.         0.3428603  0.        ]
 [0.32961753 0.         0.         0.3411891  0.         0.32919338]
 [0.33046064 0.         0.         0.34120324 0.         0.32833615]
 [0.33058637 0.         0.         0.34087685 0.         0.32853672]
 [0.3131024  0.         0.         0.3414368  0.         0.34546086]
 [0.33871293 0.         0.         0.32340136 0.33788565 0.        ]
 [0.3154446  0.         0.         0.34034142 0.         0.344214  ]
 [0.33362055 0.         0.         0.33078477 0.3355947  0.        ]
 [0.30347246 0.         0.         0.33963287 0.         0.35689473]
 [0.30252784 0.         0.         0.33880016 0.         0.35867193]
 [0.33038846 0.         0.         0.33819222 0.33141935 0.        ]
 [0.33083096 0.         0.         0.33772102 0.33144802 0.        ]
 [0.33066306 0.         0.         0.3349741  0.33436286 0.        ]
 [0.3227152  0.         0.         0.34306052 0.         0.33422434]
 [0.32378888 0.         0.         0.34273916 0.         0.33347198]
 [0.32683012 0.         0.         0.34240896 0.         0.33076093]
 [0.30821934 0.         0.         0.34158683 0.         0.3501938 ]
 [0.34486255 0.         0.33228248 0.322855   0.         0.        ]
 [0.34981132 0.         0.31884363 0.33134508 0.         0.        ]
 [0.34511548 0.         0.32633805 0.32854643 0.         0.        ]
 [0.34913197 0.         0.31017166 0.34069636 0.         0.        ]
 [0.3513743  0.         0.3179655  0.3306602  0.         0.        ]
 [0.34638038 0.         0.3249026  0.32871705 0.         0.        ]
 [0.34987956 0.         0.31818974 0.33193076 0.         0.        ]
 [0.34984133 0.         0.3105117  0.33964694 0.         0.        ]
 [0.3469005  0.         0.33268654 0.32041296 0.         0.        ]
 [0.35515064 0.         0.31950134 0.32534808 0.         0.        ]
 [0.35436457 0.         0.32498667 0.32064876 0.         0.        ]
 [0.35248896 0.         0.32768646 0.31982455 0.         0.        ]
 [0.3544493  0.         0.32027283 0.32527784 0.         0.        ]
 [0.36224774 0.         0.2973228  0.34042946 0.         0.        ]
 [0.34951398 0.         0.33105874 0.31942728 0.         0.        ]
 [0.35318905 0.         0.3222927  0.32451823 0.         0.        ]]
13:32:06      Epoch:   0      Batch:   0      OuterStep: 1540      LossModel: 0.00007626     LossTerm2: 0.00000000      Time/Step(s): 2.2909Term3 quantities: 
 [[0.         0.32045862 0.36737865 0.         0.31216267 0.        ]
 [0.         0.32644784 0.35854065 0.         0.3150115  0.        ]
 [0.         0.3272181  0.35566735 0.         0.3171146  0.        ]
 [0.         0.32628572 0.35806325 0.         0.         0.315651  ]
 [0.         0.32629022 0.35588396 0.         0.         0.31782576]
 [0.         0.32885745 0.3463499  0.         0.3247927  0.        ]
 [0.         0.32735997 0.35230055 0.         0.         0.3203395 ]
 [0.         0.32775146 0.34617615 0.         0.         0.32607242]
 [0.         0.3286022  0.3435142  0.         0.         0.32788363]
 [0.         0.32950687 0.3383553  0.         0.         0.33213785]
 [0.         0.329827   0.3407598  0.         0.         0.32941312]
 [0.         0.33103597 0.3359874  0.         0.         0.3329766 ]
 [0.         0.33024603 0.33199874 0.         0.         0.33775523]
 [0.         0.33088222 0.         0.         0.30385306 0.36526474]
 [0.         0.3327911  0.         0.         0.31719077 0.35001817]
 [0.         0.33213446 0.         0.         0.29897958 0.36888593]
 [0.         0.3445764  0.         0.         0.33544374 0.31997994]
 [0.         0.33998126 0.         0.         0.34474325 0.31527546]
 [0.         0.33269632 0.         0.         0.35331082 0.31399286]
 [0.31373763 0.3281053  0.         0.         0.35815707 0.        ]
 [0.         0.346835   0.         0.         0.33714214 0.3160229 ]
 [0.         0.34142303 0.         0.         0.3433993  0.31517768]
 [0.31427753 0.3356558  0.         0.         0.35006672 0.        ]
 [0.31770778 0.32927945 0.         0.         0.3530127  0.        ]
 [0.3189132  0.34702244 0.         0.         0.33406442 0.        ]
 [0.32028434 0.34321034 0.         0.         0.33650538 0.        ]
 [0.32134518 0.33791775 0.         0.         0.34073707 0.        ]
 [0.32164034 0.33235008 0.         0.         0.34600952 0.        ]
 [0.32214046 0.35120657 0.         0.         0.32665303 0.        ]
 [0.32507285 0.34110782 0.         0.         0.3338193  0.        ]
 [0.32842907 0.33350244 0.         0.         0.33806852 0.        ]
 [0.33185935 0.32529804 0.         0.         0.34284264 0.        ]
 [0.32993    0.         0.         0.3412394  0.         0.32883063]
 [0.3308965  0.         0.         0.34134254 0.         0.32776096]
 [0.33085167 0.         0.         0.34089532 0.         0.32825297]
 [0.3137383  0.         0.         0.3417037  0.         0.34455794]
 [0.33887464 0.         0.         0.32343277 0.3376926  0.        ]
 [0.31604245 0.         0.         0.34059137 0.         0.34336615]
 [0.3338008  0.         0.         0.3309186  0.33528066 0.        ]
 [0.30408898 0.         0.         0.34000164 0.         0.3559094 ]
 [0.30316952 0.         0.         0.33917874 0.         0.3576517 ]
 [0.3305269  0.         0.         0.33819804 0.3312751  0.        ]
 [0.33096108 0.         0.         0.33773324 0.33130565 0.        ]
 [0.3307947  0.         0.         0.3349737  0.33423164 0.        ]
 [0.32324013 0.         0.         0.3432336  0.         0.33352625]
 [0.32432967 0.         0.         0.34291634 0.         0.33275402]
 [0.32726255 0.         0.         0.3425434  0.         0.33019406]
 [0.3088816  0.         0.         0.34193677 0.         0.34918162]
 [0.34499645 0.         0.3322216  0.32278204 0.         0.        ]
 [0.34993666 0.         0.3187614  0.33130196 0.         0.        ]
 [0.34522748 0.         0.32630622 0.32846633 0.         0.        ]
 [0.3491395  0.         0.3101639  0.34069663 0.         0.        ]
 [0.35148382 0.         0.31790367 0.3306125  0.         0.        ]
 [0.34650415 0.         0.32483995 0.32865593 0.         0.        ]
 [0.34998918 0.         0.31825334 0.33175752 0.         0.        ]
 [0.35005033 0.         0.3102575  0.3396922  0.         0.        ]
 [0.3470069  0.         0.33262846 0.3203647  0.         0.        ]
 [0.35526267 0.         0.3194514  0.3252859  0.         0.        ]
 [0.35451987 0.         0.32489368 0.32058644 0.         0.        ]
 [0.35263017 0.         0.32760337 0.3197665  0.         0.        ]
 [0.3546032  0.         0.32019615 0.32520065 0.         0.        ]
 [0.3623457  0.         0.29719847 0.3404558  0.         0.        ]
 [0.34964895 0.         0.33097982 0.3193712  0.         0.        ]
 [0.35332945 0.         0.32222068 0.32444984 0.         0.        ]]
13:32:31      Epoch:   0      Batch:   0      OuterStep: 1550      LossModel: 0.00007837     LossTerm2: 0.00000000      Time/Step(s): 2.3999Term3 quantities: 
 [[0.         0.32046545 0.3673773  0.         0.3121573  0.        ]
 [0.         0.3264565  0.35855234 0.         0.31499118 0.        ]
 [0.         0.32718995 0.3557519  0.         0.31705812 0.        ]
 [0.         0.32623604 0.35820022 0.         0.         0.31556368]
 [0.         0.326199   0.35602504 0.         0.         0.31777588]
 [0.         0.3288819  0.34627    0.         0.32484815 0.        ]
 [0.         0.32747614 0.3523686  0.         0.         0.3201552 ]
 [0.         0.32764658 0.34630144 0.         0.         0.32605198]
 [0.         0.32840833 0.3436472  0.         0.         0.32794443]
 [0.         0.32959002 0.3383822  0.         0.         0.33202773]
 [0.         0.32989016 0.34077826 0.         0.         0.3293316 ]
 [0.         0.33089846 0.3360345  0.         0.         0.3330671 ]
 [0.         0.3302597  0.33200663 0.         0.         0.3377337 ]
 [0.         0.33090135 0.         0.         0.30385354 0.36524513]
 [0.         0.33280003 0.         0.         0.31721646 0.34998345]
 [0.         0.3321537  0.         0.         0.29900193 0.36884436]
 [0.         0.34458435 0.         0.         0.3354523  0.3199634 ]
 [0.         0.33999607 0.         0.         0.3448008  0.3152032 ]
 [0.         0.3327295  0.         0.         0.35329622 0.31397432]
 [0.31374958 0.32808128 0.         0.         0.35816914 0.        ]
 [0.         0.3468212  0.         0.         0.33720762 0.31597123]
 [0.         0.34139514 0.         0.         0.3434284  0.3151765 ]
 [0.31423727 0.33585253 0.         0.         0.3499102  0.        ]
 [0.3177865  0.32947525 0.         0.         0.35273826 0.        ]
 [0.31894794 0.34694946 0.         0.         0.33410266 0.        ]
 [0.32036287 0.34321117 0.         0.         0.33642602 0.        ]
 [0.32141548 0.3378299  0.         0.         0.34075466 0.        ]
 [0.32164955 0.33230022 0.         0.         0.34605023 0.        ]
 [0.32214963 0.35108608 0.         0.         0.3267643  0.        ]
 [0.3251266  0.34098685 0.         0.         0.3338865  0.        ]
 [0.328496   0.33345068 0.         0.         0.3380533  0.        ]
 [0.33194327 0.32517588 0.         0.         0.34288087 0.        ]
 [0.32994798 0.         0.         0.34117875 0.         0.3288733 ]
 [0.33088866 0.         0.         0.34128395 0.         0.32782736]
 [0.33089778 0.         0.         0.34083483 0.         0.32826734]
 [0.31400055 0.         0.         0.3417893  0.         0.34421015]
 [0.33903295 0.         0.         0.3234729  0.3374941  0.        ]
 [0.31627893 0.         0.         0.34066695 0.         0.34305415]
 [0.3339438  0.         0.         0.33101264 0.33504358 0.        ]
 [0.3045192  0.         0.         0.34022203 0.         0.35525873]
 [0.3035955  0.         0.         0.33939517 0.         0.35700935]
 [0.3306678  0.         0.         0.33814472 0.33118755 0.        ]
 [0.33106762 0.         0.         0.3377003  0.33123207 0.        ]
 [0.33092004 0.         0.         0.33493027 0.3341497  0.        ]
 [0.32342374 0.         0.         0.34326705 0.         0.3333092 ]
 [0.32446095 0.         0.         0.3429128  0.         0.3326263 ]
 [0.327389   0.         0.         0.34253722 0.         0.3300737 ]
 [0.30931485 0.         0.         0.34214106 0.         0.34854406]
 [0.34505326 0.         0.33226684 0.32267997 0.         0.        ]
 [0.34998852 0.         0.31880772 0.33120373 0.         0.        ]
 [0.34528688 0.         0.32630345 0.32840964 0.         0.        ]
 [0.3492329  0.         0.3101626  0.34060448 0.         0.        ]
 [0.3515253  0.         0.31795582 0.33051884 0.         0.        ]
 [0.3465417  0.         0.3249008  0.32855755 0.         0.        ]
 [0.3500838  0.         0.3182243  0.33169186 0.         0.        ]
 [0.35004106 0.         0.31025615 0.33970276 0.         0.        ]
 [0.34705088 0.         0.3326709  0.32027832 0.         0.        ]
 [0.35538176 0.         0.31944206 0.32517615 0.         0.        ]
 [0.35460058 0.         0.32492518 0.3204742  0.         0.        ]
 [0.35270712 0.         0.32763124 0.31966165 0.         0.        ]
 [0.3546868  0.         0.32020086 0.3251123  0.         0.        ]
 [0.36243996 0.         0.29715335 0.34040672 0.         0.        ]
 [0.34972882 0.         0.33100212 0.31926906 0.         0.        ]
 [0.3534279  0.         0.32222798 0.32434413 0.         0.        ]]
        Validation Criterion: 0.00039905
13:32:57      Epoch:   0      Batch:   0      OuterStep: 1560      LossModel: 0.00007963     LossTerm2: 0.00000000      Time/Step(s): 2.5494Term3 quantities: 
 [[0.         0.32044998 0.3674303  0.         0.31211972 0.        ]
 [0.         0.32648852 0.3585073  0.         0.31500414 0.        ]
 [0.         0.3272223  0.35569507 0.         0.3170826  0.        ]
 [0.         0.32626963 0.3582112  0.         0.         0.31551924]
 [0.         0.326298   0.35604107 0.         0.         0.31766093]
 [0.         0.32886833 0.346296   0.         0.3248357  0.        ]
 [0.         0.3274813  0.35243636 0.         0.         0.32008228]
 [0.         0.327743   0.34633186 0.         0.         0.3259251 ]
 [0.         0.3283062  0.34369135 0.         0.         0.32800248]
 [0.         0.32944673 0.3384477  0.         0.         0.33210558]
 [0.         0.32978365 0.34084043 0.         0.         0.32937592]
 [0.         0.33097777 0.33602756 0.         0.         0.3329947 ]
 [0.         0.33031744 0.3319674  0.         0.         0.3377152 ]
 [0.         0.33089915 0.         0.         0.30387563 0.36522526]
 [0.         0.3328252  0.         0.         0.31719425 0.34998047]
 [0.         0.3321694  0.         0.         0.29897413 0.36885646]
 [0.         0.3445767  0.         0.         0.33547473 0.31994852]
 [0.         0.3399824  0.         0.         0.34483314 0.31518444]
 [0.         0.33274704 0.         0.         0.35332382 0.31392926]
 [0.3137239  0.32808    0.         0.         0.3581962  0.        ]
 [0.         0.34689763 0.         0.         0.33751765 0.31558475]
 [0.31528127 0.34112874 0.         0.         0.34358996 0.        ]
 [0.         0.33620998 0.         0.         0.34949896 0.314291  ]
 [0.31764296 0.3297045  0.         0.         0.35265258 0.        ]
 [0.31892717 0.34690282 0.         0.         0.33417007 0.        ]
 [0.3203979  0.34326062 0.         0.         0.3363415  0.        ]
 [0.32137907 0.33789408 0.         0.         0.3407268  0.        ]
 [0.32158735 0.3323155  0.         0.         0.34609714 0.        ]
 [0.32214212 0.3510416  0.         0.         0.3268163  0.        ]
 [0.32511547 0.34096068 0.         0.         0.33392388 0.        ]
 [0.32848218 0.3334637  0.         0.         0.33805418 0.        ]
 [0.33193895 0.32514426 0.         0.         0.34291682 0.        ]
 [0.33009067 0.         0.         0.3411862  0.         0.32872313]
 [0.3309111  0.         0.         0.34124678 0.         0.32784203]
 [0.33107266 0.         0.         0.34084895 0.         0.32807842]
 [0.313968   0.         0.         0.34173122 0.         0.34430075]
 [0.3390959  0.         0.         0.32338485 0.33751923 0.        ]
 [0.31621283 0.         0.         0.3406064  0.         0.3431808 ]
 [0.3339721  0.         0.         0.33091027 0.3351176  0.        ]
 [0.3046508  0.         0.         0.34028116 0.         0.355068  ]
 [0.3037064  0.         0.         0.33943787 0.         0.35685578]
 [0.3307082  0.         0.         0.33806965 0.33122215 0.        ]
 [0.33113545 0.         0.         0.33763808 0.3312265  0.        ]
 [0.33099702 0.         0.         0.33487377 0.33412915 0.        ]
 [0.32335174 0.         0.         0.3431847  0.         0.33346355]
 [0.3244687  0.         0.         0.3428675  0.         0.33266377]
 [0.32732993 0.         0.         0.34245327 0.         0.33021677]
 [0.3093622  0.         0.         0.3421344  0.         0.34850347]
 [0.34504765 0.         0.33235437 0.32259795 0.         0.        ]
 [0.35001338 0.         0.3188377  0.33114898 0.         0.        ]
 [0.34526142 0.         0.3264143  0.32832438 0.         0.        ]
 [0.34935462 0.         0.31002554 0.3406198  0.         0.        ]
 [0.35154557 0.         0.3179897  0.33046466 0.         0.        ]
 [0.34653777 0.         0.32497555 0.32848665 0.         0.        ]
 [0.34996003 0.         0.3185292  0.3315108  0.         0.        ]
 [0.3499237  0.         0.3104329  0.33964345 0.         0.        ]
 [0.34706378 0.         0.3327208  0.32021546 0.         0.        ]
 [0.35544768 0.         0.31944814 0.32510418 0.         0.        ]
 [0.35463512 0.         0.3249655  0.32039934 0.         0.        ]
 [0.35273924 0.         0.32767546 0.31958532 0.         0.        ]
 [0.35469413 0.         0.32029602 0.3250098  0.         0.        ]
 [0.36256692 0.         0.29702508 0.34040803 0.         0.        ]
 [0.34976634 0.         0.3310385  0.31919512 0.         0.        ]
 [0.35347775 0.         0.32226968 0.32425252 0.         0.        ]]
13:33:22      Epoch:   0      Batch:   0      OuterStep: 1570      LossModel: 0.00007702     LossTerm2: 0.00000000      Time/Step(s): 2.4363Term3 quantities: 
 [[0.         0.32046154 0.36741245 0.         0.31212604 0.        ]
 [0.         0.32645327 0.35858706 0.         0.31495965 0.        ]
 [0.         0.32722056 0.35573056 0.         0.31704885 0.        ]
 [0.         0.3262394  0.35824394 0.         0.         0.31551668]
 [0.         0.32629928 0.35604137 0.         0.         0.31765935]
 [0.         0.32887316 0.3461656  0.         0.32496122 0.        ]
 [0.         0.32750654 0.3524391  0.         0.         0.32005435]
 [0.         0.32777095 0.34625477 0.         0.         0.32597432]
 [0.         0.32836267 0.3436536  0.         0.         0.32798374]
 [0.         0.3294861  0.33843344 0.         0.         0.3320805 ]
 [0.         0.32978356 0.34082255 0.         0.         0.32939392]
 [0.         0.33107123 0.33594877 0.         0.         0.33298013]
 [0.         0.33033663 0.33190978 0.         0.         0.3377536 ]
 [0.         0.33087796 0.         0.         0.3038503  0.36527178]
 [0.         0.33281362 0.         0.         0.31719786 0.34998852]
 [0.         0.3321539  0.         0.         0.29899278 0.36885333]
 [0.         0.34457183 0.         0.         0.33545122 0.31997696]
 [0.         0.3399622  0.         0.         0.34486252 0.31517527]
 [0.         0.33272904 0.         0.         0.35327524 0.3139957 ]
 [0.3136659  0.32812032 0.         0.         0.3582138  0.        ]
 [0.         0.34710768 0.         0.         0.3373563  0.31553608]
 [0.31475914 0.34165016 0.         0.         0.3435908  0.        ]
 [0.         0.335992   0.         0.         0.350051   0.31395692]
 [0.3174009  0.32969576 0.         0.         0.3529034  0.        ]
 [0.31884786 0.34697744 0.         0.         0.3341747  0.        ]
 [0.32032326 0.34330752 0.         0.         0.33636925 0.        ]
 [0.32130796 0.33788997 0.         0.         0.3408021  0.        ]
 [0.32149735 0.3323662  0.         0.         0.3461364  0.        ]
 [0.32212093 0.351118   0.         0.         0.326761   0.        ]
 [0.32500988 0.34104747 0.         0.         0.33394265 0.        ]
 [0.32837376 0.33353186 0.         0.         0.33809435 0.        ]
 [0.33184254 0.32522434 0.         0.         0.34293315 0.        ]
 [0.3300094  0.         0.         0.3411165  0.         0.32887414]
 [0.33094054 0.         0.         0.34122607 0.         0.32783338]
 [0.33103114 0.         0.         0.340791   0.         0.3281778 ]
 [0.31387156 0.         0.         0.34165773 0.         0.34447074]
 [0.33909598 0.         0.         0.32329875 0.3376053  0.        ]
 [0.3161005  0.         0.         0.3405428  0.         0.3433567 ]
 [0.33396253 0.         0.         0.33083946 0.33519796 0.        ]
 [0.30454153 0.         0.         0.34022728 0.         0.35523117]
 [0.30359116 0.         0.         0.33937833 0.         0.35703048]
 [0.3306679  0.         0.         0.33800498 0.33132717 0.        ]
 [0.33116385 0.         0.         0.33759987 0.33123624 0.        ]
 [0.3310239  0.         0.         0.33482388 0.33415216 0.        ]
 [0.32329416 0.         0.         0.3431245  0.         0.33358133]
 [0.3244137  0.         0.         0.34280387 0.         0.33278242]
 [0.32750708 0.         0.         0.34247738 0.         0.33001554]
 [0.30918324 0.         0.         0.34202233 0.         0.34879437]
 [0.34502867 0.         0.33242097 0.3225504  0.         0.        ]
 [0.34998575 0.         0.31890666 0.3311076  0.         0.        ]
 [0.34524226 0.         0.32647267 0.32828504 0.         0.        ]
 [0.3492216  0.         0.31010008 0.34067827 0.         0.        ]
 [0.35153052 0.         0.31804496 0.33042458 0.         0.        ]
 [0.3465122  0.         0.32505313 0.32843474 0.         0.        ]
 [0.34996027 0.         0.31855536 0.33148438 0.         0.        ]
 [0.3501144  0.         0.31024516 0.3396404  0.         0.        ]
 [0.347054   0.         0.33277157 0.3201745  0.         0.        ]
 [0.35543483 0.         0.31947947 0.32508576 0.         0.        ]
 [0.35462135 0.         0.32503268 0.32034594 0.         0.        ]
 [0.35273018 0.         0.32773614 0.31953365 0.         0.        ]
 [0.3547193  0.         0.32029504 0.3249856  0.         0.        ]
 [0.3626496  0.         0.2968846  0.3404658  0.         0.        ]
 [0.34977305 0.         0.33108014 0.31914684 0.         0.        ]
 [0.3534765  0.         0.3223027  0.32422078 0.         0.        ]]
13:33:45      Epoch:   0      Batch:   0      OuterStep: 1580      LossModel: 0.00007809     LossTerm2: 0.00000000      Time/Step(s): 2.4188Term3 quantities: 
 [[0.         0.3204679  0.36741266 0.         0.3121195  0.        ]
 [0.         0.3264894  0.35850203 0.         0.31500867 0.        ]
 [0.         0.32725608 0.3556984  0.         0.31704548 0.        ]
 [0.         0.32615215 0.35821232 0.         0.         0.31563553]
 [0.         0.3261273  0.35605937 0.         0.         0.31781328]
 [0.         0.328848   0.34617427 0.         0.32497773 0.        ]
 [0.         0.32743675 0.3524245  0.         0.         0.32013875]
 [0.         0.3276266  0.3462718  0.         0.         0.32610154]
 [0.         0.32831955 0.34361222 0.         0.         0.32806823]
 [0.         0.32942826 0.33837524 0.         0.         0.3321964 ]
 [0.         0.32983202 0.3407167  0.         0.         0.3294513 ]
 [0.         0.3310085  0.3358679  0.         0.         0.33312356]
 [0.         0.3302021  0.33185095 0.         0.         0.33794698]
 [0.         0.33080956 0.         0.         0.30387694 0.36531344]
 [0.         0.332777   0.         0.         0.31720924 0.3500138 ]
 [0.         0.33210784 0.         0.         0.29897946 0.36891267]
 [0.         0.3445559  0.         0.         0.33544824 0.31999588]
 [0.         0.33994302 0.         0.         0.3449287  0.31512833]
 [0.         0.33268926 0.         0.         0.3533084  0.31400234]
 [0.3136789  0.3280813  0.         0.         0.35823986 0.        ]
 [0.         0.34720668 0.         0.         0.33687955 0.31591377]
 [0.         0.34181222 0.         0.         0.34311202 0.31507573]
 [0.         0.33593917 0.         0.         0.3499756  0.31408525]
 [0.3173204  0.32945222 0.         0.         0.3532274  0.        ]
 [0.31877428 0.34707472 0.         0.         0.33415103 0.        ]
 [0.3201826  0.34330794 0.         0.         0.3365095  0.        ]
 [0.32122636 0.33794987 0.         0.         0.34082383 0.        ]
 [0.3214029  0.33241558 0.         0.         0.34618154 0.        ]
 [0.32206896 0.35115063 0.         0.         0.32678047 0.        ]
 [0.32494313 0.34108472 0.         0.         0.3339722  0.        ]
 [0.32825923 0.3335447  0.         0.         0.33819604 0.        ]
 [0.331768   0.32525256 0.         0.         0.34297946 0.        ]
 [0.32947373 0.         0.         0.3408926  0.         0.32963362]
 [0.330531   0.         0.         0.3410375  0.         0.32843152]
 [0.33053774 0.         0.         0.34059805 0.         0.32886428]
 [0.31339866 0.         0.         0.3414137  0.         0.34518766]
 [0.33906928 0.         0.         0.3232837  0.33764702 0.        ]
 [0.31560412 0.         0.         0.34029746 0.         0.34409845]
 [0.3338957  0.         0.         0.33079627 0.33530796 0.        ]
 [0.30399892 0.         0.         0.33993563 0.         0.35606548]
 [0.30302012 0.         0.         0.33906913 0.         0.35791072]
 [0.33060366 0.         0.         0.3379698  0.3314265  0.        ]
 [0.33110133 0.         0.         0.3375541  0.3313446  0.        ]
 [0.33098534 0.         0.         0.33478227 0.3342324  0.        ]
 [0.32281    0.         0.         0.34289768 0.         0.33429232]
 [0.32390985 0.         0.         0.34256724 0.         0.3335229 ]
 [0.3269891  0.         0.         0.3422179  0.         0.33079293]
 [0.3086168  0.         0.         0.34173232 0.         0.34965092]
 [0.34492603 0.         0.3324995  0.32257453 0.         0.        ]
 [0.3498761  0.         0.31899422 0.33112964 0.         0.        ]
 [0.34514958 0.         0.32656178 0.32828867 0.         0.        ]
 [0.34902573 0.         0.3102063  0.34076795 0.         0.        ]
 [0.3514438  0.         0.31811437 0.33044177 0.         0.        ]
 [0.34640685 0.         0.32514995 0.32844323 0.         0.        ]
 [0.3497758  0.         0.31878972 0.33143452 0.         0.        ]
 [0.3499822  0.         0.31019893 0.33981887 0.         0.        ]
 [0.34697187 0.         0.33285043 0.32017773 0.         0.        ]
 [0.35530174 0.         0.31957692 0.3251213  0.         0.        ]
 [0.35451347 0.         0.325116   0.32037055 0.         0.        ]
 [0.35263422 0.         0.3278151  0.3195507  0.         0.        ]
 [0.35459965 0.         0.3203778  0.3250226  0.         0.        ]
 [0.36256218 0.         0.29687524 0.3405626  0.         0.        ]
 [0.34968275 0.         0.33115742 0.3191599  0.         0.        ]
 [0.35336608 0.         0.3224021  0.32423186 0.         0.        ]]
13:34:10      Epoch:   0      Batch:   0      OuterStep: 1590      LossModel: 0.00007695     LossTerm2: 0.00000000      Time/Step(s): 2.6569Term3 quantities: 
 [[0.         0.32046616 0.36739752 0.         0.31213635 0.        ]
 [0.         0.32651728 0.35846055 0.         0.31502217 0.        ]
 [0.         0.32726043 0.35570356 0.         0.3170359  0.        ]
 [0.         0.3261185  0.35815063 0.         0.         0.31573087]
 [0.         0.32610935 0.35596532 0.         0.         0.31792536]
 [0.         0.32881492 0.34613013 0.         0.32505488 0.        ]
 [0.         0.32729355 0.35238308 0.         0.         0.3203234 ]
 [0.         0.32779828 0.34606794 0.         0.         0.32613373]
 [0.         0.32838684 0.34348717 0.         0.         0.32812604]
 [0.         0.3293105  0.3383243  0.         0.         0.3323652 ]
 [0.         0.32979238 0.34061807 0.         0.         0.3295895 ]
 [0.         0.33079514 0.33580655 0.         0.         0.33339834]
 [0.         0.3301836  0.33173367 0.         0.         0.3380827 ]
 [0.         0.33075404 0.         0.         0.30384952 0.36539644]
 [0.         0.3327345  0.         0.         0.31721014 0.35005534]
 [0.         0.33207664 0.         0.         0.29893935 0.368984  ]
 [0.         0.34458262 0.         0.         0.33533964 0.32007778]
 [0.         0.3399508  0.         0.         0.34487    0.31517917]
 [0.         0.33264822 0.         0.         0.35327923 0.31407258]
 [0.31369355 0.32809418 0.         0.         0.3582123  0.        ]
 [0.         0.34719223 0.         0.         0.3370608  0.31574693]
 [0.         0.34185845 0.         0.         0.34324762 0.31489393]
 [0.         0.33585614 0.         0.         0.3499055  0.3142384 ]
 [0.3171935  0.3293767  0.         0.         0.3534298  0.        ]
 [0.31867412 0.347164   0.         0.         0.33416197 0.        ]
 [0.3200888  0.3433273  0.         0.         0.33658397 0.        ]
 [0.3211291  0.3380331  0.         0.         0.34083778 0.        ]
 [0.32127398 0.33255973 0.         0.         0.34616628 0.        ]
 [0.3220005  0.3512035  0.         0.         0.32679597 0.        ]
 [0.32480773 0.34115958 0.         0.         0.33403268 0.        ]
 [0.3281722  0.33363998 0.         0.         0.3381878  0.        ]
 [0.33162764 0.32537514 0.         0.         0.34299728 0.        ]
 [0.32933426 0.         0.         0.34088847 0.         0.32977724]
 [0.3302679  0.         0.         0.3409559  0.         0.3287762 ]
 [0.33039862 0.         0.         0.3405934  0.         0.32900804]
 [0.3128163  0.         0.         0.3411807  0.         0.34600297]
 [0.3389888  0.         0.         0.32322752 0.33778366 0.        ]
 [0.31510165 0.         0.         0.34011048 0.         0.34478787]
 [0.3337576  0.         0.         0.33067018 0.33557227 0.        ]
 [0.30327296 0.         0.         0.339587   0.         0.35713997]
 [0.302278   0.         0.         0.33871037 0.         0.35901162]
 [0.33048314 0.         0.         0.33793703 0.33157986 0.        ]
 [0.3309622  0.         0.         0.3375172  0.3315206  0.        ]
 [0.33086067 0.         0.         0.33472672 0.33441257 0.        ]
 [0.32231835 0.         0.         0.3427237  0.         0.33495802]
 [0.32345164 0.         0.         0.34241197 0.         0.3341364 ]
 [0.32648155 0.         0.         0.3420108  0.         0.33150768]
 [0.30787298 0.         0.         0.34137976 0.         0.35074726]
 [0.344785   0.         0.33256632 0.3226487  0.         0.        ]
 [0.34975436 0.         0.3190391  0.33120653 0.         0.        ]
 [0.3450336  0.         0.32661903 0.32834736 0.         0.        ]
 [0.3488019  0.         0.3102744  0.34092367 0.         0.        ]
 [0.3513218  0.         0.31816232 0.3305159  0.         0.        ]
 [0.3462738  0.         0.32521984 0.3285064  0.         0.        ]
 [0.34959584 0.         0.31890732 0.33149675 0.         0.        ]
 [0.34980008 0.         0.31026715 0.33993277 0.         0.        ]
 [0.34687406 0.         0.3328886  0.32023728 0.         0.        ]
 [0.3551354  0.         0.31962898 0.32523566 0.         0.        ]
 [0.35435307 0.         0.32519734 0.3204496  0.         0.        ]
 [0.35248864 0.         0.32789275 0.31961864 0.         0.        ]
 [0.35442814 0.         0.32044622 0.32512566 0.         0.        ]
 [0.36241356 0.         0.2968328  0.34075364 0.         0.        ]
 [0.34954223 0.         0.33122373 0.31923404 0.         0.        ]
 [0.35320595 0.         0.3224412  0.32435283 0.         0.        ]]
13:34:34      Epoch:   0      Batch:   0      OuterStep: 1600      LossModel: 0.00007951     LossTerm2: 0.00000000      Time/Step(s): 2.4027Term3 quantities: 
 [[0.         0.3204712  0.36732984 0.         0.31219897 0.        ]
 [0.         0.32652348 0.35847062 0.         0.31500587 0.        ]
 [0.         0.32727033 0.35564747 0.         0.31708217 0.        ]
 [0.         0.32607836 0.35809737 0.         0.         0.3158243 ]
 [0.         0.3260703  0.35593885 0.         0.         0.31799084]
 [0.         0.3288485  0.3460456  0.         0.32510582 0.        ]
 [0.         0.32728684 0.3523463  0.         0.         0.32036686]
 [0.         0.3275827  0.34611213 0.         0.         0.3263052 ]
 [0.         0.32842532 0.3433922  0.         0.         0.32818255]
 [0.         0.32937318 0.33826342 0.         0.         0.33236343]
 [0.         0.3296187  0.34058908 0.         0.         0.32979226]
 [0.         0.33088696 0.33570188 0.         0.         0.33341113]
 [0.         0.33024666 0.33162805 0.         0.         0.3381253 ]
 [0.         0.33071056 0.         0.         0.30386525 0.36542422]
 [0.         0.33270505 0.         0.         0.317205   0.35008997]
 [0.         0.33205086 0.         0.         0.29895046 0.36899865]
 [0.         0.34462953 0.         0.         0.33527935 0.32009113]
 [0.         0.33999005 0.         0.         0.34486556 0.3151444 ]
 [0.         0.33265838 0.         0.         0.35327315 0.31406844]
 [0.31371367 0.32813525 0.         0.         0.3581511  0.        ]
 [0.         0.34716713 0.         0.         0.33695433 0.31587857]
 [0.         0.3418557  0.         0.         0.34311572 0.31502864]
 [0.         0.33577806 0.         0.         0.3499191  0.31430283]
 [0.31721747 0.32925385 0.         0.         0.35352877 0.        ]
 [0.31863332 0.3472231  0.         0.         0.3341436  0.        ]
 [0.32007602 0.34339553 0.         0.         0.33652845 0.        ]
 [0.32106522 0.33808303 0.         0.         0.34085166 0.        ]
 [0.32126012 0.3326299  0.         0.         0.34611    0.        ]
 [0.32199916 0.35124367 0.         0.         0.32675713 0.        ]
 [0.32483077 0.34119457 0.         0.         0.3339746  0.        ]
 [0.32817426 0.33374405 0.         0.         0.3380817  0.        ]
 [0.3315994  0.32541153 0.         0.         0.3429891  0.        ]
 [0.3293163  0.         0.         0.34091344 0.         0.32977027]
 [0.33028084 0.         0.         0.34098712 0.         0.328732  ]
 [0.33046255 0.         0.         0.34065107 0.         0.3288864 ]
 [0.31263053 0.         0.         0.3411208  0.         0.34624863]
 [0.33893526 0.         0.         0.32315347 0.33791128 0.        ]
 [0.314967   0.         0.         0.34008497 0.         0.3449481 ]
 [0.33368522 0.         0.         0.3306105  0.33570427 0.        ]
 [0.3028238  0.         0.         0.33940968 0.         0.3577665 ]
 [0.30184197 0.         0.         0.3385357  0.         0.35962233]
 [0.33040658 0.         0.         0.33795416 0.33163926 0.        ]
 [0.3308989  0.         0.         0.33751872 0.33158243 0.        ]
 [0.33076507 0.         0.         0.33468714 0.3345478  0.        ]
 [0.32223213 0.         0.         0.34272307 0.         0.33504483]
 [0.32342967 0.         0.         0.34243086 0.         0.3341395 ]
 [0.3266331  0.         0.         0.34209934 0.         0.33126754]
 [0.30752555 0.         0.         0.34125546 0.         0.351219  ]
 [0.34475234 0.         0.3325035  0.32274413 0.         0.        ]
 [0.34971628 0.         0.31900197 0.3312817  0.         0.        ]
 [0.34498432 0.         0.326605   0.32841066 0.         0.        ]
 [0.34880084 0.         0.31019253 0.34100664 0.         0.        ]
 [0.35126838 0.         0.318142   0.3305896  0.         0.        ]
 [0.3462368  0.         0.32518354 0.32857963 0.         0.        ]
 [0.3495759  0.         0.3189353  0.33148882 0.         0.        ]
 [0.3496332  0.         0.31016195 0.34020483 0.         0.        ]
 [0.34683305 0.         0.3328673  0.32029966 0.         0.        ]
 [0.35507035 0.         0.3195961  0.3253335  0.         0.        ]
 [0.35428905 0.         0.3251674  0.32054356 0.         0.        ]
 [0.35242173 0.         0.32787907 0.3196992  0.         0.        ]
 [0.35435468 0.         0.3204074  0.32523796 0.         0.        ]
 [0.36232984 0.         0.29676107 0.34090918 0.         0.        ]
 [0.34946162 0.         0.33122626 0.31931213 0.         0.        ]
 [0.35310423 0.         0.3224646  0.32443124 0.         0.        ]]
        Validation Criterion: 0.00037493
        Saving best model so far ...
13:35:00      Epoch:   0      Batch:   0      OuterStep: 1610      LossModel: 0.00007656     LossTerm2: 0.00000000      Time/Step(s): 2.9322Term3 quantities: 
 [[0.         0.32046956 0.367315   0.         0.3122155  0.        ]
 [0.         0.32657552 0.35838902 0.         0.31503546 0.        ]
 [0.         0.32728487 0.3556076  0.         0.31710744 0.        ]
 [0.         0.32602432 0.35811102 0.         0.         0.31586465]
 [0.         0.32613745 0.35589844 0.         0.         0.31796417]
 [0.         0.3288708  0.34599897 0.         0.32513025 0.        ]
 [0.         0.32730132 0.35234982 0.         0.         0.3203488 ]
 [0.         0.32762522 0.34606466 0.         0.         0.32631013]
 [0.         0.32834676 0.34340802 0.         0.         0.32824525]
 [0.         0.32931033 0.33824268 0.         0.         0.33244693]
 [0.         0.3297598  0.34052044 0.         0.         0.3297198 ]
 [0.         0.33082238 0.3356656  0.         0.         0.33351198]
 [0.         0.3302767  0.3315547  0.         0.         0.3381686 ]
 [0.         0.33071965 0.         0.         0.3038497  0.36543068]
 [0.         0.33266774 0.         0.         0.31720716 0.35012513]
 [0.         0.3320562  0.         0.         0.2989213  0.36902252]
 [0.         0.3446964  0.         0.         0.33521265 0.320091  ]
 [0.         0.3400394  0.         0.         0.34483653 0.315124  ]
 [0.         0.3327001  0.         0.         0.3532141  0.31408584]
 [0.3137731  0.3281284  0.         0.         0.35809848 0.        ]
 [0.         0.34713507 0.         0.         0.33701083 0.3158542 ]
 [0.         0.34185508 0.         0.         0.3431946  0.31495035]
 [0.         0.33576152 0.         0.         0.35011688 0.31412157]
 [0.3172616  0.3291882  0.         0.         0.35355017 0.        ]
 [0.3186358  0.3472461  0.         0.         0.3341181  0.        ]
 [0.32005957 0.34344164 0.         0.         0.33649877 0.        ]
 [0.32106075 0.33811432 0.         0.         0.34082493 0.        ]
 [0.3212625  0.33270887 0.         0.         0.34602863 0.        ]
 [0.3220095  0.3512589  0.         0.         0.32673153 0.        ]
 [0.32486984 0.3412232  0.         0.         0.33390695 0.        ]
 [0.3281988  0.3338019  0.         0.         0.3379993  0.        ]
 [0.33161756 0.3254519  0.         0.         0.34293056 0.        ]
 [0.3292585  0.         0.         0.3409195  0.         0.329822  ]
 [0.3302704  0.         0.         0.34099907 0.         0.3287305 ]
 [0.33037516 0.         0.         0.34063542 0.         0.32898936]
 [0.3127631  0.         0.         0.3412214  0.         0.34601548]
 [0.3389457  0.         0.         0.32310632 0.33794796 0.        ]
 [0.3150435  0.         0.         0.3401624  0.         0.34479406]
 [0.3336856  0.         0.         0.33063638 0.33567807 0.        ]
 [0.30268708 0.         0.         0.33940762 0.         0.3579053 ]
 [0.30172503 0.         0.         0.33853757 0.         0.35973737]
 [0.3304306  0.         0.         0.33798337 0.331586   0.        ]
 [0.3308948  0.         0.         0.33753893 0.33156624 0.        ]
 [0.33075216 0.         0.         0.33468896 0.33455887 0.        ]
 [0.32231715 0.         0.         0.34279737 0.         0.33488548]
 [0.3234747  0.         0.         0.3424895  0.         0.33403572]
 [0.32657373 0.         0.         0.34207857 0.         0.3313477 ]
 [0.3075034  0.         0.         0.34130153 0.         0.35119504]
 [0.344772   0.         0.3324192  0.32280874 0.         0.        ]
 [0.34972805 0.         0.31893367 0.33133832 0.         0.        ]
 [0.34499204 0.         0.32656515 0.32844278 0.         0.        ]
 [0.34883985 0.         0.3100034  0.34115666 0.         0.        ]
 [0.3512796  0.         0.31808132 0.3306391  0.         0.        ]
 [0.34624565 0.         0.32512435 0.32863003 0.         0.        ]
 [0.34967464 0.         0.31877765 0.3315477  0.         0.        ]
 [0.3494998  0.         0.310194   0.34030622 0.         0.        ]
 [0.34683353 0.         0.33282417 0.32034227 0.         0.        ]
 [0.3550766  0.         0.3195061  0.32541737 0.         0.        ]
 [0.3542945  0.         0.32509837 0.3206071  0.         0.        ]
 [0.35241807 0.         0.32782573 0.3197562  0.         0.        ]
 [0.35434467 0.         0.32033658 0.32531875 0.         0.        ]
 [0.36234015 0.         0.2965676  0.34109226 0.         0.        ]
 [0.3494412  0.         0.33118773 0.31937104 0.         0.        ]
 [0.353113   0.         0.3223719  0.3245151  0.         0.        ]]
13:35:24      Epoch:   0      Batch:   0      OuterStep: 1620      LossModel: 0.00007548     LossTerm2: 0.00000000      Time/Step(s): 2.2901Term3 quantities: 
 [[0.         0.32048774 0.36728883 0.         0.31222337 0.        ]
 [0.         0.326591   0.35838166 0.         0.3150273  0.        ]
 [0.         0.32729334 0.35559216 0.         0.31711444 0.        ]
 [0.         0.32606834 0.35812247 0.         0.         0.31580916]
 [0.         0.3260781  0.3559431  0.         0.         0.3179788 ]
 [0.         0.32890227 0.3459167  0.         0.32518104 0.        ]
 [0.         0.32729727 0.35236242 0.         0.         0.32034034]
 [0.         0.32762104 0.34604493 0.         0.         0.32633403]
 [0.         0.32830048 0.34341103 0.         0.         0.32828856]
 [0.         0.3293465  0.3382317  0.         0.         0.33242178]
 [0.         0.32978284 0.3404935  0.         0.         0.3297237 ]
 [0.         0.33084962 0.33564404 0.         0.         0.33350635]
 [0.         0.3302323  0.33152267 0.         0.         0.33824506]
 [0.         0.33073476 0.         0.         0.30383894 0.3654264 ]
 [0.         0.3326583  0.         0.         0.3172186  0.35012305]
 [0.         0.3320477  0.         0.         0.29894686 0.36900547]
 [0.         0.3447484  0.         0.         0.33516362 0.32008797]
 [0.         0.3400812  0.         0.         0.3448373  0.31508154]
 [0.         0.33273238 0.         0.         0.35317436 0.31409326]
 [0.31378922 0.32816935 0.         0.         0.35804144 0.        ]
 [0.         0.34711462 0.         0.         0.33704457 0.3158408 ]
 [0.         0.34182096 0.         0.         0.3431842  0.31499484]
 [0.         0.33593    0.         0.         0.35004437 0.3140257 ]
 [0.31730467 0.32913253 0.         0.         0.35356274 0.        ]
 [0.31863156 0.34723988 0.         0.         0.3341286  0.        ]
 [0.32007933 0.34342968 0.         0.         0.33649096 0.        ]
 [0.32111487 0.3380986  0.         0.         0.3407865  0.        ]
 [0.3212553  0.33270538 0.         0.         0.3460393  0.        ]
 [0.32219574 0.35101286 0.         0.         0.3267914  0.        ]
 [0.324943   0.3411685  0.         0.         0.33388847 0.        ]
 [0.3282298  0.33378848 0.         0.         0.33798173 0.        ]
 [0.3316683  0.3254266  0.         0.         0.34290513 0.        ]
 [0.32930607 0.         0.         0.34095404 0.         0.32973996]
 [0.33024108 0.         0.         0.34099993 0.         0.32875898]
 [0.33041525 0.         0.         0.34065542 0.         0.32892936]
 [0.31277016 0.         0.         0.3412579  0.         0.34597197]
 [0.33898178 0.         0.         0.3231255  0.33789268 0.        ]
 [0.31510535 0.         0.         0.34022418 0.         0.34467041]
 [0.3337181  0.         0.         0.33071116 0.33557075 0.        ]
 [0.30272692 0.         0.         0.3394936  0.         0.35777956]
 [0.30178535 0.         0.         0.33863243 0.         0.3595822 ]
 [0.33049142 0.         0.         0.33800855 0.33150005 0.        ]
 [0.33092052 0.         0.         0.3375524  0.331527   0.        ]
 [0.33078653 0.         0.         0.33468252 0.33453098 0.        ]
 [0.3223077  0.         0.         0.34281653 0.         0.33487573]
 [0.32345665 0.         0.         0.34249595 0.         0.3340474 ]
 [0.32660335 0.         0.         0.34209886 0.         0.3312978 ]
 [0.30760077 0.         0.         0.34140542 0.         0.35099378]
 [0.34474725 0.         0.33244145 0.32281122 0.         0.        ]
 [0.3497086  0.         0.31894296 0.33134845 0.         0.        ]
 [0.3449681  0.         0.32656908 0.32846284 0.         0.        ]
 [0.34881398 0.         0.30993903 0.34124702 0.         0.        ]
 [0.35128897 0.         0.31806523 0.33064574 0.         0.        ]
 [0.34621745 0.         0.32515118 0.3286314  0.         0.        ]
 [0.3495576  0.         0.31895888 0.33148357 0.         0.        ]
 [0.34956768 0.         0.30998066 0.3404517  0.         0.        ]
 [0.3468198  0.         0.33283877 0.32034147 0.         0.        ]
 [0.35505867 0.         0.31950548 0.32543588 0.         0.        ]
 [0.35427934 0.         0.32511067 0.32061    0.         0.        ]
 [0.35239843 0.         0.32784626 0.31975535 0.         0.        ]
 [0.35432383 0.         0.32034805 0.32532817 0.         0.        ]
 [0.36230895 0.         0.2965287  0.34116232 0.         0.        ]
 [0.34941784 0.         0.3312072  0.319375   0.         0.        ]
 [0.3530988  0.         0.32238543 0.32451576 0.         0.        ]]
13:35:48      Epoch:   0      Batch:   0      OuterStep: 1630      LossModel: 0.00008637     LossTerm2: 0.00000000      Time/Step(s): 2.2713Term3 quantities: 
 [[0.         0.3204974  0.36728126 0.         0.31222147 0.        ]
 [0.         0.32659483 0.35834545 0.         0.31505972 0.        ]
 [0.         0.32730854 0.3555639  0.         0.3171276  0.        ]
 [0.         0.32619634 0.35813528 0.         0.         0.31566834]
 [0.         0.3259918  0.35603827 0.         0.         0.31796992]
 [0.         0.32888618 0.34590533 0.         0.32520851 0.        ]
 [0.         0.32727954 0.35241842 0.         0.         0.320302  ]
 [0.         0.3275898  0.346106   0.         0.         0.32630423]
 [0.         0.3282954  0.34341997 0.         0.         0.32828465]
 [0.         0.3293551  0.33824492 0.         0.         0.33239996]
 [0.         0.32973945 0.3405259  0.         0.         0.32973468]
 [0.         0.33086425 0.33563718 0.         0.         0.3334986 ]
 [0.         0.33027208 0.33148316 0.         0.         0.33824483]
 [0.         0.33072507 0.         0.         0.30384687 0.36542806]
 [0.         0.33265656 0.         0.         0.31717494 0.35016847]
 [0.         0.3320733  0.         0.         0.29892337 0.3690033 ]
 [0.         0.34478846 0.         0.         0.33511364 0.32009792]
 [0.         0.34011424 0.         0.         0.3448365  0.3150493 ]
 [0.         0.33274963 0.         0.         0.35316154 0.31408885]
 [0.31382233 0.32817867 0.         0.         0.35799903 0.        ]
 [0.         0.34709826 0.         0.         0.3370431  0.3158587 ]
 [0.         0.34180278 0.         0.         0.34323952 0.3149578 ]
 [0.         0.33603796 0.         0.         0.34981138 0.31415075]
 [0.31734797 0.32908344 0.         0.         0.35356858 0.        ]
 [0.31864998 0.3472516  0.         0.         0.33409852 0.        ]
 [0.32012108 0.34339452 0.         0.         0.33648443 0.        ]
 [0.32115394 0.33814612 0.         0.         0.34069994 0.        ]
 [0.3212556  0.33271718 0.         0.         0.34602717 0.        ]
 [0.32231757 0.35091868 0.         0.         0.32676372 0.        ]
 [0.32498154 0.34116304 0.         0.         0.33385542 0.        ]
 [0.32826862 0.33379063 0.         0.         0.3379407  0.        ]
 [0.33172414 0.32541755 0.         0.         0.34285828 0.        ]
 [0.32944706 0.         0.         0.34099254 0.         0.32956043]
 [0.3303079  0.         0.         0.3410205  0.         0.32867157]
 [0.         0.         0.         0.3390376  0.32808453 0.33287787]
 [0.3127697  0.         0.         0.3412665  0.         0.34596375]
 [0.33903816 0.         0.         0.32312784 0.33783397 0.        ]
 [0.3151644  0.         0.         0.34027478 0.         0.34456083]
 [0.33375534 0.         0.         0.33074546 0.3354992  0.        ]
 [0.30281994 0.         0.         0.33959118 0.         0.35758892]
 [0.3018792  0.         0.         0.3387232  0.         0.35939762]
 [0.33052588 0.         0.         0.33799297 0.33148116 0.        ]
 [0.33096924 0.         0.         0.33754855 0.3314822  0.        ]
 [0.3308532  0.         0.         0.33466852 0.33447835 0.        ]
 [0.32236126 0.         0.         0.34284943 0.         0.33478934]
 [0.32355753 0.         0.         0.3425419  0.         0.33390054]
 [0.32667136 0.         0.         0.34211242 0.         0.3312161 ]
 [0.30767965 0.         0.         0.34147832 0.         0.35084212]
 [0.34470844 0.         0.3324942  0.32279733 0.         0.        ]
 [0.34967265 0.         0.3189846  0.33134267 0.         0.        ]
 [0.34490508 0.         0.32666242 0.32843256 0.         0.        ]
 [0.34854835 0.         0.31003168 0.34141994 0.         0.        ]
 [0.35125312 0.         0.31810492 0.33064198 0.         0.        ]
 [0.3461734  0.         0.32521477 0.32861188 0.         0.        ]
 [0.34945637 0.         0.3190542  0.33148944 0.         0.        ]
 [0.34949505 0.         0.31001297 0.34049195 0.         0.        ]
 [0.34679803 0.         0.33287874 0.32032323 0.         0.        ]
 [0.3550414  0.         0.3195152  0.3254434  0.         0.        ]
 [0.3542587  0.         0.32514355 0.32059768 0.         0.        ]
 [0.35238412 0.         0.3278748  0.3197411  0.         0.        ]
 [0.3543201  0.         0.32034993 0.32532993 0.         0.        ]
 [0.3623748  0.         0.29637828 0.34124687 0.         0.        ]
 [0.34939328 0.         0.3312485  0.3193582  0.         0.        ]
 [0.3530871  0.         0.3224059  0.3245069  0.         0.        ]]
13:36:13      Epoch:   0      Batch:   0      OuterStep: 1640      LossModel: 0.00148413     LossTerm2: 0.00000000      Time/Step(s): 2.4920Term3 quantities: 
 [[0.         0.32049128 0.3672912  0.         0.31221747 0.        ]
 [0.         0.32662326 0.35829943 0.         0.31507733 0.        ]
 [0.         0.32730415 0.35558864 0.         0.31710717 0.        ]
 [0.         0.32590172 0.35832876 0.         0.         0.31576955]
 [0.         0.3260568  0.3560653  0.         0.         0.31787786]
 [0.         0.32891387 0.3457874  0.         0.3252987  0.        ]
 [0.         0.3273588  0.35246447 0.         0.         0.32017678]
 [0.         0.3277915  0.34606233 0.         0.         0.32614625]
 [0.         0.328358   0.34340826 0.         0.         0.32823375]
 [0.         0.32938543 0.33825424 0.         0.         0.3323604 ]
 [0.         0.32976526 0.3405335  0.         0.         0.32970127]
 [0.         0.33096525 0.33562964 0.         0.         0.33340505]
 [0.         0.330503   0.33140165 0.         0.         0.3380954 ]
 [0.         0.3306976  0.         0.         0.30386502 0.36543742]
 [0.         0.33266973 0.         0.         0.31719312 0.35013714]
 [0.         0.33208758 0.         0.         0.29893792 0.36897454]
 [0.         0.3448058  0.         0.         0.33512875 0.32006547]
 [0.         0.34012008 0.         0.         0.34488803 0.31499192]
 [0.         0.33272174 0.         0.         0.35323906 0.31403923]
 [0.31380454 0.32818365 0.         0.         0.35801187 0.        ]
 [0.         0.34705007 0.         0.         0.3371375  0.31581253]
 [0.         0.3417599  0.         0.         0.34330764 0.31493244]
 [0.         0.33598197 0.         0.         0.35003528 0.31398278]
 [0.31731004 0.32904395 0.         0.         0.35364598 0.        ]
 [0.31861115 0.3473139  0.         0.         0.33407494 0.        ]
 [0.3201055  0.34341806 0.         0.         0.3364765  0.        ]
 [0.32113257 0.3381479  0.         0.         0.3407195  0.        ]
 [0.32119638 0.33273327 0.         0.         0.34607035 0.        ]
 [0.32233003 0.35082194 0.         0.         0.32684797 0.        ]
 [0.32493907 0.34119046 0.         0.         0.33387047 0.        ]
 [0.32820633 0.33373982 0.         0.         0.33805388 0.        ]
 [0.33168957 0.3254128  0.         0.         0.34289768 0.        ]
 [0.32967606 0.         0.         0.34108916 0.         0.32923478]
 [0.33061323 0.         0.         0.34114334 0.         0.32824346]
 [0.         0.         0.         0.3376216  0.32615307 0.33622536]
 [0.3129922  0.         0.         0.34140086 0.         0.3456069 ]
 [0.33902025 0.         0.         0.32311925 0.3378605  0.        ]
 [0.31534228 0.         0.         0.34038067 0.         0.344277  ]
 [0.3337279  0.         0.         0.3308211  0.33545104 0.        ]
 [0.30294827 0.         0.         0.3397312  0.         0.35732055]
 [0.30201793 0.         0.         0.33886364 0.         0.35911846]
 [0.33067057 0.         0.         0.33793393 0.33139557 0.        ]
 [0.33109352 0.         0.         0.33752164 0.33138484 0.        ]
 [0.33097613 0.         0.         0.33465278 0.33437112 0.        ]
 [0.32265428 0.         0.         0.34298322 0.         0.33436245]
 [0.32388744 0.         0.         0.34268954 0.         0.3334231 ]
 [0.32695514 0.         0.         0.34222442 0.         0.33082047]
 [0.307817   0.         0.         0.34160638 0.         0.3505766 ]
 [0.34466487 0.         0.33255577 0.3227794  0.         0.        ]
 [0.3496409  0.         0.31902194 0.3313371  0.         0.        ]
 [0.34487787 0.         0.32669982 0.32842234 0.         0.        ]
 [0.34836522 0.         0.31028253 0.34135222 0.         0.        ]
 [0.35119835 0.         0.31816897 0.3306327  0.         0.        ]
 [0.34613273 0.         0.32527125 0.32859612 0.         0.        ]
 [0.34933013 0.         0.31925747 0.33141235 0.         0.        ]
 [0.3494586  0.         0.3099578  0.34058356 0.         0.        ]
 [0.34677458 0.         0.33291918 0.3203063  0.         0.        ]
 [0.35502225 0.         0.31953204 0.3254457  0.         0.        ]
 [0.35423172 0.         0.32518825 0.32058    0.         0.        ]
 [0.35236275 0.         0.32792065 0.3197167  0.         0.        ]
 [0.35428926 0.         0.32038262 0.32532814 0.         0.        ]
 [0.36240792 0.         0.29627413 0.341318   0.         0.        ]
 [0.34937242 0.         0.3312875  0.3193401  0.         0.        ]
 [0.35305738 0.         0.32243517 0.32450745 0.         0.        ]]
13:36:37      Epoch:   0      Batch:   0      OuterStep: 1650      LossModel: 0.00008222     LossTerm2: 0.00000000      Time/Step(s): 2.2910Term3 quantities: 
 [[0.         0.32047155 0.36745843 0.         0.31206995 0.        ]
 [0.         0.32660654 0.3584512  0.         0.31494224 0.        ]
 [0.         0.327296   0.35569647 0.         0.31700748 0.        ]
 [0.         0.32625508 0.35826153 0.         0.         0.31548345]
 [0.         0.3262392  0.35607845 0.         0.         0.3176823 ]
 [0.         0.32890996 0.34592295 0.         0.32516715 0.        ]
 [0.         0.32763258 0.3525047  0.         0.         0.3198627 ]
 [0.         0.3278388  0.34609473 0.         0.         0.3260665 ]
 [0.         0.32847401 0.34342575 0.         0.         0.3281002 ]
 [0.         0.32951578 0.3382786  0.         0.         0.33220565]
 [0.         0.32994112 0.3405424  0.         0.         0.32951653]
 [0.         0.33120528 0.3355891  0.         0.         0.3332057 ]
 [0.         0.3306145  0.33141193 0.         0.         0.33797354]
 [0.         0.33067852 0.         0.         0.30394012 0.3653814 ]
 [0.         0.33274868 0.         0.         0.31723717 0.3500141 ]
 [0.         0.33208942 0.         0.         0.2989825  0.36892802]
 [0.         0.34479588 0.         0.         0.3352126  0.31999153]
 [0.         0.34011075 0.         0.         0.34498617 0.3149031 ]
 [0.         0.3327137  0.         0.         0.35331818 0.31396815]
 [0.3137518  0.32818207 0.         0.         0.35806617 0.        ]
 [0.         0.34700176 0.         0.         0.33724886 0.31574938]
 [0.         0.34170267 0.         0.         0.3434347  0.31486267]
 [0.         0.3360928  0.         0.         0.3502155  0.31369168]
 [0.3172204  0.32901043 0.         0.         0.35376915 0.        ]
 [0.3185369  0.34734794 0.         0.         0.33411524 0.        ]
 [0.32008833 0.34332392 0.         0.         0.3365878  0.        ]
 [0.32104704 0.33815473 0.         0.         0.3407982  0.        ]
 [0.3211167  0.3327331  0.         0.         0.3461502  0.        ]
 [0.322331   0.3507824  0.         0.         0.3268866  0.        ]
 [0.32487994 0.34114966 0.         0.         0.33397046 0.        ]
 [0.3281405  0.3337743  0.         0.         0.33808523 0.        ]
 [0.33160296 0.32541975 0.         0.         0.34297732 0.        ]
 [0.32978517 0.         0.         0.34122384 0.         0.328991  ]
 [0.3308653  0.         0.         0.34133422 0.         0.32780054]
 [0.         0.         0.         0.33702934 0.32602873 0.33694184]
 [0.31319293 0.         0.         0.3416253  0.         0.3451818 ]
 [0.33898115 0.         0.         0.3232603  0.33775857 0.        ]
 [0.31559223 0.         0.         0.34062797 0.         0.3437798 ]
 [0.33367383 0.         0.         0.3310593  0.33526683 0.        ]
 [0.3031096  0.         0.         0.33997977 0.         0.3569106 ]
 [0.30220154 0.         0.         0.33912483 0.         0.35867363]
 [0.33080858 0.         0.         0.3379805  0.33121088 0.        ]
 [0.33126664 0.         0.         0.33758506 0.3311483  0.        ]
 [0.3311095  0.         0.         0.33473516 0.33415538 0.        ]
 [0.32290992 0.         0.         0.3432187  0.         0.33387133]
 [0.32413307 0.         0.         0.34290746 0.         0.3329595 ]
 [0.32733864 0.         0.         0.34248373 0.         0.3301777 ]
 [0.30802634 0.         0.         0.34187046 0.         0.3501032 ]
 [0.34462854 0.         0.33256137 0.3228101  0.         0.        ]
 [0.3496343  0.         0.31898037 0.33138525 0.         0.        ]
 [0.34488967 0.         0.32669544 0.32841486 0.         0.        ]
 [0.34848577 0.         0.31002036 0.3414939  0.         0.        ]
 [0.35120973 0.         0.3181235  0.3306668  0.         0.        ]
 [0.34612748 0.         0.32525194 0.3286206  0.         0.        ]
 [0.34938627 0.         0.3192309  0.33138275 0.         0.        ]
 [0.34945947 0.         0.30988023 0.34066027 0.         0.        ]
 [0.34677777 0.         0.33289757 0.32032466 0.         0.        ]
 [0.35502654 0.         0.31947583 0.3254976  0.         0.        ]
 [0.35424232 0.         0.32515457 0.32060307 0.         0.        ]
 [0.35238066 0.         0.32788697 0.31973237 0.         0.        ]
 [0.35427707 0.         0.32034945 0.32537353 0.         0.        ]
 [0.36242524 0.         0.29608    0.34149483 0.         0.        ]
 [0.34938684 0.         0.3312544  0.31935868 0.         0.        ]
 [0.3530431  0.         0.3224208  0.32453603 0.         0.        ]]
        Validation Criterion: 0.00038963
13:37:01      Epoch:   0      Batch:   0      OuterStep: 1660      LossModel: 0.00008080     LossTerm2: 0.00000000      Time/Step(s): 2.3081Term3 quantities: 
 [[0.         0.32051507 0.36751002 0.         0.3119749  0.        ]
 [0.         0.3266561  0.35846147 0.         0.31488243 0.        ]
 [0.         0.3273178  0.35573563 0.         0.3169465  0.        ]
 [0.         0.32626238 0.35827482 0.         0.         0.31546283]
 [0.         0.32625225 0.3560807  0.         0.         0.317667  ]
 [0.         0.32903004 0.34578973 0.         0.32518032 0.        ]
 [0.         0.32749978 0.35254136 0.         0.         0.31995887]
 [0.         0.32773724 0.34615213 0.         0.         0.32611063]
 [0.         0.32875508 0.34331137 0.         0.         0.32793355]
 [0.         0.32961223 0.3382498  0.         0.         0.33213794]
 [0.         0.33003736 0.34049445 0.         0.         0.32946816]
 [0.         0.33109277 0.3356018  0.         0.         0.3333054 ]
 [0.         0.33051392 0.33141613 0.         0.         0.33806995]
 [0.         0.33061513 0.         0.         0.3039964  0.36538842]
 [0.         0.33281526 0.         0.         0.31734273 0.34984207]
 [0.         0.33205307 0.         0.         0.29901236 0.36893454]
 [0.         0.3447022  0.         0.         0.33528978 0.32000798]
 [0.         0.3400411  0.         0.         0.3451002  0.31485868]
 [0.         0.3326627  0.         0.         0.3534062  0.3139311 ]
 [0.31369862 0.32814208 0.         0.         0.3581593  0.        ]
 [0.         0.34691688 0.         0.         0.3373797  0.31570348]
 [0.         0.3415845  0.         0.         0.34358984 0.31482562]
 [0.         0.33610603 0.         0.         0.35001537 0.31387854]
 [0.31712702 0.32893428 0.         0.         0.35393864 0.        ]
 [0.31847107 0.34727818 0.         0.         0.33425078 0.        ]
 [0.32002327 0.3433674  0.         0.         0.33660942 0.        ]
 [0.3209534  0.33812368 0.         0.         0.34092292 0.        ]
 [0.32104105 0.3326978  0.         0.         0.3462612  0.        ]
 [0.32228562 0.35076696 0.         0.         0.3269474  0.        ]
 [0.32482487 0.34107584 0.         0.         0.33409932 0.        ]
 [0.32809377 0.33370432 0.         0.         0.3382019  0.        ]
 [0.33153102 0.32532263 0.         0.         0.34314632 0.        ]
 [0.32957792 0.         0.         0.34116334 0.         0.32925877]
 [0.33060592 0.         0.         0.34122828 0.         0.32816583]
 [0.         0.         0.         0.3382268  0.32622498 0.33554828]
 [0.31307694 0.         0.         0.34157568 0.         0.34534732]
 [0.33894178 0.         0.         0.3232848  0.33777338 0.        ]
 [0.315439   0.         0.         0.34058067 0.         0.34398034]
 [0.33358207 0.         0.         0.331056   0.33536193 0.        ]
 [0.30306676 0.         0.         0.34000108 0.         0.35693222]
 [0.30213025 0.         0.         0.3391248  0.         0.35874495]
 [0.3307851  0.         0.         0.33792812 0.3312868  0.        ]
 [0.3313035  0.         0.         0.33754018 0.3311563  0.        ]
 [0.33113375 0.         0.         0.33469382 0.3341724  0.        ]
 [0.32269767 0.         0.         0.3431384  0.         0.334164  ]
 [0.32393193 0.         0.         0.342837   0.         0.33323106]
 [0.3270289  0.         0.         0.3423267  0.         0.33064443]
 [0.30796784 0.         0.         0.3418607  0.         0.35017142]
 [0.3445283  0.         0.33268866 0.32278302 0.         0.        ]
 [0.34958133 0.         0.31905004 0.33136865 0.         0.        ]
 [0.34487432 0.         0.3267     0.32842565 0.         0.        ]
 [0.3485885  0.         0.30983818 0.3415733  0.         0.        ]
 [0.35116413 0.         0.31817058 0.3306653  0.         0.        ]
 [0.34606713 0.         0.32534263 0.32859015 0.         0.        ]
 [0.349332   0.         0.31930092 0.3313671  0.         0.        ]
 [0.34949565 0.         0.3096978  0.34080654 0.         0.        ]
 [0.34672213 0.         0.33297834 0.3202996  0.         0.        ]
 [0.35500583 0.         0.31951717 0.32547703 0.         0.        ]
 [0.35418248 0.         0.3252497  0.32056782 0.         0.        ]
 [0.35233805 0.         0.32796994 0.31969202 0.         0.        ]
 [0.35425606 0.         0.32042658 0.3253174  0.         0.        ]
 [0.36238983 0.         0.2960358  0.34157437 0.         0.        ]
 [0.3493561  0.         0.33132085 0.31932303 0.         0.        ]
 [0.35299826 0.         0.32247987 0.32452196 0.         0.        ]]
13:37:27      Epoch:   0      Batch:   0      OuterStep: 1670      LossModel: 0.00008374     LossTerm2: 0.00000000      Time/Step(s): 2.2741Term3 quantities: 
 [[0.         0.32049242 0.36756283 0.         0.31194475 0.        ]
 [0.         0.32665017 0.3584922  0.         0.31485766 0.        ]
 [0.         0.3272876  0.35577032 0.         0.31694207 0.        ]
 [0.         0.32615343 0.3583608  0.         0.         0.31548572]
 [0.         0.32637188 0.35603467 0.         0.         0.31759346]
 [0.         0.32906932 0.34576324 0.         0.3251675  0.        ]
 [0.         0.32755998 0.35255805 0.         0.         0.31988195]
 [0.         0.32788572 0.3460685  0.         0.         0.3260458 ]
 [0.         0.32859743 0.3433402  0.         0.         0.3280624 ]
 [0.         0.32956773 0.33824235 0.         0.         0.33218992]
 [0.         0.33006263 0.3404577  0.         0.         0.32947966]
 [0.         0.33121842 0.33552998 0.         0.         0.33325157]
 [0.         0.33060908 0.33134854 0.         0.         0.33804244]
 [0.         0.3305799  0.         0.         0.3040223  0.36539775]
 [0.         0.33287773 0.         0.         0.3173986  0.34972358]
 [0.         0.33202472 0.         0.         0.2990423  0.368933  ]
 [0.         0.34461802 0.         0.         0.3353358  0.32004613]
 [0.         0.33999133 0.         0.         0.3451851  0.3148236 ]
 [0.         0.3326203  0.         0.         0.3534312  0.31394854]
 [0.31363723 0.32813862 0.         0.         0.35822418 0.        ]
 [0.         0.34683877 0.         0.         0.33743992 0.31572133]
 [0.         0.34149405 0.         0.         0.34366795 0.314838  ]
 [0.         0.3359577  0.         0.         0.35034472 0.3136976 ]
 [0.31702438 0.32891023 0.         0.         0.35406533 0.        ]
 [0.3183888  0.34732595 0.         0.         0.3342853  0.        ]
 [0.3199592  0.343345   0.         0.         0.33669585 0.        ]
 [0.32088843 0.3380786  0.         0.         0.34103292 0.        ]
 [0.32099855 0.33271557 0.         0.         0.34628582 0.        ]
 [0.32224938 0.35075304 0.         0.         0.32699767 0.        ]
 [0.32478258 0.34105828 0.         0.         0.33415914 0.        ]
 [0.32800946 0.33376038 0.         0.         0.3382301  0.        ]
 [0.3314624  0.32532468 0.         0.         0.34321284 0.        ]
 [0.32968506 0.         0.         0.34117073 0.         0.32914418]
 [0.3306077  0.         0.         0.34120184 0.         0.32819045]
 [0.         0.         0.32581192 0.3385644  0.         0.33562365]
 [0.31300274 0.         0.         0.34152386 0.         0.34547347]
 [0.33889112 0.         0.         0.32321998 0.33788893 0.        ]
 [0.3153058  0.         0.         0.34051058 0.         0.34418362]
 [0.33349863 0.         0.         0.3309504  0.335551   0.        ]
 [0.30294114 0.         0.         0.33993697 0.         0.3571219 ]
 [0.30197942 0.         0.         0.33904487 0.         0.35897577]
 [0.33078557 0.         0.         0.33783323 0.3313812  0.        ]
 [0.33128804 0.         0.         0.33744517 0.33126682 0.        ]
 [0.33113372 0.         0.         0.33459353 0.33427268 0.        ]
 [0.32265586 0.         0.         0.34309494 0.         0.33424923]
 [0.32389742 0.         0.         0.3427817  0.         0.33332092]
 [0.32708004 0.         0.         0.34232166 0.         0.3305983 ]
 [0.30784416 0.         0.         0.34179822 0.         0.35035762]
 [0.34447768 0.         0.33279142 0.32273093 0.         0.        ]
 [0.34954944 0.         0.31912133 0.33132914 0.         0.        ]
 [0.34480357 0.         0.3268432  0.3283533  0.         0.        ]
 [0.34847483 0.         0.30994013 0.341585   0.         0.        ]
 [0.3511068  0.         0.318277   0.3306163  0.         0.        ]
 [0.34602287 0.         0.3254419  0.3285353  0.         0.        ]
 [0.34915504 0.         0.31958884 0.33125606 0.         0.        ]
 [0.34934488 0.         0.30980772 0.3408473  0.         0.        ]
 [0.3466783  0.         0.3330718  0.32025    0.         0.        ]
 [0.35498196 0.         0.31956002 0.32545796 0.         0.        ]
 [0.3541565  0.         0.32532665 0.32051682 0.         0.        ]
 [0.35231942 0.         0.32804242 0.31963822 0.         0.        ]
 [0.35427228 0.         0.32039875 0.32532895 0.         0.        ]
 [0.36235407 0.         0.29603535 0.34161055 0.         0.        ]
 [0.34934056 0.         0.3313902  0.3192692  0.         0.        ]
 [0.35297266 0.         0.32255986 0.32446754 0.         0.        ]]
13:37:52      Epoch:   0      Batch:   0      OuterStep: 1680      LossModel: 0.00008152     LossTerm2: 0.00000000      Time/Step(s): 2.6209Term3 quantities: 
 [[0.         0.32044706 0.3675843  0.         0.31196865 0.        ]
 [0.         0.3266118  0.35855395 0.         0.31483433 0.        ]
 [0.         0.3272513  0.3558048  0.         0.31694388 0.        ]
 [0.         0.3263222  0.35826835 0.         0.         0.31540954]
 [0.         0.32638237 0.35605177 0.         0.         0.31756592]
 [0.         0.32907748 0.34581292 0.         0.3251096  0.        ]
 [0.         0.32747543 0.35259962 0.         0.         0.31992495]
 [0.         0.32788572 0.34605783 0.         0.         0.32605636]
 [0.         0.32848218 0.34340915 0.         0.         0.32810867]
 [0.         0.32963422 0.33822045 0.         0.         0.33214536]
 [0.         0.33003914 0.34044045 0.         0.         0.32952037]
 [0.         0.33137608 0.33544472 0.         0.         0.33317918]
 [0.         0.33060655 0.33131164 0.         0.         0.33808184]
 [0.         0.33053926 0.         0.         0.30406517 0.36539564]
 [0.         0.33289808 0.         0.         0.3173788  0.34972316]
 [0.         0.33199865 0.         0.         0.29904687 0.3689545 ]
 [0.         0.34454712 0.         0.         0.3353629  0.32009003]
 [0.         0.33995083 0.         0.         0.34520155 0.31484765]
 [0.         0.33260095 0.         0.         0.35340336 0.31399575]
 [0.3135829  0.3281656  0.         0.         0.3582515  0.        ]
 [0.         0.34676516 0.         0.         0.3374969  0.315738  ]
 [0.         0.34141067 0.         0.         0.34371117 0.31487817]
 [0.         0.3360027  0.         0.         0.3502464  0.3137509 ]
 [0.3169565  0.32890046 0.         0.         0.35414302 0.        ]
 [0.3183083  0.34738618 0.         0.         0.33430547 0.        ]
 [0.31987783 0.34329513 0.         0.         0.33682704 0.        ]
 [0.32079923 0.33808604 0.         0.         0.3411147  0.        ]
 [0.32095718 0.33275896 0.         0.         0.34628382 0.        ]
 [0.3222284  0.350782   0.         0.         0.32698965 0.        ]
 [0.32477665 0.34105796 0.         0.         0.3341653  0.        ]
 [0.32792088 0.3337583  0.         0.         0.33832076 0.        ]
 [0.33142978 0.32530183 0.         0.         0.34326842 0.        ]
 [0.3297265  0.         0.         0.34117648 0.         0.32909697]
 [0.33078578 0.         0.         0.34125155 0.         0.3279627 ]
 [0.         0.         0.         0.33789054 0.32595965 0.33614987]
 [0.3129002  0.         0.         0.34144193 0.         0.34565789]
 [0.33888203 0.         0.         0.3231754  0.33794254 0.        ]
 [0.31529367 0.         0.         0.34049276 0.         0.3442136 ]
 [0.33348468 0.         0.         0.33094978 0.33556554 0.        ]
 [0.30276728 0.         0.         0.33983493 0.         0.35739774]
 [0.30181277 0.         0.         0.3389495  0.         0.35923767]
 [0.33085898 0.         0.         0.3377864  0.33135462 0.        ]
 [0.3313409  0.         0.         0.3374072  0.33125183 0.        ]
 [0.33120447 0.         0.         0.33455992 0.33423564 0.        ]
 [0.3226988  0.         0.         0.34309432 0.         0.33420688]
 [0.32399946 0.         0.         0.34281576 0.         0.33318487]
 [0.32720804 0.         0.         0.34232542 0.         0.3304666 ]
 [0.307667   0.         0.         0.34168324 0.         0.35064974]
 [0.34447682 0.         0.3328153  0.32270783 0.         0.        ]
 [0.34954977 0.         0.3191291  0.33132115 0.         0.        ]
 [0.34480137 0.         0.32686627 0.32833236 0.         0.        ]
 [0.34833634 0.         0.309973   0.3416907  0.         0.        ]
 [0.3511028  0.         0.31828472 0.33061248 0.         0.        ]
 [0.3460105  0.         0.3254757  0.32851383 0.         0.        ]
 [0.34908712 0.         0.3197011  0.33121184 0.         0.        ]
 [0.34917402 0.         0.3098873  0.34093866 0.         0.        ]
 [0.34667757 0.         0.3330962  0.3202263  0.         0.        ]
 [0.35498452 0.         0.31958967 0.3254258  0.         0.        ]
 [0.35417297 0.         0.32533723 0.32048976 0.         0.        ]
 [0.3523276  0.         0.32806754 0.31960487 0.         0.        ]
 [0.35422927 0.         0.32048485 0.32528594 0.         0.        ]
 [0.3624066  0.         0.2959033  0.3416901  0.         0.        ]
 [0.34935158 0.         0.33140314 0.3192453  0.         0.        ]
 [0.3530168  0.         0.32253698 0.32444623 0.         0.        ]]
13:38:17      Epoch:   0      Batch:   0      OuterStep: 1690      LossModel: 0.00008231     LossTerm2: 0.00000000      Time/Step(s): 3.0439Term3 quantities: 
 [[0.         0.32043403 0.36761254 0.         0.31195346 0.        ]
 [0.         0.32661554 0.35856795 0.         0.3148166  0.        ]
 [0.         0.3272333  0.35586998 0.         0.3168967  0.        ]
 [0.         0.32620117 0.35832116 0.         0.         0.31547764]
 [0.         0.32633165 0.35604197 0.         0.         0.3176263 ]
 [0.         0.32906944 0.3457554  0.         0.32517523 0.        ]
 [0.         0.32738525 0.35264874 0.         0.         0.31996602]
 [0.         0.32801187 0.34601247 0.         0.         0.32597566]
 [0.         0.3286455  0.34330547 0.         0.         0.32804906]
 [0.         0.32970586 0.33821064 0.         0.         0.33208355]
 [0.         0.33012044 0.34041202 0.         0.         0.3294675 ]
 [0.         0.33134797 0.3354274  0.         0.         0.33322462]
 [0.         0.33063328 0.33126777 0.         0.         0.3380989 ]
 [0.         0.33052576 0.         0.         0.30407178 0.3654025 ]
 [0.         0.33284026 0.         0.         0.31738412 0.34977564]
 [0.         0.3319857  0.         0.         0.29907492 0.36893937]
 [0.         0.34449872 0.         0.         0.33534345 0.3201578 ]
 [0.         0.3399174  0.         0.         0.34522098 0.31486169]
 [0.         0.332592   0.         0.         0.3533885  0.31401947]
 [0.3135402  0.3281847  0.         0.         0.3582751  0.        ]
 [0.         0.346685   0.         0.         0.33750978 0.3158053 ]
 [0.         0.3413299  0.         0.         0.34376526 0.31490487]
 [0.         0.33597654 0.         0.         0.35004938 0.31397402]
 [0.31689927 0.32888326 0.         0.         0.35421744 0.        ]
 [0.31823534 0.34742638 0.         0.         0.3343383  0.        ]
 [0.31984124 0.34324327 0.         0.         0.3369155  0.        ]
 [0.3207795  0.33808514 0.         0.         0.34113538 0.        ]
 [0.32090756 0.3328152  0.         0.         0.34627733 0.        ]
 [0.32218423 0.3508097  0.         0.         0.3270061  0.        ]
 [0.32473546 0.34105784 0.         0.         0.33420667 0.        ]
 [0.32786903 0.33370584 0.         0.         0.33842516 0.        ]
 [0.33141378 0.32525328 0.         0.         0.3433329  0.        ]
 [0.32972494 0.         0.         0.34114197 0.         0.3291331 ]
 [0.3307137  0.         0.         0.3411921  0.         0.32809412]
 [0.         0.         0.         0.3383091  0.32591838 0.33577254]
 [0.31287926 0.         0.         0.3414111  0.         0.34570968]
 [0.33889744 0.         0.         0.32313517 0.33796737 0.        ]
 [0.3153455  0.         0.         0.34049234 0.         0.3441622 ]
 [0.33348915 0.         0.         0.330956   0.3355548  0.        ]
 [0.30266738 0.         0.         0.3397827  0.         0.35754988]
 [0.30172604 0.         0.         0.3389009  0.         0.35937297]
 [0.33090332 0.         0.         0.33773866 0.33135796 0.        ]
 [0.3314047  0.         0.         0.33736572 0.3312296  0.        ]
 [0.3312688  0.         0.         0.33452237 0.33420882 0.        ]
 [0.32268944 0.         0.         0.34304953 0.         0.33426097]
 [0.3239931  0.         0.         0.34275103 0.         0.3332559 ]
 [0.32721734 0.         0.         0.34228486 0.         0.3304979 ]
 [0.307608   0.         0.         0.3416359  0.         0.35075608]
 [0.34447452 0.         0.33282512 0.32270035 0.         0.        ]
 [0.3495519  0.         0.31912968 0.33131847 0.         0.        ]
 [0.34478027 0.         0.3268804  0.3283393  0.         0.        ]
 [0.3482357  0.         0.31008258 0.34168175 0.         0.        ]
 [0.35109717 0.         0.31829458 0.33060825 0.         0.        ]
 [0.34599003 0.         0.3255089  0.32850108 0.         0.        ]
 [0.3491942  0.         0.31967187 0.33113393 0.         0.        ]
 [0.34907135 0.         0.30992934 0.34099925 0.         0.        ]
 [0.3466864  0.         0.3330861  0.32022753 0.         0.        ]
 [0.35502747 0.         0.31950903 0.32546353 0.         0.        ]
 [0.3541788  0.         0.32534027 0.32048088 0.         0.        ]
 [0.35233593 0.         0.32806543 0.31959864 0.         0.        ]
 [0.35425144 0.         0.32043946 0.32530907 0.         0.        ]
 [0.3624059  0.         0.2957864  0.34180763 0.         0.        ]
 [0.34936753 0.         0.33139056 0.31924194 0.         0.        ]
 [0.35305682 0.         0.32250577 0.3244374  0.         0.        ]]
13:38:42      Epoch:   0      Batch:   0      OuterStep: 1700      LossModel: 0.00008276     LossTerm2: 0.00000000      Time/Step(s): 2.4194Term3 quantities: 
 [[0.         0.32043532 0.3676284  0.         0.31193626 0.        ]
 [0.         0.3266406  0.35855398 0.         0.31480545 0.        ]
 [0.         0.327259   0.35585377 0.         0.31688723 0.        ]
 [0.         0.3261701  0.35835627 0.         0.         0.3154736 ]
 [0.         0.3262901  0.356086   0.         0.         0.31762394]
 [0.         0.32905504 0.3456532  0.         0.32529172 0.        ]
 [0.         0.32749563 0.35262626 0.         0.         0.31987813]
 [0.         0.32760587 0.346174   0.         0.         0.32622015]
 [0.         0.32871035 0.34327257 0.         0.         0.3280171 ]
 [0.         0.3297296  0.3381858  0.         0.         0.33208466]
 [0.         0.330029   0.34040612 0.         0.         0.32956487]
 [0.         0.33136132 0.33539107 0.         0.         0.33324766]
 [0.         0.33091456 0.3311491  0.         0.         0.3379363 ]
 [0.         0.3304974  0.         0.         0.3041079  0.3653947 ]
 [0.         0.33282676 0.         0.         0.3174184  0.3497549 ]
 [0.         0.33197966 0.         0.         0.29906034 0.36896   ]
 [0.         0.34447792 0.         0.         0.3352977  0.32022434]
 [0.         0.33990428 0.         0.         0.3452129  0.3148828 ]
 [0.         0.33259442 0.         0.         0.3532943  0.31411132]
 [0.31349134 0.32822776 0.         0.         0.35828096 0.        ]
 [0.         0.34662804 0.         0.         0.33751646 0.31585553]
 [0.         0.34127292 0.         0.         0.34376937 0.3149577 ]
 [0.         0.33590165 0.         0.         0.35029733 0.31380102]
 [0.31685022 0.32889745 0.         0.         0.35425234 0.        ]
 [0.31817102 0.34740698 0.         0.         0.33442205 0.        ]
 [0.3198006  0.3432941  0.         0.         0.33690533 0.        ]
 [0.32074615 0.33811176 0.         0.         0.34114212 0.        ]
 [0.32081813 0.33284697 0.         0.         0.3463349  0.        ]
 [0.32213098 0.35081255 0.         0.         0.32705647 0.        ]
 [0.3246703  0.34105763 0.         0.         0.33427203 0.        ]
 [0.3278392  0.3337507  0.         0.         0.3384101  0.        ]
 [0.33139834 0.3252721  0.         0.         0.3433296  0.        ]
 [0.32985875 0.         0.         0.34118155 0.         0.32895976]
 [0.3308424  0.         0.         0.34122708 0.         0.32793045]
 [0.         0.         0.         0.3380442  0.32628128 0.3356745 ]
 [0.31295532 0.         0.         0.34143212 0.         0.34561262]
 [0.33891982 0.         0.         0.32312354 0.33795664 0.        ]
 [0.31542784 0.         0.         0.34053898 0.         0.34403315]
 [0.33351037 0.         0.         0.33095616 0.33553347 0.        ]
 [0.30262744 0.         0.         0.33977914 0.         0.35759348]
 [0.30170158 0.         0.         0.33890033 0.         0.35939813]
 [0.3309667  0.         0.         0.33772224 0.33131102 0.        ]
 [0.33148286 0.         0.         0.33734432 0.33117273 0.        ]
 [0.3313258  0.         0.         0.3344848  0.33418944 0.        ]
 [0.32279062 0.         0.         0.34309602 0.         0.3341134 ]
 [0.32410583 0.         0.         0.3428199  0.         0.3330743 ]
 [0.32724854 0.         0.         0.34227765 0.         0.3304738 ]
 [0.30763182 0.         0.         0.34166005 0.         0.3507081 ]
 [0.34448108 0.         0.3328096  0.32270926 0.         0.        ]
 [0.3495614  0.         0.31911308 0.33132553 0.         0.        ]
 [0.34474152 0.         0.32693288 0.32832554 0.         0.        ]
 [0.34835437 0.         0.30980608 0.34183955 0.         0.        ]
 [0.35109538 0.         0.3182875  0.3306172  0.         0.        ]
 [0.34597728 0.         0.32551908 0.3285036  0.         0.        ]
 [0.34919012 0.         0.3196953  0.33111456 0.         0.        ]
 [0.34924403 0.         0.30964604 0.34110987 0.         0.        ]
 [0.34667832 0.         0.3331043  0.32021746 0.         0.        ]
 [0.35503015 0.         0.31950265 0.32546723 0.         0.        ]
 [0.35419726 0.         0.32531905 0.32048377 0.         0.        ]
 [0.3523491  0.         0.32805762 0.3195933  0.         0.        ]
 [0.35424805 0.         0.32043266 0.32531926 0.         0.        ]
 [0.3624215  0.         0.29569754 0.341881   0.         0.        ]
 [0.34937486 0.         0.3313915  0.3192336  0.         0.        ]
 [0.35306886 0.         0.3224743  0.32445684 0.         0.        ]]
        Validation Criterion: 0.00038406
13:39:06      Epoch:   0      Batch:   0      OuterStep: 1710      LossModel: 0.00007814     LossTerm2: 0.00000000      Time/Step(s): 2.4352Term3 quantities: 
 [[0.         0.3204237  0.36765993 0.         0.31191638 0.        ]
 [0.         0.32664162 0.35856196 0.         0.3147964  0.        ]
 [0.         0.32727468 0.35580775 0.         0.31691754 0.        ]
 [0.         0.32634276 0.35825634 0.         0.         0.31540093]
 [0.         0.32623667 0.35610366 0.         0.         0.31765962]
 [0.         0.32895645 0.34579667 0.         0.32524696 0.        ]
 [0.         0.3275498  0.35263607 0.         0.         0.31981415]
 [0.         0.3280069  0.34595782 0.         0.         0.32603523]
 [0.         0.3286632  0.34324068 0.         0.         0.32809612]
 [0.         0.32974243 0.33814454 0.         0.         0.33211303]
 [0.         0.3300422  0.34037092 0.         0.         0.3295869 ]
 [0.         0.33135644 0.33534423 0.         0.         0.33329934]
 [0.         0.33068067 0.33117047 0.         0.         0.33814892]
 [0.         0.33049014 0.         0.         0.30412814 0.3653817 ]
 [0.         0.3328448  0.         0.         0.31747028 0.34968483]
 [0.         0.33194888 0.         0.         0.299108   0.36894318]
 [0.         0.3444752  0.         0.         0.33528462 0.32024014]
 [0.         0.33990073 0.         0.         0.34522974 0.31486958]
 [0.         0.33262286 0.         0.         0.35326695 0.31411013]
 [0.31344804 0.32827234 0.         0.         0.35827965 0.        ]
 [0.         0.34656322 0.         0.         0.3375785  0.31585833]
 [0.         0.34122565 0.         0.         0.34380257 0.3149718 ]
 [0.         0.3359868  0.         0.         0.35001716 0.31399608]
 [0.3167775  0.32894233 0.         0.         0.35428017 0.        ]
 [0.3181093  0.34745425 0.         0.         0.33443648 0.        ]
 [0.31981134 0.3433492  0.         0.         0.33683944 0.        ]
 [0.32071945 0.3381934  0.         0.         0.34108716 0.        ]
 [0.32075068 0.33287612 0.         0.         0.34637326 0.        ]
 [0.3221019  0.3508368  0.         0.         0.32706127 0.        ]
 [0.32466686 0.34101576 0.         0.         0.33431736 0.        ]
 [0.32786298 0.33376235 0.         0.         0.33837464 0.        ]
 [0.33138075 0.3252659  0.         0.         0.34335336 0.        ]
 [0.32985958 0.         0.         0.34116802 0.         0.3289724 ]
 [0.3309209  0.         0.         0.3412422  0.         0.32783687]
 [0.         0.         0.         0.3384242  0.32631448 0.33526134]
 [0.31293452 0.         0.         0.34141368 0.         0.34565187]
 [0.3389647  0.         0.         0.32314435 0.337891   0.        ]
 [0.31543037 0.         0.         0.3405375  0.         0.3440321 ]
 [0.33354673 0.         0.         0.33097178 0.3354815  0.        ]
 [0.30258822 0.         0.         0.3397847  0.         0.35762712]
 [0.30167848 0.         0.         0.3389122  0.         0.3594094 ]
 [0.33104354 0.         0.         0.3377019  0.33125466 0.        ]
 [0.33156505 0.         0.         0.3373254  0.33110952 0.        ]
 [0.33139881 0.         0.         0.3344553  0.33414593 0.        ]
 [0.32282794 0.         0.         0.3430905  0.         0.33408156]
 [0.3241452  0.         0.         0.34280124 0.         0.33305362]
 [0.32735378 0.         0.         0.3422878  0.         0.33035845]
 [0.30760846 0.         0.         0.34165698 0.         0.35073462]
 [0.34451014 0.         0.33279833 0.3226915  0.         0.        ]
 [0.3495628  0.         0.31911805 0.33131918 0.         0.        ]
 [0.34475923 0.         0.32692978 0.32831094 0.         0.        ]
 [0.34825712 0.         0.30988377 0.3418591  0.         0.        ]
 [0.35110977 0.         0.31828612 0.33060408 0.         0.        ]
 [0.3459851  0.         0.32553533 0.32847956 0.         0.        ]
 [0.34906876 0.         0.3199206  0.33101064 0.         0.        ]
 [0.34922773 0.         0.30957773 0.34119448 0.         0.        ]
 [0.3466958  0.         0.33310145 0.32020277 0.         0.        ]
 [0.35507014 0.         0.31945834 0.32547152 0.         0.        ]
 [0.35424998 0.         0.32528257 0.3204674  0.         0.        ]
 [0.35239264 0.         0.32803544 0.31957194 0.         0.        ]
 [0.35428458 0.         0.32040447 0.32531095 0.         0.        ]
 [0.36248502 0.         0.2955289  0.34198612 0.         0.        ]
 [0.34941417 0.         0.3313642  0.3192216  0.         0.        ]
 [0.35307416 0.         0.32248625 0.3244396  0.         0.        ]]
13:39:30      Epoch:   0      Batch:   0      OuterStep: 1720      LossModel: 0.00008434     LossTerm2: 0.00000000      Time/Step(s): 2.7311Term3 quantities: 
 [[0.         0.32043967 0.36761624 0.         0.3119442  0.        ]
 [0.         0.32664213 0.358578   0.         0.31477982 0.        ]
 [0.         0.32724863 0.3558403  0.         0.31691107 0.        ]
 [0.         0.32626992 0.35828903 0.         0.         0.3154411 ]
 [0.         0.32627976 0.3560662  0.         0.         0.31765398]
 [0.         0.32908037 0.3455917  0.         0.32532793 0.        ]
 [0.         0.3274406  0.35268384 0.         0.         0.3198756 ]
 [0.         0.32802933 0.34596118 0.         0.         0.32600945]
 [0.         0.328606   0.34330186 0.         0.         0.32809207]
 [0.         0.3297706  0.33812377 0.         0.         0.3321056 ]
 [0.         0.33021042 0.34030357 0.         0.         0.32948607]
 [0.         0.33130303 0.3353217  0.         0.         0.33337528]
 [0.         0.33056948 0.33114383 0.         0.         0.33828673]
 [0.         0.33050078 0.         0.         0.30416507 0.36533412]
 [0.         0.33283207 0.         0.         0.3174828  0.34968513]
 [0.         0.33195272 0.         0.         0.2991346  0.3689126 ]
 [0.         0.34447634 0.         0.         0.33528328 0.32024038]
 [0.         0.33990297 0.         0.         0.34526873 0.3148283 ]
 [0.         0.33265185 0.         0.         0.35322365 0.31412455]
 [0.31342852 0.32829773 0.         0.         0.3582737  0.        ]
 [0.         0.3465123  0.         0.         0.33773017 0.31575757]
 [0.31496102 0.34115976 0.         0.         0.3438793  0.        ]
 [0.         0.33590817 0.         0.         0.3500576  0.3140342 ]
 [0.3167483  0.32893574 0.         0.         0.3543159  0.        ]
 [0.31807542 0.3475153  0.         0.         0.3344093  0.        ]
 [0.31979668 0.34340557 0.         0.         0.33679777 0.        ]
 [0.3207019  0.33811235 0.         0.         0.34118578 0.        ]
 [0.32071415 0.33287388 0.         0.         0.34641203 0.        ]
 [0.3221084  0.3507778  0.         0.         0.32711378 0.        ]
 [0.3246744  0.34093076 0.         0.         0.33439484 0.        ]
 [0.32786757 0.33379737 0.         0.         0.33833507 0.        ]
 [0.33139378 0.32522088 0.         0.         0.34338537 0.        ]
 [0.33000383 0.         0.         0.3412168  0.         0.32877934]
 [0.33100682 0.         0.         0.341262   0.         0.32773116]
 [0.         0.         0.         0.3382338  0.3265591  0.3352071 ]
 [0.3129252  0.         0.         0.34141028 0.         0.34566456]
 [0.33900902 0.         0.         0.32313368 0.33785728 0.        ]
 [0.31550837 0.         0.         0.34058455 0.         0.3439071 ]
 [0.33357882 0.         0.         0.3309371  0.33548403 0.        ]
 [0.30256474 0.         0.         0.33979416 0.         0.35764104]
 [0.3016693  0.         0.         0.33893    0.         0.35940063]
 [0.3310927  0.         0.         0.33768636 0.33122095 0.        ]
 [0.33160722 0.         0.         0.3373037  0.3310891  0.        ]
 [0.33147356 0.         0.         0.33443162 0.33409485 0.        ]
 [0.3229306  0.         0.         0.34314376 0.         0.3339257 ]
 [0.32428768 0.         0.         0.34286994 0.         0.33284232]
 [0.3275718  0.         0.         0.34236935 0.         0.33005887]
 [0.30760363 0.         0.         0.34166297 0.         0.3507334 ]
 [0.34451383 0.         0.33280718 0.32267895 0.         0.        ]
 [0.34955364 0.         0.31913683 0.33130947 0.         0.        ]
 [0.34476215 0.         0.3269445  0.32829338 0.         0.        ]
 [0.34814823 0.         0.30986303 0.34198877 0.         0.        ]
 [0.35111964 0.         0.31828335 0.330597   0.         0.        ]
 [0.34599057 0.         0.32554203 0.3284674  0.         0.        ]
 [0.34918916 0.         0.319815   0.3309958  0.         0.        ]
 [0.34910902 0.         0.30962527 0.34126568 0.         0.        ]
 [0.34670752 0.         0.3331063  0.3201861  0.         0.        ]
 [0.35510942 0.         0.3194198  0.32547075 0.         0.        ]
 [0.35428295 0.         0.32526875 0.32044828 0.         0.        ]
 [0.35242644 0.         0.3280205  0.319553   0.         0.        ]
 [0.35432768 0.         0.3203578  0.32531452 0.         0.        ]
 [0.36256793 0.         0.29541743 0.3420146  0.         0.        ]
 [0.34944344 0.         0.33135122 0.3192053  0.         0.        ]
 [0.35309887 0.         0.32247698 0.32442415 0.         0.        ]]
13:39:56      Epoch:   0      Batch:   0      OuterStep: 1730      LossModel: 0.00007960     LossTerm2: 0.00000000      Time/Step(s): 2.4008Term3 quantities: 
 [[0.         0.32040337 0.36767533 0.         0.3119213  0.        ]
 [0.         0.32665816 0.3585424  0.         0.31479946 0.        ]
 [0.         0.32721913 0.35585722 0.         0.31692368 0.        ]
 [0.         0.3261141  0.35841075 0.         0.         0.31547517]
 [0.         0.32619795 0.35618663 0.         0.         0.31761548]
 [0.         0.32897004 0.3456482  0.         0.32538182 0.        ]
 [0.         0.32735255 0.3527865  0.         0.         0.31986097]
 [0.         0.3276554  0.3462107  0.         0.         0.3261339 ]
 [0.         0.32864505 0.3432712  0.         0.         0.32808378]
 [0.         0.3296674  0.33819154 0.         0.         0.3321411 ]
 [0.         0.33004555 0.34038305 0.         0.         0.32957143]
 [0.         0.33126938 0.33536023 0.         0.         0.33337045]
 [0.         0.33075464 0.3310925  0.         0.         0.3381529 ]
 [0.         0.33047962 0.         0.         0.30428332 0.3652371 ]
 [0.         0.3327776  0.         0.         0.31753537 0.34968713]
 [0.         0.33193064 0.         0.         0.29924098 0.36882836]
 [0.         0.34447742 0.         0.         0.3353137  0.3202089 ]
 [0.         0.3398985  0.         0.         0.34533384 0.3147677 ]
 [0.         0.33266875 0.         0.         0.35317487 0.31415638]
 [0.3134196  0.328309   0.         0.         0.3582714  0.        ]
 [0.         0.3467198  0.         0.         0.3379621  0.3153181 ]
 [0.3148349  0.3412147  0.         0.         0.34395048 0.        ]
 [0.         0.33591834 0.         0.         0.3502506  0.3138311 ]
 [0.3167641  0.32887444 0.         0.         0.35436147 0.        ]
 [0.3180653  0.347498   0.         0.         0.33443668 0.        ]
 [0.31978953 0.3434064  0.         0.         0.33680406 0.        ]
 [0.32068622 0.33808553 0.         0.         0.34122825 0.        ]
 [0.3207344  0.33283556 0.         0.         0.34643    0.        ]
 [0.32213643 0.35071513 0.         0.         0.3271484  0.        ]
 [0.32477406 0.34078944 0.         0.         0.3344365  0.        ]
 [0.3279454  0.33374947 0.         0.         0.33830515 0.        ]
 [0.33147302 0.32515627 0.         0.         0.34337074 0.        ]
 [0.33068565 0.         0.         0.34145674 0.         0.32785764]
 [0.33157575 0.         0.         0.34148046 0.         0.32694378]
 [0.         0.         0.         0.33832344 0.32695305 0.3347235 ]
 [0.31357023 0.         0.         0.34171793 0.         0.3447119 ]
 [0.33913642 0.         0.         0.32316443 0.33769915 0.        ]
 [0.31617558 0.         0.         0.3408995  0.         0.34292492]
 [0.33371753 0.         0.         0.33099598 0.33528656 0.        ]
 [0.30308658 0.         0.         0.340131   0.         0.3567824 ]
 [0.30222622 0.         0.         0.33927763 0.         0.35849613]
 [0.33123812 0.         0.         0.337685   0.3310769  0.        ]
 [0.3317327  0.         0.         0.3372957  0.33097163 0.        ]
 [0.331597   0.         0.         0.33440474 0.33399832 0.        ]
 [0.32360992 0.         0.         0.34342152 0.         0.33296862]
 [0.32497564 0.         0.         0.3431419  0.         0.3318824 ]
 [0.32812992 0.         0.         0.3425928  0.         0.32927737]
 [0.3082206  0.         0.         0.34202215 0.         0.34975725]
 [0.34467444 0.         0.33269694 0.32262868 0.         0.        ]
 [0.34971637 0.         0.319006   0.33127764 0.         0.        ]
 [0.3449023  0.         0.32684788 0.32824972 0.         0.        ]
 [0.3481386  0.         0.30985695 0.34200445 0.         0.        ]
 [0.3512694  0.         0.3181742  0.33055633 0.         0.        ]
 [0.34615436 0.         0.32542843 0.32841715 0.         0.        ]
 [0.3492722  0.         0.31984448 0.33088326 0.         0.        ]
 [0.34932125 0.         0.3093653  0.34131345 0.         0.        ]
 [0.34683722 0.         0.33301854 0.32014418 0.         0.        ]
 [0.3552929  0.         0.31928316 0.32542393 0.         0.        ]
 [0.35447732 0.         0.32512844 0.3203942  0.         0.        ]
 [0.35260385 0.         0.32789814 0.31949794 0.         0.        ]
 [0.35451147 0.         0.3202324  0.32525614 0.         0.        ]
 [0.3627855  0.         0.29513973 0.34207484 0.         0.        ]
 [0.34961477 0.         0.331232   0.31915322 0.         0.        ]
 [0.35327923 0.         0.32236037 0.3243604  0.         0.        ]]
13:40:21      Epoch:   0      Batch:   0      OuterStep: 1740      LossModel: 0.00008371     LossTerm2: 0.00000000      Time/Step(s): 2.5664Term3 quantities: 
 [[0.         0.32040423 0.3676304  0.         0.31196535 0.        ]
 [0.         0.3266539  0.3585384  0.         0.31480765 0.        ]
 [0.         0.32720768 0.35585567 0.         0.31693664 0.        ]
 [0.         0.32603604 0.35851595 0.         0.         0.315448  ]
 [0.         0.32617825 0.35624298 0.         0.         0.31757882]
 [0.         0.32890552 0.3456362  0.         0.32545835 0.        ]
 [0.         0.32736805 0.35282674 0.         0.         0.3198052 ]
 [0.         0.3277602  0.34615448 0.         0.         0.32608533]
 [0.         0.32855478 0.34333518 0.         0.         0.32811013]
 [0.         0.3295796  0.33821106 0.         0.         0.3322094 ]
 [0.         0.32992157 0.34044626 0.         0.         0.32963216]
 [0.         0.33141926 0.3353268  0.         0.         0.333254  ]
 [0.         0.33067453 0.3310777  0.         0.         0.33824778]
 [0.         0.33045506 0.         0.         0.30434072 0.3652042 ]
 [0.         0.3326847  0.         0.         0.31761944 0.34969583]
 [0.         0.33194113 0.         0.         0.29928562 0.36877328]
 [0.         0.34443584 0.         0.         0.33544704 0.32011715]
 [0.         0.33989346 0.         0.         0.3454753  0.31463125]
 [0.         0.33266428 0.         0.         0.3533006  0.31403524]
 [0.31346697 0.32823983 0.         0.         0.35829318 0.        ]
 [0.         0.34693792 0.         0.         0.33743763 0.31562445]
 [0.         0.34164724 0.         0.         0.34354565 0.3148072 ]
 [0.         0.3360017  0.         0.         0.35017574 0.3138227 ]
 [0.31681228 0.3287888  0.         0.         0.35439894 0.        ]
 [0.31807113 0.34739244 0.         0.         0.33453646 0.        ]
 [0.3197676  0.34334508 0.         0.         0.33688733 0.        ]
 [0.320687   0.3380369  0.         0.         0.3412761  0.        ]
 [0.3207314  0.33278573 0.         0.         0.3464829  0.        ]
 [0.32220393 0.35068488 0.         0.         0.32711115 0.        ]
 [0.32485995 0.34074643 0.         0.         0.33439362 0.        ]
 [0.32792455 0.33368987 0.         0.         0.33838564 0.        ]
 [0.33154008 0.32504258 0.         0.         0.34341732 0.        ]
 [0.33050337 0.         0.         0.3412869  0.         0.32820976]
 [0.33160502 0.         0.         0.3414119  0.         0.3269831 ]
 [0.         0.         0.3271133  0.3384842  0.         0.33440262]
 [0.31385785 0.         0.         0.3417857  0.         0.34435642]
 [0.3392751  0.         0.         0.32320473 0.33752015 0.        ]
 [0.31641537 0.         0.         0.34094843 0.         0.3426362 ]
 [0.33388045 0.         0.         0.33112478 0.3349948  0.        ]
 [0.30348143 0.         0.         0.34033352 0.         0.35618505]
 [0.30263302 0.         0.         0.3394836  0.         0.3578834 ]
 [0.3314426  0.         0.         0.33767214 0.33088535 0.        ]
 [0.33193403 0.         0.         0.3372994  0.3307665  0.        ]
 [0.33177784 0.         0.         0.33439785 0.3338243  0.        ]
 [0.323774   0.         0.         0.34340787 0.         0.33281815]
 [0.3250899  0.         0.         0.3431038  0.         0.33180627]
 [0.3282009  0.         0.         0.34253347 0.         0.32926565]
 [0.3086106  0.         0.         0.34218252 0.         0.3492069 ]
 [0.3447091  0.         0.33277902 0.3225118  0.         0.        ]
 [0.3497451  0.         0.31907052 0.33118445 0.         0.        ]
 [0.34493226 0.         0.32691225 0.32815546 0.         0.        ]
 [0.3480639  0.         0.3099491  0.341987   0.         0.        ]
 [0.3513084  0.         0.31822515 0.33046642 0.         0.        ]
 [0.34617433 0.         0.32551065 0.32831502 0.         0.        ]
 [0.34917223 0.         0.3200558  0.33077195 0.         0.        ]
 [0.34945273 0.         0.30934662 0.34120062 0.         0.        ]
 [0.34688032 0.         0.33306387 0.32005587 0.         0.        ]
 [0.3554323  0.         0.31925038 0.32531735 0.         0.        ]
 [0.35455889 0.         0.32516038 0.32028073 0.         0.        ]
 [0.35269025 0.         0.3279176  0.31939217 0.         0.        ]
 [0.3546265  0.         0.3202397  0.3251338  0.         0.        ]
 [0.3628825  0.         0.29503283 0.3420847  0.         0.        ]
 [0.3497082  0.         0.3312376  0.31905416 0.         0.        ]
 [0.35338324 0.         0.32235637 0.32426038 0.         0.        ]]
13:40:45      Epoch:   0      Batch:   0      OuterStep: 1750      LossModel: 0.00007923     LossTerm2: 0.00000000      Time/Step(s): 2.2907Term3 quantities: 
 [[0.         0.32039696 0.36764184 0.         0.31196117 0.        ]
 [0.         0.32667333 0.3585084  0.         0.31481826 0.        ]
 [0.         0.32721823 0.35583457 0.         0.3169471  0.        ]
 [0.         0.3261127  0.3584418  0.         0.         0.31544554]
 [0.         0.3261671  0.35614097 0.         0.         0.31769192]
 [0.         0.32886085 0.34555584 0.         0.32558328 0.        ]
 [0.         0.32738638 0.35279348 0.         0.         0.31982017]
 [0.         0.32783425 0.34604076 0.         0.         0.326125  ]
 [0.         0.3285638  0.3432583  0.         0.         0.32817784]
 [0.         0.32957265 0.33814925 0.         0.         0.33227807]
 [0.         0.3300951  0.34029636 0.         0.         0.32960853]
 [0.         0.33124012 0.33527777 0.         0.         0.33348215]
 [0.         0.33060715 0.33100674 0.         0.         0.33838615]
 [0.         0.33042595 0.         0.         0.30434138 0.36523265]
 [0.         0.3326194  0.         0.         0.317614   0.3497666 ]
 [0.         0.3319487  0.         0.         0.2992373  0.36881393]
 [0.         0.34440434 0.         0.         0.3353827  0.32021287]
 [0.         0.339899   0.         0.         0.34544036 0.3146607 ]
 [0.         0.3326282  0.         0.         0.35321233 0.3141595 ]
 [0.31346193 0.32825404 0.         0.         0.358284   0.        ]
 [0.         0.34695446 0.         0.         0.33744198 0.31560364]
 [0.         0.34169382 0.         0.         0.3436514  0.3146548 ]
 [0.         0.3358805  0.         0.         0.35016733 0.31395218]
 [0.31676894 0.32882145 0.         0.         0.35440964 0.        ]
 [0.31797403 0.34745598 0.         0.         0.33456996 0.        ]
 [0.31964356 0.34341216 0.         0.         0.33694428 0.        ]
 [0.32059962 0.33804458 0.         0.         0.34135574 0.        ]
 [0.32058603 0.33290657 0.         0.         0.3465074  0.        ]
 [0.3221263  0.35077932 0.         0.         0.3270944  0.        ]
 [0.3247082  0.34089926 0.         0.         0.33439258 0.        ]
 [0.32778057 0.33378488 0.         0.         0.33843452 0.        ]
 [0.33141354 0.32511884 0.         0.         0.3434676  0.        ]
 [0.33015332 0.         0.         0.34114835 0.         0.32869834]
 [0.33114207 0.         0.         0.34120274 0.         0.3276552 ]
 [0.         0.         0.         0.33831903 0.32722804 0.3344529 ]
 [0.3132078  0.         0.         0.3414682  0.         0.345324  ]
 [0.33924776 0.         0.         0.32310292 0.3376493  0.        ]
 [0.31579664 0.         0.         0.3406623  0.         0.3435411 ]
 [0.33384845 0.         0.         0.33102164 0.33512995 0.        ]
 [0.30305216 0.         0.         0.3400793  0.         0.35686854]
 [0.30214992 0.         0.         0.3391971  0.         0.358653  ]
 [0.33145532 0.         0.         0.3376092  0.3309355  0.        ]
 [0.33200413 0.         0.         0.33724973 0.33074614 0.        ]
 [0.33185425 0.         0.         0.334339   0.33380672 0.        ]
 [0.32312843 0.         0.         0.34312275 0.         0.33374885]
 [0.32449406 0.         0.         0.34283888 0.         0.33266696]
 [0.32790378 0.         0.         0.34236786 0.         0.3297284 ]
 [0.30804288 0.         0.         0.34185892 0.         0.35009816]
 [0.344506   0.         0.3330442  0.32244977 0.         0.        ]
 [0.34958026 0.         0.31928498 0.33113465 0.         0.        ]
 [0.34476125 0.         0.32714888 0.32808986 0.         0.        ]
 [0.34790045 0.         0.31010115 0.3419984  0.         0.        ]
 [0.35115287 0.         0.31842735 0.33041978 0.         0.        ]
 [0.3459614  0.         0.32579428 0.3282443  0.         0.        ]
 [0.34903383 0.         0.3203553  0.33061084 0.         0.        ]
 [0.34923115 0.         0.30943578 0.34133303 0.         0.        ]
 [0.3467403  0.         0.33327067 0.31998906 0.         0.        ]
 [0.3552987  0.         0.3194119  0.3252894  0.         0.        ]
 [0.3543907  0.         0.32539704 0.32021224 0.         0.        ]
 [0.35254523 0.         0.32813823 0.31931648 0.         0.        ]
 [0.3545216  0.         0.32038188 0.3250965  0.         0.        ]
 [0.36270708 0.         0.29515928 0.34213367 0.         0.        ]
 [0.3495753  0.         0.33144608 0.31897855 0.         0.        ]
 [0.35322705 0.         0.32257056 0.32420248 0.         0.        ]]
        Validation Criterion: 0.00037180
        Saving best model so far ...
13:41:10      Epoch:   0      Batch:   0      OuterStep: 1760      LossModel: 0.00007741     LossTerm2: 0.00000000      Time/Step(s): 2.9177Term3 quantities: 
 [[0.         0.3203885  0.36760023 0.         0.31201124 0.        ]
 [0.         0.32672033 0.3583871  0.         0.31489256 0.        ]
 [0.         0.32724878 0.3557182  0.         0.31703296 0.        ]
 [0.         0.32602212 0.35836825 0.         0.         0.3156096 ]
 [0.         0.32609972 0.35610718 0.         0.         0.3177931 ]
 [0.         0.3287139  0.34562626 0.         0.3256598  0.        ]
 [0.         0.32730877 0.35275352 0.         0.         0.3199378 ]
 [0.         0.3279123  0.3459167  0.         0.         0.32617104]
 [0.         0.32852426 0.34317213 0.         0.         0.32830364]
 [0.         0.32955462 0.3380798  0.         0.         0.3323656 ]
 [0.         0.33005348 0.3402189  0.         0.         0.32972765]
 [0.         0.33119354 0.33517292 0.         0.         0.33363357]
 [0.         0.3305115  0.33092326 0.         0.         0.33856526]
 [0.         0.3303909  0.         0.         0.30433035 0.36527878]
 [0.         0.3325589  0.         0.         0.31760687 0.34983423]
 [0.         0.3318992  0.         0.         0.29923412 0.3688666 ]
 [0.         0.34439766 0.         0.         0.33536333 0.32023904]
 [0.         0.33989647 0.         0.         0.34544438 0.31465915]
 [0.         0.33258623 0.         0.         0.35319215 0.31422165]
 [0.3134494  0.32830596 0.         0.         0.35824463 0.        ]
 [0.         0.34689808 0.         0.         0.3374141  0.3156879 ]
 [0.         0.341662   0.         0.         0.34350204 0.31483608]
 [0.         0.3358655  0.         0.         0.35013276 0.31400174]
 [0.31668535 0.32890004 0.         0.         0.3544146  0.        ]
 [0.31788567 0.34756845 0.         0.         0.3345459  0.        ]
 [0.31956023 0.34343562 0.         0.         0.33700415 0.        ]
 [0.3205216  0.33819416 0.         0.         0.34128425 0.        ]
 [0.32045963 0.33302307 0.         0.         0.3465173  0.        ]
 [0.32205582 0.35083994 0.         0.         0.3271042  0.        ]
 [0.32460788 0.34095874 0.         0.         0.33443332 0.        ]
 [0.32769135 0.33386067 0.         0.         0.33844793 0.        ]
 [0.33128864 0.3252452  0.         0.         0.3434662  0.        ]
 [0.33027992 0.         0.         0.3412302  0.         0.3284898 ]
 [0.3310941  0.         0.         0.34119323 0.         0.32771266]
 [0.         0.         0.         0.3381449  0.32731965 0.33453545]
 [0.3127179  0.         0.         0.34124574 0.         0.3460364 ]
 [0.33917913 0.         0.         0.32294992 0.33787093 0.        ]
 [0.3154064  0.         0.         0.34050208 0.         0.34409148]
 [0.3337645  0.         0.         0.33083513 0.33540034 0.        ]
 [0.30245647 0.         0.         0.3397841  0.         0.35775945]
 [0.30154783 0.         0.         0.33889922 0.         0.3595529 ]
 [0.33134496 0.         0.         0.33760566 0.3310494  0.        ]
 [0.3319077  0.         0.         0.33722    0.33087227 0.        ]
 [0.33182245 0.         0.         0.33428752 0.33389005 0.        ]
 [0.32292372 0.         0.         0.34304768 0.         0.3340286 ]
 [0.32439733 0.         0.         0.34282675 0.         0.33277592]
 [0.32779622 0.         0.         0.34231734 0.         0.32988647]
 [0.30742082 0.         0.         0.34156883 0.         0.3510104 ]
 [0.34438995 0.         0.3331281  0.32248193 0.         0.        ]
 [0.34948805 0.         0.3193288  0.3311831  0.         0.        ]
 [0.34466594 0.         0.32721427 0.32811975 0.         0.        ]
 [0.3477684  0.         0.31013986 0.3420917  0.         0.        ]
 [0.35106206 0.         0.3184763  0.3304617  0.         0.        ]
 [0.34585822 0.         0.32586983 0.32827199 0.         0.        ]
 [0.34892187 0.         0.32047096 0.33060718 0.         0.        ]
 [0.34900546 0.         0.30959386 0.3414007  0.         0.        ]
 [0.34665912 0.         0.33332187 0.32001898 0.         0.        ]
 [0.35516024 0.         0.31949127 0.3253485  0.         0.        ]
 [0.35427523 0.         0.32546976 0.320255   0.         0.        ]
 [0.3524405  0.         0.3282072  0.31935227 0.         0.        ]
 [0.3543731  0.         0.32046783 0.32515907 0.         0.        ]
 [0.36260727 0.         0.29509458 0.34229815 0.         0.        ]
 [0.34947747 0.         0.331504   0.31901845 0.         0.        ]
 [0.353119   0.         0.3226325  0.32424855 0.         0.        ]]
13:41:36      Epoch:   0      Batch:   0      OuterStep: 1770      LossModel: 0.00007670     LossTerm2: 0.00000000      Time/Step(s): 2.4722Term3 quantities: 
 [[0.         0.32040143 0.36752704 0.         0.31207153 0.        ]
 [0.         0.3267142  0.35839033 0.         0.3148955  0.        ]
 [0.         0.32723427 0.35571933 0.         0.31704646 0.        ]
 [0.         0.32591352 0.35837194 0.         0.         0.3157145 ]
 [0.         0.32597566 0.35608688 0.         0.         0.31793743]
 [0.         0.3287725  0.3454602  0.         0.32576737 0.        ]
 [0.         0.3272113  0.35272858 0.         0.         0.3200602 ]
 [0.         0.3276707  0.34595138 0.         0.         0.32637793]
 [0.         0.32852572 0.34311885 0.         0.         0.32835543]
 [0.         0.32957342 0.33800042 0.         0.         0.33242616]
 [0.         0.32988134 0.3401883  0.         0.         0.32993034]
 [0.         0.33125332 0.3350697  0.         0.         0.33367696]
 [0.         0.33070087 0.33077195 0.         0.         0.33852714]
 [0.         0.33037925 0.         0.         0.30431184 0.3653089 ]
 [0.         0.3325275  0.         0.         0.31757125 0.34990132]
 [0.         0.33186135 0.         0.         0.29925844 0.3688802 ]
 [0.         0.34442502 0.         0.         0.3352619  0.32031304]
 [0.         0.339905   0.         0.         0.34544387 0.31465116]
 [0.         0.33256605 0.         0.         0.35317588 0.31425807]
 [0.31345937 0.3283456  0.         0.         0.35819504 0.        ]
 [0.         0.34682924 0.         0.         0.33743224 0.3157386 ]
 [0.         0.3416198  0.         0.         0.34360263 0.31477758]
 [0.         0.3359516  0.         0.         0.34996307 0.31408525]
 [0.31665644 0.3289298  0.         0.         0.35441372 0.        ]
 [0.31782484 0.3477698  0.         0.         0.33440542 0.        ]
 [0.31947562 0.3434771  0.         0.         0.33704725 0.        ]
 [0.3204667  0.33825174 0.         0.         0.34128162 0.        ]
 [0.32040334 0.33310413 0.         0.         0.34649256 0.        ]
 [0.3220171  0.3508618  0.         0.         0.3271211  0.        ]
 [0.3246102  0.34093678 0.         0.         0.334453   0.        ]
 [0.32767084 0.3339236  0.         0.         0.33840555 0.        ]
 [0.33125857 0.32526985 0.         0.         0.34347153 0.        ]
 [0.33018345 0.         0.         0.34121305 0.         0.32860354]
 [0.3312265  0.         0.         0.34126464 0.         0.32750893]
 [0.         0.         0.         0.33822307 0.32754415 0.33423278]
 [0.3127149  0.         0.         0.34128037 0.         0.34600466]
 [0.33918962 0.         0.         0.32293937 0.33787107 0.        ]
 [0.3154549  0.         0.         0.34055778 0.         0.34398732]
 [0.3337596  0.         0.         0.33080122 0.33543918 0.        ]
 [0.30208454 0.         0.         0.33963925 0.         0.35827622]
 [0.30119064 0.         0.         0.33875617 0.         0.36005324]
 [0.33135378 0.         0.         0.33763435 0.3310119  0.        ]
 [0.33185884 0.         0.         0.33722895 0.3309122  0.        ]
 [0.33178645 0.         0.         0.3342648  0.3339487  0.        ]
 [0.32303035 0.         0.         0.34312543 0.         0.33384427]
 [0.32446307 0.         0.         0.3428622  0.         0.33267474]
 [0.32764098 0.         0.         0.34225252 0.         0.33010644]
 [0.307107   0.         0.         0.3414393  0.         0.35145366]
 [0.3443762  0.         0.33307186 0.3225519  0.         0.        ]
 [0.34946138 0.         0.319304   0.33123457 0.         0.        ]
 [0.34465256 0.         0.3271959  0.32815146 0.         0.        ]
 [0.34776685 0.         0.31002837 0.34220475 0.         0.        ]
 [0.35103172 0.         0.3184551  0.3305132  0.         0.        ]
 [0.34585088 0.         0.32582948 0.32831967 0.         0.        ]
 [0.34887242 0.         0.32047284 0.3306548  0.         0.        ]
 [0.34908047 0.         0.30928722 0.34163228 0.         0.        ]
 [0.34662768 0.         0.3333153  0.32005706 0.         0.        ]
 [0.35511634 0.         0.31944495 0.32543862 0.         0.        ]
 [0.3542399  0.         0.32544592 0.3203141  0.         0.        ]
 [0.35239807 0.         0.32820007 0.3194019  0.         0.        ]
 [0.3543083  0.         0.32045484 0.32523686 0.         0.        ]
 [0.36272746 0.         0.2949033  0.34236923 0.         0.        ]
 [0.34943137 0.         0.3314967  0.31907195 0.         0.        ]
 [0.35309857 0.         0.32257912 0.32432228 0.         0.        ]]
13:42:00      Epoch:   0      Batch:   0      OuterStep: 1780      LossModel: 0.00007789     LossTerm2: 0.00000000      Time/Step(s): 2.3076Term3 quantities: 
 [[0.         0.3204347  0.36745343 0.         0.3121119  0.        ]
 [0.         0.32676464 0.35828957 0.         0.31494573 0.        ]
 [0.         0.3272753  0.35563856 0.         0.31708613 0.        ]
 [0.         0.32606944 0.35826987 0.         0.         0.31566074]
 [0.         0.32608855 0.35600778 0.         0.         0.31790364]
 [0.         0.32872346 0.34550247 0.         0.3257741  0.        ]
 [0.         0.32727435 0.35268024 0.         0.         0.32004535]
 [0.         0.32775667 0.34587476 0.         0.         0.3263686 ]
 [0.         0.32848132 0.3430965  0.         0.         0.32842225]
 [0.         0.32964233 0.3379441  0.         0.         0.33241364]
 [0.         0.3300206  0.34009185 0.         0.         0.32988757]
 [0.         0.3313033  0.3350048  0.         0.         0.3336919 ]
 [0.         0.33061558 0.3307605  0.         0.         0.338624  ]
 [0.         0.33036467 0.         0.         0.30434892 0.36528644]
 [0.         0.33252293 0.         0.         0.3175803  0.34989682]
 [0.         0.33186516 0.         0.         0.29925498 0.36887985]
 [0.         0.3444408  0.         0.         0.33524188 0.32031736]
 [0.         0.33992207 0.         0.         0.3454366  0.31464133]
 [0.         0.33255428 0.         0.         0.35313419 0.31431153]
 [0.3134439  0.3283909  0.         0.         0.3581652  0.        ]
 [0.         0.34677258 0.         0.         0.33747008 0.31575733]
 [0.         0.34157005 0.         0.         0.3435806  0.31484938]
 [0.         0.33597282 0.         0.         0.3497157  0.31431144]
 [0.31657556 0.3289736  0.         0.         0.3544509  0.        ]
 [0.31775302 0.3478186  0.         0.         0.33442837 0.        ]
 [0.31948915 0.34348837 0.         0.         0.33702254 0.        ]
 [0.32043874 0.33824575 0.         0.         0.34131557 0.        ]
 [0.3203579  0.33315098 0.         0.         0.34649116 0.        ]
 [0.3219598  0.3508502  0.         0.         0.32719    0.        ]
 [0.32460615 0.34098634 0.         0.         0.33440748 0.        ]
 [0.3276615  0.3339712  0.         0.         0.33836728 0.        ]
 [0.33124602 0.3252592  0.         0.         0.3434948  0.        ]
 [0.33019975 0.         0.         0.3412376  0.         0.32856262]
 [0.33122367 0.         0.         0.34127405 0.         0.32750228]
 [0.         0.         0.         0.3382884  0.32774004 0.33397165]
 [0.3128139  0.         0.         0.3413475  0.         0.3458386 ]
 [0.339216   0.         0.         0.322974   0.33780998 0.        ]
 [0.31556773 0.         0.         0.34063366 0.         0.34379864]
 [0.33378407 0.         0.         0.33084616 0.33536974 0.        ]
 [0.30195478 0.         0.         0.3396213  0.         0.3584239 ]
 [0.30108643 0.         0.         0.33874774 0.         0.36016586]
 [0.3314393  0.         0.         0.33764347 0.33091727 0.        ]
 [0.331939   0.         0.         0.33723062 0.33083034 0.        ]
 [0.3317928  0.         0.         0.33422658 0.33398068 0.        ]
 [0.32303017 0.         0.         0.34314615 0.         0.3338237 ]
 [0.32447731 0.         0.         0.34289256 0.         0.33263013]
 [0.32774425 0.         0.         0.342304   0.         0.32995182]
 [0.30712256 0.         0.         0.34149817 0.         0.3513793 ]
 [0.34448564 0.         0.33287555 0.32263878 0.         0.        ]
 [0.34955087 0.         0.3191374  0.33131173 0.         0.        ]
 [0.3447303  0.         0.32704416 0.3282256  0.         0.        ]
 [0.3478156  0.         0.30983177 0.34235257 0.         0.        ]
 [0.35111862 0.         0.31829897 0.3305824  0.         0.        ]
 [0.34595358 0.         0.325652   0.32839438 0.         0.        ]
 [0.34887972 0.         0.32045704 0.33066323 0.         0.        ]
 [0.34906065 0.         0.30920145 0.34173793 0.         0.        ]
 [0.3466997  0.         0.33317995 0.32012033 0.         0.        ]
 [0.35521504 0.         0.31927142 0.3255136  0.         0.        ]
 [0.35435534 0.         0.32524282 0.32040185 0.         0.        ]
 [0.35249513 0.         0.32802975 0.31947508 0.         0.        ]
 [0.35440567 0.         0.32025582 0.32533845 0.         0.        ]
 [0.3627542  0.         0.2947519  0.34249392 0.         0.        ]
 [0.34950843 0.         0.33134487 0.31914666 0.         0.        ]
 [0.35317785 0.         0.32242042 0.32440174 0.         0.        ]]
13:42:25      Epoch:   0      Batch:   0      OuterStep: 1790      LossModel: 0.00007851     LossTerm2: 0.00000000      Time/Step(s): 2.3270Term3 quantities: 
 [[0.         0.3204355  0.36745217 0.         0.31211242 0.        ]
 [0.         0.32677805 0.35824624 0.         0.31497574 0.        ]
 [0.         0.3273022  0.35559452 0.         0.31710324 0.        ]
 [0.         0.3260349  0.35832435 0.         0.         0.31564078]
 [0.         0.32598293 0.35608324 0.         0.         0.3179338 ]
 [0.         0.32873687 0.3453888  0.         0.32587433 0.        ]
 [0.         0.3272658  0.35271576 0.         0.         0.32001844]
 [0.         0.32775807 0.3458788  0.         0.         0.32636324]
 [0.         0.328433   0.3431211  0.         0.         0.32844588]
 [0.         0.3294974  0.33797556 0.         0.         0.3325271 ]
 [0.         0.33003205 0.34008822 0.         0.         0.3298797 ]
 [0.         0.33109227 0.33503357 0.         0.         0.33387417]
 [0.         0.33053884 0.3307344  0.         0.         0.33872673]
 [0.         0.33034948 0.         0.         0.30438423 0.3652663 ]
 [0.         0.33249897 0.         0.         0.31762007 0.349881  ]
 [0.         0.33190563 0.         0.         0.29923785 0.36885652]
 [0.         0.34446236 0.         0.         0.33518973 0.32034785]
 [0.         0.3399298  0.         0.         0.34542888 0.3146414 ]
 [0.         0.3325659  0.         0.         0.35308805 0.31434608]
 [0.31343237 0.32842508 0.         0.         0.35814258 0.        ]
 [0.         0.34672087 0.         0.         0.33751807 0.31576115]
 [0.         0.3415456  0.         0.         0.34362602 0.31482837]
 [0.         0.33585775 0.         0.         0.35007134 0.3140709 ]
 [0.31657976 0.32894707 0.         0.         0.35447317 0.        ]
 [0.3176843  0.3478178  0.         0.         0.33449787 0.        ]
 [0.31953102 0.3435708  0.         0.         0.33689824 0.        ]
 [0.32042503 0.33830312 0.         0.         0.34127188 0.        ]
 [0.3203338  0.3331921  0.         0.         0.3464741  0.        ]
 [0.32195488 0.35086447 0.         0.         0.3271807  0.        ]
 [0.32459038 0.34101212 0.         0.         0.3343974  0.        ]
 [0.32764667 0.33399266 0.         0.         0.33836064 0.        ]
 [0.33124778 0.3252886  0.         0.         0.34346363 0.        ]
 [0.3303213  0.         0.         0.34128767 0.         0.32839096]
 [0.33131889 0.         0.         0.34130943 0.         0.3273717 ]
 [0.         0.         0.         0.338125   0.32780936 0.33406562]
 [0.31283352 0.         0.         0.3413762  0.         0.34579033]
 [0.3392643  0.         0.         0.32300198 0.33773366 0.        ]
 [0.3156124  0.         0.         0.3406832  0.         0.34370443]
 [0.3338318  0.         0.         0.33088726 0.33528095 0.        ]
 [0.30195418 0.         0.         0.3396724  0.         0.35837343]
 [0.30110157 0.         0.         0.33880615 0.         0.3600923 ]
 [0.33152112 0.         0.         0.33765104 0.33082786 0.        ]
 [0.3320334  0.         0.         0.33724985 0.3307167  0.        ]
 [0.33186612 0.         0.         0.33421236 0.33392152 0.        ]
 [0.32305187 0.         0.         0.34317142 0.         0.33377674]
 [0.32453504 0.         0.         0.34292608 0.         0.33253884]
 [0.32803246 0.         0.         0.3424148  0.         0.32955268]
 [0.30719194 0.         0.         0.34156695 0.         0.35124108]
 [0.34443668 0.         0.33294296 0.3226203  0.         0.        ]
 [0.34951362 0.         0.31919178 0.3312946  0.         0.        ]
 [0.34466192 0.         0.32714513 0.328193   0.         0.        ]
 [0.3477235  0.         0.30980262 0.3424739  0.         0.        ]
 [0.3510866  0.         0.31834546 0.33056796 0.         0.        ]
 [0.34588435 0.         0.3257498  0.32836583 0.         0.        ]
 [0.3488289  0.         0.32055986 0.33061123 0.         0.        ]
 [0.3489836  0.         0.3091543  0.3418621  0.         0.        ]
 [0.34667388 0.         0.33323118 0.32009485 0.         0.        ]
 [0.355232   0.         0.31925333 0.3255147  0.         0.        ]
 [0.3543313  0.         0.3252951  0.32037365 0.         0.        ]
 [0.35248148 0.         0.32806957 0.31944892 0.         0.        ]
 [0.35439378 0.         0.3202879  0.32531825 0.         0.        ]
 [0.36262265 0.         0.29469013 0.34268716 0.         0.        ]
 [0.34949747 0.         0.33137363 0.31912893 0.         0.        ]
 [0.35315666 0.         0.3224504  0.324393   0.         0.        ]]
13:42:48      Epoch:   0      Batch:   0      OuterStep: 1800      LossModel: 0.00007628     LossTerm2: 0.00000000      Time/Step(s): 2.4559Term3 quantities: 
 [[0.         0.32045037 0.36738053 0.         0.31216913 0.        ]
 [0.         0.32677916 0.35823673 0.         0.3149841  0.        ]
 [0.         0.3273235  0.35552767 0.         0.3171488  0.        ]
 [0.         0.3258897  0.35839552 0.         0.         0.3157148 ]
 [0.         0.32600865 0.35612908 0.         0.         0.3178622 ]
 [0.         0.32870623 0.34535387 0.         0.32593998 0.        ]
 [0.         0.3271264  0.3528067  0.         0.         0.32006696]
 [0.         0.32766974 0.34595236 0.         0.         0.32637793]
 [0.         0.32849306 0.34309965 0.         0.         0.3284073 ]
 [0.         0.32954258 0.33797842 0.         0.         0.33247903]
 [0.         0.32992062 0.34012488 0.         0.         0.32995448]
 [0.         0.3310028  0.3350447  0.         0.         0.33395246]
 [0.         0.33074167 0.33064526 0.         0.         0.33861312]
 [0.         0.3303266  0.         0.         0.304409   0.36526442]
 [0.         0.33250356 0.         0.         0.31763372 0.34986278]
 [0.         0.3319027  0.         0.         0.2992518  0.36884546]
 [0.         0.34448886 0.         0.         0.33519435 0.32031685]
 [0.         0.33995268 0.         0.         0.3454752  0.31457213]
 [0.         0.33260626 0.         0.         0.35305592 0.3143378 ]
 [0.31343928 0.32844496 0.         0.         0.35811582 0.        ]
 [0.         0.34668985 0.         0.         0.3375643  0.31574586]
 [0.         0.34151265 0.         0.         0.343653   0.31483442]
 [0.         0.3359125  0.         0.         0.3498423  0.31424522]
 [0.31653795 0.32900995 0.         0.         0.35445213 0.        ]
 [0.31767076 0.34778786 0.         0.         0.33454144 0.        ]
 [0.31950593 0.3435907  0.         0.         0.3369034  0.        ]
 [0.3204284  0.33830446 0.         0.         0.34126714 0.        ]
 [0.3203376  0.33322322 0.         0.         0.34643924 0.        ]
 [0.32201183 0.3508888  0.         0.         0.32709932 0.        ]
 [0.32457924 0.34096673 0.         0.         0.334454   0.        ]
 [0.32763234 0.33401853 0.         0.         0.33834922 0.        ]
 [0.33127925 0.32528338 0.         0.         0.3434374  0.        ]
 [0.33036518 0.         0.         0.341303   0.         0.32833177]
 [0.33139068 0.         0.         0.341328   0.         0.32728133]
 [0.         0.         0.         0.33814013 0.32807112 0.33378875]
 [0.31283405 0.         0.         0.34138912 0.         0.34577686]
 [0.33931983 0.         0.         0.32298598 0.3376941  0.        ]
 [0.3155942  0.         0.         0.34069037 0.         0.34371543]
 [0.33388767 0.         0.         0.3309101  0.33520216 0.        ]
 [0.301942   0.         0.         0.33971053 0.         0.35834754]
 [0.30108717 0.         0.         0.33883634 0.         0.3600764 ]
 [0.33157253 0.         0.         0.33764827 0.33077917 0.        ]
 [0.33210522 0.         0.         0.3372402  0.33065462 0.        ]
 [0.33195418 0.         0.         0.33418727 0.3338586  0.        ]
 [0.32312384 0.         0.         0.34320801 0.         0.33366808]
 [0.3246418  0.         0.         0.3429791  0.         0.33237913]
 [0.3279773  0.         0.         0.34238082 0.         0.3296419 ]
 [0.3071902  0.         0.         0.34159806 0.         0.35121167]
 [0.34437197 0.         0.33306712 0.32256088 0.         0.        ]
 [0.34950855 0.         0.31924856 0.33124292 0.         0.        ]
 [0.34461895 0.         0.32723346 0.32814765 0.         0.        ]
 [0.34747306 0.         0.31001934 0.3425076  0.         0.        ]
 [0.35105175 0.         0.31842366 0.33052465 0.         0.        ]
 [0.3458253  0.         0.32586122 0.32831344 0.         0.        ]
 [0.3488509  0.         0.32064447 0.3305046  0.         0.        ]
 [0.349006   0.         0.3091115  0.34188238 0.         0.        ]
 [0.3466365  0.         0.33332354 0.32004    0.         0.        ]
 [0.3552171  0.         0.31930178 0.3254811  0.         0.        ]
 [0.35431024 0.         0.32536882 0.32032093 0.         0.        ]
 [0.35246742 0.         0.32814005 0.31939253 0.         0.        ]
 [0.35440287 0.         0.32031652 0.3252807  0.         0.        ]
 [0.36244285 0.         0.29490125 0.34265587 0.         0.        ]
 [0.34947363 0.         0.33145928 0.31906703 0.         0.        ]
 [0.35313886 0.         0.32252955 0.32433158 0.         0.        ]]
        Validation Criterion: 0.00037029
        Saving best model so far ...
13:43:14      Epoch:   0      Batch:   0      OuterStep: 1810      LossModel: 0.00007674     LossTerm2: 0.00000000      Time/Step(s): 2.4545Term3 quantities: 
 [[0.         0.32043278 0.36736357 0.         0.31220362 0.        ]
 [0.         0.3268047  0.35814548 0.         0.31504977 0.        ]
 [0.         0.32728994 0.35556382 0.         0.31714624 0.        ]
 [0.         0.32592207 0.3584471  0.         0.         0.3156308 ]
 [0.         0.32608017 0.35613906 0.         0.         0.3177807 ]
 [0.         0.32864928 0.34539825 0.         0.32595253 0.        ]
 [0.         0.32717302 0.35281157 0.         0.         0.3200154 ]
 [0.         0.32789487 0.34585407 0.         0.         0.3262511 ]
 [0.         0.3284298  0.3431112  0.         0.         0.32845902]
 [0.         0.3296216  0.33793464 0.         0.         0.3324437 ]
 [0.         0.32994717 0.34010234 0.         0.         0.32995042]
 [0.         0.33116594 0.33498564 0.         0.         0.33384842]
 [0.         0.33043137 0.33068448 0.         0.         0.3388841 ]
 [0.         0.33030468 0.         0.         0.3044352  0.36526006]
 [0.         0.33249295 0.         0.         0.31764266 0.34986442]
 [0.         0.33187363 0.         0.         0.29930001 0.3688264 ]
 [0.         0.34449697 0.         0.         0.33514407 0.32035896]
 [0.         0.33995464 0.         0.         0.34549332 0.31455207]
 [0.         0.3326273  0.         0.         0.35301325 0.3143594 ]
 [0.31341404 0.3285025  0.         0.         0.3580834  0.        ]
 [0.         0.34665453 0.         0.         0.3375893  0.31575626]
 [0.         0.3414523  0.         0.         0.34373578 0.3148119 ]
 [0.         0.33601484 0.         0.         0.34982386 0.31416133]
 [0.31655264 0.32899907 0.         0.         0.35444832 0.        ]
 [0.3176677  0.34779507 0.         0.         0.3345372  0.        ]
 [0.3194697  0.34355885 0.         0.         0.3369715  0.        ]
 [0.3203853  0.33836782 0.         0.         0.3412469  0.        ]
 [0.32034907 0.33326125 0.         0.         0.34638977 0.        ]
 [0.32200828 0.3508936  0.         0.         0.32709816 0.        ]
 [0.32460895 0.3409202  0.         0.         0.33447078 0.        ]
 [0.3276096  0.33398512 0.         0.         0.33840528 0.        ]
 [0.33130714 0.32525155 0.         0.         0.3434414  0.        ]
 [0.33043626 0.         0.         0.3413229  0.         0.32824087]
 [0.33147982 0.         0.         0.34135714 0.         0.32716307]
 [0.         0.         0.         0.338101   0.32828277 0.33361626]
 [0.31276876 0.         0.         0.34136617 0.         0.3458651 ]
 [0.339364   0.         0.         0.3229268  0.33770928 0.        ]
 [0.31560615 0.         0.         0.34070954 0.         0.34368432]
 [0.33395264 0.         0.         0.3308953  0.3351521  0.        ]
 [0.30190158 0.         0.         0.33972862 0.         0.35836977]
 [0.30105862 0.         0.         0.33886188 0.         0.36007944]
 [0.3316176  0.         0.         0.33766046 0.330722   0.        ]
 [0.33214787 0.         0.         0.33724627 0.3306058  0.        ]
 [0.33204892 0.         0.         0.334168   0.33378315 0.        ]
 [0.32316616 0.         0.         0.3432251  0.         0.3336088 ]
 [0.32466504 0.         0.         0.34298468 0.         0.33235028]
 [0.32791573 0.         0.         0.34233394 0.         0.3297504 ]
 [0.30714905 0.         0.         0.34161216 0.         0.35123876]
 [0.34432918 0.         0.33315882 0.32251197 0.         0.        ]
 [0.3494791  0.         0.31929064 0.33123025 0.         0.        ]
 [0.3445939  0.         0.32729906 0.32810703 0.         0.        ]
 [0.34741777 0.         0.310125   0.34245726 0.         0.        ]
 [0.35103807 0.         0.31846455 0.3304974  0.         0.        ]
 [0.3457959  0.         0.3259384  0.3282657  0.         0.        ]
 [0.3488062  0.         0.32080218 0.33039162 0.         0.        ]
 [0.34894985 0.         0.3090887  0.34196144 0.         0.        ]
 [0.34661454 0.         0.33337855 0.320007   0.         0.        ]
 [0.35518786 0.         0.31935224 0.3254599  0.         0.        ]
 [0.35428867 0.         0.32543784 0.32027352 0.         0.        ]
 [0.35244772 0.         0.32820943 0.31934294 0.         0.        ]
 [0.35436597 0.         0.3203809  0.32525316 0.         0.        ]
 [0.36242118 0.         0.29477343 0.34280542 0.         0.        ]
 [0.3494666  0.         0.33149973 0.3190337  0.         0.        ]
 [0.35313216 0.         0.32256106 0.32430685 0.         0.        ]]
13:43:38      Epoch:   0      Batch:   0      OuterStep: 1820      LossModel: 0.00142827     LossTerm2: 0.00000000      Time/Step(s): 2.4200Term3 quantities: 
 [[0.         0.32034522 0.3676088  0.         0.31204605 0.        ]
 [0.         0.32670724 0.35839233 0.         0.31490046 0.        ]
 [0.         0.3272269  0.3557015  0.         0.3170716  0.        ]
 [0.         0.32613283 0.3585621  0.         0.         0.3153051 ]
 [0.         0.3260726  0.3563091  0.         0.         0.31761837]
 [0.         0.3286662  0.3454245  0.         0.32590938 0.        ]
 [0.         0.327247   0.3529448  0.3198083  0.         0.        ]
 [0.         0.32803875 0.34592715 0.         0.         0.3260341 ]
 [0.         0.3285585  0.34317425 0.         0.         0.3282673 ]
 [0.         0.32956368 0.3380687  0.         0.         0.33236766]
 [0.         0.33010983 0.34017423 0.         0.         0.32971597]
 [0.         0.33147156 0.33497405 0.         0.         0.33355433]
 [0.         0.33084744 0.33065963 0.         0.         0.338493  ]
 [0.         0.3303175  0.         0.         0.3044712  0.3652113 ]
 [0.         0.33254528 0.         0.         0.31768313 0.34977168]
 [0.         0.33188927 0.         0.         0.29927853 0.36883223]
 [0.         0.3445198  0.         0.         0.33515343 0.32032675]
 [0.         0.33998597 0.         0.         0.34552014 0.31449392]
 [0.         0.33267617 0.         0.         0.3529579  0.3143659 ]
 [0.31340802 0.32853836 0.         0.         0.3580536  0.        ]
 [0.         0.34665173 0.         0.         0.33763373 0.3157145 ]
 [0.         0.34144616 0.         0.         0.34377992 0.31477395]
 [0.         0.33607864 0.         0.         0.34959453 0.3143268 ]
 [0.31650588 0.3290666  0.         0.         0.35442752 0.        ]
 [0.31763905 0.34792656 0.         0.         0.33443436 0.        ]
 [0.319444   0.34361708 0.         0.         0.33693898 0.        ]
 [0.32036865 0.33840558 0.         0.         0.34122574 0.        ]
 [0.32032007 0.3333334  0.         0.         0.3463465  0.        ]
 [0.32197565 0.35086694 0.         0.         0.32715744 0.        ]
 [0.32459545 0.34099892 0.         0.         0.33440566 0.        ]
 [0.32763192 0.33404687 0.         0.         0.33832127 0.        ]
 [0.3313235  0.32523742 0.         0.         0.343439   0.        ]
 [0.33073947 0.         0.         0.3415983  0.         0.32766223]
 [0.33169642 0.         0.         0.34157    0.         0.3267336 ]
 [0.32865995 0.         0.         0.3384634  0.         0.33287668]
 [0.31296274 0.         0.         0.34165978 0.         0.34537748]
 [0.33935317 0.         0.         0.32308978 0.3375571  0.        ]
 [0.3158921  0.         0.         0.34104675 0.         0.34306115]
 [0.33393055 0.         0.         0.3311303  0.33493906 0.        ]
 [0.30200037 0.         0.         0.34003907 0.         0.35796052]
 [0.3011696  0.         0.         0.33916742 0.         0.35966304]
 [0.3316779  0.         0.         0.3377968  0.33052528 0.        ]
 [0.3322162  0.         0.         0.3373558  0.33042803 0.        ]
 [0.33213565 0.         0.         0.3342726  0.33359176 0.        ]
 [0.32347697 0.         0.         0.3435539  0.         0.33296916]
 [0.32499865 0.         0.         0.34330612 0.         0.33169526]
 [0.32834357 0.         0.         0.34266004 0.         0.32899642]
 [0.30726618 0.         0.         0.34190732 0.         0.35082653]
 [0.3443404  0.         0.33312687 0.32253268 0.         0.        ]
 [0.34946698 0.         0.31926894 0.3312641  0.         0.        ]
 [0.34462225 0.         0.3272616  0.32811615 0.         0.        ]
 [0.34757078 0.         0.3097937  0.34263548 0.         0.        ]
 [0.35106093 0.         0.3184068  0.33053234 0.         0.        ]
 [0.34582183 0.         0.32588604 0.32829213 0.         0.        ]
 [0.34878388 0.         0.32077318 0.33044297 0.         0.        ]
 [0.34887937 0.         0.30901137 0.34210926 0.         0.        ]
 [0.34663376 0.         0.3333653  0.320001   0.         0.        ]
 [0.35518205 0.         0.31931913 0.32549882 0.         0.        ]
 [0.3543084  0.         0.32540786 0.32028377 0.         0.        ]
 [0.35247236 0.         0.3281851  0.31934252 0.         0.        ]
 [0.35436505 0.         0.32036704 0.3252679  0.         0.        ]
 [0.36236843 0.         0.29469973 0.34293187 0.         0.        ]
 [0.34948206 0.         0.33149874 0.31901923 0.         0.        ]
 [0.3531342  0.         0.3225538  0.32431194 0.         0.        ]]
13:44:03      Epoch:   0      Batch:   0      OuterStep: 1830      LossModel: 0.00132700     LossTerm2: 0.00000000      Time/Step(s): 2.3275Term3 quantities: 
 [[0.         0.3201493  0.36883748 0.         0.31101322 0.        ]
 [0.         0.32659718 0.359218   0.         0.3141848  0.        ]
 [0.         0.32703486 0.35673755 0.         0.31622753 0.        ]
 [0.         0.3270187  0.35834333 0.         0.         0.31463805]
 [0.         0.3270582  0.35609198 0.         0.         0.31684983]
 [0.         0.3290058  0.34598824 0.         0.32500604 0.        ]
 [0.         0.32662433 0.3548237  0.31855196 0.         0.        ]
 [0.         0.32848126 0.34593502 0.         0.         0.32558376]
 [0.         0.3292565  0.3431125  0.         0.         0.32763097]
 [0.         0.33014223 0.33812058 0.         0.         0.33173716]
 [0.         0.33052576 0.34026706 0.         0.         0.32920712]
 [0.         0.3317408  0.33510247 0.         0.         0.3331567 ]
 [0.         0.3315033  0.3307137  0.         0.         0.33778298]
 [0.         0.33021656 0.         0.         0.30455422 0.36522925]
 [0.         0.33284444 0.         0.         0.31784168 0.34931388]
 [0.         0.3318031  0.         0.         0.29938024 0.36881658]
 [0.         0.3444543  0.         0.         0.33515602 0.32038966]
 [0.         0.33995274 0.         0.         0.3455488  0.3144984 ]
 [0.         0.3326592  0.         0.         0.35294384 0.31439698]
 [0.3134195  0.32854313 0.         0.         0.35803744 0.        ]
 [0.         0.34656778 0.         0.         0.33766016 0.3157721 ]
 [0.         0.34135792 0.         0.         0.34382132 0.3148208 ]
 [0.         0.3359129  0.         0.         0.34986195 0.31422508]
 [0.31649828 0.329044   0.         0.         0.35445774 0.        ]
 [0.31760857 0.34799138 0.         0.         0.33440003 0.        ]
 [0.31936184 0.3435703  0.         0.         0.33706793 0.        ]
 [0.3203358  0.33845887 0.         0.         0.3412054  0.        ]
 [0.32030502 0.33334172 0.         0.         0.3463533  0.        ]
 [0.32197    0.350929   0.         0.         0.32710102 0.        ]
 [0.3246404  0.34093225 0.         0.         0.3344274  0.        ]
 [0.32763788 0.33412194 0.         0.         0.3382402  0.        ]
 [0.33135995 0.32519722 0.         0.         0.34344283 0.        ]
 [0.33059922 0.         0.         0.34185427 0.         0.32754648]
 [0.33189616 0.         0.         0.34196982 0.         0.32613406]
 [0.3310691  0.         0.         0.33928558 0.         0.32964525]
 [0.31318355 0.         0.         0.34219784 0.         0.34461865]
 [0.3393088  0.         0.         0.32364225 0.33704892 0.        ]
 [0.31598186 0.         0.         0.34150568 0.         0.34251246]
 [0.33386368 0.         0.         0.3318829  0.33425346 0.        ]
 [0.30220836 0.         0.         0.34069487 0.         0.35709676]
 [0.30136642 0.         0.         0.33980495 0.         0.35882866]
 [0.33175462 0.         0.         0.33821946 0.33002597 0.        ]
 [0.33231774 0.         0.         0.33775777 0.3299245  0.        ]
 [0.33222327 0.         0.         0.3346455  0.33313116 0.        ]
 [0.323663   0.         0.         0.34402737 0.         0.33230966]
 [0.325246   0.         0.         0.34379447 0.         0.33095956]
 [0.32888353 0.         0.         0.34323087 0.         0.32788563]
 [0.30757305 0.         0.         0.34260336 0.         0.34982362]
 [0.34451702 0.         0.33291474 0.32256818 0.         0.        ]
 [0.34981993 0.         0.31884193 0.3313382  0.         0.        ]
 [0.34505913 0.         0.32681584 0.3281251  0.         0.        ]
 [0.34801883 0.         0.309187   0.34279418 0.         0.        ]
 [0.35136268 0.         0.31802532 0.33061203 0.         0.        ]
 [0.3462147  0.         0.32546726 0.32831803 0.         0.        ]
 [0.3490603  0.         0.32047606 0.33046365 0.         0.        ]
 [0.3493735  0.         0.30829653 0.34232998 0.         0.        ]
 [0.34688458 0.         0.333076   0.32003945 0.         0.        ]
 [0.35541987 0.         0.31907982 0.32550028 0.         0.        ]
 [0.35455462 0.         0.325187   0.32025844 0.         0.        ]
 [0.35273945 0.         0.32796806 0.3192925  0.         0.        ]
 [0.35464337 0.         0.32010388 0.32525277 0.         0.        ]
 [0.3627449  0.         0.29421535 0.34303966 0.         0.        ]
 [0.34975708 0.         0.33127975 0.31896314 0.         0.        ]
 [0.35335186 0.         0.3223468  0.3243013  0.         0.        ]]
13:44:29      Epoch:   0      Batch:   0      OuterStep: 1840      LossModel: 0.00121321     LossTerm2: 0.00000000      Time/Step(s): 2.4203Term3 quantities: 
 [[0.         0.3200821  0.3701308  0.         0.30978703 0.        ]
 [0.         0.3265089  0.3603297  0.         0.3131613  0.        ]
 [0.         0.32693413 0.35781783 0.         0.31524807 0.        ]
 [0.         0.32759258 0.35832483 0.         0.         0.31408253]
 [0.         0.32780156 0.3559422  0.         0.         0.31625623]
 [0.         0.32990214 0.34613135 0.         0.32396653 0.        ]
 [0.         0.32504174 0.35770357 0.3172547  0.         0.        ]
 [0.         0.32920247 0.3458498  0.         0.         0.32494769]
 [0.         0.33014202 0.3429573  0.         0.         0.3269007 ]
 [0.         0.33060408 0.33814806 0.         0.         0.33124793]
 [0.         0.3309367  0.34027904 0.         0.         0.32878426]
 [0.         0.33218068 0.33504847 0.         0.         0.33277082]
 [0.         0.3321814  0.33076292 0.         0.         0.33705574]
 [0.         0.3299845  0.         0.         0.304619   0.36539656]
 [0.         0.33327532 0.         0.         0.31830743 0.34841725]
 [0.         0.33162674 0.         0.         0.29937014 0.36900312]
 [0.         0.34418738 0.         0.         0.3351579  0.3206547 ]
 [0.         0.33977684 0.         0.         0.34560814 0.3146151 ]
 [0.         0.332472   0.         0.         0.35286698 0.31466097]
 [0.3134297  0.32846278 0.         0.         0.3581075  0.        ]
 [0.         0.34631997 0.         0.         0.33770815 0.31597185]
 [0.         0.3410933  0.         0.         0.34387267 0.315034  ]
 [0.         0.3356369  0.         0.         0.34971353 0.31464955]
 [0.31647256 0.3289026  0.         0.         0.3546248  0.        ]
 [0.31756237 0.34795243 0.         0.         0.3344852  0.        ]
 [0.31930822 0.34349582 0.         0.         0.33719596 0.        ]
 [0.3202771  0.33832115 0.         0.         0.3414017  0.        ]
 [0.3201917  0.33328974 0.         0.         0.34651855 0.        ]
 [0.32191476 0.35097578 0.         0.         0.32710946 0.        ]
 [0.32457876 0.34088665 0.         0.         0.33453467 0.        ]
 [0.32754052 0.33407584 0.         0.         0.33838367 0.        ]
 [0.33138308 0.32507548 0.         0.         0.34354144 0.        ]
 [0.330024   0.         0.         0.34193423 0.         0.3280418 ]
 [0.33154964 0.         0.         0.3420785  0.         0.32637188]
 [0.         0.         0.         0.33875182 0.32992965 0.33131847]
 [0.3127976  0.         0.         0.34243697 0.         0.34476545]
 [0.3391703  0.         0.         0.32435185 0.3364779  0.        ]
 [0.31522572 0.         0.         0.3416012  0.         0.3431731 ]
 [0.3336596  0.         0.         0.3326993  0.33364108 0.        ]
 [0.30188817 0.         0.         0.34109306 0.         0.35701877]
 [0.30092946 0.         0.         0.34012872 0.         0.35894182]
 [0.3316907  0.         0.         0.33848017 0.3298291  0.        ]
 [0.33236867 0.         0.         0.33805767 0.3295737  0.        ]
 [0.3322931  0.         0.         0.33496946 0.33273748 0.        ]
 [0.32322437 0.         0.         0.34424248 0.         0.33253318]
 [0.3248241  0.         0.         0.34399194 0.         0.33118394]
 [0.32875854 0.         0.         0.34347573 0.         0.32776576]
 [0.3072837  0.         0.         0.34298792 0.         0.34972838]
 [0.3444997  0.         0.33313364 0.32236663 0.         0.        ]
 [0.35025883 0.         0.31857193 0.33116928 0.         0.        ]
 [0.34563962 0.         0.32644737 0.32791302 0.         0.        ]
 [0.348732   0.         0.30856058 0.3427074  0.         0.        ]
 [0.35167915 0.         0.3178521  0.3304687  0.         0.        ]
 [0.3467002  0.         0.32518426 0.32811552 0.         0.        ]
 [0.34938344 0.         0.3202622  0.3303543  0.         0.        ]
 [0.35023242 0.         0.30754456 0.342223   0.         0.        ]
 [0.34705207 0.         0.333097   0.31985086 0.         0.        ]
 [0.3555894  0.         0.31911662 0.32529393 0.         0.        ]
 [0.35465458 0.         0.32532996 0.32001543 0.         0.        ]
 [0.3529522  0.         0.32801884 0.31902894 0.         0.        ]
 [0.35488144 0.         0.32008448 0.32503405 0.         0.        ]
 [0.36318946 0.         0.29368895 0.3431216  0.         0.        ]
 [0.3500627  0.         0.33125016 0.3186871  0.         0.        ]
 [0.3534343  0.         0.32247642 0.32408935 0.         0.        ]]
13:44:55      Epoch:   0      Batch:   0      OuterStep: 1850      LossModel: 0.00117173     LossTerm2: 0.00000000      Time/Step(s): 2.6590Term3 quantities: 
 [[0.         0.3198477  0.37150338 0.         0.3086489  0.        ]
 [0.         0.32653177 0.36130366 0.         0.3121646  0.        ]
 [0.         0.32713947 0.35851792 0.         0.         0.31434262]
 [0.         0.32811475 0.35815185 0.         0.         0.31373343]
 [0.         0.32797444 0.35595542 0.         0.         0.31607008]
 [0.         0.33076614 0.34604815 0.         0.         0.3231857 ]
 [0.         0.32469842 0.3597349  0.31556666 0.         0.        ]
 [0.         0.33015895 0.34551772 0.         0.         0.32432333]
 [0.         0.33068246 0.342884   0.         0.         0.32643354]
 [0.         0.33098078 0.33811894 0.         0.         0.33090025]
 [0.         0.33157524 0.34006375 0.         0.         0.32836097]
 [0.         0.33273786 0.33488432 0.         0.         0.33237782]
 [0.         0.33238956 0.33086333 0.         0.         0.33674714]
 [0.         0.32980213 0.         0.         0.30450115 0.36569673]
 [0.         0.33383557 0.         0.         0.3186223  0.34754214]
 [0.         0.33149925 0.         0.         0.29921046 0.36929026]
 [0.         0.34381443 0.         0.         0.3350469  0.32113868]
 [0.         0.33953512 0.         0.         0.3455177  0.31494728]
 [0.         0.33217177 0.         0.         0.3527534  0.31507492]
 [0.31352308 0.32825533 0.         0.         0.35822165 0.        ]
 [0.         0.3460041  0.         0.         0.33759263 0.3164032 ]
 [0.         0.3407458  0.         0.         0.34377918 0.31547505]
 [0.         0.335255   0.         0.         0.3495431  0.3152019 ]
 [0.31659284 0.32862332 0.         0.         0.35478386 0.        ]
 [0.3175277  0.34792417 0.         0.         0.33454815 0.        ]
 [0.3192734  0.34350723 0.         0.         0.33721936 0.        ]
 [0.32020816 0.3382681  0.         0.         0.3415237  0.        ]
 [0.32006684 0.33318308 0.         0.         0.34675014 0.        ]
 [0.3218042  0.3510375  0.         0.         0.3271584  0.        ]
 [0.32448635 0.34090814 0.         0.         0.33460554 0.        ]
 [0.3274144  0.33406076 0.         0.         0.33852485 0.        ]
 [0.3313742  0.3249796  0.         0.         0.3436462  0.        ]
 [0.3293777  0.         0.         0.34189415 0.         0.32872823]
 [0.33103424 0.         0.         0.3420442  0.         0.32692155]
 [0.         0.         0.         0.33815482 0.3289322  0.33291295]
 [0.3117571  0.         0.         0.3422719  0.         0.34597105]
 [0.33886576 0.         0.         0.32494977 0.33618447 0.        ]
 [0.3138942  0.         0.         0.34133834 0.         0.34476742]
 [0.33332014 0.         0.         0.33346114 0.33321878 0.        ]
 [0.30079746 0.         0.         0.34102803 0.         0.3581745 ]
 [0.29968446 0.         0.         0.3399753  0.         0.36034024]
 [0.3315668  0.         0.         0.3387197  0.3297135  0.        ]
 [0.33232197 0.         0.         0.33829144 0.32938662 0.        ]
 [0.33224982 0.         0.         0.3352883  0.33246186 0.        ]
 [0.32232177 0.         0.         0.3441549  0.         0.3335234 ]
 [0.3240652  0.         0.         0.34395885 0.         0.33197597]
 [0.32844228 0.         0.         0.34355083 0.         0.32800692]
 [0.30625972 0.         0.         0.34296188 0.         0.3507784 ]
 [0.34452996 0.         0.33336353 0.32210648 0.         0.        ]
 [0.35081995 0.         0.31825072 0.33092934 0.         0.        ]
 [0.34627527 0.         0.3261415  0.32758322 0.         0.        ]
 [0.34933138 0.         0.30798507 0.34268343 0.         0.        ]
 [0.35203862 0.         0.31772807 0.33023328 0.         0.        ]
 [0.34724528 0.         0.32493946 0.32781535 0.         0.        ]
 [0.34969166 0.         0.32020944 0.33009887 0.         0.        ]
 [0.35090923 0.         0.3068931  0.3421976  0.         0.        ]
 [0.34721577 0.         0.333238   0.31954625 0.         0.        ]
 [0.35562453 0.         0.3193633  0.3250122  0.         0.        ]
 [0.3546872  0.         0.3255942  0.31971863 0.         0.        ]
 [0.35311437 0.         0.32819244 0.3186932  0.         0.        ]
 [0.35489982 0.         0.32033077 0.3247695  0.         0.        ]
 [0.36340645 0.         0.29363903 0.34295464 0.         0.        ]
 [0.3503537  0.         0.33132842 0.31831783 0.         0.        ]
 [0.3533955  0.         0.3228181  0.3237864  0.         0.        ]]
        Validation Criterion: 0.00058357
13:45:23      Epoch:   0      Batch:   0      OuterStep: 1860      LossModel: 0.00111191     LossTerm2: 0.00000000      Time/Step(s): 2.4557Term3 quantities: 
 [[0.         0.31955177 0.3727007  0.         0.3077475  0.        ]
 [0.         0.32678717 0.3619369  0.         0.3112759  0.        ]
 [0.         0.32800996 0.3584668  0.         0.3135232  0.        ]
 [0.         0.3285677  0.3578103  0.         0.         0.31362206]
 [0.         0.32860065 0.3555877  0.         0.         0.3158117 ]
 [0.         0.33114675 0.34613413 0.         0.         0.3227192 ]
 [0.         0.32653752 0.3612118  0.31225064 0.         0.        ]
 [0.         0.33055556 0.34525666 0.         0.         0.3241877 ]
 [0.         0.33083785 0.34286553 0.         0.         0.32629666]
 [0.         0.3313122  0.33800733 0.         0.         0.3306804 ]
 [0.         0.33205742 0.3398173  0.         0.         0.3281253 ]
 [0.         0.33310962 0.33468303 0.         0.         0.3322073 ]
 [0.         0.3325218  0.33093414 0.         0.         0.3365441 ]
 [0.         0.32962868 0.         0.         0.30442303 0.36594823]
 [0.         0.33426768 0.         0.         0.3188028  0.34692955]
 [0.         0.33134088 0.         0.         0.29907286 0.3695863 ]
 [0.         0.34337547 0.         0.         0.33493447 0.32169   ]
 [0.         0.33924124 0.         0.         0.34543014 0.31532854]
 [0.         0.33177516 0.         0.         0.35273468 0.31549016]
 [0.31364796 0.32796732 0.         0.         0.35838476 0.        ]
 [0.         0.34564143 0.         0.         0.33744517 0.3169135 ]
 [0.         0.34036115 0.         0.         0.34369558 0.3159433 ]
 [0.         0.3347334  0.         0.         0.3494154  0.3158512 ]
 [0.3167235  0.32830438 0.         0.         0.35497215 0.        ]
 [0.3174684  0.34789205 0.         0.         0.3346396  0.        ]
 [0.31924054 0.34350145 0.         0.         0.33725807 0.        ]
 [0.32018816 0.33819675 0.         0.         0.34161502 0.        ]
 [0.32002634 0.33306655 0.         0.         0.34690714 0.        ]
 [0.32167137 0.35117728 0.         0.         0.3271513  0.        ]
 [0.32434878 0.34094042 0.         0.         0.3347108  0.        ]
 [0.32731417 0.3341349  0.         0.         0.33855096 0.        ]
 [0.3313316  0.32487604 0.         0.         0.34379232 0.        ]
 [0.32885498 0.         0.         0.3419213  0.         0.3292238 ]
 [0.33079144 0.         0.         0.34214184 0.         0.32706672]
 [0.         0.         0.         0.3388584  0.32842845 0.3327131 ]
 [0.31092903 0.         0.         0.34228346 0.         0.34678757]
 [0.3383744  0.         0.         0.3254371  0.3361885  0.        ]
 [0.31300896 0.         0.         0.3413687  0.         0.3456223 ]
 [0.33280993 0.         0.         0.33409435 0.33309576 0.        ]
 [0.29963726 0.         0.         0.34101304 0.         0.3593497 ]
 [0.29841423 0.         0.         0.33989733 0.         0.36168844]
 [0.33118746 0.         0.         0.33896652 0.32984602 0.        ]
 [0.33201003 0.         0.         0.3384952  0.32949477 0.        ]
 [0.33195618 0.         0.         0.33553556 0.33250827 0.        ]
 [0.3218184  0.         0.         0.3443353  0.         0.33384633]
 [0.32360795 0.         0.         0.34412935 0.         0.33226267]
 [0.32839385 0.         0.         0.34378707 0.         0.3278191 ]
 [0.30528936 0.         0.         0.34305418 0.         0.35165644]
 [0.34488034 0.         0.33319226 0.32192743 0.         0.        ]
 [0.35149366 0.         0.31780142 0.3307049  0.         0.        ]
 [0.34705845 0.         0.3256219  0.32731965 0.         0.        ]
 [0.35001704 0.         0.30751914 0.34246376 0.         0.        ]
 [0.35258663 0.         0.3173873  0.33002618 0.         0.        ]
 [0.3479796  0.         0.3244273  0.3275931  0.         0.        ]
 [0.35025772 0.         0.31979007 0.32995224 0.         0.        ]
 [0.35168126 0.         0.306155   0.34216374 0.         0.        ]
 [0.3475707  0.         0.33312768 0.31930166 0.         0.        ]
 [0.3557605  0.         0.31942597 0.32481351 0.         0.        ]
 [0.35488185 0.         0.32561883 0.31949934 0.         0.        ]
 [0.35339516 0.         0.32816952 0.3184353  0.         0.        ]
 [0.3550211  0.         0.32040542 0.3245735  0.         0.        ]
 [0.3634405  0.2936341  0.         0.34292543 0.         0.        ]
 [0.3507637  0.         0.33120534 0.31803095 0.         0.        ]
 [0.35348415 0.         0.3229111  0.32360473 0.         0.        ]]
13:45:53      Epoch:   0      Batch:   0      OuterStep: 1870      LossModel: 0.00012558     LossTerm2: 0.00000000      Time/Step(s): 2.9728Term3 quantities: 
 [[0.         0.3193913  0.37365612 0.         0.3069526  0.        ]
 [0.         0.32713267 0.36242673 0.         0.3104406  0.        ]
 [0.         0.32819122 0.35861233 0.         0.         0.3131964 ]
 [0.         0.32936832 0.3569658  0.         0.         0.3136659 ]
 [0.         0.32931334 0.35481    0.         0.         0.31587666]
 [0.         0.33205047 0.3456297  0.         0.         0.32231987]
 [0.         0.32704327 0.36190578 0.         0.         0.3110509 ]
 [0.         0.33082533 0.34486634 0.         0.         0.32430837]
 [0.         0.33157033 0.34236094 0.         0.         0.3260687 ]
 [0.         0.3319649  0.33761382 0.         0.         0.33042124]
 [0.         0.33265114 0.33931264 0.         0.         0.32803616]
 [0.         0.33386457 0.3341755  0.         0.         0.33196   ]
 [0.         0.33325785 0.3307145  0.         0.         0.33602768]
 [0.         0.32957646 0.         0.         0.30436182 0.36606172]
 [0.         0.33479163 0.         0.         0.31889948 0.34630895]
 [0.         0.33128905 0.         0.         0.29897985 0.3697311 ]
 [0.         0.34314254 0.         0.         0.3347674  0.32209006]
 [0.         0.33911836 0.         0.         0.3452093  0.3156723 ]
 [0.         0.3315404  0.         0.         0.35264271 0.3158169 ]
 [0.31365854 0.3278319  0.         0.         0.3585095  0.        ]
 [0.         0.34548643 0.         0.         0.33715713 0.3173564 ]
 [0.         0.3401781  0.         0.         0.34347394 0.31634805]
 [0.         0.3344414  0.         0.         0.3492797  0.31627893]
 [0.31670284 0.3282286  0.         0.         0.35506856 0.        ]
 [0.31721634 0.34816507 0.         0.         0.33461863 0.        ]
 [0.31902772 0.34368053 0.         0.         0.33729175 0.        ]
 [0.3199295  0.33843374 0.         0.         0.34163678 0.        ]
 [0.31976497 0.33332765 0.         0.         0.34690747 0.        ]
 [0.32136992 0.35154784 0.         0.         0.32708225 0.        ]
 [0.3240438  0.34123322 0.         0.         0.33472294 0.        ]
 [0.32699707 0.3344189  0.         0.         0.33858407 0.        ]
 [0.33102566 0.32517236 0.         0.         0.34380198 0.        ]
 [0.32812247 0.         0.         0.34177172 0.         0.33010578]
 [0.33037204 0.         0.         0.34205922 0.         0.3275687 ]
 [0.         0.         0.32942152 0.3385704  0.         0.33200812]
 [0.31071037 0.         0.         0.34246787 0.         0.34682184]
 [0.33792946 0.         0.         0.32604805 0.33602253 0.        ]
 [0.3124832  0.         0.         0.341472   0.         0.34604478]
 [0.33236325 0.         0.         0.33489066 0.33274612 0.        ]
 [0.29895768 0.         0.         0.34118852 0.         0.35985386]
 [0.29762706 0.         0.         0.34000677 0.         0.36236614]
 [0.3309227  0.         0.         0.33922946 0.32984784 0.        ]
 [0.33173797 0.         0.         0.33870196 0.32956004 0.        ]
 [0.33164167 0.         0.         0.33580697 0.33255127 0.        ]
 [0.3214636  0.         0.         0.34447974 0.         0.33405662]
 [0.32321644 0.         0.         0.34423274 0.         0.33255085]
 [0.32815406 0.         0.         0.34383968 0.         0.32800636]
 [0.30488223 0.         0.         0.34336978 0.         0.35174796]
 [0.34624583 0.         0.33153328 0.32222092 0.         0.        ]
 [0.35296243 0.         0.3161849  0.33085275 0.         0.        ]
 [0.34860593 0.         0.32399356 0.32740054 0.         0.        ]
 [0.35167074 0.         0.3055046  0.34282464 0.         0.        ]
 [0.3538485  0.         0.31598198 0.33016962 0.         0.        ]
 [0.3496164  0.         0.32260972 0.32777393 0.         0.        ]
 [0.35189494 0.         0.31791922 0.3301858  0.         0.        ]
 [0.35359737 0.         0.3037213  0.34268135 0.         0.        ]
 [0.34861144 0.         0.33198088 0.3194077  0.         0.        ]
 [0.3566823  0.         0.3183061  0.32501167 0.         0.        ]
 [0.35604057 0.         0.3242062  0.31975323 0.         0.        ]
 [0.35452047 0.         0.32686698 0.31861252 0.         0.        ]
 [0.35608253 0.         0.31909445 0.324823   0.         0.        ]
 [0.3583755  0.299673   0.         0.34195158 0.         0.        ]
 [0.35194388 0.         0.32988772 0.3181683  0.         0.        ]
 [0.35438892 0.         0.32181945 0.32379162 0.         0.        ]]
13:46:21      Epoch:   0      Batch:   0      OuterStep: 1880      LossModel: 0.00015450     LossTerm2: 0.00000000      Time/Step(s): 2.8767Term3 quantities: 
 [[0.         0.3196394  0.37373668 0.         0.30662397 0.        ]
 [0.         0.32797128 0.36208686 0.         0.30994192 0.        ]
 [0.         0.32853797 0.35839942 0.         0.         0.3130626 ]
 [0.         0.32960188 0.35604015 0.         0.         0.314358  ]
 [0.         0.3295912  0.35385138 0.         0.         0.31655747]
 [0.         0.33224007 0.34502453 0.         0.         0.32273543]
 [0.         0.32656774 0.36099127 0.         0.         0.31244108]
 [0.         0.33117843 0.3440116  0.         0.         0.32481   ]
 [0.         0.33201241 0.3416627  0.         0.         0.32632488]
 [0.         0.33246616 0.33705908 0.         0.         0.33047476]
 [0.         0.33328328 0.33849457 0.         0.         0.32822213]
 [0.         0.33437544 0.33346254 0.         0.         0.33216208]
 [0.         0.33372045 0.33032247 0.         0.         0.3359571 ]
 [0.         0.329577   0.         0.         0.30405086 0.36637217]
 [0.         0.33528712 0.         0.         0.31880108 0.34591177]
 [0.         0.33128178 0.         0.         0.29866397 0.37005422]
 [0.         0.343108   0.         0.         0.33426327 0.3226288 ]
 [0.         0.33911395 0.         0.         0.34478852 0.31609762]
 [0.         0.33147278 0.         0.         0.3523177  0.3162095 ]
 [0.31349283 0.32804283 0.         0.         0.35846436 0.        ]
 [0.         0.3455054  0.         0.         0.33659896 0.31789568]
 [0.         0.34019145 0.         0.         0.34300548 0.31680307]
 [0.         0.3344293  0.         0.         0.34873635 0.31683433]
 [0.31642923 0.32869697 0.         0.         0.35487375 0.        ]
 [0.         0.34861052 0.         0.         0.33245692 0.31893253]
 [0.31869066 0.34426722 0.         0.         0.33704215 0.        ]
 [0.31955427 0.3390886  0.         0.         0.34135717 0.        ]
 [0.3193859  0.33399397 0.         0.         0.3466202  0.        ]
 [0.32098934 0.35216072 0.         0.         0.3268499  0.        ]
 [0.32368666 0.34184292 0.         0.         0.3344704  0.        ]
 [0.32661426 0.33505365 0.         0.         0.3383321  0.        ]
 [0.3306192  0.3258488  0.         0.         0.34353203 0.        ]
 [0.32671723 0.         0.         0.34110615 0.         0.33217663]
 [0.32924658 0.         0.         0.34147003 0.         0.32928342]
 [0.         0.         0.         0.338124   0.32849556 0.3333805 ]
 [0.3094139  0.         0.         0.3416065  0.         0.34897956]
 [0.33763233 0.         0.         0.3263566  0.33601108 0.        ]
 [0.31072238 0.         0.         0.3405077  0.         0.34876996]
 [0.332074   0.         0.         0.33517838 0.3327476  0.        ]
 [0.2974072  0.         0.         0.3401883  0.         0.36240447]
 [0.29587469 0.         0.         0.33891055 0.         0.3652147 ]
 [0.33084503 0.         0.         0.3392034  0.32995167 0.        ]
 [0.33169323 0.         0.         0.3387549  0.32955182 0.        ]
 [0.3314898  0.         0.         0.33600226 0.33250794 0.        ]
 [0.31983793 0.         0.         0.34361014 0.         0.3365519 ]
 [0.32160062 0.         0.         0.34338233 0.         0.33501706]
 [0.3268729  0.         0.         0.34308955 0.         0.33003756]
 [0.30340466 0.         0.         0.34242246 0.         0.3541729 ]
 [0.34779683 0.         0.32920936 0.32299373 0.         0.        ]
 [0.3545195  0.         0.31409577 0.33138478 0.         0.        ]
 [0.35020205 0.         0.32186824 0.3279298  0.         0.        ]
 [0.35175806 0.30616024 0.         0.34208176 0.         0.        ]
 [0.35525194 0.         0.31407613 0.33067194 0.         0.        ]
 [0.35131392 0.         0.32026592 0.3284201  0.         0.        ]
 [0.35362893 0.         0.31547564 0.33089545 0.         0.        ]
 [0.35015407 0.30901405 0.         0.3408319  0.         0.        ]
 [0.34986874 0.         0.33026922 0.31986204 0.         0.        ]
 [0.35796082 0.         0.3165012  0.32553792 0.         0.        ]
 [0.35749668 0.         0.32211196 0.3203914  0.         0.        ]
 [0.35593823 0.         0.3248989  0.31916285 0.         0.        ]
 [0.3575119  0.         0.3170693  0.32541886 0.         0.        ]
 [0.35327753 0.308071   0.         0.33865154 0.         0.        ]
 [0.3534083  0.         0.32786304 0.3187287  0.         0.        ]
 [0.35569063 0.         0.31995875 0.32435057 0.         0.        ]]
13:46:49      Epoch:   0      Batch:   0      OuterStep: 1890      LossModel: 0.00013300     LossTerm2: 0.00000000      Time/Step(s): 2.6780Term3 quantities: 
 [[0.         0.32001776 0.37341768 0.         0.30656457 0.        ]
 [0.         0.3285829  0.36174408 0.         0.30967298 0.        ]
 [0.         0.32914504 0.358069   0.         0.         0.31278592]
 [0.         0.33028534 0.35456026 0.         0.         0.3151544 ]
 [0.         0.3301601  0.3524755  0.         0.         0.31736436]
 [0.         0.33236393 0.34428793 0.         0.         0.32334816]
 [0.         0.32738787 0.36029476 0.         0.         0.31231743]
 [0.         0.33163166 0.34297028 0.         0.         0.32539806]
 [0.         0.33219203 0.34094912 0.         0.         0.32685882]
 [0.         0.33273157 0.33634937 0.         0.         0.33091906]
 [0.         0.33351222 0.33762142 0.         0.         0.3288664 ]
 [0.         0.33476728 0.33260918 0.         0.         0.33262354]
 [0.         0.3338443  0.32985982 0.         0.         0.33629587]
 [0.         0.32962626 0.         0.         0.3037877  0.36658603]
 [0.         0.33566126 0.         0.         0.31864673 0.345692  ]
 [0.         0.33130208 0.         0.         0.29837692 0.37032095]
 [0.         0.34321746 0.         0.         0.33359265 0.32318985]
 [0.         0.33912563 0.         0.         0.34434435 0.31653002]
 [0.         0.3313839  0.         0.         0.3520059  0.31661025]
 [0.         0.32826504 0.         0.         0.35842237 0.31331265]
 [0.         0.3456015  0.         0.         0.3360016  0.31839693]
 [0.         0.34027758 0.         0.         0.3423939  0.31732854]
 [0.         0.33452126 0.         0.         0.3478897  0.317589  ]
 [0.31569862 0.3295895  0.         0.         0.3547118  0.        ]
 [0.         0.34988683 0.         0.         0.3322028  0.31791043]
 [0.31799746 0.34523305 0.         0.         0.33676952 0.        ]
 [0.31884402 0.34010574 0.         0.         0.3410503  0.        ]
 [0.31860924 0.33509883 0.         0.         0.34629196 0.        ]
 [0.32034412 0.35316017 0.         0.         0.32649568 0.        ]
 [0.32296786 0.34272185 0.         0.         0.33431035 0.        ]
 [0.32590905 0.3361138  0.         0.         0.33797717 0.        ]
 [0.32983044 0.32697353 0.         0.         0.343196   0.        ]
 [0.32654858 0.         0.         0.3410099  0.         0.33244154]
 [0.32895    0.         0.         0.34130412 0.         0.3297459 ]
 [0.         0.         0.         0.33688766 0.32770714 0.33540517]
 [0.3079971  0.         0.         0.3407     0.         0.35130292]
 [0.33711597 0.         0.         0.32640585 0.33647814 0.        ]
 [0.309166   0.         0.         0.3396606  0.         0.3511734 ]
 [0.33154434 0.         0.         0.33504972 0.3334059  0.        ]
 [0.29548964 0.         0.         0.3388471  0.         0.36566326]
 [0.2937824  0.         0.         0.33748797 0.         0.36872956]
 [0.33068812 0.         0.         0.33914426 0.33016762 0.        ]
 [0.33156905 0.         0.         0.33873662 0.32969436 0.        ]
 [0.33131877 0.         0.         0.3361201  0.33256122 0.        ]
 [0.3188048  0.         0.         0.3430491  0.         0.33814612]
 [0.32072607 0.         0.         0.34290448 0.         0.33636948]
 [0.32651    0.         0.         0.34304208 0.         0.3304479 ]
 [0.30160233 0.         0.         0.34123108 0.         0.35716662]
 [0.34907562 0.         0.32710212 0.3238223  0.         0.        ]
 [0.3556734  0.         0.31222865 0.33209792 0.         0.        ]
 [0.35132807 0.         0.3200343  0.3286376  0.         0.        ]
 [0.34778935 0.3124123  0.         0.3397984  0.         0.        ]
 [0.3563604  0.         0.31229675 0.3313428  0.         0.        ]
 [0.35249352 0.         0.3183278  0.3291787  0.         0.        ]
 [0.35479683 0.         0.31360498 0.33159822 0.         0.        ]
 [0.34325466 0.31914523 0.         0.33760017 0.         0.        ]
 [0.35105625 0.         0.3283229  0.32062095 0.         0.        ]
 [0.3592528  0.         0.3144623  0.32628486 0.         0.        ]
 [0.35879484 0.         0.32001632 0.3211889  0.         0.        ]
 [0.3572225  0.         0.32285535 0.31992212 0.         0.        ]
 [0.35887048 0.         0.31490657 0.326223   0.         0.        ]
 [0.3531958  0.3087615  0.         0.33804274 0.         0.        ]
 [0.35476905 0.         0.32572198 0.31950897 0.         0.        ]
 [0.35694477 0.         0.31795514 0.32510015 0.         0.        ]]
13:47:17      Epoch:   0      Batch:   0      OuterStep: 1900      LossModel: 0.00012682     LossTerm2: 0.00000000      Time/Step(s): 2.4743Term3 quantities: 
 [[0.         0.3202491  0.37321043 0.         0.30654055 0.        ]
 [0.         0.32883692 0.3616513  0.         0.30951172 0.        ]
 [0.         0.32955053 0.35789362 0.         0.         0.31255588]
 [0.         0.33059704 0.3538584  0.         0.         0.31554452]
 [0.         0.33051518 0.3517671  0.         0.         0.31771776]
 [0.         0.33267015 0.34388426 0.         0.         0.32344565]
 [0.         0.32777324 0.35952815 0.         0.         0.31269857]
 [0.         0.33205757 0.34234878 0.         0.         0.3255936 ]
 [0.         0.3322762  0.3405443  0.         0.         0.3271795 ]
 [0.         0.3331695  0.3359079  0.         0.         0.3309226 ]
 [0.         0.33390352 0.33713531 0.         0.         0.32896113]
 [0.         0.3350835  0.332194   0.         0.         0.33272249]
 [0.         0.33391085 0.32964298 0.         0.         0.33644623]
 [0.         0.3295572  0.         0.         0.30373192 0.3667109 ]
 [0.         0.33576706 0.         0.         0.31852716 0.3457058 ]
 [0.         0.3312302  0.         0.         0.29836467 0.37040508]
 [0.         0.34320876 0.         0.         0.3332153  0.3235759 ]
 [0.         0.33900955 0.         0.         0.34416008 0.31683037]
 [0.         0.33110526 0.         0.         0.35191426 0.3169805 ]
 [0.         0.3281595  0.         0.         0.35813645 0.31370398]
 [0.         0.3455625  0.         0.         0.33573827 0.31869927]
 [0.         0.34021527 0.         0.         0.34213403 0.31765068]
 [0.         0.33444998 0.         0.         0.34747884 0.3180712 ]
 [0.3149348  0.3302531  0.         0.         0.35481206 0.        ]
 [0.         0.3510841  0.         0.         0.33075082 0.318165  ]
 [0.317432   0.345898   0.         0.         0.33667004 0.        ]
 [0.3181653  0.3408081  0.         0.         0.34102654 0.        ]
 [0.31786716 0.3358561  0.         0.         0.34627673 0.        ]
 [0.3197493  0.35388562 0.         0.         0.32636508 0.        ]
 [0.32232726 0.34340483 0.         0.         0.3342679  0.        ]
 [0.325249   0.3368067  0.         0.         0.3379443  0.        ]
 [0.32912937 0.3276544  0.         0.         0.34321624 0.        ]
 [0.32595748 0.         0.         0.3407566  0.         0.33328593]
 [0.32866427 0.         0.         0.34113133 0.         0.33020434]
 [0.         0.         0.         0.33685234 0.32794178 0.33520588]
 [0.30695537 0.         0.         0.33994484 0.         0.3530998 ]
 [0.33658156 0.         0.         0.32651636 0.33690202 0.        ]
 [0.3082113  0.         0.         0.33910885 0.         0.35267985]
 [0.33101422 0.         0.         0.33518293 0.33380285 0.        ]
 [0.29379365 0.         0.         0.337698   0.         0.36850837]
 [0.29198146 0.         0.         0.33629626 0.         0.3717223 ]
 [0.33055207 0.         0.         0.3390179  0.33043003 0.        ]
 [0.33142027 0.         0.         0.33871424 0.32986546 0.        ]
 [0.33107242 0.         0.         0.3362093  0.33271834 0.        ]
 [0.31830537 0.         0.         0.34274846 0.         0.33894625]
 [0.3203071  0.         0.         0.34266642 0.         0.33702654]
 [0.         0.         0.         0.34285462 0.32596895 0.33117643]
 [0.30006206 0.         0.         0.3402096  0.         0.3597283 ]
 [0.34918475 0.         0.32665798 0.32415727 0.         0.        ]
 [0.35555446 0.         0.31205282 0.3323927  0.         0.        ]
 [0.35117677 0.         0.319909   0.32891423 0.         0.        ]
 [0.34735546 0.31170002 0.         0.3409445  0.         0.        ]
 [0.35629067 0.         0.31209734 0.33161196 0.         0.        ]
 [0.3523417  0.         0.3181428  0.32951543 0.         0.        ]
 [0.35460836 0.         0.31341192 0.33197972 0.         0.        ]
 [0.34340096 0.31743845 0.         0.3391606  0.         0.        ]
 [0.351124   0.         0.32807255 0.32080355 0.         0.        ]
 [0.35941574 0.         0.31402832 0.3265559  0.         0.        ]
 [0.35890433 0.         0.3196162  0.32147938 0.         0.        ]
 [0.35733205 0.         0.32250085 0.32016712 0.         0.        ]
 [0.35899314 0.         0.31452405 0.32648277 0.         0.        ]
 [0.3560928  0.30366483 0.         0.34024236 0.         0.        ]
 [0.35498008 0.         0.3252661  0.31975392 0.         0.        ]
 [0.35713622 0.         0.31751597 0.3253479  0.         0.        ]]
        Validation Criterion: 0.00053622
13:47:45      Epoch:   0      Batch:   0      OuterStep: 1910      LossModel: 0.00012352     LossTerm2: 0.00000000      Time/Step(s): 3.1032Term3 quantities: 
 [[0.         0.32041618 0.3730634  0.         0.30652046 0.        ]
 [0.         0.3289992  0.3615825  0.         0.30941835 0.        ]
 [0.         0.32976422 0.35804728 0.         0.         0.31218854]
 [0.         0.3305424  0.35360172 0.         0.         0.31585595]
 [0.         0.3307986  0.3514114  0.         0.         0.31778994]
 [0.         0.33285344 0.34380832 0.         0.         0.32333824]
 [0.         0.3278442  0.35941193 0.         0.         0.3127439 ]
 [0.         0.33196864 0.34224468 0.         0.         0.32578662]
 [0.         0.33253807 0.3403199  0.         0.         0.32714206]
 [0.         0.33317763 0.33581698 0.         0.         0.33100542]
 [0.         0.33405882 0.3370004  0.         0.         0.3289408 ]
 [0.         0.335215   0.33207473 0.         0.         0.33271027]
 [0.         0.33412522 0.32949477 0.         0.         0.33638003]
 [0.         0.3294171  0.         0.         0.30389494 0.36668798]
 [0.         0.33578622 0.         0.         0.31848198 0.34573185]
 [0.         0.3311218  0.         0.         0.29847017 0.370408  ]
 [0.         0.3432203  0.         0.         0.33314434 0.3236354 ]
 [0.         0.33893573 0.         0.         0.3441371  0.31692722]
 [0.         0.33096755 0.         0.         0.35203403 0.3169984 ]
 [0.         0.32814002 0.         0.         0.3581631  0.31369686]
 [0.         0.34557012 0.         0.         0.33568355 0.3187464 ]
 [0.         0.34014705 0.         0.         0.34208432 0.31776866]
 [0.         0.33435595 0.         0.         0.34742346 0.31822065]
 [0.31440175 0.33057466 0.         0.         0.3550236  0.        ]
 [0.         0.3521002  0.         0.         0.33002174 0.31787813]
 [0.31691462 0.34641525 0.         0.         0.3366702  0.        ]
 [0.31759992 0.34131116 0.         0.         0.34108892 0.        ]
 [0.31727442 0.3363144  0.         0.         0.3464112  0.        ]
 [0.31919464 0.35439298 0.         0.         0.32641238 0.        ]
 [0.32171628 0.34404346 0.         0.         0.33424026 0.        ]
 [0.32467553 0.33739504 0.         0.         0.3379294  0.        ]
 [0.32853386 0.3281548  0.         0.         0.3433113  0.        ]
 [0.32588786 0.         0.         0.34070754 0.         0.33340463]
 [0.32851854 0.         0.         0.34101918 0.         0.3304623 ]
 [0.         0.         0.328437   0.33675238 0.         0.33481067]
 [0.30688193 0.         0.         0.33980626 0.         0.3533118 ]
 [0.33616835 0.         0.         0.32663062 0.3372011  0.        ]
 [0.3083175  0.         0.         0.3391694  0.         0.35251313]
 [0.330629   0.         0.         0.3353465  0.33402452 0.        ]
 [0.2929952  0.         0.         0.33711177 0.         0.36989295]
 [0.2911857  0.         0.         0.33574477 0.         0.37306955]
 [0.3305025  0.         0.         0.33881718 0.33068025 0.        ]
 [0.33133534 0.         0.         0.338568   0.33009663 0.        ]
 [0.33090654 0.         0.         0.336132   0.3329615  0.        ]
 [0.3183932  0.         0.         0.3427482  0.         0.33885857]
 [0.3204349  0.         0.         0.34273463 0.         0.3368305 ]
 [0.         0.         0.         0.3426464  0.32549837 0.3318552 ]
 [0.29964736 0.         0.         0.33988127 0.         0.3604713 ]
 [0.34898207 0.         0.326896   0.32412192 0.         0.        ]
 [0.35510266 0.         0.31246412 0.33243316 0.         0.        ]
 [0.35076207 0.         0.32030988 0.3289281  0.         0.        ]
 [0.34692875 0.31121707 0.         0.34185418 0.         0.        ]
 [0.35593176 0.         0.31243053 0.33163774 0.         0.        ]
 [0.3519364  0.         0.31854668 0.329517   0.         0.        ]
 [0.35409254 0.         0.31393772 0.33196977 0.         0.        ]
 [0.34402537 0.316066   0.         0.33990866 0.         0.        ]
 [0.35091335 0.         0.32830733 0.32077935 0.         0.        ]
 [0.35912588 0.         0.3143074  0.32656676 0.         0.        ]
 [0.35871863 0.         0.31982818 0.32145318 0.         0.        ]
 [0.35713273 0.         0.3227199  0.3201473  0.         0.        ]
 [0.35878095 0.         0.31470495 0.32651407 0.         0.        ]
 [0.35579887 0.30374703 0.         0.34045407 0.         0.        ]
 [0.35473266 0.         0.32554787 0.31971946 0.         0.        ]
 [0.35694107 0.         0.31772375 0.32533517 0.         0.        ]]
13:48:15      Epoch:   0      Batch:   0      OuterStep: 1920      LossModel: 0.00011610     LossTerm2: 0.00000000      Time/Step(s): 3.3768Term3 quantities: 
 [[0.         0.3206263  0.37286273 0.         0.306511   0.        ]
 [0.         0.3291593  0.3614667  0.         0.30937397 0.        ]
 [0.         0.32991478 0.3582496  0.         0.         0.3118356 ]
 [0.         0.33083013 0.35341173 0.         0.         0.3157581 ]
 [0.         0.330847   0.351357   0.         0.         0.31779596]
 [0.         0.33298194 0.343884   0.         0.         0.32313406]
 [0.         0.32785848 0.35923332 0.         0.         0.31290817]
 [0.         0.33207738 0.34217194 0.         0.         0.32575062]
 [0.         0.3325099  0.3403194  0.         0.         0.32717073]
 [0.         0.3333212  0.33577785 0.         0.         0.330901  ]
 [0.         0.33411387 0.33700898 0.         0.         0.3288771 ]
 [0.         0.33527783 0.33209354 0.         0.         0.3326287 ]
 [0.         0.3342623  0.32946116 0.         0.         0.3362766 ]
 [0.         0.32930028 0.         0.         0.30405563 0.36664414]
 [0.         0.33577016 0.         0.         0.31850135 0.34572846]
 [0.         0.3310023  0.         0.         0.29864368 0.37035403]
 [0.         0.34317154 0.         0.         0.33308777 0.32374066]
 [0.         0.3388402  0.         0.         0.34422076 0.31693912]
 [0.         0.33092454 0.         0.         0.35210884 0.31696656]
 [0.         0.32815468 0.         0.         0.3582269  0.31361842]
 [0.         0.34552565 0.         0.         0.33569857 0.3187758 ]
 [0.         0.34004673 0.         0.         0.34210584 0.3178473 ]
 [0.         0.3341618  0.         0.         0.34741166 0.31842658]
 [0.31405875 0.33065942 0.         0.         0.35528186 0.        ]
 [0.         0.35256675 0.         0.         0.32975835 0.31767493]
 [0.3164855  0.34669897 0.         0.         0.3368156  0.        ]
 [0.31717935 0.3414907  0.         0.         0.34132993 0.        ]
 [0.31684843 0.33656877 0.         0.         0.3465829  0.        ]
 [0.31874004 0.354707   0.         0.         0.3265529  0.        ]
 [0.32122257 0.34447894 0.         0.         0.3342985  0.        ]
 [0.32417813 0.33769825 0.         0.         0.33812362 0.        ]
 [0.32815167 0.3283557  0.         0.         0.34349266 0.        ]
 [0.3261628  0.         0.         0.34071174 0.         0.33312547]
 [0.32863608 0.         0.         0.34096298 0.         0.33040088]
 [0.         0.         0.         0.3365717  0.32890314 0.33452526]
 [0.30717495 0.         0.         0.33977464 0.         0.35305044]
 [0.3360016  0.         0.         0.32681835 0.33718005 0.        ]
 [0.3086513  0.         0.         0.339254   0.         0.35209468]
 [0.3304734  0.         0.         0.3355218  0.33400482 0.        ]
 [0.29302222 0.         0.         0.33705193 0.         0.3699259 ]
 [0.29121846 0.         0.         0.33571106 0.         0.37307042]
 [0.3306666  0.         0.         0.33863115 0.33070225 0.        ]
 [0.33149096 0.         0.         0.33849934 0.3300097  0.        ]
 [0.33098128 0.         0.         0.33611315 0.33290556 0.        ]
 [0.318624   0.         0.         0.34272894 0.         0.33864713]
 [0.32054105 0.         0.         0.34258193 0.         0.33687705]
 [0.         0.         0.         0.34238178 0.32527184 0.33234644]
 [0.29998276 0.         0.         0.3399678  0.         0.36004946]
 [0.34907085 0.         0.3269887  0.32394046 0.         0.        ]
 [0.35506442 0.         0.31256512 0.33237043 0.         0.        ]
 [0.35077164 0.         0.32037607 0.32885236 0.         0.        ]
 [0.34601662 0.3123249  0.         0.34165847 0.         0.        ]
 [0.3559552  0.         0.31247446 0.3315703  0.         0.        ]
 [0.35197568 0.         0.31862417 0.32940018 0.         0.        ]
 [0.35415986 0.         0.31407347 0.3317667  0.         0.        ]
 [0.34315532 0.31691155 0.         0.33993313 0.         0.        ]
 [0.35093787 0.         0.328367   0.32069513 0.         0.        ]
 [0.35923326 0.         0.31428048 0.32648632 0.         0.        ]
 [0.3588844  0.         0.31982395 0.32129174 0.         0.        ]
 [0.3572366  0.         0.32275757 0.32000586 0.         0.        ]
 [0.35876504 0.         0.31483388 0.32640114 0.         0.        ]
 [0.35426986 0.30565616 0.         0.340074   0.         0.        ]
 [0.35474044 0.         0.3256479  0.31961164 0.         0.        ]
 [0.35705262 0.         0.31773743 0.32520995 0.         0.        ]]
13:48:44      Epoch:   0      Batch:   0      OuterStep: 1930      LossModel: 0.00012520     LossTerm2: 0.00000000      Time/Step(s): 2.9712Term3 quantities: 
 [[0.         0.3208144  0.37270322 0.         0.30648234 0.        ]
 [0.         0.32924345 0.36140743 0.         0.30934912 0.        ]
 [0.         0.33001256 0.3584433  0.         0.31154415 0.        ]
 [0.         0.33076626 0.3534168  0.         0.         0.31581697]
 [0.         0.33081025 0.3513353  0.         0.         0.31785443]
 [0.         0.33285493 0.3441085  0.         0.         0.32303664]
 [0.         0.32792753 0.35912108 0.         0.         0.31295142]
 [0.         0.3322003  0.3421181  0.         0.         0.32568154]
 [0.         0.33231276 0.34039146 0.         0.         0.32729572]
 [0.         0.33352593 0.33570498 0.         0.         0.3307691 ]
 [0.         0.33411285 0.33708498 0.         0.         0.3288021 ]
 [0.         0.3353509  0.33213913 0.         0.         0.33251002]
 [0.         0.33421358 0.3294846  0.         0.         0.33630183]
 [0.         0.32925415 0.         0.         0.30412638 0.36661953]
 [0.         0.33570188 0.         0.         0.31852034 0.3457778 ]
 [0.         0.33097017 0.         0.         0.29870167 0.37032822]
 [0.         0.34303042 0.         0.         0.33313143 0.32383817]
 [0.         0.33870152 0.         0.         0.34424007 0.3170584 ]
 [0.         0.33089548 0.         0.         0.35207966 0.31702483]
 [0.         0.32812607 0.         0.         0.35828742 0.3135865 ]
 [0.         0.34541145 0.         0.         0.33574873 0.31883982]
 [0.         0.3398853  0.         0.         0.34219927 0.3179154 ]
 [0.         0.33384076 0.         0.         0.3475314  0.31862786]
 [0.         0.33037424 0.         0.         0.35552844 0.31409734]
 [0.         0.3525249  0.         0.         0.32963955 0.31783554]
 [0.31626135 0.34675983 0.         0.         0.33697882 0.        ]
 [0.31695867 0.34154847 0.         0.         0.34149283 0.        ]
 [0.31666127 0.3366258  0.         0.         0.34671286 0.        ]
 [0.3184431  0.3549527  0.         0.         0.32660428 0.        ]
 [0.3209555  0.34467652 0.         0.         0.33436793 0.        ]
 [0.3239203  0.33782986 0.         0.         0.33824983 0.        ]
 [0.32797626 0.32838354 0.         0.         0.34364024 0.        ]
 [0.3261609  0.         0.         0.34055087 0.         0.3332883 ]
 [0.328816   0.         0.         0.34092578 0.         0.3302582 ]
 [0.         0.         0.3290594  0.33640933 0.         0.3345313 ]
 [0.30736187 0.         0.         0.33969787 0.         0.35294023]
 [0.33599198 0.         0.         0.326969   0.337039   0.        ]
 [0.308819   0.         0.         0.3392447  0.         0.35193637]
 [0.33045444 0.         0.         0.33560747 0.33393806 0.        ]
 [0.29328093 0.         0.         0.33710912 0.         0.36961   ]
 [0.29147053 0.         0.         0.33578414 0.         0.3727453 ]
 [0.33085966 0.         0.         0.3384709  0.33066943 0.        ]
 [0.33166614 0.         0.         0.33841643 0.32991746 0.        ]
 [0.33115163 0.         0.         0.33606604 0.33278233 0.        ]
 [0.3187353  0.         0.         0.342618   0.         0.3386467 ]
 [0.32071435 0.         0.         0.34253287 0.         0.3367528 ]
 [0.32545123 0.         0.         0.34219635 0.         0.33235246]
 [0.30037484 0.         0.         0.34005347 0.         0.3595717 ]
 [0.3490759  0.         0.32718432 0.32373974 0.         0.        ]
 [0.35506746 0.         0.3126941  0.3322385  0.         0.        ]
 [0.35072413 0.         0.32054946 0.32872635 0.         0.        ]
 [0.34616596 0.         0.31133774 0.34249628 0.         0.        ]
 [0.3559387  0.         0.3126222  0.33143908 0.         0.        ]
 [0.35193118 0.         0.31883577 0.32923305 0.         0.        ]
 [0.3541293  0.         0.31429732 0.33157337 0.         0.        ]
 [0.34347168 0.31580925 0.         0.34071907 0.         0.        ]
 [0.35094467 0.         0.32851654 0.3205388  0.         0.        ]
 [0.35937932 0.         0.31429723 0.3263234  0.         0.        ]
 [0.35898605 0.         0.31991854 0.3210954  0.         0.        ]
 [0.35732546 0.         0.32285446 0.31982008 0.         0.        ]
 [0.3588525  0.         0.31492206 0.32622543 0.         0.        ]
 [0.35441655 0.30520815 0.         0.3403753  0.         0.        ]
 [0.3547984  0.         0.32575697 0.31944463 0.         0.        ]
 [0.35721728 0.         0.317755   0.3250278  0.         0.        ]]
13:49:15      Epoch:   0      Batch:   0      OuterStep: 1940      LossModel: 0.00010925     LossTerm2: 0.00000000      Time/Step(s): 3.1348Term3 quantities: 
 [[0.         0.3209593  0.37264013 0.         0.30640057 0.        ]
 [0.         0.32903045 0.36157733 0.         0.30939212 0.        ]
 [0.         0.32958144 0.35871822 0.         0.31170034 0.        ]
 [0.         0.3306273  0.3536557  0.         0.         0.3157171 ]
 [0.         0.3305991  0.35162959 0.         0.         0.31777132]
 [0.         0.33275092 0.3444905  0.         0.         0.32275864]
 [0.         0.32792342 0.35916287 0.         0.         0.3129137 ]
 [0.         0.33200067 0.34239528 0.         0.         0.3256041 ]
 [0.         0.33235753 0.34047943 0.         0.         0.3271631 ]
 [0.         0.33329478 0.33591005 0.         0.         0.33079517]
 [0.         0.33412352 0.3373126  0.         0.         0.32856384]
 [0.         0.33524808 0.33235577 0.         0.         0.3323961 ]
 [0.         0.33419582 0.32954648 0.         0.         0.33625773]
 [0.         0.3291698  0.         0.         0.30425802 0.3665722 ]
 [0.         0.33558905 0.         0.         0.31858802 0.34582296]
 [0.         0.3308858  0.         0.         0.29889566 0.37021852]
 [0.         0.34274536 0.         0.         0.33340678 0.32384786]
 [0.         0.33844393 0.         0.         0.34447923 0.3170769 ]
 [0.         0.33075887 0.         0.         0.3523024  0.31693876]
 [0.         0.3279469  0.         0.         0.3585569  0.31349617]
 [0.         0.34516403 0.         0.         0.33601183 0.3188241 ]
 [0.         0.33961028 0.         0.         0.3424265  0.31796324]
 [0.         0.3332871  0.         0.         0.3480251  0.31868786]
 [0.         0.32960084 0.         0.         0.3562389  0.31416032]
 [0.         0.3521432  0.         0.         0.3300161  0.31784067]
 [0.31602445 0.3467781  0.         0.         0.33719745 0.        ]
 [0.31682798 0.3415162  0.         0.         0.34165576 0.        ]
 [0.31658426 0.33648768 0.         0.         0.34692812 0.        ]
 [0.31823796 0.35509196 0.         0.         0.32667008 0.        ]
 [0.3207235  0.34468892 0.         0.         0.33458757 0.        ]
 [0.32374468 0.33784094 0.         0.         0.33841437 0.        ]
 [0.32781717 0.3282614  0.         0.         0.34392145 0.        ]
 [0.32612434 0.         0.         0.34047532 0.         0.3334003 ]
 [0.328617   0.         0.         0.34072748 0.         0.33065552]
 [0.         0.         0.         0.33596367 0.3299937  0.33404264]
 [0.30708766 0.         0.         0.3394491  0.         0.3534632 ]
 [0.33579823 0.         0.         0.32689747 0.33730432 0.        ]
 [0.30861583 0.         0.         0.3391099  0.         0.3522743 ]
 [0.33027455 0.         0.         0.33546948 0.33425587 0.        ]
 [0.2932604  0.         0.         0.33705598 0.         0.3696836 ]
 [0.29144263 0.         0.         0.33575293 0.         0.37280446]
 [0.33077657 0.         0.         0.3382225  0.33100092 0.        ]
 [0.33160448 0.         0.         0.33824077 0.33015472 0.        ]
 [0.33111188 0.         0.         0.33587554 0.33301258 0.        ]
 [0.31861094 0.         0.         0.3424964  0.         0.33889267]
 [0.3206026  0.         0.         0.3424088  0.         0.33698863]
 [0.32530925 0.         0.         0.34207568 0.         0.33261505]
 [0.30030885 0.         0.         0.33995917 0.         0.35973194]
 [0.3480706  0.         0.32872245 0.32320693 0.         0.        ]
 [0.3541777  0.         0.31398585 0.33183643 0.         0.        ]
 [0.34972888 0.         0.32196754 0.32830355 0.         0.        ]
 [0.34788886 0.         0.30845544 0.34365574 0.         0.        ]
 [0.35506088 0.         0.3138932  0.3310459  0.         0.        ]
 [0.35083076 0.         0.32039443 0.3287748  0.         0.        ]
 [0.35290965 0.         0.3159856  0.3311048  0.         0.        ]
 [0.34897524 0.30725518 0.         0.34376964 0.         0.        ]
 [0.3502051  0.         0.3297218  0.32007307 0.         0.        ]
 [0.35863566 0.         0.31546792 0.3258964  0.         0.        ]
 [0.3580532  0.         0.3213636  0.3205832  0.         0.        ]
 [0.3564813  0.         0.32419077 0.3193279  0.         0.        ]
 [0.35810122 0.         0.3161572  0.32574156 0.         0.        ]
 [0.35525584 0.3038332  0.         0.340911   0.         0.        ]
 [0.3540241  0.         0.32702637 0.3189495  0.         0.        ]
 [0.35650006 0.         0.3189383  0.32456172 0.         0.        ]]
13:49:43      Epoch:   0      Batch:   0      OuterStep: 1950      LossModel: 0.00010139     LossTerm2: 0.00000000      Time/Step(s): 2.6223Term3 quantities: 
 [[0.         0.3211508  0.3726227  0.         0.3062265  0.        ]
 [0.         0.32887888 0.36157537 0.         0.3095458  0.        ]
 [0.         0.32924125 0.35874355 0.         0.31201524 0.        ]
 [0.         0.3305538  0.35381356 0.         0.         0.31563267]
 [0.         0.3306764  0.35170642 0.         0.         0.3176172 ]
 [0.         0.33285716 0.34473315 0.         0.         0.3224097 ]
 [0.         0.32806447 0.35910773 0.         0.         0.31282783]
 [0.         0.33181685 0.34258747 0.         0.         0.32559577]
 [0.         0.33237204 0.3405373  0.         0.         0.3270907 ]
 [0.         0.3333223  0.3359844  0.         0.         0.3306933 ]
 [0.         0.3342394  0.33740583 0.         0.         0.32835475]
 [0.         0.33529007 0.33249003 0.         0.         0.3322198 ]
 [0.         0.33419174 0.3295642  0.         0.         0.33624414]
 [0.         0.32903123 0.         0.         0.30450344 0.3664654 ]
 [0.         0.3354798  0.         0.         0.31869894 0.34582132]
 [0.         0.3307634  0.         0.         0.2991176  0.370119  ]
 [0.         0.34248146 0.         0.         0.33369824 0.32382035]
 [0.         0.3382035  0.         0.         0.34480944 0.3169871 ]
 [0.         0.33064568 0.         0.         0.3525813  0.3167731 ]
 [0.         0.32777905 0.         0.         0.35896343 0.31325746]
 [0.         0.3449376  0.         0.         0.3363355  0.31872687]
 [0.         0.33936143 0.         0.         0.34278914 0.31784952]
 [0.         0.33279103 0.         0.         0.34863922 0.3185698 ]
 [0.         0.32883966 0.         0.         0.35707584 0.31408456]
 [0.         0.3517148  0.         0.         0.33045232 0.31783286]
 [0.31577393 0.34672776 0.         0.         0.33749834 0.        ]
 [0.316691   0.34137467 0.         0.         0.3419343  0.        ]
 [0.31642106 0.3363323  0.         0.         0.34724665 0.        ]
 [0.317957   0.35516542 0.         0.         0.32687762 0.        ]
 [0.32047936 0.3446321  0.         0.         0.3348885  0.        ]
 [0.32351923 0.3378606  0.         0.         0.33862013 0.        ]
 [0.327618   0.32812166 0.         0.         0.34426036 0.        ]
 [0.32643673 0.         0.         0.34056965 0.         0.33299363]
 [0.3287514  0.         0.         0.3407657  0.         0.3304829 ]
 [0.         0.         0.         0.336242   0.3306251  0.33313295]
 [0.30703333 0.         0.         0.33936694 0.         0.3535998 ]
 [0.33560517 0.         0.         0.3267488  0.337646   0.        ]
 [0.30864558 0.         0.         0.3391046  0.         0.35224977]
 [0.33009124 0.         0.         0.3353347  0.33457407 0.        ]
 [0.2933081  0.         0.         0.3370897  0.         0.36960217]
 [0.29148847 0.         0.         0.3357964  0.         0.37271512]
 [0.33075297 0.         0.         0.33799848 0.33124852 0.        ]
 [0.3315358  0.         0.         0.33811784 0.33034638 0.        ]
 [0.3309956  0.         0.         0.33568823 0.33331618 0.        ]
 [0.31874636 0.         0.         0.3425076  0.         0.33874613]
 [0.320806   0.         0.         0.34243807 0.         0.33675593]
 [0.32528183 0.         0.         0.3420765  0.         0.33264172]
 [0.30024186 0.         0.         0.33989954 0.         0.3598586 ]
 [0.34756052 0.         0.3293863  0.32305324 0.         0.        ]
 [0.35362116 0.         0.3145507  0.33182812 0.         0.        ]
 [0.34921253 0.         0.32250947 0.32827803 0.         0.        ]
 [0.34811473 0.         0.3089606  0.34292474 0.         0.        ]
 [0.35461628 0.         0.31434262 0.33104107 0.         0.        ]
 [0.35027614 0.         0.32103732 0.32868654 0.         0.        ]
 [0.35230386 0.         0.31676334 0.3309328  0.         0.        ]
 [0.34947512 0.3076071  0.         0.3429177  0.         0.        ]
 [0.34981498 0.         0.3301646  0.32002044 0.         0.        ]
 [0.35816625 0.         0.3159395  0.32589427 0.         0.        ]
 [0.35757664 0.         0.3219284  0.32049498 0.         0.        ]
 [0.35601965 0.         0.32472244 0.31925797 0.         0.        ]
 [0.35759068 0.         0.31668168 0.3257276  0.         0.        ]
 [0.3539797  0.30561784 0.         0.34040242 0.         0.        ]
 [0.3535174  0.         0.32760358 0.31887904 0.         0.        ]
 [0.35600322 0.         0.31947017 0.32452655 0.         0.        ]]
        Validation Criterion: 0.00052601
13:50:13      Epoch:   0      Batch:   0      OuterStep: 1960      LossModel: 0.00009670     LossTerm2: 0.00000000      Time/Step(s): 3.0618Term3 quantities: 
 [[0.         0.3213827  0.37244907 0.         0.3061682  0.        ]
 [0.         0.32879505 0.36148307 0.         0.30972186 0.        ]
 [0.         0.3290363  0.35869008 0.         0.31227365 0.        ]
 [0.         0.33058578 0.35372058 0.         0.         0.31569368]
 [0.         0.33054528 0.3516879  0.         0.         0.31776682]
 [0.         0.33254343 0.3449721  0.         0.         0.32248455]
 [0.         0.328046   0.3589155  0.         0.         0.3130385 ]
 [0.         0.33181006 0.34255403 0.         0.         0.3256359 ]
 [0.         0.3324209  0.34046248 0.         0.         0.32711667]
 [0.         0.3333332  0.33591974 0.         0.         0.33074704]
 [0.         0.33411154 0.3374173  0.         0.         0.32847115]
 [0.         0.33507752 0.33252573 0.         0.         0.33239675]
 [0.         0.33395812 0.3295609  0.         0.         0.33648098]
 [0.         0.32892677 0.         0.         0.30472395 0.36634928]
 [0.         0.3353088  0.         0.         0.3188021  0.3458891 ]
 [0.         0.3306913  0.         0.         0.29932168 0.36998695]
 [0.         0.34228534 0.         0.         0.33396855 0.3237462 ]
 [0.         0.33800563 0.         0.         0.34505242 0.316942  ]
 [0.         0.33054954 0.         0.         0.35281587 0.3166346 ]
 [0.         0.3276643  0.         0.         0.35926914 0.3130666 ]
 [0.         0.34476265 0.         0.         0.3365998  0.3186375 ]
 [0.         0.33919752 0.         0.         0.34304258 0.31775996]
 [0.         0.33245903 0.         0.         0.34907398 0.31846702]
 [0.         0.32829165 0.         0.         0.35769996 0.31400838]
 [0.         0.35140008 0.         0.         0.33069053 0.3179094 ]
 [0.315609   0.34668118 0.         0.         0.33770987 0.        ]
 [0.31655777 0.3413189  0.         0.         0.3421234  0.        ]
 [0.31624207 0.33621344 0.         0.         0.34754458 0.        ]
 [0.31766802 0.3551388  0.         0.         0.32719314 0.        ]
 [0.32029554 0.34452164 0.         0.         0.3351828  0.        ]
 [0.32328022 0.3378229  0.         0.         0.3388968  0.        ]
 [0.32751355 0.32798055 0.         0.         0.34450588 0.        ]
 [0.32653165 0.         0.         0.3406097  0.         0.33285868]
 [0.32897055 0.         0.         0.3408324  0.         0.33019713]
 [0.         0.         0.         0.3357025  0.33113787 0.33315963]
 [0.3071396  0.         0.         0.3394039  0.         0.35345647]
 [0.33551624 0.         0.         0.3266474  0.33783635 0.        ]
 [0.30888695 0.         0.         0.33926183 0.         0.3518513 ]
 [0.3300578  0.         0.         0.33532232 0.33461982 0.        ]
 [0.2933625  0.         0.         0.3371161  0.         0.36952144]
 [0.2915542  0.         0.         0.33584177 0.         0.37260398]
 [0.33090925 0.         0.         0.33789438 0.3311963  0.        ]
 [0.33167857 0.         0.         0.3380879  0.33023357 0.        ]
 [0.33109763 0.         0.         0.3356     0.3333024  0.        ]
 [0.31900844 0.         0.         0.3426499  0.         0.33834165]
 [0.32107195 0.         0.         0.34258893 0.         0.33633912]
 [0.32543138 0.         0.         0.34210628 0.         0.33246222]
 [0.3002646  0.         0.         0.3398964  0.         0.35983905]
 [0.34775776 0.         0.3291001  0.3231421  0.         0.        ]
 [0.3536736  0.         0.31442302 0.3319034  0.         0.        ]
 [0.34932697 0.         0.32233965 0.32833344 0.         0.        ]
 [0.34807935 0.         0.30800354 0.3439171  0.         0.        ]
 [0.35467884 0.         0.3142226  0.33109856 0.         0.        ]
 [0.35046083 0.         0.32077885 0.32876036 0.         0.        ]
 [0.3525286  0.         0.31648526 0.33098617 0.         0.        ]
 [0.34858122 0.30766612 0.         0.34375262 0.         0.        ]
 [0.3498411  0.         0.3300843  0.3200746  0.         0.        ]
 [0.35823616 0.         0.31576714 0.32599667 0.         0.        ]
 [0.35774234 0.         0.3217051  0.32055256 0.         0.        ]
 [0.35610983 0.         0.32458568 0.31930444 0.         0.        ]
 [0.3576019  0.         0.31657645 0.3258217  0.         0.        ]
 [0.35396633 0.3054949  0.         0.3405388  0.         0.        ]
 [0.35353595 0.         0.32751548 0.3189485  0.         0.        ]
 [0.35603908 0.         0.31934497 0.32461596 0.         0.        ]]
13:50:41      Epoch:   0      Batch:   0      OuterStep: 1970      LossModel: 0.00009732     LossTerm2: 0.00000000      Time/Step(s): 2.6380Term3 quantities: 
 [[0.         0.32155487 0.37221593 0.         0.3062292  0.        ]
 [0.         0.32876858 0.36133894 0.         0.30989248 0.        ]
 [0.         0.32896644 0.35857272 0.         0.3124608  0.        ]
 [0.         0.33062816 0.35358754 0.         0.         0.31578434]
 [0.         0.33061823 0.351549   0.         0.         0.31783277]
 [0.         0.33255938 0.34505603 0.         0.         0.32238457]
 [0.         0.32793185 0.3587207  0.         0.         0.31334743]
 [0.         0.33220762 0.34230763 0.         0.         0.3254848 ]
 [0.         0.33251873 0.34031752 0.         0.         0.3271638 ]
 [0.         0.33331123 0.33584517 0.         0.         0.33084366]
 [0.         0.33428448 0.33731183 0.         0.         0.32840368]
 [0.         0.3351102  0.33247745 0.         0.         0.33241245]
 [0.         0.3340629  0.32942975 0.         0.         0.33650735]
 [0.         0.3289146  0.         0.         0.30479577 0.36628962]
 [0.         0.33512107 0.         0.         0.3188731  0.34600586]
 [0.         0.33071384 0.         0.         0.2994086  0.36987758]
 [0.         0.3421844  0.         0.         0.3341149  0.32370067]
 [0.         0.33786952 0.         0.         0.34522146 0.31690904]
 [0.         0.33053178 0.         0.         0.3529717  0.31649655]
 [0.         0.32764885 0.         0.         0.35941124 0.31293988]
 [0.         0.34466115 0.         0.         0.33675417 0.31858465]
 [0.         0.3391219  0.         0.         0.34315535 0.3177228 ]
 [0.         0.33230698 0.         0.         0.3492332  0.31845984]
 [0.         0.32800326 0.         0.         0.35791802 0.3140787 ]
 [0.         0.35118687 0.         0.         0.3308303  0.31798285]
 [0.315443   0.3467199  0.         0.         0.33783713 0.        ]
 [0.31641287 0.34129837 0.         0.         0.34228885 0.        ]
 [0.3161055  0.33618268 0.         0.         0.3477118  0.        ]
 [0.31743562 0.35521027 0.         0.         0.32735413 0.        ]
 [0.32020247 0.34446123 0.         0.         0.33533633 0.        ]
 [0.32308447 0.33779338 0.         0.         0.33912218 0.        ]
 [0.32746255 0.3279489  0.         0.         0.34458852 0.        ]
 [0.3266198  0.         0.         0.34060848 0.         0.3327717 ]
 [0.32896325 0.         0.         0.34080127 0.         0.33023548]
 [0.         0.         0.         0.33587286 0.3313142  0.33281294]
 [0.30741248 0.         0.         0.33950365 0.         0.3530839 ]
 [0.33555597 0.         0.         0.32653886 0.3379051  0.        ]
 [0.3091381  0.         0.         0.33937564 0.         0.35148624]
 [0.33013493 0.         0.         0.3352832  0.33458188 0.        ]
 [0.29358098 0.         0.         0.33724606 0.         0.36917296]
 [0.29178303 0.         0.         0.3359906  0.         0.3722263 ]
 [0.3309995  0.         0.         0.3378549  0.3311456  0.        ]
 [0.33179864 0.         0.         0.33811623 0.33008513 0.        ]
 [0.33128348 0.         0.         0.33558002 0.33313647 0.        ]
 [0.31913888 0.         0.         0.34267017 0.         0.3381909 ]
 [0.32119256 0.         0.         0.34259933 0.         0.33620813]
 [0.325416   0.         0.         0.3419999  0.         0.33258417]
 [0.30053028 0.         0.         0.34004688 0.         0.35942277]
 [0.3477536  0.         0.32903263 0.32321376 0.         0.        ]
 [0.35371938 0.         0.31426397 0.3320166  0.         0.        ]
 [0.34931582 0.         0.32224378 0.32844034 0.         0.        ]
 [0.34793025 0.         0.30819198 0.34387776 0.         0.        ]
 [0.35469532 0.         0.31409582 0.33120888 0.         0.        ]
 [0.35044888 0.         0.32071024 0.32884082 0.         0.        ]
 [0.35257453 0.         0.3164079  0.33101758 0.         0.        ]
 [0.34785822 0.30852985 0.         0.34361196 0.         0.        ]
 [0.34988403 0.         0.32996997 0.320146   0.         0.        ]
 [0.35831785 0.         0.31557274 0.3261094  0.         0.        ]
 [0.35781723 0.         0.32154083 0.3206419  0.         0.        ]
 [0.35619244 0.         0.32441598 0.31939155 0.         0.        ]
 [0.35769415 0.         0.31636626 0.32593966 0.         0.        ]
 [0.35513017 0.30406645 0.         0.3408034  0.         0.        ]
 [0.35360828 0.         0.327343   0.3190487  0.         0.        ]
 [0.35614005 0.         0.31914932 0.32471067 0.         0.        ]]
13:51:11      Epoch:   0      Batch:   0      OuterStep: 1980      LossModel: 0.00009694     LossTerm2: 0.00000000      Time/Step(s): 2.9740Term3 quantities: 
 [[0.         0.32163656 0.37205535 0.         0.30630806 0.        ]
 [0.         0.32880497 0.36118674 0.         0.31000826 0.        ]
 [0.         0.32903296 0.35838452 0.         0.31258258 0.        ]
 [0.         0.33053628 0.35361698 0.         0.         0.31584674]
 [0.         0.33064649 0.35153994 0.         0.         0.31781355]
 [0.         0.3319983  0.345663   0.         0.         0.32233873]
 [0.         0.3279783  0.35857394 0.         0.         0.31344777]
 [0.         0.3320206  0.34238634 0.         0.         0.32559308]
 [0.         0.3326262  0.3402223  0.         0.         0.3271515 ]
 [0.         0.33341327 0.33580232 0.         0.         0.3307844 ]
 [0.         0.33438715 0.33725554 0.         0.         0.32835728]
 [0.         0.335231   0.3324441  0.         0.         0.33232492]
 [0.         0.33435595 0.3293154  0.         0.         0.33632874]
 [0.         0.32893336 0.         0.         0.30487    0.36619666]
 [0.         0.33500457 0.         0.         0.3188729  0.3461225 ]
 [0.         0.3307674  0.         0.         0.29945388 0.3697787 ]
 [0.         0.34215847 0.         0.         0.3341297  0.3237118 ]
 [0.         0.33779278 0.         0.         0.34534416 0.31686306]
 [0.         0.33057222 0.         0.         0.3529813  0.3164465 ]
 [0.         0.32770222 0.         0.         0.3594605  0.31283724]
 [0.         0.34460795 0.         0.         0.3368953  0.31849676]
 [0.         0.3390856  0.         0.         0.34327617 0.31763828]
 [0.         0.3322583  0.         0.         0.34918976 0.318552  ]
 [0.         0.32789254 0.         0.         0.3578861  0.31422132]
 [0.         0.351057   0.         0.         0.33085078 0.31809226]
 [0.31533426 0.34678003 0.         0.         0.33788574 0.        ]
 [0.3162983  0.34131256 0.         0.         0.3423891  0.        ]
 [0.31600887 0.33615282 0.         0.         0.34783828 0.        ]
 [0.3172674  0.35534886 0.         0.         0.32738373 0.        ]
 [0.3201712  0.34444132 0.         0.         0.33538744 0.        ]
 [0.32297498 0.33781394 0.         0.         0.33921108 0.        ]
 [0.32744163 0.32793888 0.         0.         0.34461948 0.        ]
 [0.3271623  0.         0.         0.340763   0.         0.3320746 ]
 [0.32924157 0.         0.         0.34084263 0.         0.3299158 ]
 [0.         0.         0.         0.33617696 0.3317263  0.33209676]
 [0.30769438 0.         0.         0.33959028 0.         0.3527153 ]
 [0.33568504 0.         0.         0.3264867  0.33782822 0.        ]
 [0.30938524 0.         0.         0.33946404 0.         0.35115072]
 [0.33031768 0.         0.         0.335261   0.33442143 0.        ]
 [0.2938474  0.         0.         0.33738407 0.         0.3687685 ]
 [0.29204312 0.         0.         0.33612886 0.         0.37182805]
 [0.33115414 0.         0.         0.3378163  0.33102965 0.        ]
 [0.33194542 0.         0.         0.33811885 0.32993582 0.        ]
 [0.33149147 0.         0.         0.3354993  0.3330092  0.        ]
 [0.31939822 0.         0.         0.34272018 0.         0.3378816 ]
 [0.32151428 0.         0.         0.34266844 0.         0.33581722]
 [0.32567793 0.         0.         0.34200257 0.         0.33231947]
 [0.30081612 0.         0.         0.34015897 0.         0.35902482]
 [0.34769344 0.         0.32915834 0.32314822 0.         0.        ]
 [0.35365462 0.         0.31439513 0.33195025 0.         0.        ]
 [0.34920943 0.         0.32242054 0.32836998 0.         0.        ]
 [0.34812137 0.         0.3075421  0.3443365  0.         0.        ]
 [0.35462937 0.         0.31423235 0.33113828 0.         0.        ]
 [0.35034227 0.         0.32087734 0.32878038 0.         0.        ]
 [0.35236418 0.         0.31672356 0.33091226 0.         0.        ]
 [0.3481971  0.3077176  0.         0.34408528 0.         0.        ]
 [0.34986803 0.         0.3300441  0.32008782 0.         0.        ]
 [0.3583514  0.         0.3156034  0.3260452  0.         0.        ]
 [0.35779306 0.         0.3216493  0.32055756 0.         0.        ]
 [0.3561848  0.         0.32450756 0.31930768 0.         0.        ]
 [0.35773817 0.         0.31641352 0.32584828 0.         0.        ]
 [0.35605648 0.30265322 0.         0.34129032 0.         0.        ]
 [0.35362273 0.         0.327418   0.31895924 0.         0.        ]
 [0.35615176 0.         0.3192313  0.32461688 0.         0.        ]]
13:51:39      Epoch:   0      Batch:   0      OuterStep: 1990      LossModel: 0.00009547     LossTerm2: 0.00000000      Time/Step(s): 2.8436Term3 quantities: 
 [[0.         0.32168558 0.37193975 0.         0.30637464 0.        ]
 [0.         0.3288219  0.36110604 0.         0.3100721  0.        ]
 [0.         0.32902917 0.35842425 0.         0.3125466  0.        ]
 [0.         0.33060205 0.35358796 0.         0.         0.31581005]
 [0.         0.33056638 0.35152256 0.         0.         0.317911  ]
 [0.         0.33250478 0.34570265 0.         0.         0.32179263]
 [0.         0.3279801  0.35843447 0.         0.         0.31358543]
 [0.         0.3321415  0.34231612 0.         0.         0.3255424 ]
 [0.         0.33242694 0.34029573 0.         0.         0.3272774 ]
 [0.         0.33343965 0.3357624  0.         0.         0.33079794]
 [0.         0.3343539  0.3372523  0.         0.         0.32839376]
 [0.         0.33538175 0.33240905 0.         0.         0.33220917]
 [0.         0.3340259  0.32932603 0.         0.         0.33664814]
 [0.         0.3289475  0.         0.         0.3049081  0.36614442]
 [0.         0.33498454 0.         0.         0.31886506 0.3461504 ]
 [0.         0.3308263  0.         0.         0.29947504 0.36969864]
 [0.         0.34217474 0.         0.         0.3341541  0.3236712 ]
 [0.         0.33777273 0.         0.         0.3453566  0.31687066]
 [0.         0.33065945 0.         0.         0.3530128  0.31632766]
 [0.         0.32780904 0.         0.         0.35947195 0.312719  ]
 [0.         0.34459516 0.         0.         0.33692187 0.31848297]
 [0.         0.33911237 0.         0.         0.34326524 0.3176224 ]
 [0.         0.33222282 0.         0.         0.34917122 0.31860602]
 [0.         0.32786703 0.         0.         0.35780302 0.31432995]
 [0.         0.35097936 0.         0.         0.33081225 0.31820843]
 [0.31523967 0.34686673 0.         0.         0.33789364 0.        ]
 [0.31619957 0.34139675 0.         0.         0.3424037  0.        ]
 [0.31595886 0.33620623 0.         0.         0.34783491 0.        ]
 [0.31717435 0.3556109  0.         0.         0.3272148  0.        ]
 [0.3201148  0.3445899  0.         0.         0.33529532 0.        ]
 [0.3229275  0.33794713 0.         0.         0.33912537 0.        ]
 [0.3274367  0.3279288  0.         0.         0.34463444 0.        ]
 [0.3270065  0.         0.         0.34061888 0.         0.3323746 ]
 [0.32932356 0.         0.         0.34081045 0.         0.32986605]
 [0.         0.         0.         0.33583975 0.33208352 0.33207673]
 [0.30767813 0.         0.         0.33948445 0.         0.35283735]
 [0.3358815  0.         0.         0.32654062 0.33757785 0.        ]
 [0.30942497 0.         0.         0.33942342 0.         0.35115165]
 [0.33052197 0.         0.         0.3352162  0.33426178 0.        ]
 [0.29394427 0.         0.         0.3373918  0.         0.36866394]
 [0.29213646 0.         0.         0.33614814 0.         0.3717154 ]
 [0.33127797 0.         0.         0.3378294  0.33089262 0.        ]
 [0.33211148 0.         0.         0.33816075 0.32972783 0.        ]
 [0.331662   0.         0.         0.3354598  0.3328782  0.        ]
 [0.31954682 0.         0.         0.3427119  0.         0.3377413 ]
 [0.32165006 0.         0.         0.34265164 0.         0.33569834]
 [0.32577813 0.         0.         0.34198007 0.         0.33224177]
 [0.3009118  0.         0.         0.34014788 0.         0.3589403 ]
 [0.3477394  0.         0.32918662 0.32307398 0.         0.        ]
 [0.35368937 0.         0.3143857  0.33192486 0.         0.        ]
 [0.3492428  0.         0.32241473 0.3283425  0.         0.        ]
 [0.34804362 0.         0.30763307 0.34432328 0.         0.        ]
 [0.35467723 0.         0.31420627 0.3311165  0.         0.        ]
 [0.35036424 0.         0.3209053  0.32873055 0.         0.        ]
 [0.35230288 0.         0.3168766  0.33082053 0.         0.        ]
 [0.34832776 0.3076961  0.         0.34397614 0.         0.        ]
 [0.34988818 0.         0.33008918 0.3200227  0.         0.        ]
 [0.35844707 0.         0.31555414 0.32599875 0.         0.        ]
 [0.35787287 0.         0.3216326  0.32049456 0.         0.        ]
 [0.35625783 0.         0.32449707 0.31924507 0.         0.        ]
 [0.35787436 0.         0.31632137 0.32580423 0.         0.        ]
 [0.35609883 0.30259424 0.         0.34130695 0.         0.        ]
 [0.35369012 0.         0.3273996  0.31891024 0.         0.        ]
 [0.35625887 0.         0.31918457 0.32455656 0.         0.        ]]
13:52:06      Epoch:   0      Batch:   0      OuterStep: 1999      LossModel: 0.00010270     LossTerm2: 0.00000000      Time/Step(s): 2.9907Term3 quantities: 
 [[0.         0.3216345  0.37194917 0.         0.30641642 0.        ]
 [0.         0.32874805 0.36113754 0.         0.3101144  0.        ]
 [0.         0.3290144  0.35837355 0.         0.3126121  0.        ]
 [0.         0.33047336 0.3537162  0.         0.         0.31581038]
 [0.         0.330381   0.3517245  0.         0.         0.3178945 ]
 [0.         0.3324308  0.34598076 0.         0.         0.3215884 ]
 [0.         0.32795036 0.35844263 0.         0.         0.31360695]
 [0.         0.33190525 0.34250933 0.         0.         0.32558548]
 [0.         0.33250466 0.3403369  0.         0.         0.32715845]
 [0.         0.33339128 0.33579856 0.         0.         0.3308101 ]
 [0.         0.3339903  0.3374239  0.         0.         0.32858583]
 [0.         0.33520743 0.33252853 0.         0.         0.33226404]
 [0.         0.3341055  0.3292932  0.         0.         0.33660138]
 [0.         0.32891154 0.         0.         0.30491862 0.36616984]
 [0.         0.33496845 0.         0.         0.31884873 0.34618285]
 [0.         0.33080935 0.         0.         0.29950768 0.36968297]
 [0.         0.3420939  0.         0.         0.33414227 0.32376385]
 [0.         0.3376689  0.         0.         0.34541014 0.3169209 ]
 [0.         0.33064082 0.         0.         0.35299456 0.31636462]
 [0.         0.32778734 0.         0.         0.35944262 0.31277004]
 [0.         0.34453776 0.         0.         0.33698255 0.3184797 ]
 [0.         0.339024   0.         0.         0.34332994 0.31764603]
 [0.         0.3320413  0.         0.         0.34931174 0.318647  ]
 [0.         0.3276735  0.         0.         0.35788658 0.31443998]
 [0.         0.3507837  0.         0.         0.33080685 0.3184094 ]
 [0.31522036 0.3468517  0.         0.         0.337928   0.        ]
 [0.31623828 0.34135538 0.         0.         0.34240633 0.        ]
 [0.31603223 0.33616117 0.         0.         0.34780663 0.        ]
 [0.31712198 0.35578144 0.         0.         0.3270965  0.        ]
 [0.3201226  0.3445719  0.         0.         0.3353055  0.        ]
 [0.32297337 0.33800092 0.         0.         0.33902568 0.        ]
 [0.32746926 0.32788572 0.         0.         0.34464505 0.        ]
 [0.32681143 0.         0.         0.34042236 0.         0.3327662 ]
 [0.32913706 0.         0.         0.34064493 0.         0.33021805]
 [0.         0.         0.33192325 0.33635643 0.33172032 0.        ]
 [0.3074104  0.         0.         0.3392898  0.         0.35329986]
 [0.33598414 0.         0.         0.32648882 0.3375271  0.        ]
 [0.3091768  0.         0.         0.3392525  0.         0.3515707 ]
 [0.3306236  0.         0.         0.33510643 0.3342699  0.        ]
 [0.2937457  0.         0.         0.33725655 0.         0.36899778]
 [0.29191238 0.         0.         0.33600512 0.         0.3720825 ]
 [0.3313201  0.         0.         0.33778414 0.33089584 0.        ]
 [0.33213606 0.         0.         0.33813986 0.3297241  0.        ]
 [0.33169323 0.         0.         0.33534807 0.33295864 0.        ]
 [0.31929618 0.         0.         0.3425094  0.         0.33819443]
 [0.32139817 0.         0.         0.3424506  0.         0.33615127]
 [0.32564843 0.         0.         0.34186548 0.         0.332486  ]
 [0.3006603  0.         0.         0.33996755 0.         0.35937205]
 [0.3472028  0.         0.3300867  0.32271048 0.         0.        ]
 [0.35321346 0.         0.31513527 0.33165133 0.         0.        ]
 [0.34876788 0.         0.32317632 0.32805583 0.         0.        ]
 [0.34771442 0.         0.30802095 0.34426466 0.         0.        ]
 [0.35423535 0.         0.31491512 0.33084947 0.         0.        ]
 [0.34981352 0.         0.32178935 0.3283971  0.         0.        ]
 [0.35179827 0.         0.31778008 0.33042163 0.         0.        ]
 [0.34833884 0.30726945 0.         0.34439167 0.         0.        ]
 [0.34950572 0.         0.33073634 0.31975788 0.         0.        ]
 [0.35802618 0.         0.31622452 0.32574934 0.         0.        ]
 [0.3573765  0.         0.32247108 0.32015243 0.         0.        ]
 [0.35580125 0.         0.32527325 0.3189255  0.         0.        ]
 [0.35743365 0.         0.3170816  0.32548478 0.         0.        ]
 [0.35715243 0.         0.30111983 0.3417278  0.         0.        ]
 [0.35326406 0.         0.32813743 0.3185985  0.         0.        ]
 [0.35584825 0.         0.31987327 0.3242785  0.         0.        ]]
        Validation Criterion: 0.00052626

Total gradient descent training time: 1 hours 24 mins 6 secs
    Creating a new model with taylor order 0 ...
Using any previously defined optimizer for adapation

=== Beginning Meta-Testing ... ===
    Number of examples in a batch along envs: 64
    Maximum number of batches (along envs): 1
    Reusing contexts for adaptation on the single bach

    Test loss value: 5.26e-04 ± 2.50e-03
    Train loss value for criterion 0: 0.00e+00

==  Begining artefacts visualisation ... ==
    Visualized context dimensions along x: [58 18 97]
    Visualized context dimensions along y: [72 31  7]
Saving artefacts in: ./runs/241026-122758/artefacts.png
/home/gb21553/Projects/Self-Mod/selfmod/visualtester.py:721: UserWarning: This figure includes Axes that are not compatible with tight_layout, so results might be incorrect.
  plt.tight_layout()
Loss per InD environment: [0.00013223184214439243, 0.00017672101967036724, 0.00017416014452464879, 7.129646837711334e-05, 0.00011572817311389372, 6.340333493426442e-05, 3.7477395380847156e-05, 0.00010610229946905747, 8.968939073383808e-05, 0.00010119931539520621, 0.00011269220703979954, 0.00010300414578523487, 0.00011268324306001887, 0.000136580245452933, 0.000123398334835656, 0.000238253443967551, 6.824890442658216e-05, 6.0995182138867676e-05, 9.596359450370073e-05, 9.481552842771634e-05, 0.00014905967691447586, 0.0001153238263214007, 0.000126777813420631, 0.00013601063983514905, 0.00043333633220754564, 9.891951049212366e-05, 7.861934136599302e-05, 8.402179810218513e-05, 0.0001977796055143699, 0.0001359241286991164, 0.00014093818026594818, 0.000175535271409899, 0.006457257084548473, 0.005765833891928196, 0.007312993984669447, 0.002554556354880333, 0.0006191875436343253, 0.001803730265237391, 0.0007640622206963599, 0.0009946738136932254, 0.0006891205557622015, 0.00687358109280467, 0.006434990558773279, 0.0042552649974823, 0.0033149910159409046, 0.0031749072950333357, 0.003164188703522086, 0.0012573393760249019, 0.001614741631783545, 0.0033189081586897373, 0.0058909207582473755, 0.0012461286969482899, 0.0025685911532491446, 0.005278200842440128, 0.0011858911020681262, 0.007006766740232706, 0.005266787484288216, 0.0020109862089157104, 0.005563791841268539, 0.00882064737379551, 0.0015131162945181131, 0.004605862777680159, 0.007878316566348076, 0.0010467071551829576]

==  Begining in-domain dynamics visualisation ... ==
    Trajectory id: 1
    Visualized dimensions: (0, 1)
    Using contexts from meta-training.
Testing finished. Figure saved in: ./runs/241026-122758/dynamics.png
[[0.         0.46371955 0.5362805  0.         0.         0.        ]
 [0.         0.47650075 0.52349925 0.         0.         0.        ]
 [0.         0.4786333  0.52136666 0.         0.         0.        ]
 [0.         0.4829573  0.5170426  0.         0.         0.        ]
 [0.         0.4842822  0.51571774 0.         0.         0.        ]
 [0.         0.48992896 0.51007104 0.         0.         0.        ]
 [0.         0.47777632 0.52222365 0.         0.         0.        ]
 [0.         0.49208057 0.50791943 0.         0.         0.        ]
 [0.         0.4941829  0.50581706 0.         0.         0.        ]
 [0.         0.49817652 0.5018235  0.         0.         0.        ]
 [0.         0.4973884  0.50261164 0.         0.         0.        ]
 [0.         0.50196123 0.4980388  0.         0.         0.        ]
 [0.         0.4981626  0.         0.         0.         0.50183743]
 [0.         0.47319204 0.         0.         0.         0.52680796]
 [0.         0.49175704 0.         0.         0.         0.50824296]
 [0.         0.4722542  0.         0.         0.         0.52774584]
 [0.         0.50586647 0.         0.         0.49413353 0.        ]
 [0.         0.4943227  0.         0.         0.5056774  0.        ]
 [0.         0.48363778 0.         0.         0.51636225 0.        ]
 [0.         0.4769583  0.         0.         0.52304167 0.        ]
 [0.         0.5055347  0.         0.         0.4944653  0.        ]
 [0.         0.49682444 0.         0.         0.50317556 0.        ]
 [0.         0.48729816 0.         0.         0.51270175 0.        ]
 [0.         0.47792652 0.         0.         0.5220735  0.        ]
 [0.         0.51463133 0.         0.         0.48536867 0.        ]
 [0.         0.5065062  0.         0.         0.49349377 0.        ]
 [0.         0.4992235  0.         0.         0.50077647 0.        ]
 [0.         0.49146846 0.         0.         0.5085316  0.        ]
 [0.         0.52100825 0.         0.         0.47899178 0.        ]
 [0.         0.50679666 0.         0.         0.4932033  0.        ]
 [0.         0.49924445 0.         0.         0.50075555 0.        ]
 [0.         0.4875156  0.         0.         0.5124844  0.        ]
 [0.         0.         0.         0.505719   0.         0.494281  ]
 [0.         0.         0.         0.5077545  0.         0.49224544]
 [0.         0.         0.49674207 0.503258   0.         0.        ]
 [0.         0.         0.         0.48982078 0.         0.51017916]
 [0.49884728 0.         0.         0.         0.50115263 0.        ]
 [0.         0.         0.         0.49103436 0.         0.5089657 ]
 [0.         0.         0.         0.5006129  0.4993871  0.        ]
 [0.         0.         0.         0.47747484 0.         0.5225252 ]
 [0.         0.         0.         0.47446913 0.         0.5255309 ]
 [0.4951807  0.         0.         0.5048193  0.         0.        ]
 [0.49552783 0.         0.         0.50447214 0.         0.        ]
 [0.         0.         0.         0.5017639  0.49823612 0.        ]
 [0.         0.         0.         0.503131   0.         0.49686897]
 [0.         0.         0.         0.50460994 0.         0.49539   ]
 [0.         0.         0.         0.5069864  0.         0.49301362]
 [0.         0.         0.         0.48605546 0.         0.51394457]
 [0.5124609  0.         0.48753905 0.         0.         0.        ]
 [0.5157164  0.         0.         0.48428372 0.         0.        ]
 [0.5152748  0.         0.         0.4847252  0.         0.        ]
 [0.5024348  0.         0.         0.49756515 0.         0.        ]
 [0.51704496 0.         0.         0.48295504 0.         0.        ]
 [0.5157583  0.         0.         0.48424178 0.         0.        ]
 [0.51564294 0.         0.         0.48435706 0.         0.        ]
 [0.5028212  0.         0.         0.49717873 0.         0.        ]
 [0.5136554  0.         0.4863446  0.         0.         0.        ]
 [0.5235801  0.         0.         0.47641996 0.         0.        ]
 [0.52551144 0.         0.4744885  0.         0.         0.        ]
 [0.5222613  0.         0.4777387  0.         0.         0.        ]
 [0.5233721  0.         0.         0.47662792 0.         0.        ]
 [0.511156   0.         0.         0.48884398 0.         0.        ]
 [0.5182911  0.         0.4817089  0.         0.         0.        ]
 [0.5231881  0.         0.         0.4768119  0.         0.        ]]
    Creating a new model with taylor order 0 ...
Using any previously defined optimizer for adapation

=== Beginning Meta-Testing ... ===
    Number of examples in a batch along envs: 64
    Maximum number of batches (along envs): 1
Epoch:   0      Batch:   0      Loss: 0.58008099     ContextsNorm: 0.00000000
Epoch:   1      Batch:   0      Loss: 0.27199817     ContextsNorm: 0.00000000
Epoch:   2      Batch:   0      Loss: 0.28627616     ContextsNorm: 0.00000000
Epoch:   3      Batch:   0      Loss: 0.28829905     ContextsNorm: 0.00000000
Epoch:  10      Batch:   0      Loss: 0.29836333     ContextsNorm: 0.00000000
Epoch:  20      Batch:   0      Loss: 0.28029281     ContextsNorm: 0.00000000
Epoch:  30      Batch:   0      Loss: 0.27107260     ContextsNorm: 0.00000000
Epoch:  40      Batch:   0      Loss: 0.27603742     ContextsNorm: 0.00000000
Epoch:  50      Batch:   0      Loss: 0.27781650     ContextsNorm: 0.00000000
Epoch:  60      Batch:   0      Loss: 0.27380836     ContextsNorm: 0.00000000
Epoch:  70      Batch:   0      Loss: 0.24844730     ContextsNorm: 0.00000000
Epoch:  80      Batch:   0      Loss: 0.24744514     ContextsNorm: 0.00000000
Epoch:  90      Batch:   0      Loss: 0.22293429     ContextsNorm: 0.00000000
Epoch: 100      Batch:   0      Loss: 0.22460908     ContextsNorm: 0.00000000
Epoch: 110      Batch:   0      Loss: 0.22208017     ContextsNorm: 0.00000000
Epoch: 120      Batch:   0      Loss: 0.22514375     ContextsNorm: 0.00000000
Epoch: 130      Batch:   0      Loss: 0.22180553     ContextsNorm: 0.00000000
Epoch: 140      Batch:   0      Loss: 0.22086817     ContextsNorm: 0.00000000
Epoch: 150      Batch:   0      Loss: 0.20644802     ContextsNorm: 0.00000000
Epoch: 160      Batch:   0      Loss: 0.21458611     ContextsNorm: 0.00000000
Epoch: 170      Batch:   0      Loss: 0.20895548     ContextsNorm: 0.00000000
Epoch: 180      Batch:   0      Loss: 0.20328516     ContextsNorm: 0.00000000
Epoch: 190      Batch:   0      Loss: 0.21009377     ContextsNorm: 0.00000000
Epoch: 200      Batch:   0      Loss: 0.20195866     ContextsNorm: 0.00000000
Epoch: 210      Batch:   0      Loss: 0.19432056     ContextsNorm: 0.00000000
Epoch: 220      Batch:   0      Loss: 0.19843182     ContextsNorm: 0.00000000
Epoch: 230      Batch:   0      Loss: 0.18983410     ContextsNorm: 0.00000000
Epoch: 240      Batch:   0      Loss: 0.19894695     ContextsNorm: 0.00000000
Epoch: 250      Batch:   0      Loss: 0.20238422     ContextsNorm: 0.00000000
Epoch: 260      Batch:   0      Loss: 0.20108098     ContextsNorm: 0.00000000
Epoch: 270      Batch:   0      Loss: 0.19356458     ContextsNorm: 0.00000000
Epoch: 280      Batch:   0      Loss: 0.20604493     ContextsNorm: 0.00000000
Epoch: 290      Batch:   0      Loss: 0.20280144     ContextsNorm: 0.00000000
Epoch: 300      Batch:   0      Loss: 0.20219426     ContextsNorm: 0.00000000
Epoch: 310      Batch:   0      Loss: 0.19952035     ContextsNorm: 0.00000000
Epoch: 320      Batch:   0      Loss: 0.19516613     ContextsNorm: 0.00000000
Epoch: 330      Batch:   0      Loss: 0.19867903     ContextsNorm: 0.00000000
Epoch: 340      Batch:   0      Loss: 0.19755849     ContextsNorm: 0.00000000
Epoch: 350      Batch:   0      Loss: 0.19406861     ContextsNorm: 0.00000000
Epoch: 360      Batch:   0      Loss: 0.19571395     ContextsNorm: 0.00000000
Epoch: 370      Batch:   0      Loss: 0.19948107     ContextsNorm: 0.00000000
Epoch: 380      Batch:   0      Loss: 0.20164934     ContextsNorm: 0.00000000
Epoch: 390      Batch:   0      Loss: 0.19172391     ContextsNorm: 0.00000000
Epoch: 400      Batch:   0      Loss: 0.19658838     ContextsNorm: 0.00000000
Epoch: 410      Batch:   0      Loss: 0.19929424     ContextsNorm: 0.00000000
Epoch: 420      Batch:   0      Loss: 0.19716075     ContextsNorm: 0.00000000
Epoch: 430      Batch:   0      Loss: 0.19203296     ContextsNorm: 0.00000000
Epoch: 440      Batch:   0      Loss: 0.19248009     ContextsNorm: 0.00000000
Epoch: 450      Batch:   0      Loss: 0.19018525     ContextsNorm: 0.00000000
Epoch: 460      Batch:   0      Loss: 0.19147700     ContextsNorm: 0.00000000
Epoch: 470      Batch:   0      Loss: 0.18701221     ContextsNorm: 0.00000000
Epoch: 480      Batch:   0      Loss: 0.18595256     ContextsNorm: 0.00000000
Epoch: 490      Batch:   0      Loss: 0.18778832     ContextsNorm: 0.00000000
Epoch: 500      Batch:   0      Loss: 0.18585779     ContextsNorm: 0.00000000
Epoch: 510      Batch:   0      Loss: 0.18265778     ContextsNorm: 0.00000000
Epoch: 520      Batch:   0      Loss: 0.18218070     ContextsNorm: 0.00000000
Epoch: 530      Batch:   0      Loss: 0.17950711     ContextsNorm: 0.00000000
Epoch: 540      Batch:   0      Loss: 0.17661312     ContextsNorm: 0.00000000
Epoch: 550      Batch:   0      Loss: 0.17876709     ContextsNorm: 0.00000000
Epoch: 560      Batch:   0      Loss: 0.17600667     ContextsNorm: 0.00000000
Epoch: 570      Batch:   0      Loss: 0.18010882     ContextsNorm: 0.00000000
Epoch: 580      Batch:   0      Loss: 0.17680481     ContextsNorm: 0.00000000
Epoch: 590      Batch:   0      Loss: 0.17768010     ContextsNorm: 0.00000000
Epoch: 600      Batch:   0      Loss: 0.17709446     ContextsNorm: 0.00000000
Epoch: 610      Batch:   0      Loss: 0.17483436     ContextsNorm: 0.00000000
Epoch: 620      Batch:   0      Loss: 0.17706025     ContextsNorm: 0.00000000
Epoch: 630      Batch:   0      Loss: 0.17476872     ContextsNorm: 0.00000000
Epoch: 640      Batch:   0      Loss: 0.17720373     ContextsNorm: 0.00000000
Epoch: 650      Batch:   0      Loss: 0.17461267     ContextsNorm: 0.00000000
Epoch: 660      Batch:   0      Loss: 0.17412913     ContextsNorm: 0.00000000
Epoch: 670      Batch:   0      Loss: 0.17152655     ContextsNorm: 0.00000000
Epoch: 680      Batch:   0      Loss: 0.17173478     ContextsNorm: 0.00000000
Epoch: 690      Batch:   0      Loss: 0.17244270     ContextsNorm: 0.00000000
Epoch: 700      Batch:   0      Loss: 0.17255083     ContextsNorm: 0.00000000
Epoch: 710      Batch:   0      Loss: 0.17064367     ContextsNorm: 0.00000000
Epoch: 720      Batch:   0      Loss: 0.17386630     ContextsNorm: 0.00000000
Epoch: 730      Batch:   0      Loss: 0.17187425     ContextsNorm: 0.00000000
Epoch: 740      Batch:   0      Loss: 0.17060992     ContextsNorm: 0.00000000
Epoch: 750      Batch:   0      Loss: 0.17208141     ContextsNorm: 0.00000000
Epoch: 760      Batch:   0      Loss: 0.17799515     ContextsNorm: 0.00000000
Epoch: 770      Batch:   0      Loss: 0.16757430     ContextsNorm: 0.00000000
Epoch: 780      Batch:   0      Loss: 0.16890554     ContextsNorm: 0.00000000
Epoch: 790      Batch:   0      Loss: 0.16831881     ContextsNorm: 0.00000000
Epoch: 800      Batch:   0      Loss: 0.17086694     ContextsNorm: 0.00000000
Epoch: 810      Batch:   0      Loss: 0.16871388     ContextsNorm: 0.00000000
Epoch: 820      Batch:   0      Loss: 0.16680543     ContextsNorm: 0.00000000
Epoch: 830      Batch:   0      Loss: 0.16005071     ContextsNorm: 0.00000000
Epoch: 840      Batch:   0      Loss: 0.15853530     ContextsNorm: 0.00000000
Epoch: 850      Batch:   0      Loss: 0.15906295     ContextsNorm: 0.00000000
Epoch: 860      Batch:   0      Loss: 0.16779590     ContextsNorm: 0.00000000
Epoch: 870      Batch:   0      Loss: 0.15988208     ContextsNorm: 0.00000000
Epoch: 880      Batch:   0      Loss: 0.16064626     ContextsNorm: 0.00000000
Epoch: 890      Batch:   0      Loss: 0.16202533     ContextsNorm: 0.00000000
Epoch: 900      Batch:   0      Loss: 0.15831122     ContextsNorm: 0.00000000
Epoch: 910      Batch:   0      Loss: 0.15843612     ContextsNorm: 0.00000000
Epoch: 920      Batch:   0      Loss: 0.15495181     ContextsNorm: 0.00000000
Epoch: 930      Batch:   0      Loss: 0.15450276     ContextsNorm: 0.00000000
Epoch: 940      Batch:   0      Loss: 0.14768377     ContextsNorm: 0.00000000
Epoch: 950      Batch:   0      Loss: 0.14244768     ContextsNorm: 0.00000000
Epoch: 960      Batch:   0      Loss: 0.14070630     ContextsNorm: 0.00000000
Epoch: 970      Batch:   0      Loss: 0.14058888     ContextsNorm: 0.00000000
Epoch: 980      Batch:   0      Loss: 0.14210916     ContextsNorm: 0.00000000
Epoch: 990      Batch:   0      Loss: 0.13807198     ContextsNorm: 0.00000000
Epoch: 999      Batch:   0      Loss: 0.14244854     ContextsNorm: 0.00000000

Total gradient descent training time: 0 hours 5 mins 13 secs

    Test loss value: 1.38e-01 ± 1.06e+00
    Train loss value for criterion 0: 1.42e-01
Loss per OoD environment: [0.0002651195100042969, 4.7250872739823535e-05, 0.0003767971647903323, 0.12616465985774994, 0.053634531795978546, 0.023428568616509438, 0.031923387199640274, 0.005266690626740456, 0.005149614531546831, 0.01143123209476471, 0.004553717095404863, 0.0004703673184849322, 0.0004611396580003202, 0.0037728426977992058, 0.7301705479621887, 0.018996605649590492, 0.06550467759370804, 0.13907533884048462, 0.04908258840441704, 0.06740322709083557, 0.15363472700119019, 0.1363370269536972, 0.14859580993652344, 0.10902917385101318, 0.5124861598014832, 0.11745332181453705, 0.47178012132644653, 0.30125656723976135, 0.3172008693218231, 0.24265767633914948, 0.24241413176059723, 0.28195056319236755, 0.5860181450843811, 0.7152667045593262, 0.42239081859588623, 0.4705151915550232, 3.7744951248168945, 3.555219888687134, 3.8057916164398193, 3.594522714614868, 0.6380116939544678, 0.4733470678329468, 0.2709169387817383, 0.16701394319534302, 0.1073327586054802, 0.0900619700551033, 0.1127992570400238, 0.08187232166528702, 2.6695926189422607, 3.0137274265289307, 3.086138963699341, 3.193770170211792, 0.06821749359369278, 0.09391134232282639, 0.09245114773511887, 0.08712524175643921, 0.07289295643568039, 0.12715564668178558, 0.08706079423427582, 0.17801488935947418, 0.45838621258735657, 0.4740046560764313, 0.48304101824760437, 0.47330114245414734]

==  Begining artefacts visualisation ... ==
    Visualized context dimensions along x: [58 18 97]
    Visualized context dimensions along y: [72 31  7]
No adaptation contexts found. Using latest found.
Saving artefacts in: ./runs/241026-122758/adapt/artefacts.png
/home/gb21553/Projects/Self-Mod/selfmod/visualtester.py:721: UserWarning: This figure includes Axes that are not compatible with tight_layout, so results might be incorrect.
  plt.tight_layout()
No artists with labels found to put in legend.  Note that artists whose label start with an underscore are ignored when legend() is called with no argument.
No artists with labels found to put in legend.  Note that artists whose label start with an underscore are ignored when legend() is called with no argument.
No artists with labels found to put in legend.  Note that artists whose label start with an underscore are ignored when legend() is called with no argument.

==  Begining out-of-distribution dynamics visualisation ... ==
    Trajectory id: 0
    Visualized dimensions: (0, 1)
WARNING: No specific adaptation contexts found. Using latest found.
Testing finished. Figure saved in: ./runs/241026-122758/adapt/dynamics_ood.png

==  Begining context clusters visualisation with t-SNE ... ==
    Visualising the parameters (either vectors or function weights)
    Visualising predictions from the contexts (reconstituted as functions)
WARNING: No context utilities found, meaning inf dim context are not used. Using randoms.
Saving context clusters in: ./runs/241026-122758/context_clusters.png
