cp: cannot stat '/lus/lfs1aip1/home/benchmarking/ddrous.benchmarking/Projects/Self-Mod/examples/ode-bench/runs/241207-204554-PerfectT0/ode_generation.py': No such file or directory
cp: cannot stat '/lus/lfs1aip1/home/benchmarking/ddrous.benchmarking/Projects/Self-Mod/examples/ode-bench/runs/241207-204554-PerfectT0/ode_definitions_1D.json': No such file or directory
cp: cannot stat '/lus/lfs1aip1/home/benchmarking/ddrous.benchmarking/Projects/Self-Mod/examples/ode-bench/runs/241207-204554-PerfectT0/ode_definitions_2D.json': No such file or directory
cp: cannot stat '/lus/lfs1aip1/home/benchmarking/ddrous.benchmarking/Projects/Self-Mod/examples/ode-bench/runs/241207-204554-PerfectT0/ode_definitions_3D.json': No such file or directory
cp: cannot stat '/lus/lfs1aip1/home/benchmarking/ddrous.benchmarking/Projects/Self-Mod/examples/ode-bench/runs/241207-204554-PerfectT0/ode_definitions_4D.json': No such file or directory

############# Contextual Self-Modulation #############

Jax version: 0.4.35
Available devices: [CudaDevice(id=0)]
Created a new run folder at: ./runs/241222-215234/
Completed copied scripts 
Created a new adaptation folder at: ./runs/241222-215234/adapt/
Created a new data folder at: ./runs/241222-215234/data/
Copied the data generation scripts
Shapes of data and t_eval: (160, 4, 25, 2) (160, 25)

Using 26 environments to estimate the global training loss function ...


Total number of parameters in the model: 742910
Total number of parameters in one context: 40

Loading model and results from ./runs/241222-215234/ folder ...

WARNING: No training history found at all. Using tens.
WARNING: No validation history found at all. Using ten.
WARNING: No optimiser state found in the provided path.
No checkpoints or error when attempting to load training configs - '[Errno 2] No such file or directory: 'runs/241222-215234/model.eqx'' - Starting from scratch ...


=== Beginning Meta-Training ... ===
    Number of examples in a batch along envs: 160
    Maximum number of batches (along envs): 1
    Total number of epochs: 1
    Number of outer minimizations: 100
    Maximum numbers of inner steps per outer minimizations: (10, 10)
    Training on 1 batches
    Validating on 1 batches
     ### Compiling function "train_step" for the gates ...  
    Compiling gating loss function - coefficient of variation ...
     ### Compiling function "train_step" for the model ...  
     ### Compiling function "train_step" for the contexts ...  
21:58:11      Epoch:   0      Batch:   0      OuterStep:   0      LossModel: 0.09415311     LossTerm2: 0.00000000     LossGates: 0.00000000      Time/Step(s): 331.6942Contributing envs to the losses:  [88 91 44  9 41 10 95 39 83 43 46 80 93 87 58 34 94 47 36 37 61 40 68 33 35 32]
Gate kernel values:  [[ 0.  0.  0.  0.  0. -0. -0. -0. -0. -0. -0.  0.  0. -0. -0.  0.  0. -0.  0. -0.  0. -0. -0. -0.  0.  0. -0.  0.  0. -0.  0.  0. -0.  0.  0.  0.  0.  0.  0. -0.]
 [ 0. -0.  0. -0. -0.  0.  0.  0.  0.  0.  0. -0.  0. -0.  0.  0.  0. -0. -0.  0. -0.  0.  0. -0.  0. -0. -0. -0. -0.  0. -0.  0.  0. -0. -0.  0. -0. -0.  0. -0.]
 [-0. -0. -0.  0. -0.  0. -0.  0.  0.  0. -0. -0.  0.  0. -0.  0.  0. -0.  0.  0. -0. -0. -0.  0. -0.  0.  0. -0. -0. -0.  0.  0. -0. -0.  0. -0.  0.  0.  0. -0.]
 [ 0.  0.  0.  0.  0.  0.  0. -0. -0.  0. -0. -0. -0. -0.  0. -0.  0. -0.  0. -0.  0. -0. -0. -0. -0.  0. -0. -0.  0.  0. -0.  0. -0. -0.  0. -0.  0. -0.  0.  0.]
 [ 0. -0. -0. -0.  0. -0. -0.  0. -0. -0.  0.  0.  0.  0. -0. -0. -0.  0. -0. -0.  0.  0.  0.  0. -0.  0.  0.  0.  0.  0. -0.  0. -0.  0.  0. -0. -0.  0. -0.  0.]
 [-0.  0. -0. -0. -0. -0. -0.  0. -0.  0.  0. -0. -0.  0. -0. -0. -0.  0.  0.  0.  0.  0.  0. -0.  0. -0.  0. -0. -0. -0.  0.  0.  0.  0. -0.  0.  0.  0. -0.  0.]
 [-0.  0. -0.  0.  0. -0. -0. -0.  0. -0. -0. -0. -0. -0.  0.  0.  0.  0.  0.  0.  0.  0.  0.  0. -0.  0. -0.  0.  0.  0.  0.  0.  0. -0. -0.  0. -0. -0.  0.  0.]
 [-0.  0.  0. -0.  0. -0.  0.  0.  0.  0.  0.  0. -0.  0.  0.  0.  0. -0. -0. -0.  0. -0.  0. -0.  0.  0. -0.  0. -0. -0.  0. -0.  0.  0.  0.  0. -0.  0. -0. -0.]
 [-0.  0. -0. -0. -0.  0. -0.  0. -0. -0. -0. -0.  0.  0.  0.  0.  0. -0.  0.  0. -0.  0.  0.  0. -0. -0.  0. -0. -0. -0.  0.  0. -0. -0. -0. -0.  0. -0. -0.  0.]
 [ 0. -0.  0. -0.  0.  0.  0. -0.  0. -0. -0. -0. -0.  0.  0. -0.  0. -0.  0.  0.  0.  0. -0. -0. -0. -0.  0. -0.  0.  0.  0. -0.  0.  0.  0.  0.  0.  0.  0.  0.]]
Gate values for each environment (all envs): 
 [[0.1 0.1 0.1 0.1 0.1 0.1 0.1 0.1 0.1 0.1]
 [0.1 0.1 0.1 0.1 0.1 0.1 0.1 0.1 0.1 0.1]
 [0.1 0.1 0.1 0.1 0.1 0.1 0.1 0.1 0.1 0.1]
 [0.1 0.1 0.1 0.1 0.1 0.1 0.1 0.1 0.1 0.1]
 [0.1 0.1 0.1 0.1 0.1 0.1 0.1 0.1 0.1 0.1]
 [0.1 0.1 0.1 0.1 0.1 0.1 0.1 0.1 0.1 0.1]
 [0.1 0.1 0.1 0.1 0.1 0.1 0.1 0.1 0.1 0.1]
 [0.1 0.1 0.1 0.1 0.1 0.1 0.1 0.1 0.1 0.1]
 [0.1 0.1 0.1 0.1 0.1 0.1 0.1 0.1 0.1 0.1]
 [0.1 0.1 0.1 0.1 0.1 0.1 0.1 0.1 0.1 0.1]
 [0.1 0.1 0.1 0.1 0.1 0.1 0.1 0.1 0.1 0.1]
 [0.1 0.1 0.1 0.1 0.1 0.1 0.1 0.1 0.1 0.1]
 [0.1 0.1 0.1 0.1 0.1 0.1 0.1 0.1 0.1 0.1]
 [0.1 0.1 0.1 0.1 0.1 0.1 0.1 0.1 0.1 0.1]
 [0.1 0.1 0.1 0.1 0.1 0.1 0.1 0.1 0.1 0.1]
 [0.1 0.1 0.1 0.1 0.1 0.1 0.1 0.1 0.1 0.1]
 [0.1 0.1 0.1 0.1 0.1 0.1 0.1 0.1 0.1 0.1]
 [0.1 0.1 0.1 0.1 0.1 0.1 0.1 0.1 0.1 0.1]
 [0.1 0.1 0.1 0.1 0.1 0.1 0.1 0.1 0.1 0.1]
 [0.1 0.1 0.1 0.1 0.1 0.1 0.1 0.1 0.1 0.1]
 [0.1 0.1 0.1 0.1 0.1 0.1 0.1 0.1 0.1 0.1]
 [0.1 0.1 0.1 0.1 0.1 0.1 0.1 0.1 0.1 0.1]
 [0.1 0.1 0.1 0.1 0.1 0.1 0.1 0.1 0.1 0.1]
 [0.1 0.1 0.1 0.1 0.1 0.1 0.1 0.1 0.1 0.1]
 [0.1 0.1 0.1 0.1 0.1 0.1 0.1 0.1 0.1 0.1]
 [0.1 0.1 0.1 0.1 0.1 0.1 0.1 0.1 0.1 0.1]
 [0.1 0.1 0.1 0.1 0.1 0.1 0.1 0.1 0.1 0.1]
 [0.1 0.1 0.1 0.1 0.1 0.1 0.1 0.1 0.1 0.1]
 [0.1 0.1 0.1 0.1 0.1 0.1 0.1 0.1 0.1 0.1]
 [0.1 0.1 0.1 0.1 0.1 0.1 0.1 0.1 0.1 0.1]
 [0.1 0.1 0.1 0.1 0.1 0.1 0.1 0.1 0.1 0.1]
 [0.1 0.1 0.1 0.1 0.1 0.1 0.1 0.1 0.1 0.1]
 [0.1 0.1 0.1 0.1 0.1 0.1 0.1 0.1 0.1 0.1]
 [0.1 0.1 0.1 0.1 0.1 0.1 0.1 0.1 0.1 0.1]
 [0.1 0.1 0.1 0.1 0.1 0.1 0.1 0.1 0.1 0.1]
 [0.1 0.1 0.1 0.1 0.1 0.1 0.1 0.1 0.1 0.1]
 [0.1 0.1 0.1 0.1 0.1 0.1 0.1 0.1 0.1 0.1]
 [0.1 0.1 0.1 0.1 0.1 0.1 0.1 0.1 0.1 0.1]
 [0.1 0.1 0.1 0.1 0.1 0.1 0.1 0.1 0.1 0.1]
 [0.1 0.1 0.1 0.1 0.1 0.1 0.1 0.1 0.1 0.1]
 [0.1 0.1 0.1 0.1 0.1 0.1 0.1 0.1 0.1 0.1]
 [0.1 0.1 0.1 0.1 0.1 0.1 0.1 0.1 0.1 0.1]
 [0.1 0.1 0.1 0.1 0.1 0.1 0.1 0.1 0.1 0.1]
 [0.1 0.1 0.1 0.1 0.1 0.1 0.1 0.1 0.1 0.1]
 [0.1 0.1 0.1 0.1 0.1 0.1 0.1 0.1 0.1 0.1]
 [0.1 0.1 0.1 0.1 0.1 0.1 0.1 0.1 0.1 0.1]
 [0.1 0.1 0.1 0.1 0.1 0.1 0.1 0.1 0.1 0.1]
 [0.1 0.1 0.1 0.1 0.1 0.1 0.1 0.1 0.1 0.1]
 [0.1 0.1 0.1 0.1 0.1 0.1 0.1 0.1 0.1 0.1]
 [0.1 0.1 0.1 0.1 0.1 0.1 0.1 0.1 0.1 0.1]
 [0.1 0.1 0.1 0.1 0.1 0.1 0.1 0.1 0.1 0.1]
 [0.1 0.1 0.1 0.1 0.1 0.1 0.1 0.1 0.1 0.1]
 [0.1 0.1 0.1 0.1 0.1 0.1 0.1 0.1 0.1 0.1]
 [0.1 0.1 0.1 0.1 0.1 0.1 0.1 0.1 0.1 0.1]
 [0.1 0.1 0.1 0.1 0.1 0.1 0.1 0.1 0.1 0.1]
 [0.1 0.1 0.1 0.1 0.1 0.1 0.1 0.1 0.1 0.1]
 [0.1 0.1 0.1 0.1 0.1 0.1 0.1 0.1 0.1 0.1]
 [0.1 0.1 0.1 0.1 0.1 0.1 0.1 0.1 0.1 0.1]
 [0.1 0.1 0.1 0.1 0.1 0.1 0.1 0.1 0.1 0.1]
 [0.1 0.1 0.1 0.1 0.1 0.1 0.1 0.1 0.1 0.1]
 [0.1 0.1 0.1 0.1 0.1 0.1 0.1 0.1 0.1 0.1]
 [0.1 0.1 0.1 0.1 0.1 0.1 0.1 0.1 0.1 0.1]
 [0.1 0.1 0.1 0.1 0.1 0.1 0.1 0.1 0.1 0.1]
 [0.1 0.1 0.1 0.1 0.1 0.1 0.1 0.1 0.1 0.1]
 [0.1 0.1 0.1 0.1 0.1 0.1 0.1 0.1 0.1 0.1]
 [0.1 0.1 0.1 0.1 0.1 0.1 0.1 0.1 0.1 0.1]
 [0.1 0.1 0.1 0.1 0.1 0.1 0.1 0.1 0.1 0.1]
 [0.1 0.1 0.1 0.1 0.1 0.1 0.1 0.1 0.1 0.1]
 [0.1 0.1 0.1 0.1 0.1 0.1 0.1 0.1 0.1 0.1]
 [0.1 0.1 0.1 0.1 0.1 0.1 0.1 0.1 0.1 0.1]
 [0.1 0.1 0.1 0.1 0.1 0.1 0.1 0.1 0.1 0.1]
 [0.1 0.1 0.1 0.1 0.1 0.1 0.1 0.1 0.1 0.1]
 [0.1 0.1 0.1 0.1 0.1 0.1 0.1 0.1 0.1 0.1]
 [0.1 0.1 0.1 0.1 0.1 0.1 0.1 0.1 0.1 0.1]
 [0.1 0.1 0.1 0.1 0.1 0.1 0.1 0.1 0.1 0.1]
 [0.1 0.1 0.1 0.1 0.1 0.1 0.1 0.1 0.1 0.1]
 [0.1 0.1 0.1 0.1 0.1 0.1 0.1 0.1 0.1 0.1]
 [0.1 0.1 0.1 0.1 0.1 0.1 0.1 0.1 0.1 0.1]
 [0.1 0.1 0.1 0.1 0.1 0.1 0.1 0.1 0.1 0.1]
 [0.1 0.1 0.1 0.1 0.1 0.1 0.1 0.1 0.1 0.1]
 [0.1 0.1 0.1 0.1 0.1 0.1 0.1 0.1 0.1 0.1]
 [0.1 0.1 0.1 0.1 0.1 0.1 0.1 0.1 0.1 0.1]
 [0.1 0.1 0.1 0.1 0.1 0.1 0.1 0.1 0.1 0.1]
 [0.1 0.1 0.1 0.1 0.1 0.1 0.1 0.1 0.1 0.1]
 [0.1 0.1 0.1 0.1 0.1 0.1 0.1 0.1 0.1 0.1]
 [0.1 0.1 0.1 0.1 0.1 0.1 0.1 0.1 0.1 0.1]
 [0.1 0.1 0.1 0.1 0.1 0.1 0.1 0.1 0.1 0.1]
 [0.1 0.1 0.1 0.1 0.1 0.1 0.1 0.1 0.1 0.1]
 [0.1 0.1 0.1 0.1 0.1 0.1 0.1 0.1 0.1 0.1]
 [0.1 0.1 0.1 0.1 0.1 0.1 0.1 0.1 0.1 0.1]
 [0.1 0.1 0.1 0.1 0.1 0.1 0.1 0.1 0.1 0.1]
 [0.1 0.1 0.1 0.1 0.1 0.1 0.1 0.1 0.1 0.1]
 [0.1 0.1 0.1 0.1 0.1 0.1 0.1 0.1 0.1 0.1]
 [0.1 0.1 0.1 0.1 0.1 0.1 0.1 0.1 0.1 0.1]
 [0.1 0.1 0.1 0.1 0.1 0.1 0.1 0.1 0.1 0.1]
 [0.1 0.1 0.1 0.1 0.1 0.1 0.1 0.1 0.1 0.1]
 [0.1 0.1 0.1 0.1 0.1 0.1 0.1 0.1 0.1 0.1]
 [0.1 0.1 0.1 0.1 0.1 0.1 0.1 0.1 0.1 0.1]
 [0.1 0.1 0.1 0.1 0.1 0.1 0.1 0.1 0.1 0.1]
 [0.1 0.1 0.1 0.1 0.1 0.1 0.1 0.1 0.1 0.1]
 [0.1 0.1 0.1 0.1 0.1 0.1 0.1 0.1 0.1 0.1]
 [0.1 0.1 0.1 0.1 0.1 0.1 0.1 0.1 0.1 0.1]
 [0.1 0.1 0.1 0.1 0.1 0.1 0.1 0.1 0.1 0.1]
 [0.1 0.1 0.1 0.1 0.1 0.1 0.1 0.1 0.1 0.1]
 [0.1 0.1 0.1 0.1 0.1 0.1 0.1 0.1 0.1 0.1]
 [0.1 0.1 0.1 0.1 0.1 0.1 0.1 0.1 0.1 0.1]
 [0.1 0.1 0.1 0.1 0.1 0.1 0.1 0.1 0.1 0.1]
 [0.1 0.1 0.1 0.1 0.1 0.1 0.1 0.1 0.1 0.1]
 [0.1 0.1 0.1 0.1 0.1 0.1 0.1 0.1 0.1 0.1]
 [0.1 0.1 0.1 0.1 0.1 0.1 0.1 0.1 0.1 0.1]
 [0.1 0.1 0.1 0.1 0.1 0.1 0.1 0.1 0.1 0.1]
 [0.1 0.1 0.1 0.1 0.1 0.1 0.1 0.1 0.1 0.1]
 [0.1 0.1 0.1 0.1 0.1 0.1 0.1 0.1 0.1 0.1]
 [0.1 0.1 0.1 0.1 0.1 0.1 0.1 0.1 0.1 0.1]
 [0.1 0.1 0.1 0.1 0.1 0.1 0.1 0.1 0.1 0.1]
 [0.1 0.1 0.1 0.1 0.1 0.1 0.1 0.1 0.1 0.1]
 [0.1 0.1 0.1 0.1 0.1 0.1 0.1 0.1 0.1 0.1]
 [0.1 0.1 0.1 0.1 0.1 0.1 0.1 0.1 0.1 0.1]
 [0.1 0.1 0.1 0.1 0.1 0.1 0.1 0.1 0.1 0.1]
 [0.1 0.1 0.1 0.1 0.1 0.1 0.1 0.1 0.1 0.1]
 [0.1 0.1 0.1 0.1 0.1 0.1 0.1 0.1 0.1 0.1]
 [0.1 0.1 0.1 0.1 0.1 0.1 0.1 0.1 0.1 0.1]
 [0.1 0.1 0.1 0.1 0.1 0.1 0.1 0.1 0.1 0.1]
 [0.1 0.1 0.1 0.1 0.1 0.1 0.1 0.1 0.1 0.1]
 [0.1 0.1 0.1 0.1 0.1 0.1 0.1 0.1 0.1 0.1]
 [0.1 0.1 0.1 0.1 0.1 0.1 0.1 0.1 0.1 0.1]
 [0.1 0.1 0.1 0.1 0.1 0.1 0.1 0.1 0.1 0.1]
 [0.1 0.1 0.1 0.1 0.1 0.1 0.1 0.1 0.1 0.1]
 [0.1 0.1 0.1 0.1 0.1 0.1 0.1 0.1 0.1 0.1]
 [0.1 0.1 0.1 0.1 0.1 0.1 0.1 0.1 0.1 0.1]
 [0.1 0.1 0.1 0.1 0.1 0.1 0.1 0.1 0.1 0.1]
 [0.1 0.1 0.1 0.1 0.1 0.1 0.1 0.1 0.1 0.1]
 [0.1 0.1 0.1 0.1 0.1 0.1 0.1 0.1 0.1 0.1]
 [0.1 0.1 0.1 0.1 0.1 0.1 0.1 0.1 0.1 0.1]
 [0.1 0.1 0.1 0.1 0.1 0.1 0.1 0.1 0.1 0.1]
 [0.1 0.1 0.1 0.1 0.1 0.1 0.1 0.1 0.1 0.1]
 [0.1 0.1 0.1 0.1 0.1 0.1 0.1 0.1 0.1 0.1]
 [0.1 0.1 0.1 0.1 0.1 0.1 0.1 0.1 0.1 0.1]
 [0.1 0.1 0.1 0.1 0.1 0.1 0.1 0.1 0.1 0.1]
 [0.1 0.1 0.1 0.1 0.1 0.1 0.1 0.1 0.1 0.1]
 [0.1 0.1 0.1 0.1 0.1 0.1 0.1 0.1 0.1 0.1]
 [0.1 0.1 0.1 0.1 0.1 0.1 0.1 0.1 0.1 0.1]
 [0.1 0.1 0.1 0.1 0.1 0.1 0.1 0.1 0.1 0.1]
 [0.1 0.1 0.1 0.1 0.1 0.1 0.1 0.1 0.1 0.1]
 [0.1 0.1 0.1 0.1 0.1 0.1 0.1 0.1 0.1 0.1]
 [0.1 0.1 0.1 0.1 0.1 0.1 0.1 0.1 0.1 0.1]
 [0.1 0.1 0.1 0.1 0.1 0.1 0.1 0.1 0.1 0.1]
 [0.1 0.1 0.1 0.1 0.1 0.1 0.1 0.1 0.1 0.1]
 [0.1 0.1 0.1 0.1 0.1 0.1 0.1 0.1 0.1 0.1]
 [0.1 0.1 0.1 0.1 0.1 0.1 0.1 0.1 0.1 0.1]
 [0.1 0.1 0.1 0.1 0.1 0.1 0.1 0.1 0.1 0.1]
 [0.1 0.1 0.1 0.1 0.1 0.1 0.1 0.1 0.1 0.1]
 [0.1 0.1 0.1 0.1 0.1 0.1 0.1 0.1 0.1 0.1]
 [0.1 0.1 0.1 0.1 0.1 0.1 0.1 0.1 0.1 0.1]
 [0.1 0.1 0.1 0.1 0.1 0.1 0.1 0.1 0.1 0.1]
 [0.1 0.1 0.1 0.1 0.1 0.1 0.1 0.1 0.1 0.1]
 [0.1 0.1 0.1 0.1 0.1 0.1 0.1 0.1 0.1 0.1]
 [0.1 0.1 0.1 0.1 0.1 0.1 0.1 0.1 0.1 0.1]
 [0.1 0.1 0.1 0.1 0.1 0.1 0.1 0.1 0.1 0.1]
 [0.1 0.1 0.1 0.1 0.1 0.1 0.1 0.1 0.1 0.1]]
22:03:08      Epoch:   0      Batch:   0      OuterStep:  10      LossModel: 1.40746140     LossTerm2: 0.00000000     LossGates: 0.00000000      Time/Step(s): 29.7715Contributing envs to the losses:  [ 10  11  43   9  14   3  16   4  15  17  21  28  25  20  62 130  18  30  19  23   5   2  24  34  27 142]
Gate kernel values:  [[-0.01480297 -0.01356645 -0.01159445  0.01907994 -0.01812964 -0.02030826  0.02588641  0.01363484  0.0121336  -0.01363065  0.00890398  0.01593785 -0.00600091  0.02976146  0.02983391 -0.0013142   0.01162545 -0.01027161  0.00636379  0.02082327  0.01323852 -0.03279661 -0.01926099  0.03446506  0.0068714   0.01186636  0.0199782  -0.0185146   0.00438705  0.00457724  0.00821351  0.02124659 -0.00959614  0.02505005  0.01681841 -0.01420456  0.01085761 -0.01863987 -0.0085785  -0.010778  ]
 [-0.014803   -0.01356647 -0.01159452  0.01907998 -0.01812967 -0.0203083   0.02588642  0.01363488  0.01213364 -0.01363069  0.00890401  0.01593789 -0.00600098  0.02976146  0.02983392 -0.00131425  0.01162548 -0.01027166  0.00636381  0.02082331  0.01323856 -0.03279658 -0.01926103  0.03446503  0.00687142  0.01186642  0.01997823 -0.01851463  0.00438708  0.00457729  0.00821359  0.02124662 -0.00959618  0.02505007  0.01681844 -0.01420458  0.01085769 -0.0186399  -0.00857854 -0.01077803]
 [ 0.0101213   0.00875605  0.00364654 -0.01402691  0.01374495  0.01431136 -0.02193796 -0.00841267 -0.0068599   0.0086652  -0.00360353 -0.00958205 -0.00154844 -0.02587388 -0.02600115 -0.00536429 -0.00656013  0.00433036 -0.00097528 -0.01476274 -0.00839607  0.03006246  0.01456642 -0.03206317 -0.00147347 -0.00535083 -0.01580755  0.0140087   0.00160561  0.00177531  0.0003227  -0.01715654  0.00386449 -0.02097639 -0.01225729  0.00948789 -0.00344173  0.01424178  0.00282771  0.00563199]
 [-0.01480299 -0.01356647 -0.01159451  0.01907997 -0.01812966 -0.02030829  0.02588641  0.01363488  0.01213363 -0.01363068  0.008904    0.01593788 -0.00600097  0.02976146  0.02983392 -0.00131424  0.01162548 -0.01027165  0.00636381  0.0208233   0.01323855 -0.03279658 -0.01926102  0.03446504  0.00687142  0.01186641  0.01997822 -0.01851461  0.00438707  0.00457729  0.00821358  0.02124661 -0.00959617  0.02505006  0.01681843 -0.01420458  0.01085768 -0.01863988 -0.00857854 -0.01077802]
 [-0.01480312 -0.0135666  -0.01159468  0.01908012 -0.0181298  -0.02030846  0.02588655  0.01363502  0.01213376 -0.01363081  0.00890411  0.01593804 -0.0060011   0.02976159  0.02983403 -0.00131433  0.0116256  -0.01027179  0.00636389  0.02082347  0.01323868 -0.03279663 -0.01926116  0.03446506  0.00687151  0.01186655  0.01997836 -0.01851477  0.00438717  0.00457739  0.00821374  0.02124675 -0.00959631  0.0250502   0.01681857 -0.01420471  0.01085782 -0.01864003 -0.00857866 -0.01077814]
 [-0.00730712 -0.00644285 -0.00505107  0.01060002 -0.009771   -0.01188247  0.01381139  0.0062399   0.00511184 -0.00636866  0.00289856  0.00845928 -0.00049353  0.01597522  0.01593157  0.00283673  0.00494566 -0.00363828  0.00115747  0.0126061   0.00624365 -0.0178319  -0.01066381  0.01877928  0.00148621  0.00505913  0.01110603 -0.00969144 -0.00063446 -0.00056182  0.00221878  0.01191595 -0.00312849  0.01365762  0.00886416 -0.00690631  0.0043737  -0.00982007 -0.00239912 -0.00433598]
 [-0.0056151  -0.00476321 -0.00295913  0.00869771 -0.00807482 -0.00967032  0.01317073  0.00455424  0.00341312 -0.00466351  0.00118534  0.00645465  0.00120772  0.01601716  0.01627342  0.00443697  0.0032504  -0.00188746 -0.00050566  0.01021404  0.00456842 -0.02336425 -0.00882131  0.02540642 -0.00018204  0.0031863   0.00942969 -0.00802125 -0.00226619 -0.00222375  0.00030567  0.0102615  -0.00142903  0.01254051  0.00714059 -0.00522685  0.00246048 -0.00817187 -0.0007239  -0.00263808]
 [-0.00566851 -0.00472639 -0.00370668  0.00934432 -0.00843368 -0.01097606  0.01306691  0.00469245  0.00325647 -0.00467731  0.00040934  0.00731341  0.00164712  0.01520664  0.01500474  0.00625704  0.00296342 -0.00161483 -0.00174143  0.01171295  0.00452827 -0.02147649 -0.00936671  0.02558006 -0.00129322  0.00341982  0.00984177 -0.00856928 -0.0037285  -0.00351172  0.00066663  0.01082844 -0.0009949   0.01288128  0.00741802 -0.00524599  0.00291745 -0.00869221 -0.00011316 -0.00224271]
 [-0.01480401 -0.01356749 -0.0115959   0.01908109 -0.01813076 -0.02030957  0.0258875   0.01363605  0.01213473 -0.01363178  0.00890491  0.01593909 -0.00600208  0.02976248  0.02983488 -0.00131507  0.0116265  -0.01027278  0.00636456  0.0208246   0.01323957 -0.03279682 -0.01926216  0.03446515  0.00687222  0.01186756  0.01997933 -0.01851577  0.00438792  0.00457823  0.00821499  0.02124773 -0.00959728  0.02505122  0.01681952 -0.01420558  0.01085893 -0.018641   -0.0085796  -0.01077903]
 [-0.0148018  -0.01356528 -0.01159297  0.01907869 -0.01812841 -0.02030686  0.02588531  0.01363351  0.01213237 -0.01362941  0.00890297  0.01593651 -0.00599969  0.02976048  0.02983301 -0.0013133   0.01162429 -0.01027036  0.00636291  0.02082184  0.01323734 -0.0327965  -0.01925971  0.03446515  0.00687047  0.0118651   0.01997697 -0.01851333  0.0043861   0.00457621  0.008212    0.02124537 -0.0095949   0.02504886  0.01681717 -0.0142034   0.01085625 -0.01863864 -0.00857731 -0.01077685]]
Gate values for each environment (all envs): 
 [[0.01127044 0.01131146 0.8983268  0.0113072  0.01138494 0.0116883  0.01052413 0.01224205 0.01176064 0.01018399]
 [0.01239582 0.01244098 0.88247216 0.0124363  0.0125218  0.0141401  0.01353711 0.01591961 0.01293453 0.0112016 ]
 [0.00517903 0.00519775 0.9449905  0.0051958  0.00523152 0.0076787  0.00745018 0.00899239 0.00540401 0.00467997]
 [0.00528449 0.0053036  0.94346344 0.0053016  0.00533805 0.00792729 0.00774022 0.00935184 0.00551404 0.00477531]
 [0.00817176 0.00820139 0.9188939  0.0081983  0.00825467 0.01043884 0.01000857 0.01192142 0.00852687 0.00738431]
 [0.00473086 0.00474796 0.94799364 0.00474617 0.00477881 0.00746783 0.00737293 0.00895042 0.00493632 0.00427506]
 [0.01021179 0.01024892 0.90683585 0.01024506 0.0103155  0.01091334 0.00984726 0.01149898 0.01065592 0.00922739]
 [0.00323651 0.00324818 0.96199214 0.00324695 0.00326928 0.00578837 0.00579707 0.00711968 0.00337703 0.00292469]
 [0.00328927 0.00330112 0.9612787  0.00329988 0.00332257 0.00590325 0.0059211  0.00727982 0.00343207 0.00297237]
 [0.0093421  0.00937606 0.9082343  0.00937252 0.00943697 0.01162923 0.011169   0.01324983 0.00974801 0.00844202]
 [0.00858697 0.00861816 0.915613   0.00861492 0.00867415 0.01076594 0.01024555 0.01216155 0.00896016 0.00775956]
 [0.0089164  0.0089488  0.9116567  0.00894543 0.00900693 0.01130366 0.01091037 0.01295064 0.00930383 0.00805733]
 [0.01258508 0.01263094 0.8831088  0.01262618 0.01271298 0.01377503 0.01292092 0.01513546 0.01313224 0.01137238]
 [0.01005136 0.01008791 0.90803814 0.01008411 0.01015345 0.01082363 0.00977609 0.01141435 0.01048849 0.00908244]
 [0.00722252 0.00724869 0.9272146  0.00724596 0.00729578 0.00957976 0.00916969 0.01096009 0.00753638 0.00652653]
 [0.00675547 0.00677994 0.9316184  0.00677738 0.00682398 0.00906781 0.00866225 0.0103612  0.00704903 0.00610446]
 [0.01056933 0.01060775 0.899198   0.01060376 0.01067666 0.01234236 0.01164903 0.01377347 0.01102876 0.00955087]
 [0.01082273 0.01086209 0.89723146 0.01085799 0.01093265 0.01250675 0.01179181 0.01392144 0.0112932  0.00977984]
 [0.01135112 0.0113924  0.89304537 0.01138812 0.01146641 0.01288163 0.01210221 0.01427086 0.01184458 0.01025731]
 [0.01103717 0.0110773  0.89581484 0.01107313 0.01114926 0.01258815 0.01182238 0.01394726 0.01151698 0.00997358]
 [0.01108713 0.01112745 0.8950321  0.01112325 0.01119973 0.01271499 0.01198248 0.01414507 0.0115691  0.01001877]
 [0.01104183 0.011082   0.8949142  0.01107782 0.01115398 0.01279699 0.0121243  0.01430931 0.01152178 0.00997789]
 [0.01131155 0.01135269 0.8939087  0.01134841 0.01142644 0.0127126  0.01189878 0.01401604 0.01180332 0.01022149]
 [0.0057331  0.00575385 0.9407432  0.00575169 0.00579123 0.00807436 0.00772035 0.00926954 0.00598222 0.00518062]
 [0.01088023 0.0109198  0.8976685  0.01091568 0.01099073 0.0123316  0.01152639 0.01358205 0.01135326 0.00983172]
 [0.01083689 0.01087628 0.897338   0.01087219 0.01094694 0.0124604  0.01172625 0.01384222 0.01130798 0.00979261]
 [0.00344926 0.00346168 0.9598477  0.00346038 0.00348417 0.00605502 0.0060725  0.00745337 0.003599   0.00311693]
 [0.0055792  0.00559939 0.9420921  0.00559728 0.00563576 0.00792475 0.00758879 0.00911963 0.00582162 0.00504155]
 [0.0111032  0.01114359 0.8947133  0.01113939 0.01121598 0.01277167 0.01205815 0.01423565 0.01158587 0.01003331]
 [0.01142728 0.01146885 0.89391714 0.01146453 0.01154336 0.01257623 0.01165868 0.0136938  0.01192415 0.010326  ]
 [0.01121188 0.01125269 0.8932481  0.01124845 0.01132579 0.01300031 0.0123396  0.0145422  0.01169923 0.01013157]
 [0.01134791 0.01138919 0.89368933 0.0113849  0.01146318 0.0127296  0.01189603 0.01400423 0.01184129 0.01025435]
 [0.00376326 0.00377683 0.9568351  0.0037754  0.00380136 0.00643161 0.00642564 0.00786343 0.00392667 0.00340068]
 [0.01603271 0.01609121 0.8576398  0.01608515 0.01619574 0.01571086 0.01432614 0.01670074 0.01673013 0.01448763]
 [0.00761298 0.00764059 0.9245768  0.00763772 0.00769023 0.00977042 0.00923422 0.01101384 0.00794387 0.00687935]
 [0.02005006 0.02012336 0.8281881  0.02011578 0.02025408 0.01781332 0.0159673  0.01844775 0.02092246 0.01811771]
 [0.00099908 0.00100265 0.98481005 0.00100228 0.00100917 0.00271329 0.0028637  0.0036546  0.00104241 0.00090284]
 [0.00130745 0.00131214 0.98162776 0.00131164 0.00132066 0.00317037 0.00327477 0.00412932 0.00136417 0.00118149]
 [0.00870355 0.00873516 0.9164113  0.00873187 0.00879191 0.01044902 0.00971724 0.01151331 0.00908195 0.00786475]
 [0.00095264 0.00095605 0.9853279  0.00095569 0.00096226 0.00263448 0.0027897  0.00356649 0.00099395 0.00086088]
 [0.00225733 0.00226545 0.97170365 0.0022646  0.00228017 0.00454111 0.00459633 0.0056961  0.00235531 0.00203985]
 [0.00877474 0.00880662 0.91238904 0.00880331 0.00886383 0.01129925 0.01096396 0.01301382 0.00915583 0.00792946]
 [0.00602745 0.00604925 0.9368878  0.00604697 0.00608855 0.00863331 0.00840045 0.01013011 0.00628931 0.00544665]
 [0.00700324 0.00702865 0.92791533 0.007026   0.00707431 0.00967626 0.00938388 0.01125615 0.00730747 0.00632855]
 [0.00924642 0.00928003 0.90828574 0.00927653 0.00934031 0.01172263 0.01136345 0.01348112 0.00964801 0.0083557 ]
 [0.00842931 0.00845994 0.917996   0.00845676 0.0085149  0.01041011 0.00975372 0.0115666  0.00879571 0.00761703]
 [0.00278917 0.00279921 0.96645546 0.00279816 0.0028174  0.00521914 0.00523891 0.00645201 0.00291025 0.00252044]
 [0.0035009  0.00351352 0.9593115  0.0035122  0.00353634 0.00613165 0.00614417 0.00753318 0.00365291 0.0031636 ]
 [0.00087957 0.00088271 0.9861822  0.00088238 0.00088845 0.00250299 0.00265844 0.00341067 0.00091771 0.00079485]
 [0.00098161 0.00098512 0.9852661  0.00098475 0.00099152 0.00262429 0.00275303 0.00350247 0.00102418 0.00088705]
 [0.0013036  0.00130827 0.98155487 0.00130778 0.00131677 0.00318545 0.00330997 0.00417503 0.00136015 0.00117802]
 [0.00071442 0.00071697 0.9886419  0.0007167  0.00072163 0.00209271 0.00219204 0.00281266 0.0007454  0.00064559]
 [0.00196604 0.00197311 0.975661   0.00197236 0.00198592 0.00392019 0.0038879  0.00480549 0.00205139 0.00177659]
 [0.00167828 0.0016843  0.97788846 0.00168366 0.00169524 0.0036807  0.00374174 0.00467979 0.00175111 0.00151658]
 [0.00148666 0.00149199 0.9796943  0.00149143 0.00150168 0.00344515 0.00354023 0.00445396 0.00155116 0.00134343]
 [0.0010083  0.0010119  0.9849391  0.00101152 0.00101847 0.00267675 0.00280156 0.0035691  0.00105203 0.00091116]
 [0.00157123 0.00157687 0.9794853  0.00157627 0.00158711 0.00342529 0.00343802 0.00428074 0.00163942 0.00141983]
 [0.00163672 0.0016426  0.97871107 0.00164198 0.00165327 0.0035402  0.00355663 0.00443085 0.00170776 0.00147902]
 [0.00127559 0.00128017 0.98279476 0.00127969 0.00128849 0.00295867 0.00294072 0.0036982  0.00133095 0.00115268]
 [0.00176389 0.00177022 0.9777695  0.00176956 0.00178172 0.00363029 0.00361001 0.00447055 0.00184045 0.00159391]
 [0.00134733 0.00135216 0.98138857 0.00135165 0.00136095 0.00318672 0.00327215 0.00411722 0.00140579 0.00121752]
 [0.00178284 0.00178925 0.97652984 0.00178857 0.00180087 0.00390927 0.00396579 0.00496216 0.00186021 0.0016111 ]
 [0.00850241 0.00853328 0.9159857  0.00853007 0.00858872 0.01084194 0.01020274 0.01225986 0.00887201 0.00768318]
 [0.00197816 0.00198528 0.9752889  0.00198453 0.00199817 0.00399327 0.00398965 0.00493035 0.00206403 0.00178755]
 [0.01337765 0.01342637 0.88071877 0.01342131 0.01351358 0.01335584 0.01207895 0.01405987 0.01395954 0.01208818]
 [0.00473291 0.00474998 0.9490972  0.00474819 0.00478084 0.00724494 0.00693379 0.00849675 0.0049385  0.00427681]
 [0.01310357 0.01315114 0.8853356  0.01314619 0.01323658 0.01256959 0.01106217 0.01288135 0.01367362 0.01184015]
 [0.00138048 0.00138542 0.9801773  0.0013849  0.00139442 0.00340873 0.00360664 0.00457435 0.00144036 0.0012475 ]
 [0.00251402 0.00252308 0.97102493 0.00252212 0.00253946 0.00445795 0.00428319 0.00524035 0.00262321 0.00227173]
 [0.00494119 0.004959   0.94736046 0.00495714 0.00499122 0.00740527 0.00709315 0.00867177 0.00515581 0.00446499]
 [0.00228947 0.00229771 0.9716342  0.00229684 0.00231263 0.00452747 0.00455436 0.00562961 0.00238885 0.00206888]
 [0.00154228 0.0015478  0.97845465 0.00154722 0.00155786 0.00366571 0.00383685 0.0048447  0.00160918 0.00139371]
 [0.00583785 0.00585892 0.939636   0.00585671 0.00589698 0.0082369  0.00780858 0.00950134 0.00609147 0.00527522]
 [0.00098658 0.00099011 0.9844715  0.00098973 0.00099654 0.00278546 0.00299962 0.00385958 0.00102936 0.00089156]
 [0.00583976 0.00586086 0.94257486 0.00585865 0.00589893 0.00753104 0.00684685 0.00821859 0.00609363 0.00527675]
 [0.00135628 0.00136113 0.9800525  0.00136061 0.00136997 0.00344792 0.00369765 0.00471335 0.00141509 0.00122564]
 [0.00620089 0.00622331 0.9375858  0.00622096 0.00626373 0.00826943 0.00779582 0.00936644 0.00647038 0.00560322]
 [0.00568444 0.00570497 0.9414809  0.00570282 0.00574203 0.0079349  0.00756069 0.00912124 0.00593144 0.00513658]
 [0.00122331 0.00122769 0.9817557  0.00122722 0.00123566 0.00319129 0.00340941 0.00434787 0.00127636 0.00110548]
 [0.00428453 0.00429996 0.95114523 0.00429834 0.00432789 0.00720256 0.00719371 0.00890543 0.00447059 0.00387174]
 [0.00155981 0.0015654  0.9804292  0.00156482 0.00157557 0.00322987 0.0031372  0.00390099 0.00162753 0.00140947]
 [0.00103592 0.00103962 0.98495007 0.00103923 0.00104637 0.00265241 0.00273435 0.00348505 0.00108086 0.00093611]
 [0.01075319 0.01079229 0.9040435  0.01078823 0.0108624  0.01091548 0.00967133 0.01123614 0.01122096 0.00971643]
 [0.0050825  0.00510087 0.9491031  0.00509895 0.00513401 0.00682543 0.00627419 0.00748506 0.00530343 0.00459253]
 [0.00099496 0.00099851 0.9849571  0.00099813 0.001005   0.00267495 0.00281438 0.0036198  0.00103811 0.0008991 ]
 [0.01176673 0.01180955 0.8961463  0.0118051  0.01188627 0.01158291 0.01023838 0.01185374 0.01227864 0.01063227]
 [0.00111076 0.00111472 0.983633   0.0011143  0.00112196 0.00287462 0.0030092  0.00385882 0.00115894 0.00100374]
 [0.00290151 0.00291195 0.96769685 0.00291085 0.00293087 0.00482174 0.00458813 0.0055885  0.00302756 0.00262182]
 [0.00166292 0.00166889 0.9792581  0.00166826 0.00167973 0.00339972 0.0033124  0.00411225 0.00173512 0.00150266]
 [0.00068793 0.00069038 0.98866695 0.00069012 0.00069486 0.00209717 0.00223888 0.00289412 0.00071775 0.00062166]
 [0.00108314 0.00108701 0.9843977  0.0010866  0.00109407 0.00273504 0.00281612 0.00359136 0.00113013 0.00097878]
 [0.00075831 0.00076102 0.9879919  0.00076073 0.00076596 0.00220173 0.00231089 0.0029729  0.0007912  0.00068526]
 [0.00103084 0.00103451 0.9847972  0.00103413 0.00104124 0.00268428 0.00279266 0.00357802 0.00107555 0.00093151]
 [0.00310089 0.00311206 0.9658494  0.00311088 0.00313227 0.00504718 0.00478896 0.00582072 0.00323561 0.00280199]
 [0.00838915 0.0084196  0.92313784 0.00841643 0.0084743  0.00917334 0.00813495 0.00952002 0.00875406 0.00758028]
 [0.00229244 0.00230069 0.9733953  0.00229982 0.00231564 0.00413202 0.00395367 0.00484695 0.00239202 0.00207147]
 [0.00308396 0.00309504 0.96208096 0.00309388 0.00311515 0.00590216 0.00607073 0.00755351 0.00321775 0.00278691]
 [0.00162465 0.00163048 0.97844315 0.00162986 0.00164107 0.00360464 0.0036688  0.00459407 0.00169515 0.00146812]
 [0.00173304 0.00173927 0.9776953  0.00173862 0.00175057 0.00368206 0.00369919 0.0045876  0.00180826 0.00156606]
 [0.0013399  0.0013447  0.98044705 0.0013442  0.00135344 0.00338801 0.00360334 0.00457056 0.00139801 0.00121084]
 [0.00163546 0.00164132 0.9783315  0.00164071 0.00165199 0.00362006 0.00368324 0.00461125 0.00170643 0.00147788]
 [0.00137708 0.00138201 0.9801414  0.00138149 0.00139099 0.00342381 0.00362362 0.00459816 0.00143681 0.00124443]
 [0.00172254 0.00172872 0.97735745 0.00172807 0.00173995 0.00376515 0.00382211 0.00478215 0.00179729 0.00155658]
 [0.0013478  0.00135262 0.9803551  0.00135211 0.00136141 0.00340198 0.00361372 0.00459087 0.00140625 0.00121798]
 [0.00114706 0.00115116 0.98294514 0.00115073 0.00115864 0.00300007 0.00317199 0.00404201 0.0011968  0.00103656]
 [0.00116918 0.00117336 0.98297036 0.00117292 0.00118099 0.00297887 0.00311747 0.00396026 0.0012199  0.00105655]
 [0.00135794 0.0013628  0.9808076  0.00136229 0.00137165 0.00330436 0.00344149 0.00434805 0.00141684 0.00122712]
 [0.00167995 0.00168598 0.97791296 0.00168534 0.00169693 0.00367406 0.00372922 0.00466469 0.00175286 0.00151809]
 [0.00091376 0.00091702 0.9857526  0.00091668 0.00092298 0.0025696  0.00272911 0.00349911 0.00095338 0.00082574]
 [0.00143358 0.00143872 0.9795942  0.00143818 0.00144807 0.00350484 0.00369219 0.0046588  0.00149576 0.00129549]
 [0.00091563 0.0009189  0.9857593  0.00091856 0.00092487 0.00256866 0.00272158 0.0034896  0.00095534 0.00082743]
 [0.00154132 0.00154685 0.97926474 0.00154627 0.0015569  0.00349944 0.00357106 0.00447228 0.0016082  0.00139283]
 [0.00097764 0.00098113 0.9849112  0.00098076 0.00098751 0.00270232 0.00287498 0.00368086 0.00102003 0.00088347]
 [0.00839665 0.00842707 0.9161807  0.0084239  0.00848182 0.01083665 0.0104053  0.01249871 0.00876159 0.00758756]
 [0.00086561 0.0008687  0.9863601  0.00086837 0.00087434 0.00247409 0.00262791 0.00337549 0.00090314 0.00078223]
 [0.00119195 0.00119622 0.9826839  0.00119577 0.00120399 0.00302404 0.00316527 0.00401808 0.00124366 0.00107713]
 [0.00118491 0.00118915 0.9828243  0.00118871 0.00119688 0.00299964 0.00313303 0.0039762  0.00123631 0.00107076]
 [0.00087213 0.00087524 0.9862564  0.00087491 0.00088093 0.00248931 0.00265044 0.00340251 0.00090995 0.00078812]
 [0.00177177 0.00177812 0.9756585  0.00177745 0.00178967 0.00407444 0.00429031 0.00541004 0.00184863 0.0016011 ]
 [0.00600897 0.00603069 0.93611354 0.00602841 0.00606986 0.00882042 0.00869527 0.01053272 0.00627001 0.00542999]
 [0.00140242 0.00140744 0.97964805 0.00140691 0.00141658 0.00351011 0.00373637 0.00474155 0.00146324 0.00126733]
 [0.00127203 0.00127658 0.98142785 0.0012761  0.00128488 0.00323015 0.00341604 0.00433978 0.0013272  0.0011495 ]
 [0.00101295 0.00101657 0.9845346  0.00101618 0.00102317 0.00275716 0.00292611 0.00374101 0.00105687 0.00091537]
 [0.00121985 0.00122421 0.9819838  0.00122375 0.00123216 0.00315011 0.00334072 0.00425035 0.00127275 0.00110234]
 [0.00402732 0.00404184 0.95440555 0.00404031 0.00406809 0.00671992 0.00667651 0.00817883 0.00420223 0.00363927]
 [0.00107035 0.00107418 0.9838817  0.00107377 0.00108116 0.0028555  0.00302247 0.00385677 0.00111677 0.00096724]
 [0.00129231 0.00129693 0.9812057  0.00129644 0.00130536 0.00326234 0.00344734 0.00437732 0.00134836 0.00116782]
 [0.00103497 0.00103866 0.9841983  0.00103827 0.00104541 0.00281199 0.00299151 0.00382601 0.00107985 0.00093527]
 [0.00593612 0.00595761 0.9392659  0.00595536 0.00599631 0.00819483 0.00779382 0.00934204 0.00619408 0.00536405]
 [0.00434122 0.0043569  0.95224154 0.00435526 0.0043852  0.00689395 0.00675671 0.00821654 0.00452977 0.00392292]
 [0.01105945 0.01109967 0.8950762  0.01109549 0.01117178 0.01273675 0.01202847 0.01419828 0.01154018 0.00999377]
 [0.00417214 0.00418721 0.9533896  0.00418563 0.00421441 0.00681764 0.00672252 0.00818731 0.00435333 0.00377016]
 [0.00299962 0.00301043 0.9643774  0.0030093  0.00302998 0.00548771 0.00548949 0.00675571 0.00312985 0.00271062]
 [0.0027789  0.0027889  0.9662261  0.00278785 0.00280702 0.00527766 0.00533044 0.00659226 0.00289953 0.00251117]
 [0.00377082 0.00378442 0.95708716 0.003783   0.00380901 0.00637213 0.00631972 0.00773159 0.00393457 0.0034075 ]
 [0.00369938 0.00371272 0.9576863  0.00371132 0.00373684 0.0063065  0.00626827 0.00767581 0.00386002 0.00334295]
 [0.00290563 0.0029161  0.96501666 0.002915   0.00293504 0.00543251 0.00547659 0.00674523 0.00303175 0.0026257 ]
 [0.00189463 0.00190143 0.9748459  0.00190071 0.00191378 0.00416119 0.0043028  0.0053907  0.00197683 0.00171211]
 [0.0024032  0.00241185 0.9700114  0.00241094 0.00242751 0.00478648 0.00485289 0.0060164  0.0025075  0.00217168]
 [0.0036542  0.00366737 0.9581752  0.00366599 0.0036912  0.00623411 0.00620192 0.00759509 0.00381286 0.00330212]
 [0.00337945 0.00339163 0.9608575  0.00339035 0.00341366 0.00590961 0.00587509 0.00720271 0.00352618 0.00305384]
 [0.00592406 0.00594551 0.93944985 0.00594327 0.00598413 0.00816006 0.0077627  0.00929581 0.00618149 0.00535315]
 [0.0110214  0.01106149 0.89693576 0.01105731 0.01113334 0.01233377 0.01148904 0.01350805 0.01150058 0.00995925]
 [0.00288107 0.00289144 0.9649828  0.00289035 0.00291023 0.0054614  0.00553647 0.00683653 0.00300612 0.00260352]
 [0.00132083 0.00132556 0.98132414 0.00132506 0.00133417 0.00321979 0.00334603 0.00423261 0.00137813 0.00119358]
 [0.00581274 0.0058338  0.9409639  0.0058316  0.00587169 0.00793231 0.00749615 0.00893974 0.00606534 0.00525253]
 [0.00797236 0.00800137 0.92240685 0.00799836 0.00805335 0.00986523 0.00928945 0.01089005 0.0083189  0.00720406]
 [0.02406933 0.02415742 0.7957286  0.02414832 0.02431435 0.02055983 0.01870054 0.02145517 0.02511657 0.02174975]
 [0.00139376 0.00139875 0.98051447 0.00139822 0.00140783 0.00333791 0.0034627  0.0043727  0.00145422 0.00125948]
 [0.02431405 0.02440312 0.79552907 0.02439392 0.02456164 0.02029769 0.01826296 0.02089475 0.02537197 0.02197082]
 [0.0125064  0.01255203 0.8821871  0.01254729 0.01263356 0.014069   0.01344739 0.01570573 0.01304996 0.01130148]
 [0.00138786 0.00139284 0.98041725 0.00139231 0.00140188 0.00336427 0.00350805 0.00443329 0.00144807 0.00125417]
 [0.00132077 0.0013255  0.9812832  0.001325   0.00133411 0.00322914 0.00335993 0.00425058 0.00137807 0.00119353]
 [0.00137519 0.00138011 0.9807436  0.00137959 0.00138908 0.00330299 0.00342533 0.00432666 0.00143485 0.0012427 ]
 [0.0110315  0.01107165 0.89868754 0.01106748 0.01114357 0.01190242 0.01088407 0.01273235 0.0115112  0.00996826]
 [0.00138681 0.00139178 0.98044866 0.00139125 0.00140082 0.0033575  0.00349972 0.00442347 0.00144697 0.00125321]
 [0.00139176 0.00139675 0.9804792  0.00139622 0.00140582 0.00334728 0.00347884 0.00439434 0.00145214 0.00125769]
 [0.01565072 0.01570786 0.85704356 0.01570194 0.0158099  0.01627111 0.01541004 0.01793095 0.01633106 0.01414283]
 [0.00135349 0.00135834 0.9809818  0.00135783 0.00136717 0.00326842 0.00339141 0.00428614 0.00141221 0.0012231 ]
 [0.00666695 0.00669118 0.9318309  0.00668866 0.00673465 0.00912486 0.00882075 0.01046088 0.0069566  0.00602461]]
        Validation Criterion: 0.09367390
        Saving best model so far ...
22:08:20      Epoch:   0      Batch:   0      OuterStep:  20      LossModel: 0.70469445     LossTerm2: 0.00000000     LossGates: 0.00000000      Time/Step(s): 29.7090Contributing envs to the losses:  [118  65  72  86  76  93  84  92  90  27 141  69  81  87 126  68  95  88  26 120  23 129  80  66  74  18]
Gate kernel values:  [[-0.01775533 -0.01840491 -0.03614568  0.04434618 -0.03015595 -0.05018857  0.03633591  0.02439942  0.01923394 -0.02074197  0.00823996  0.04593503 -0.01400621  0.04541874  0.04422222  0.02550224  0.01194382 -0.02322438 -0.02158728  0.05244438  0.01814374 -0.0376115  -0.04399073  0.04085559 -0.01453401  0.03362798  0.03594813 -0.02750814 -0.0344848  -0.01941562  0.02747248  0.037509   -0.01711526  0.04053024  0.03029801 -0.01683947  0.03290572 -0.02618549 -0.00885485 -0.01158369]
 [-0.02075702 -0.0219385  -0.04007133  0.04726709 -0.03298103 -0.05327735  0.03906524  0.0276881   0.02286223 -0.02382714  0.01338777  0.04941043 -0.01905596  0.04817628  0.04706142  0.02460712  0.0152171  -0.0273303  -0.02259992  0.05556869  0.02149128 -0.04056722 -0.04701834  0.04376082 -0.01502992  0.03758695  0.03895919 -0.03054966 -0.03453906 -0.01879824  0.032369    0.04050759 -0.02129968  0.04330815  0.03336696 -0.0199609   0.03694858 -0.02921903 -0.01277286 -0.01497486]
 [ 0.00017638  0.00306042  0.02567799 -0.03238914  0.01490995  0.03872719 -0.02079175 -0.00985568 -0.00529053  0.00503454  0.00315557 -0.0347277   0.00075863 -0.03053944 -0.02916455 -0.02320928  0.0063293   0.01171396  0.02141861 -0.04143164 -0.00302746  0.02165956  0.0323776  -0.02598202  0.01586035 -0.02300614 -0.02263468  0.01103638  0.03481626  0.01591925 -0.01728115 -0.02413563  0.0049517  -0.02575964 -0.01646134  0.00027934 -0.0215923   0.01022029 -0.00591114 -0.00623603]
 [-0.02000754 -0.02113794 -0.03940044  0.04661697 -0.03232452 -0.052676    0.03838308  0.02693165  0.02206164 -0.02310079  0.01251613  0.04879515 -0.01813524  0.04752381  0.04638377  0.02456329  0.0144158  -0.02646563 -0.02231339  0.05497847  0.02069077 -0.03981693 -0.046363    0.04302708 -0.01487625  0.0368025   0.03832125 -0.0298339  -0.03443507 -0.01873873  0.03141946  0.03987224 -0.02043559  0.04267082  0.03267276 -0.01916032  0.03619086 -0.02847063 -0.01212457 -0.01422001]
 [-0.01983537 -0.0210964  -0.03924002  0.046526   -0.03222595 -0.05267939  0.03843611  0.02685257  0.02189242 -0.0229304   0.01169448  0.04876478 -0.01785154  0.04752867  0.04642544  0.02482954  0.01426007 -0.02629667 -0.02282887  0.05497891  0.02072474 -0.03988772 -0.04633147  0.04311899 -0.01549543  0.03662154  0.03827141 -0.02972984 -0.03473458 -0.01899335  0.03138013  0.03982634 -0.02026516  0.04260221  0.03256999 -0.01909146  0.0359886  -0.02846407 -0.01163053 -0.01404369]
 [-0.00636872 -0.01028202 -0.03548313  0.04203282 -0.02269104 -0.05042138  0.0225015   0.01973871  0.01467112 -0.01403274 -0.00975924  0.04621273  0.00432805  0.03235603  0.03100726  0.02770833 -0.00093781 -0.01868212 -0.01890105  0.0532603   0.01075416 -0.01785405 -0.04140617  0.02146622 -0.01454757  0.03145499  0.03018797 -0.01707986 -0.03596365 -0.01698271  0.02103708  0.03104911 -0.01385491  0.03019987  0.02490421 -0.00637925  0.0304813  -0.01532178 -0.00042197  0.00080401]
 [-0.01385538 -0.01621198 -0.0322005   0.04262868 -0.02718973 -0.05054919  0.03092383  0.02227775  0.01691764 -0.01816105  0.00176198  0.04575374 -0.00475399  0.04065986  0.03981677  0.03469254  0.00880043 -0.01820603 -0.02474511  0.05338816  0.01580952 -0.03690214 -0.0422409   0.04171843 -0.01882011  0.02959896  0.03397606 -0.02344597 -0.03866376 -0.02609285  0.01881043  0.03513493 -0.01476701  0.0362158   0.02792299 -0.01323355  0.02803754 -0.02198752 -0.00581384 -0.00880824]
 [ 0.00481527  0.00297089 -0.00808709  0.02176133 -0.00870671 -0.02972339  0.01424847  0.0027669  -0.00481431  0.00160761 -0.00977162  0.0238061   0.018786    0.02150602  0.02009013  0.02904489 -0.01152372  0.00587369 -0.01818308  0.03256887 -0.00252634 -0.01916527 -0.02173543  0.02683593 -0.01424057  0.00594933  0.0148162  -0.00543705 -0.03029047 -0.02179521 -0.00352578  0.01632917  0.00996758  0.01770937  0.00863095  0.00479084  0.0043469  -0.00515389  0.02036292  0.01311499]
 [-0.00675727 -0.00896214 -0.02100296  0.03138668 -0.01798036 -0.03629402  0.02944091  0.01359883  0.00709932 -0.00863964 -0.00856483  0.03153999 -0.0058556   0.03357797  0.03248604  0.03175639  0.00090964 -0.01177711 -0.02456621  0.03821432  0.01078057 -0.0277817  -0.03149157  0.03131036 -0.01976162  0.02066091  0.02330797 -0.0159962  -0.03894974 -0.02708487  0.01978881  0.0249025  -0.00507196  0.02811161  0.01792967 -0.00902558  0.01929353 -0.01833207  0.00396163  0.00089548]
 [-0.02128283 -0.02259976 -0.04111074  0.04787556 -0.03348595 -0.05392748  0.03946795  0.02832484  0.0236428  -0.02440987  0.01461126  0.05018999 -0.0201242   0.0486544   0.0475371   0.02428649  0.01583565 -0.02829763 -0.02265658  0.05622105  0.02206922 -0.04098202 -0.047646    0.04415674 -0.01492056  0.03851692  0.0395308  -0.03110656 -0.0345328  -0.01849487  0.0336947   0.04107748 -0.02226221  0.04380932  0.03397137 -0.02048378  0.03795381 -0.02972259 -0.01373961 -0.01566234]]
Gate values for each environment (all envs): 
 [[0.09144887 0.145479   0.01194179 0.13220033 0.12981975 0.2221965  0.10133428 0.00749549 0.01350622 0.14457771]
 [0.09384762 0.13349517 0.03115095 0.1235857  0.12226259 0.2110194  0.12148635 0.01541369 0.01899426 0.12874418]
 [0.02437684 0.02765365 0.7632979  0.02706381 0.02690146 0.03870446 0.03725286 0.01950606 0.00971014 0.02553277]
 [0.06227734 0.07552197 0.38342163 0.07271522 0.07221036 0.1183581  0.09361733 0.03125638 0.01998002 0.0706417 ]
 [0.05768678 0.07069986 0.4491945  0.06790305 0.06710891 0.09580997 0.08158336 0.02697136 0.01677005 0.06627224]
 [0.01972249 0.02198209 0.80702543 0.02157085 0.02145346 0.03083339 0.03118737 0.01770721 0.00832366 0.02019408]
 [0.09069845 0.14376287 0.01036034 0.13078497 0.12861875 0.22987042 0.10185809 0.00759152 0.01364078 0.14281374]
 [0.00577595 0.00593515 0.9408276  0.00593898 0.00592597 0.00815616 0.00975102 0.00916222 0.00316003 0.00536701]
 [0.00900955 0.00938289 0.90816396 0.00935323 0.00933435 0.01339208 0.01526655 0.01288856 0.0047071  0.00850183]
 [0.00266646 0.00268169 0.97294396 0.00269021 0.0026816  0.00320506 0.00437829 0.00479514 0.00154879 0.00240886]
 [0.00912966 0.00971369 0.9102959  0.00963787 0.009576   0.01273679 0.01461259 0.01125572 0.00420002 0.00884181]
 [0.00584959 0.00609968 0.9420333  0.00606612 0.00604603 0.00764224 0.0094936  0.00823952 0.00301386 0.00551574]
 [0.0901779  0.14147374 0.00737032 0.12838446 0.12659886 0.23770343 0.10724147 0.00773898 0.01376128 0.1395496 ]
 [0.09003913 0.14468512 0.00870418 0.1311964  0.12894846 0.23246332 0.09994236 0.00685223 0.01303017 0.1441387 ]
 [0.09369902 0.13807191 0.02295544 0.12731223 0.12546748 0.21271436 0.11569455 0.01266488 0.01678449 0.13463567]
 [0.03795587 0.04379361 0.6317446  0.04262974 0.04231449 0.06295551 0.05801035 0.02666032 0.01341408 0.04052134]
 [0.09189864 0.13063884 0.02272634 0.12122581 0.12011458 0.23136163 0.12206186 0.015311   0.01843374 0.12622754]
 [0.09137737 0.13433227 0.01370926 0.12372804 0.1224418  0.23744126 0.11743511 0.01215061 0.01665419 0.13073002]
 [0.09199198 0.12951514 0.02741653 0.12047279 0.11934715 0.22824724 0.12296365 0.01636592 0.01877027 0.12490942]
 [0.09045356 0.13357063 0.01134772 0.12296423 0.121674   0.24539247 0.11668596 0.01163389 0.01609205 0.13018556]
 [0.09157927 0.13118926 0.01942083 0.12154052 0.12039969 0.23528892 0.12121449 0.01447788 0.01790858 0.12698059]
 [0.0926192  0.13378762 0.01946104 0.1236155  0.12240824 0.22644499 0.12019258 0.01389493 0.01796749 0.12960847]
 [0.09018951 0.13494481 0.0097308  0.12389217 0.12250662 0.24629712 0.11443952 0.01063667 0.01543956 0.13192314]
 [0.09025893 0.13314147 0.01311836 0.12275611 0.12150853 0.24474059 0.11599136 0.01190082 0.01664305 0.12994088]
 [0.09036364 0.1352768  0.01037426 0.1242225  0.12276454 0.24465741 0.11403575 0.01064272 0.01535586 0.13230656]
 [0.09114939 0.133133   0.01409448 0.12284537 0.12159566 0.23996247 0.11833769 0.01265518 0.01679227 0.12943453]
 [0.08860733 0.11531048 0.09010603 0.10915638 0.10862858 0.19813825 0.12859662 0.02742776 0.02460991 0.10941873]
 [0.09081814 0.12858744 0.0252392  0.11965947 0.11866128 0.2364439  0.12134989 0.01580176 0.01901788 0.12442107]
 [0.09242411 0.12712933 0.04105622 0.11881732 0.11780474 0.21568215 0.12555197 0.01931833 0.02028111 0.12193479]
 [0.08987551 0.13771553 0.00804373 0.12585978 0.12420238 0.24573416 0.10986118 0.00906513 0.01422223 0.13542035]
 [0.09133321 0.13625987 0.01319668 0.12496598 0.12358426 0.2347824  0.11587143 0.01097784 0.01615664 0.13287166]
 [0.09069356 0.13478611 0.01162196 0.12393982 0.12252968 0.2426511  0.11523058 0.01119869 0.01576602 0.13158248]
 [0.04019251 0.04472431 0.6017602  0.04380525 0.04360937 0.06778588 0.066025   0.035341   0.01576786 0.04098865]
 [0.05424862 0.0651483  0.47864392 0.06278557 0.06211397 0.09273084 0.07912592 0.02822238 0.01624163 0.06073889]
 [0.03620352 0.04027386 0.6390286  0.03951955 0.03945936 0.06312937 0.05839061 0.03232085 0.01471723 0.03695707]
 [0.05591333 0.06795163 0.46493277 0.0653386  0.06463826 0.09479287 0.07944118 0.02699243 0.01646466 0.06353433]
 [0.04050768 0.04246536 0.55653805 0.04219707 0.04254287 0.08453818 0.07639945 0.05409452 0.02221516 0.03850165]
 [0.02639353 0.02741704 0.71646255 0.0273113  0.02746494 0.04946166 0.04843331 0.03767481 0.01456593 0.02481489]
 [0.04979211 0.05780283 0.5128717  0.0561466  0.05576345 0.08815561 0.07627529 0.03267861 0.0169676  0.05354619]
 [0.04761617 0.05065437 0.47920367 0.05019274 0.05060167 0.10355759 0.08913478 0.0577681  0.0251772  0.04609373]
 [0.01514042 0.01581062 0.84377426 0.01573255 0.01574741 0.02421568 0.0262625  0.02100857 0.00798794 0.01432007]
 [0.04596557 0.05199911 0.54367816 0.05062485 0.05067183 0.08135068 0.07319865 0.03543665 0.0193381  0.04773636]
 [0.04649893 0.05347359 0.54495037 0.05208104 0.05185136 0.08016888 0.07160116 0.03278193 0.01716184 0.049431  ]
 [0.0322132  0.03452051 0.66924983 0.03400701 0.03413516 0.05680215 0.05576711 0.03609721 0.01588432 0.03132349]
 [0.0284656  0.03115827 0.7180872  0.03056767 0.03059007 0.04607561 0.0460293  0.02753175 0.01308628 0.02840812]
 [0.05397687 0.0632451  0.4709461  0.0612437  0.06085381 0.09763736 0.08237287 0.03299949 0.0180828  0.05864182]
 [0.01668098 0.01714447 0.8245653  0.01711098 0.0171539  0.0274714  0.02986987 0.02552957 0.00900513 0.01546839]
 [0.02997689 0.03273756 0.7013489  0.0322361  0.0321316  0.04903001 0.04951581 0.03032296 0.01277884 0.02992128]
 [0.00555481 0.00523097 0.9336399  0.00532677 0.00537663 0.00918102 0.01116736 0.01564689 0.00423776 0.00463779]
 [0.00125914 0.00113482 0.98408866 0.001168   0.00117708 0.00170826 0.00249648 0.00487489 0.00109499 0.00099748]
 [0.00067524 0.00058965 0.9909334  0.00061052 0.00061515 0.00084301 0.00137084 0.00321883 0.00062925 0.00051412]
 [0.00061194 0.0005262  0.9912851  0.00054776 0.00055323 0.00084081 0.00128841 0.00327058 0.00061768 0.00045839]
 [0.00080121 0.00074122 0.9906416  0.00075964 0.00076077 0.00095245 0.00144905 0.00263033 0.00060793 0.00065586]
 [0.00160659 0.00148437 0.98086596 0.0015193  0.001527   0.00213618 0.00306267 0.00524129 0.00124565 0.001311  ]
 [0.0024761  0.00230466 0.97061837 0.00235376 0.00236855 0.00351842 0.00480016 0.00762876 0.00189345 0.00203783]
 [0.00208712 0.001915   0.97424    0.00196289 0.00197846 0.00309394 0.00417689 0.00714142 0.00171468 0.00168962]
 [0.00066391 0.00060129 0.99181706 0.0006189  0.00062097 0.00083356 0.00125847 0.00250632 0.00054962 0.00052975]
 [0.00051518 0.00045948 0.99345076 0.00047451 0.00047619 0.00063072 0.00099    0.0021563  0.00044329 0.00040346]
 [0.00030048 0.00026223 0.99597293 0.00027229 0.00027319 0.00035648 0.00058786 0.0014739  0.00027155 0.00022923]
 [0.00128308 0.00120819 0.9853768  0.00123351 0.00123587 0.00162145 0.00230609 0.00372946 0.00093218 0.00107346]
 [0.00096806 0.00086958 0.98773974 0.00089584 0.00090184 0.00127166 0.00190319 0.00384482 0.00084132 0.00076394]
 [0.00441043 0.00413707 0.9475226  0.00420898 0.00424144 0.00701303 0.00887937 0.01266952 0.00325985 0.00365766]
 [0.01345603 0.01352048 0.8552465  0.01354847 0.01360834 0.02210171 0.02474879 0.02396076 0.00768612 0.01212271]
 [0.00096457 0.00089616 0.9888095  0.00091706 0.0009187  0.00116664 0.00175073 0.00306018 0.00072316 0.00079333]
 [0.01643025 0.01781324 0.8397735  0.01760877 0.01751924 0.0245559  0.02554288 0.01748214 0.00698313 0.01629113]
 [0.08822181 0.11924952 0.04067303 0.11213686 0.11147393 0.24378853 0.127452   0.02075573 0.02185964 0.11438903]
 [0.08950044 0.12762368 0.08199818 0.11902425 0.11708906 0.1977426  0.11065191 0.01518101 0.01708651 0.1241024 ]
 [0.00050858 0.00042535 0.992336   0.00044349 0.00044837 0.00063349 0.00111265 0.00318229 0.0005432  0.00036658]
 [0.08542873 0.12803747 0.01325705 0.11776676 0.11702608 0.27327415 0.11255925 0.01009495 0.01694175 0.1256138 ]
 [0.08462682 0.12481295 0.00733111 0.11503644 0.11477967 0.28711048 0.11606351 0.01084249 0.01759048 0.1218061 ]
 [0.03107165 0.03242405 0.66574687 0.03222574 0.03243287 0.06011627 0.05718235 0.04280952 0.01664571 0.02934485]
 [0.00136646 0.00122208 0.98257387 0.00125681 0.00126692 0.00182913 0.00276899 0.00544934 0.00119678 0.00106974]
 [0.08725257 0.11997237 0.01907977 0.11234166 0.11191978 0.26813892 0.12736696 0.01820887 0.02028832 0.11543077]
 [0.00028652 0.00022827 0.9949418  0.00024055 0.00024388 0.00034693 0.00066576 0.00249788 0.00035397 0.00019465]
 [0.0843372  0.12973309 0.00707102 0.11890096 0.11757357 0.28415227 0.10740419 0.00835312 0.0141558  0.12831892]
 [0.00025816 0.00020468 0.9953666  0.00021597 0.00021894 0.00030814 0.00059921 0.00233166 0.00032224 0.00017441]
 [0.08921953 0.11993387 0.07519253 0.11307641 0.11195902 0.21065623 0.12234241 0.02205706 0.02055173 0.11501125]
 [0.06630003 0.07902467 0.34073755 0.07647383 0.07603902 0.12879004 0.1002253  0.03708979 0.02154115 0.07377876]
 [0.00052298 0.00043655 0.99204576 0.00045545 0.00046074 0.00065959 0.00115238 0.00332557 0.00056493 0.00037612]
 [0.06534594 0.07511134 0.32924932 0.07304552 0.07299984 0.13485643 0.10965501 0.04587728 0.02450193 0.06935747]
 [0.08404662 0.10749901 0.07663462 0.10260375 0.10272532 0.24035275 0.1281511  0.02994985 0.02588367 0.10215336]
 [0.08314749 0.10096232 0.06198153 0.09717583 0.09799166 0.2489122  0.14293995 0.0415345  0.03078988 0.09456458]
 [0.08382033 0.14567217 0.00201246 0.12985587 0.12747543 0.26117003 0.08899978 0.00372788 0.00963532 0.14763068]
 [0.08506257 0.14050812 0.0039651  0.12674376 0.1247105  0.26460972 0.09649225 0.0053297  0.01154656 0.14103171]
 [0.08215921 0.0981627  0.06328639 0.0946892  0.0957175  0.2499659  0.14661625 0.0452688  0.03264117 0.09149293]
 [0.08827394 0.14816995 0.00516408 0.13319561 0.13048653 0.23671022 0.0930361  0.00502592 0.01081608 0.14912146]
 [0.08334082 0.10178138 0.05620704 0.09769123 0.09860422 0.2518348  0.14475548 0.03943248 0.03104856 0.09530391]
 [0.08742946 0.1167371  0.04838876 0.1102622  0.11001892 0.24333912 0.12597679 0.02316727 0.02283604 0.11184438]
 [0.08582784 0.11407925 0.04243963 0.10792472 0.10791206 0.2587341  0.1266909  0.02351967 0.02358393 0.10928787]
 [0.04320326 0.04555478 0.5163799  0.0452766  0.04575526 0.0980386  0.08254206 0.05718524 0.02464126 0.04142299]
 [0.08330057 0.1019642  0.06382135 0.09797716 0.09869524 0.24761301 0.14158615 0.03927286 0.03009083 0.09567862]
 [0.01784407 0.01799477 0.7985406  0.01810036 0.01825259 0.03547862 0.03410234 0.03212117 0.01132391 0.01624161]
 [0.08311572 0.10185163 0.04759076 0.09777242 0.09870668 0.26183203 0.14429763 0.03874496 0.03056693 0.09552123]
 [0.08693772 0.119345   0.02231183 0.11200463 0.1118899  0.26716384 0.12505215 0.01901561 0.02130162 0.11497771]
 [0.08235107 0.13842463 0.00230458 0.1243079  0.1226598  0.28097966 0.09424699 0.00455619 0.01086433 0.13930489]
 [0.08607151 0.11878569 0.02401075 0.11144317 0.11119575 0.2719204  0.12314574 0.01816717 0.0205604  0.11469938]
 [0.01248007 0.01209768 0.85722005 0.01220754 0.01235168 0.0212155  0.02444725 0.02849883 0.00872923 0.01075204]
 [0.0230954  0.02423524 0.7545474  0.02412065 0.0242202  0.04279297 0.0412511  0.03129684 0.01242382 0.02201622]
 [0.0016133  0.00153055 0.9817682  0.00155884 0.00156142 0.00212599 0.00292626 0.00441407 0.00114027 0.00136141]
 [0.00691386 0.00659181 0.92076355 0.00666402 0.00671907 0.0104659  0.01363734 0.01742795 0.00498424 0.00583222]
 [0.02273011 0.02384077 0.75854415 0.02373065 0.02382713 0.04196519 0.04057413 0.03089864 0.01223371 0.02165551]
 [0.01169866 0.01128407 0.8657279  0.01139476 0.01150223 0.01958204 0.02336062 0.02736706 0.00806128 0.01002156]
 [0.02014258 0.02105609 0.78577703 0.02098932 0.02108151 0.03674014 0.03575996 0.02816471 0.01116362 0.01912504]
 [0.01143944 0.0110311  0.8690311  0.01113804 0.01123974 0.01894507 0.02282098 0.02666716 0.00789355 0.00979385]
 [0.01106096 0.01067337 0.8723978  0.01079084 0.0108917  0.01891375 0.02207474 0.02600117 0.00770238 0.00949335]
 [0.01664217 0.01669859 0.8152611  0.01676844 0.01689448 0.03019343 0.03176213 0.03042874 0.0103453  0.0150056 ]
 [0.00604584 0.00580506 0.93125045 0.00587728 0.00591227 0.0094066  0.01165006 0.01470373 0.00418796 0.00516062]
 [0.02027816 0.02102162 0.7828278  0.02097686 0.02107188 0.03701369 0.03668295 0.02981631 0.01126642 0.01904441]
 [0.00957755 0.00924087 0.88872665 0.00935989 0.00944577 0.01676773 0.01902535 0.02284351 0.00677694 0.00823582]
 [0.00059721 0.00051883 0.9919849  0.00053637 0.00053998 0.00070778 0.00121487 0.0028896  0.00055964 0.00045084]
 [0.01675141 0.0166053  0.80987495 0.01671982 0.01686889 0.03145251 0.0328103  0.03312904 0.01090103 0.01488674]
 [0.00429889 0.00414336 0.9518208  0.00419583 0.00421155 0.00636937 0.00805199 0.01030647 0.00291139 0.00369038]
 [0.03412667 0.03505848 0.6222763  0.03500198 0.03532511 0.06867987 0.06552109 0.05243516 0.01992683 0.0316485 ]
 [0.0668926  0.07731925 0.32141247 0.07510128 0.07499405 0.134112   0.1094329  0.04512532 0.0241581  0.07145209]
 [0.02517062 0.0254772  0.7171824  0.02553418 0.02576373 0.05024484 0.0490239  0.04322916 0.01542988 0.02294407]
 [0.02012997 0.02032604 0.77805406 0.02038366 0.02052971 0.03684692 0.03828062 0.0350309  0.01212991 0.01828817]
 [0.02272455 0.02312719 0.7502361  0.02314861 0.0233168  0.04256114 0.04306436 0.03755981 0.0134187  0.02084275]
 [0.02196818 0.02204569 0.7519925  0.02213626 0.022337   0.0428191  0.04304396 0.04004377 0.013798   0.01981558]
 [0.08551066 0.10742945 0.05888068 0.102393   0.10285136 0.23964927 0.14074747 0.03303092 0.02840118 0.10110611]
 [0.05221214 0.06127507 0.49217477 0.05940802 0.05897466 0.08981277 0.07930547 0.03237885 0.01756702 0.0568912 ]
 [0.07941087 0.09284706 0.15532516 0.08986542 0.0903972  0.1874045  0.13676786 0.05018956 0.03182925 0.08596303]
 [0.02871054 0.02993604 0.694112   0.02979365 0.02995299 0.0521521  0.05259163 0.03994692 0.01570376 0.02710033]
 [0.03611289 0.03745076 0.6012647  0.03732223 0.03764439 0.07444803 0.068977   0.05234956 0.02053973 0.03389066]
 [0.0432138  0.04634275 0.5403038  0.04581078 0.04608542 0.08595543 0.07845134 0.04961614 0.02202546 0.04219498]
 [0.06046765 0.0707856  0.40135682 0.06867502 0.06825458 0.11207028 0.09429174 0.03804161 0.02033897 0.06571764]
 [0.03437514 0.03550678 0.6215086  0.03539171 0.03570186 0.06910875 0.06563681 0.05099233 0.01969967 0.0320784 ]
 [0.07955565 0.09351397 0.15200467 0.09049864 0.09096567 0.19091035 0.13595426 0.04860109 0.03121522 0.08678057]
 [0.0424714  0.04460008 0.53454494 0.04431679 0.04470198 0.08884968 0.08029278 0.05646562 0.02330013 0.04045651]
 [0.03121411 0.03536415 0.6928054  0.03458804 0.03445479 0.05260934 0.04871609 0.02515184 0.01247982 0.03261641]
 [0.04639876 0.05269694 0.5295437  0.0515116  0.05148695 0.08858558 0.07545592 0.03663791 0.01904088 0.04864181]
 [0.02037113 0.02246765 0.80304515 0.02203986 0.02192949 0.02988995 0.03202854 0.01923912 0.00845173 0.02053743]
 [0.02432734 0.02631827 0.75305945 0.0259662  0.02596844 0.04139713 0.04104423 0.02651765 0.01139998 0.0240013 ]
 [0.00845304 0.00858042 0.9110335  0.00858847 0.00860592 0.01288175 0.01494951 0.01431421 0.00487114 0.00772204]
 [0.01560229 0.01619115 0.8357638  0.0161439  0.01619508 0.02640147 0.0276177  0.02286414 0.00856358 0.01465691]
 [0.01414297 0.01507399 0.8556601  0.01496944 0.01497004 0.02309919 0.02358279 0.0176197  0.00713353 0.0137483 ]
 [0.01704756 0.0182514  0.82583964 0.01809818 0.01810555 0.02848689 0.02855184 0.02049007 0.00847447 0.0166545 ]
 [0.00403572 0.00402037 0.9571289  0.00404487 0.00405061 0.00567743 0.00707358 0.00785778 0.00250332 0.00360748]
 [0.0033026  0.00313896 0.9621957  0.00318832 0.00320594 0.00474721 0.00627007 0.00878038 0.00238455 0.0027862 ]
 [0.00345536 0.00334642 0.9615987  0.00338812 0.00340204 0.00496761 0.00633865 0.0081621  0.00235622 0.00298481]
 [0.00746944 0.00768286 0.92201793 0.00769213 0.00770077 0.01151889 0.01279974 0.01192194 0.00423965 0.00695661]
 [0.00646259 0.00669311 0.93304944 0.00669953 0.0066999  0.00989487 0.01085984 0.00995508 0.00360856 0.0060771 ]
 [0.09136829 0.1278642  0.03843703 0.11933714 0.11822862 0.22331433 0.12111888 0.01729825 0.01958227 0.12345106]
 [0.09126483 0.13654377 0.01366733 0.12542373 0.12383677 0.2359512  0.113305   0.01085566 0.01559707 0.13355462]
 [0.00411097 0.00402602 0.9547763  0.00406998 0.00408712 0.00605969 0.00745228 0.00907629 0.00273864 0.00360273]
 [0.01944836 0.01985179 0.7876807  0.01986679 0.0199934  0.03578123 0.03629167 0.03171698 0.01145552 0.01791355]
 [0.02524722 0.03020457 0.7647042  0.02922204 0.02876489 0.03713099 0.03472196 0.01396105 0.0078079  0.02823522]
 [0.01809692 0.02136162 0.83382607 0.02070663 0.02037597 0.02444407 0.02462159 0.01092438 0.00575381 0.01988879]
 [0.05531423 0.0679194  0.48177022 0.06508096 0.0642386  0.08542471 0.07632998 0.02504215 0.01533669 0.06354307]
 [0.01717509 0.0173642  0.8114965  0.01740386 0.01751915 0.03091509 0.03235894 0.0297663  0.0103749  0.01562612]
 [0.04590683 0.0548374  0.56676686 0.05286647 0.05231217 0.0717181  0.06560593 0.02490988 0.01406697 0.05100952]
 [0.02891017 0.03389133 0.73135215 0.03278653 0.03239639 0.04082143 0.04112132 0.01782023 0.00950805 0.03139245]
 [0.01763655 0.01782406 0.8082548  0.01783002 0.01794587 0.03056693 0.03323046 0.03014716 0.01056228 0.01600196]
 [0.01747581 0.01761315 0.8078369  0.01765369 0.01777654 0.03128364 0.03314785 0.03075688 0.01062797 0.01582764]
 [0.01667195 0.0168396  0.8169954  0.01688327 0.01699393 0.02987871 0.03138503 0.02910677 0.01009284 0.01515247]
 [0.03982216 0.04715022 0.62228173 0.04565734 0.04520228 0.0635635  0.05659229 0.023106   0.01273051 0.04389392]
 [0.02475306 0.02535853 0.732296   0.02529055 0.02545734 0.04495276 0.04651259 0.03844368 0.0141025  0.02283292]
 [0.0167142  0.01682525 0.81656003 0.01686753 0.01698092 0.02949104 0.03163641 0.02965538 0.01015575 0.01511348]
 [0.03856213 0.04583786 0.6403562  0.0442031  0.04368398 0.05642156 0.05467446 0.02159883 0.01209176 0.04257017]
 [0.01439491 0.01446887 0.8414138  0.01452755 0.0146215  0.02550434 0.02709393 0.02608493 0.00887871 0.01301139]
 [0.03449089 0.04063338 0.6723249  0.03927479 0.03887735 0.05389163 0.05042992 0.02071967 0.01165317 0.03770432]]
        Validation Criterion: 0.07114220
        Saving best model so far ...
22:13:17      Epoch:   0      Batch:   0      OuterStep:  30      LossModel: 0.72438145     LossTerm2: 0.00000000     LossGates: 0.00000000      Time/Step(s): 29.5205Contributing envs to the losses:  [157 147 149 150 159 154  33   1  35  12 142  45 119 113  31  38  64  79  99  19  24  30  77  22 109  21]
Gate kernel values:  [[-0.01800485 -0.01500224 -0.01370656  0.0340886  -0.02381582 -0.04025614  0.03619856  0.01565131  0.00806703 -0.01441098  0.03190738  0.033515   -0.01717413  0.04364075  0.04266464  0.01772807  0.01600126 -0.00563269 -0.00066063  0.04267559  0.01544732 -0.04201534 -0.0346543   0.04505923  0.00663456  0.01512648  0.02836061 -0.02412998 -0.01635778 -0.01241336  0.00430726  0.03058198 -0.00032748  0.03614933  0.02147615 -0.01733216  0.01279191 -0.02500504  0.00480067 -0.01352783]
 [-0.03122568 -0.03631612 -0.07944328  0.06557858 -0.0435147  -0.07301787  0.038552    0.04602952  0.04832337 -0.04170409 -0.00728262  0.07248388 -0.01473435  0.05156036  0.05022066  0.03149328  0.02896643 -0.06208882 -0.05056938  0.07576979  0.0350264  -0.03677027 -0.06371936  0.04016257 -0.04457148  0.07035427  0.05085447 -0.03758515 -0.05669636 -0.02746296  0.07589594  0.05131965 -0.05737535  0.0500713   0.04660613 -0.02972741  0.07281759 -0.03330492 -0.04770025 -0.03274569]
 [-0.01224848 -0.01082016  0.01247768 -0.01534481 -0.00867727  0.02842773  0.00186588  0.00993528  0.00910866 -0.01098566  0.0024385  -0.02118418 -0.00370808 -0.01125967 -0.00977438 -0.01065701  0.00643166 -0.00333791  0.01343411 -0.03287166  0.01171164  0.00099908  0.0148152  -0.00715708  0.01364027 -0.00526395 -0.0010582  -0.01009938  0.02411453  0.00520906 -0.00712668 -0.00307349 -0.00689535 -0.00500642  0.00794145 -0.01244506 -0.0050868  -0.0103518  -0.01191058 -0.00584287]
 [-0.01980212 -0.01746057 -0.01799558  0.03664205 -0.02617775 -0.04257172  0.03827135  0.01831154  0.01117123 -0.01665296  0.03882886  0.0364827  -0.02439712  0.04564451  0.04476365  0.01450452  0.01767771 -0.01010606 -0.00036544  0.04492026  0.01761749 -0.04427866 -0.03723964  0.04710558  0.00800913  0.01942076  0.03100563 -0.02650281 -0.01454994 -0.00935426  0.00979176  0.03309299 -0.00449835  0.0383692   0.02430025 -0.01916652  0.01726697 -0.02719478  0.0005147  -0.01570278]
 [-0.01957117 -0.01733533 -0.01762281  0.03642722 -0.02597823 -0.04246518  0.03825499  0.01811747  0.01086969 -0.01638178  0.03798911  0.03632285 -0.02401402  0.04558327  0.04473894  0.01475167  0.01749642 -0.00974825 -0.00082184  0.04481397  0.01756954 -0.04430785 -0.03709228  0.04716062  0.00740179  0.01904612  0.03084997 -0.02631786 -0.01480089 -0.00956753  0.00951821  0.03294933 -0.00415199  0.03821573  0.02407935 -0.01903544  0.01685867 -0.02711802  0.00113347 -0.01548236]
 [-0.0024663  -0.00640261 -0.03213125  0.03845896 -0.01879957 -0.04696699  0.01855143  0.01592101  0.01090235 -0.01017506 -0.0120404   0.04278267  0.00782354  0.02851531  0.02714374  0.02445335 -0.0046409  -0.01512417 -0.01477814  0.04983513  0.00690988 -0.0136866  -0.0378524   0.01734805 -0.0110445   0.02800212  0.0263948  -0.01311581 -0.03258647 -0.01337839  0.01749339  0.02727435 -0.01017826  0.02634647  0.02107805 -0.00250497  0.02702733 -0.01138021  0.00301037  0.00445881]
 [-0.01383564 -0.01217659 -0.00729185  0.03098995 -0.01957314 -0.03994039  0.03000255  0.01230039  0.00418678 -0.01087509  0.02191872  0.03216957 -0.00378795  0.03841155  0.03772436  0.0290233   0.01311828  0.00200549 -0.00449096  0.04312553  0.01250443 -0.04077688 -0.03164456  0.04572408  0.00096435  0.00842201  0.02497607 -0.01925357 -0.02248892 -0.0209125  -0.00706722  0.02706732  0.00440772  0.03093729  0.01738089 -0.01341302  0.00520757 -0.02021616  0.00995234 -0.01031768]
 [ 0.00860606  0.00501426 -0.00039526  0.02857591 -0.00789979 -0.04189236  0.02220526  0.00029924 -0.01332211  0.00732104 -0.01793218  0.03083564  0.03979325  0.03631577  0.03366268  0.0507419  -0.0160405   0.01759157 -0.02285642  0.04599048 -0.00743735 -0.02642481 -0.02978544  0.04279261 -0.02008873 -0.00078456  0.01842617 -0.00887966 -0.04864877 -0.03823241 -0.02094805  0.02276394  0.02761515  0.02724012  0.00857619  0.00828058 -0.00416333 -0.008445    0.04021454  0.02577908]
 [-0.00705875 -0.00752232 -0.00871137  0.02687427 -0.01507306 -0.03347765  0.02986232  0.00952299  0.00145238 -0.00588501 -0.00655928  0.02680306  0.00354057  0.03390838  0.03271606  0.03638179  0.0024025  -0.00096684 -0.01667963  0.03584266  0.00956663 -0.02949711 -0.02753668  0.03408361 -0.01360105  0.00999246  0.01983053 -0.01471645 -0.03608186 -0.03130719  0.00069124  0.02215196  0.00511481  0.02672147  0.01335315 -0.00950057  0.00776531 -0.01820691  0.01237163  0.00134212]
 [-0.02056645 -0.01861505 -0.02043936  0.03803947 -0.02730391 -0.043829    0.03910163  0.019728    0.01282957 -0.01779646  0.04027478  0.03804204 -0.0267265   0.04650647  0.04565843  0.01363741  0.01831583 -0.01257477 -0.00065951  0.04612621  0.01865663 -0.04500809 -0.03860923  0.04776637  0.00824605  0.02177116  0.03224346 -0.02757553 -0.01444129 -0.00851337  0.01293578  0.0342652  -0.00676942  0.039375    0.02568482 -0.01997557  0.01975239 -0.02815138 -0.00151828 -0.01653951]]
Gate values for each environment (all envs): 
 [[0.07435167 0.0366474  0.49940953 0.08236598 0.08103812 0.00782096 0.09777257 0.03161556 0.01422126 0.07475695]
 [0.0742342  0.02954868 0.46160248 0.07411611 0.07375456 0.00825446 0.12097225 0.0720787  0.02062368 0.06481481]
 [0.01768759 0.00906933 0.8509734  0.01640107 0.01636452 0.00555149 0.03194126 0.02952933 0.00847716 0.0140047 ]
 [0.0200804  0.00475461 0.7712833  0.01661705 0.01677099 0.00689609 0.04492042 0.09197599 0.01319429 0.01350689]
 [0.03576949 0.00792878 0.69357604 0.03186429 0.03190673 0.00721192 0.06921658 0.08119088 0.01478431 0.02655099]
 [0.0211335  0.01245825 0.8230812  0.01976272 0.01971151 0.00597761 0.03843555 0.03266062 0.00982441 0.0169546 ]
 [0.06125947 0.02916863 0.57823527 0.06579509 0.06490903 0.00806075 0.08497126 0.03461313 0.01392011 0.05906735]
 [0.01365408 0.00682161 0.8656792  0.01203607 0.01206937 0.00573192 0.02738779 0.03792196 0.00860074 0.01009707]
 [0.0139489  0.00691132 0.8593181  0.01218254 0.01222878 0.005789   0.02861087 0.04168219 0.00914206 0.01018617]
 [0.00937231 0.00422645 0.916002   0.00836251 0.00837176 0.00336714 0.01781751 0.01993613 0.00550956 0.00703467]
 [0.01462611 0.00471375 0.87692523 0.01317165 0.01314293 0.00420709 0.02752711 0.02765658 0.00697423 0.01105538]
 [0.01477861 0.00796833 0.87736773 0.01369022 0.01367669 0.00421601 0.02654549 0.02285992 0.00719964 0.01169729]
 [0.08007222 0.02972466 0.45413333 0.0841877  0.08329008 0.00759752 0.11874115 0.05008991 0.01743086 0.07473265]
 [0.07031811 0.03945909 0.51722795 0.07743631 0.07621904 0.00837743 0.09366144 0.03262172 0.01436268 0.07031617]
 [0.06213696 0.01393333 0.54310024 0.06012337 0.05987105 0.00762757 0.1065502  0.07697503 0.01819264 0.05148968]
 [0.02942744 0.01724445 0.76167375 0.02773661 0.02763346 0.00694505 0.05274451 0.04089943 0.01180382 0.02389139]
 [0.08526346 0.14185087 0.22683579 0.089729   0.0893522  0.01792921 0.13551548 0.1040578  0.02795654 0.08150975]
 [0.09192006 0.14152397 0.20102157 0.09854443 0.09798348 0.01653653 0.14089458 0.09467112 0.02692878 0.08997552]
 [0.08777919 0.1555768  0.19290651 0.09223372 0.0918188  0.0180679  0.14050119 0.10900528 0.02819982 0.08391082]
 [0.09153035 0.09382861 0.22643931 0.09317753 0.09283467 0.01518423 0.152991   0.12227613 0.02849302 0.08324513]
 [0.08750623 0.1506408  0.19425562 0.09173468 0.09134597 0.01816484 0.14104824 0.11339565 0.02856889 0.08333915]
 [0.09090931 0.07059732 0.286458   0.09443874 0.09403525 0.01303803 0.14386672 0.09583359 0.02636318 0.08445994]
 [0.09273293 0.0968537  0.22633447 0.09560268 0.09513856 0.01517642 0.15124749 0.11348839 0.02764424 0.08578113]
 [0.06833971 0.06317478 0.42659324 0.06924338 0.06896308 0.01501864 0.11239003 0.09050743 0.02421173 0.061558  ]
 [0.09292594 0.16839331 0.1726252  0.09943292 0.09869945 0.01583996 0.14397398 0.09103845 0.02592831 0.09114257]
 [0.09111308 0.13283418 0.20223585 0.09624983 0.0957391  0.01708927 0.14375761 0.10590599 0.02764579 0.08742927]
 [0.04740459 0.02603269 0.5257143  0.04284275 0.04311038 0.0126545  0.09487202 0.14534399 0.0256416  0.03638321]
 [0.07153229 0.14501202 0.2980856  0.07370199 0.07344502 0.01962898 0.11853466 0.10547258 0.02788995 0.06669687]
 [0.09452374 0.05349986 0.24142894 0.09493347 0.09471012 0.01340325 0.15938827 0.13606973 0.02845544 0.08358714]
 [0.09262344 0.05573854 0.30549467 0.09647358 0.09570293 0.01236018 0.14390896 0.08803528 0.02357271 0.08608962]
 [0.08767293 0.05570465 0.3504151  0.0923863  0.0916713  0.01089678 0.13471825 0.07159043 0.02229714 0.08264711]
 [0.09421292 0.1434928  0.18646613 0.09934755 0.09871568 0.01510287 0.14893714 0.09672118 0.02660713 0.09039649]
 [0.06361688 0.06641185 0.43749914 0.06277106 0.06246172 0.01482757 0.11208289 0.10021577 0.02473892 0.05537423]
 [0.07783733 0.06984103 0.41736224 0.08151955 0.0804766  0.01035637 0.11928659 0.05144507 0.01850759 0.0733676 ]
 [0.04557827 0.03571848 0.5751934  0.04237164 0.04243923 0.01370778 0.08525105 0.10159349 0.02159693 0.0365498 ]
 [0.08237782 0.1033633  0.35343242 0.08837378 0.08719384 0.01201407 0.12091501 0.05219001 0.0195247  0.0806151 ]
 [0.03686525 0.04732775 0.52067053 0.03243078 0.03271877 0.01750225 0.08185906 0.17449048 0.02851523 0.02761989]
 [0.03895905 0.05356802 0.50725615 0.03472075 0.03499476 0.01842601 0.08362746 0.17001857 0.02868034 0.02974888]
 [0.07102314 0.08861655 0.39653412 0.07237252 0.07174656 0.01493626 0.11562925 0.08147049 0.0228179  0.06485324]
 [0.02257374 0.0169338  0.59281504 0.01811072 0.01840238 0.01484458 0.05766562 0.21956845 0.02424362 0.01484207]
 [0.05164526 0.0623212  0.48322344 0.04896554 0.04904545 0.0160222  0.09764335 0.12137312 0.02701463 0.04274585]
 [0.01599518 0.00191101 0.7488686  0.01199884 0.01222328 0.00499574 0.04032188 0.14079887 0.01349075 0.00939589]
 [0.06396094 0.07529258 0.4502809  0.06420346 0.06387591 0.01456349 0.10609275 0.08146685 0.02308685 0.05717628]
 [0.0410905  0.03915367 0.60952586 0.03818235 0.03827672 0.0107714  0.07928959 0.08939166 0.02133164 0.03298666]
 [0.03334104 0.02479004 0.6896178  0.03045578 0.03058423 0.0090574  0.06295319 0.07516159 0.01792279 0.02611622]
 [0.07298092 0.09097777 0.3837037  0.0740491  0.07346422 0.01426127 0.11953967 0.08152637 0.02318507 0.06631185]
 [0.04153838 0.03827883 0.60074246 0.03906661 0.03908318 0.01295975 0.07935997 0.09369001 0.02146927 0.03381152]
 [0.05259575 0.04625358 0.5222882  0.05053931 0.0504136  0.0143145  0.09534909 0.10109727 0.02306836 0.04408037]
 [0.00838597 0.00316041 0.8652561  0.00649195 0.00659806 0.00491108 0.0217504  0.06885856 0.00939515 0.00519227]
 [0.01256375 0.00830902 0.8039348  0.01026645 0.01040315 0.00922215 0.02968797 0.09388187 0.01329228 0.00843846]
 [0.00356013 0.00071638 0.95197    0.0027556  0.00279318 0.00188366 0.0086885  0.02186319 0.00358974 0.00217969]
 [0.00047428 0.00007523 0.9937638  0.00035316 0.00035785 0.00035194 0.00119704 0.00255286 0.0005998  0.00027393]
 [0.00420224 0.00051281 0.9534546  0.00330434 0.00333714 0.00154558 0.0096597  0.01818163 0.00319187 0.00261014]
 [0.00746488 0.00240219 0.92010665 0.00617924 0.00622833 0.00307264 0.01653029 0.0273423  0.00563135 0.00504207]
 [0.00694814 0.00140705 0.89106613 0.00526912 0.00535118 0.00364908 0.01813183 0.05687942 0.0071522  0.00414576]
 [0.00326658 0.00052221 0.9480966  0.00241133 0.00245317 0.0017287  0.00877203 0.02713178 0.0037456  0.00187182]
 [0.00610266 0.00293185 0.9245732  0.00507168 0.00511157 0.00412053 0.01343998 0.02895824 0.00552394 0.00416643]
 [0.00284041 0.00083172 0.966467   0.00229556 0.00231383 0.00179478 0.00638006 0.01260628 0.00261798 0.00185238]
 [0.00138356 0.00008994 0.98319286 0.00101903 0.00103117 0.000567   0.00352165 0.00717988 0.00123617 0.00077875]
 [0.00500845 0.00079021 0.94176203 0.00396184 0.00400326 0.00207073 0.01151381 0.02374075 0.00399985 0.00314912]
 [0.01239789 0.00526119 0.79994917 0.00983901 0.00998283 0.00787352 0.03069447 0.10319082 0.01285562 0.00795543]
 [0.00861476 0.00176799 0.8864316  0.00657677 0.00666264 0.00330367 0.02279787 0.05120419 0.00745343 0.0051871 ]
 [0.00831691 0.00069356 0.8805025  0.0061395  0.00623613 0.00278709 0.0219092  0.06187844 0.00680875 0.00472815]
 [0.0097579  0.00472593 0.8926215  0.00838383 0.00843465 0.00516182 0.02019587 0.03641342 0.00733754 0.00696761]
 [0.0753583  0.09574835 0.28661072 0.07300647 0.07283916 0.0189636  0.13467309 0.14886633 0.02934531 0.06458873]
 [0.02024516 0.8258221  0.02399719 0.0239976  0.02366282 0.00799802 0.02919444 0.01397505 0.00718684 0.02392069]
 [0.0685221  0.35132635 0.18223363 0.0784429  0.07722109 0.01612457 0.0945104  0.03950279 0.01746516 0.07465104]
 [0.00178076 0.00001739 0.9514037  0.00105957 0.00109448 0.00037471 0.00659585 0.03455827 0.00238008 0.00073544]
 [0.01483406 0.87480485 0.01790882 0.01843124 0.01816818 0.00558812 0.01973401 0.00689745 0.00489608 0.01873714]
 [0.0106109  0.91242844 0.00714571 0.0129765  0.01284197 0.00461416 0.01490599 0.00720811 0.00406117 0.01320721]
 [0.05422151 0.07639414 0.30224928 0.04848756 0.04884599 0.02166532 0.11370628 0.2583699  0.03425088 0.04180918]
 [0.02934972 0.00425887 0.2238382  0.02124254 0.02176587 0.00911465 0.08928168 0.5559858  0.02870807 0.01645455]
 [0.02458569 0.78191304 0.02566611 0.02808996 0.02782852 0.01063772 0.0378833  0.0260166  0.00983641 0.02754268]
 [0.00024194 0.00000081 0.9932708  0.00013315 0.00013764 0.00005569 0.0009642  0.00474071 0.00036694 0.00008836]
 [0.01136941 0.90943813 0.0075125  0.01466165 0.01437343 0.00479097 0.01438705 0.00500511 0.00328086 0.01518094]
 [0.00019114 0.00000041 0.99431217 0.00010173 0.00010544 0.00003861 0.00079426 0.00408689 0.00030291 0.00006641]
 [0.01258578 0.9027797  0.00894156 0.01643737 0.01605945 0.00399276 0.01518015 0.00398612 0.00294841 0.01708846]
 [0.0611587  0.4683017  0.1135499  0.0704799  0.06937884 0.01389051 0.08537979 0.03433372 0.01569716 0.06782982]
 [0.00050382 0.00000269 0.9874412  0.00028971 0.00029902 0.00010729 0.0018987  0.00856757 0.00069351 0.00019663]
 [0.07552104 0.2949197  0.15381935 0.07978831 0.07921147 0.01556142 0.12632725 0.07649558 0.02466012 0.07369592]
 [0.01508359 0.84012353 0.0344569  0.0172698  0.01714768 0.0110889  0.02287607 0.01713315 0.00774615 0.01707441]
 [0.01591671 0.82069    0.02722867 0.01720665 0.01721472 0.01266332 0.02782366 0.0340106  0.0105743  0.01667144]
 [0.01570765 0.8877405  0.00469169 0.02293936 0.02226358 0.00248241 0.01537293 0.00201212 0.00217025 0.02461946]
 [0.01437795 0.8941143  0.00651345 0.02002683 0.01950797 0.00328181 0.01545474 0.00289323 0.00264625 0.02118367]
 [0.01626876 0.8048394  0.02694315 0.01713988 0.01721357 0.01381631 0.03002106 0.04495135 0.01235436 0.01645217]
 [0.03275507 0.7668302  0.01501703 0.04651267 0.04512774 0.00431377 0.03219313 0.00427937 0.00418131 0.0487898 ]
 [0.02265441 0.7236557  0.04641958 0.02338684 0.02350164 0.0168707  0.04274227 0.06183144 0.0168063  0.02213118]
 [0.01847455 0.82749116 0.03126691 0.02183385 0.02159736 0.00944475 0.02625108 0.01463103 0.00725461 0.02175468]
 [0.01204834 0.88178366 0.02022804 0.01414963 0.01402346 0.00837656 0.0176653  0.01184633 0.0057009  0.01417777]
 [0.02942124 0.62770736 0.07526252 0.03057785 0.03066768 0.02056316 0.05477601 0.08106954 0.02118286 0.02877177]
 [0.01218021 0.8703245  0.01954608 0.01357396 0.01354573 0.00955648 0.0203341  0.02007672 0.00751429 0.01334792]
 [0.03356985 0.18423261 0.1596443  0.03000951 0.03042719 0.04237265 0.07690372 0.37688327 0.03966527 0.02629155]
 [0.0106178  0.88366276 0.01511047 0.01167666 0.01168139 0.0091067  0.01840293 0.02105507 0.00722449 0.01146166]
 [0.02139372 0.7965365  0.02844564 0.02450108 0.02433548 0.01221009 0.03250751 0.02627951 0.0096897  0.02410063]
 [0.00632181 0.9532153  0.00195366 0.00905486 0.00882695 0.00170639 0.00671402 0.00118074 0.00122581 0.00980026]
 [0.01096861 0.899014   0.0146757  0.01325117 0.01309594 0.00691216 0.01541898 0.00872664 0.00451217 0.01342469]
 [0.00873386 0.00275749 0.894314   0.00696161 0.00706033 0.00343438 0.02065932 0.04294473 0.00751198 0.00562239]
 [0.03437204 0.06280893 0.5645476  0.03136506 0.03156031 0.01929922 0.07036901 0.13286068 0.02562438 0.02719283]
 [0.03574178 0.03362    0.54885113 0.03171914 0.03195757 0.01829744 0.07390212 0.17362657 0.02530003 0.02698416]
 [0.02715111 0.01452915 0.7284112  0.02320601 0.0233992  0.00613188 0.06175078 0.0793024  0.01678761 0.01933067]
 [0.03471898 0.06291678 0.5647371  0.03176676 0.03195517 0.01919284 0.07077819 0.13083856 0.02553528 0.02756038]
 [0.01402842 0.00266393 0.81460655 0.01081478 0.01097417 0.00425663 0.03615749 0.08654608 0.01138176 0.00857028]
 [0.03481742 0.06991832 0.54920536 0.03196735 0.03217084 0.02040923 0.07093624 0.1361644  0.02660945 0.0278014 ]
 [0.01501502 0.00306245 0.79238665 0.01154484 0.01172517 0.00478053 0.03903312 0.10065735 0.01264382 0.00915096]
 [0.01088674 0.00373386 0.8674387  0.00870463 0.00880774 0.00417259 0.02637526 0.0538175  0.00902032 0.00704274]
 [0.01669027 0.00835827 0.77905166 0.01360069 0.01376224 0.00776058 0.04012202 0.0951601  0.0143612  0.01113288]
 [0.02266943 0.00862247 0.59453356 0.01765795 0.01796256 0.01091225 0.05908772 0.23193267 0.02241155 0.01420984]
 [0.03553052 0.06337287 0.5522283  0.03248049 0.0326772  0.01944135 0.07303613 0.13687654 0.0262004  0.02815636]
 [0.02437176 0.02659988 0.5978812  0.02020193 0.0204879  0.01617992 0.05971495 0.19257215 0.02516787 0.01682248]
 [0.03363145 0.01888969 0.7056576  0.0302799  0.03041919 0.0061016  0.06886772 0.06366072 0.01680367 0.0256884 ]
 [0.02298821 0.02481967 0.6652438  0.01936573 0.01959491 0.01390246 0.05408332 0.1421608  0.02162993 0.01621114]
 [0.03206239 0.05810072 0.6446747  0.03031441 0.03038502 0.01472161 0.06132631 0.08126402 0.02059229 0.02655855]
 [0.04456814 0.10139863 0.3327243  0.03991696 0.04033898 0.02460562 0.09886594 0.24612342 0.03692638 0.03453167]
 [0.07244527 0.30637646 0.13989447 0.07510429 0.0747166  0.01822235 0.12238255 0.09564571 0.0260675  0.06914479]
 [0.02902463 0.04261032 0.45462823 0.02412406 0.02450137 0.02161796 0.07275847 0.27858296 0.03195284 0.02019915]
 [0.03160936 0.03268098 0.6335121  0.02794576 0.0281401  0.01352916 0.06840212 0.11806296 0.02237161 0.0237459 ]
 [0.03668325 0.04307572 0.5771458  0.03286806 0.03307049 0.01516959 0.07804241 0.13105872 0.02476433 0.02812159]
 [0.01568148 0.00780942 0.29894796 0.01119857 0.01151774 0.0156805  0.05022006 0.55338675 0.02677273 0.00878482]
 [0.04325427 0.4615074  0.08737504 0.04267792 0.04292165 0.02240828 0.08607658 0.14527883 0.02934681 0.0391532 ]
 [0.05143306 0.03645062 0.5865539  0.04979075 0.04951268 0.01019832 0.08978879 0.06473183 0.01807853 0.04346158]
 [0.02221248 0.01145154 0.1930797  0.01632766 0.01680263 0.01427611 0.06841084 0.61285836 0.03163834 0.01294239]
 [0.04088679 0.04997884 0.5358314  0.03695467 0.03721067 0.01567791 0.08578756 0.13847412 0.02747303 0.03172494]
 [0.01755789 0.00867814 0.63856757 0.01354322 0.01379881 0.0119318  0.04752475 0.21673188 0.0207846  0.01088124]
 [0.03667636 0.05011454 0.5777739  0.03320934 0.03341126 0.01542373 0.0768177  0.12267247 0.02533964 0.02856108]
 [0.06057387 0.02960224 0.40794194 0.05514603 0.05528408 0.01489132 0.12058016 0.18145907 0.02759976 0.04692152]
 [0.03596085 0.03837472 0.50670147 0.03095157 0.03129319 0.0169645  0.08272246 0.20168918 0.02923685 0.02610517]
 [0.02013664 0.00994597 0.27093092 0.01468085 0.01508888 0.01499633 0.06129434 0.5519246  0.02939108 0.01161043]
 [0.04349278 0.10870464 0.395261   0.04027247 0.04057975 0.02456599 0.0910924  0.18692079 0.03389519 0.03521508]
 [0.01882755 0.01071533 0.8296298  0.01708617 0.01712419 0.00620812 0.03601637 0.03970219 0.0101813  0.01450902]
 [0.02031848 0.01515972 0.78986686 0.01824606 0.01833555 0.00847741 0.04116173 0.05969929 0.01324361 0.01549131]
 [0.02531608 0.01573535 0.7930935  0.02376389 0.02371751 0.00601481 0.04550904 0.03555604 0.01083716 0.02045667]
 [0.01550787 0.00931653 0.84482306 0.01367625 0.01375836 0.00602827 0.03167867 0.04354001 0.01016879 0.01150229]
 [0.00852272 0.0046206  0.9130113  0.00733137 0.00737476 0.00370817 0.01800806 0.02513952 0.00618233 0.00610124]
 [0.01208089 0.01050519 0.8674891  0.01059794 0.01066199 0.00621541 0.02542732 0.03882522 0.00925419 0.0089428 ]
 [0.01853356 0.02927808 0.7921489  0.01717698 0.01721207 0.01144111 0.03551165 0.05103755 0.01274838 0.01491176]
 [0.04301601 0.11931133 0.50864154 0.04233141 0.04229368 0.01947647 0.07715835 0.08649547 0.02338676 0.03788905]
 [0.00479926 0.00403164 0.9471554  0.0041972  0.00421514 0.00335854 0.00967971 0.01499348 0.00403682 0.00353277]
 [0.00627168 0.00213814 0.93696874 0.00525993 0.00529254 0.00234464 0.01406368 0.01879247 0.00456398 0.00430423]
 [0.00415612 0.00219232 0.95291567 0.00349117 0.00351728 0.00262763 0.00889225 0.01564543 0.00368213 0.00288014]
 [0.01313693 0.02252686 0.8414454  0.01201879 0.01205457 0.01031228 0.0258057  0.04193609 0.01036976 0.01039369]
 [0.00601613 0.00675493 0.93099755 0.00537125 0.0053883  0.00495106 0.01182624 0.01907486 0.00504713 0.00457268]
 [0.04140629 0.03346116 0.6584235  0.04081186 0.04067075 0.00971613 0.06971704 0.05381648 0.0161317  0.03584515]
 [0.09403892 0.12368783 0.2410329  0.1011943  0.10026192 0.01280053 0.14057289 0.07055741 0.02337584 0.09247751]
 [0.00446277 0.00324137 0.94674677 0.00379997 0.00382792 0.00340311 0.00941631 0.01776072 0.00417748 0.00316369]
 [0.02911856 0.02556414 0.56782746 0.02434276 0.0246542  0.01542748 0.06966393 0.1971545  0.02597511 0.02027181]
 [0.05501806 0.08845023 0.5475817  0.06072271 0.05962468 0.01235779 0.07548437 0.03085908 0.01389748 0.05600394]
 [0.05719607 0.09036647 0.54318196 0.06451614 0.06324143 0.01027485 0.07451616 0.02424785 0.01255256 0.05990661]
 [0.08198462 0.03644771 0.43961957 0.08367443 0.08269808 0.00743081 0.12619817 0.05117421 0.01683946 0.07393295]
 [0.01325372 0.00287846 0.82250106 0.01027322 0.01042582 0.00445288 0.03406976 0.08280903 0.01117507 0.00816102]
 [0.06141895 0.01728917 0.5547089  0.05769743 0.05744271 0.00681161 0.10778382 0.07059839 0.01695634 0.04929271]
 [0.0796836  0.05748454 0.43354297 0.0838456  0.08273463 0.00832035 0.11648257 0.0454466  0.01704024 0.07541882]
 [0.01320157 0.00209922 0.8377947  0.01017846 0.01032268 0.00348168 0.03372254 0.07112087 0.01003937 0.00803897]
 [0.01648833 0.00560027 0.8176236  0.0135356  0.01365224 0.0053628  0.03843381 0.06682377 0.01143622 0.01104335]
 [0.01181976 0.0031609  0.86028576 0.00942847 0.0095406  0.00399435 0.02877732 0.05614468 0.00926335 0.00758475]
 [0.05167038 0.01698495 0.6145676  0.04825141 0.04800735 0.00761339 0.09043791 0.06562822 0.01557076 0.04126794]
 [0.01732885 0.00359619 0.7718143  0.01341632 0.01360349 0.00523346 0.04430121 0.10678557 0.01324767 0.01067283]
 [0.01578347 0.00440938 0.7998711  0.01248813 0.01264372 0.0054732  0.03934102 0.0875316  0.0124235  0.01003481]
 [0.07524798 0.02878154 0.48717716 0.07505344 0.07430878 0.00639599 0.11941483 0.05134159 0.01653856 0.06574014]
 [0.01352795 0.00398983 0.8196184  0.01067865 0.01082779 0.0052325  0.0339085  0.08194567 0.01169759 0.00857314]
 [0.05537026 0.03191292 0.582389   0.05384632 0.05347421 0.00830939 0.09240428 0.05839643 0.01687686 0.04702033]]
        Validation Criterion: 0.04797111
        Saving best model so far ...
22:18:16      Epoch:   0      Batch:   0      OuterStep:  40      LossModel: 0.40559781     LossTerm2: 0.00000000     LossGates: 0.00000000      Time/Step(s): 29.9232Contributing envs to the losses:  [136 138 140 143 139 132  11 133   8  55  63   5 137   7  59 131  57 151  10 110 141  58  60  50 102 103]
Gate kernel values:  [[-0.01694534 -0.0114234  -0.00700021  0.02834056 -0.01830329 -0.03534141  0.03164148  0.01256468  0.0059194  -0.0109083   0.02415489  0.02797709 -0.0159414   0.03852313  0.03743599  0.01391533  0.01231634 -0.00397487  0.00766415  0.03788473  0.01374178 -0.037562   -0.0285419   0.0413174   0.01359972  0.01088097  0.02161695 -0.01916963 -0.00813539 -0.00457963 -0.00118448  0.02431004  0.00183904  0.03027084  0.01512702 -0.01680545  0.00847961 -0.02154911  0.00428657 -0.00965291]
 [-0.03216359 -0.03718466 -0.08050145  0.06632779 -0.04344485 -0.07399384  0.0377053   0.04718806  0.05060608 -0.04316813 -0.0136104   0.07333614 -0.01680077  0.05145154  0.05002321  0.03243693  0.03150961 -0.0645691  -0.0538366   0.07684114  0.03588402 -0.03595024 -0.06434459  0.03960038 -0.04776864  0.07144982  0.0511208  -0.03712245 -0.05861219 -0.02875753  0.07770941  0.05151773 -0.06088228  0.05004309  0.04699162 -0.03042051  0.07400807 -0.03235354 -0.05437513 -0.03603424]
 [-0.01368521 -0.01647322  0.00058386  0.00125434 -0.01522949  0.01399764  0.00887634  0.013648    0.0105113  -0.01629137  0.01256538 -0.0054729  -0.00151881 -0.00254871 -0.00096996 -0.00752516  0.01169268 -0.00280982  0.00773778 -0.01894144  0.0144882  -0.00492056 -0.00240547 -0.00183614  0.01170065  0.00369551  0.01186425 -0.01542856  0.01756346 -0.00282753 -0.00098177  0.00904879 -0.00495419  0.00513994  0.01774894 -0.0132591   0.00262583 -0.01288139 -0.00417983 -0.01078634]
 [-0.01898433 -0.01492597 -0.01387801  0.0331965  -0.02237543 -0.03969174  0.03522675  0.01607477  0.00951992 -0.01413191  0.03381253  0.03318852 -0.02400237  0.04225178  0.04129658  0.01163203  0.01511761 -0.00905467  0.00623961  0.04213985  0.01633321 -0.0412688  -0.03351244  0.04455428  0.01380941  0.01697263  0.0265843  -0.02306097 -0.00821655 -0.00288548  0.00609487  0.02899498 -0.002791    0.03446791  0.02006465 -0.01868504  0.01468599 -0.02470859  0.0002791  -0.01296495]
 [-0.01874781 -0.01476073 -0.0133385   0.03286016 -0.02210814 -0.0394673   0.0351517   0.01584539  0.00919391 -0.01382479  0.03283015  0.03289974 -0.02357138  0.04211991  0.04119847  0.0118199   0.014882   -0.00864756  0.0059412   0.04191436  0.0162685  -0.04124362 -0.03324424  0.04456456  0.0133297   0.01648255  0.02632652 -0.02281732 -0.00832326 -0.00300982  0.0056859   0.02875685 -0.00241913  0.03423139  0.0197543  -0.0185557   0.01416108 -0.0245977   0.00085278 -0.01269546]
 [-0.00250802 -0.00637876 -0.03153147  0.03808065 -0.01860779 -0.04654682  0.01840854  0.01588796  0.01087688 -0.01012652 -0.01184708  0.0423283   0.0077462   0.0283271   0.02695176  0.02396579 -0.00472861 -0.01500663 -0.01347809  0.0493973   0.00691218 -0.01355509 -0.03748877  0.01725527 -0.00960707  0.02762755  0.02608557 -0.01298976 -0.03158893 -0.01247483  0.01698473  0.02699309 -0.0101074   0.02610475  0.02082875 -0.00256722  0.02664448 -0.01131111  0.0027515   0.00454311]
 [-0.00660147 -0.00201264 -0.0052671   0.02359966 -0.01784004 -0.03142014  0.02553201  0.00993814 -0.00033891 -0.00165674  0.0068143   0.02532848 -0.00008729  0.03117267  0.03103867  0.02538042 -0.00078357 -0.0028035  -0.00417879  0.03435623  0.00503966 -0.03727112 -0.02394549  0.04052861  0.0028309   0.01032443  0.01821868 -0.0175857  -0.02176213 -0.01157207 -0.00705134  0.01968096  0.00530607  0.02412605  0.01251576 -0.00699035  0.00751595 -0.02130044  0.01104064  0.0042098 ]
 [ 0.0059037   0.0078167   0.01568598  0.00951241 -0.00793386 -0.02236539  0.01991978 -0.00247482 -0.01509732  0.0095553  -0.01885651  0.01024118  0.03733898  0.03187279  0.02933866  0.04895096 -0.01898598  0.02030255 -0.01192463  0.02629787 -0.00748174 -0.02584115 -0.01120093  0.04258074 -0.01656056 -0.01426239  0.00867241 -0.01028797 -0.04092268 -0.0297448  -0.03014633  0.01394331  0.02617965  0.02169941  0.00312272  0.00500622 -0.0160581  -0.01302375  0.03289807  0.02747927]
 [-0.00909365 -0.00605391  0.00619644  0.01604075 -0.01032977 -0.02268548  0.02531794  0.00873713  0.00107707 -0.00493489 -0.01099722  0.01466011  0.00724294  0.0289621   0.02769107  0.02937731  0.00053102  0.00230044  0.00062223  0.02481812  0.01055775 -0.02612313 -0.01681129  0.03204725  0.00092171 -0.00032408  0.01163267 -0.01123384 -0.01921225 -0.01891893 -0.01166957  0.01467633  0.00652882  0.02061064  0.00669062 -0.01266503 -0.00240034 -0.01702381  0.00859197  0.0030509 ]
 [-0.01992664 -0.01657307 -0.01720228  0.035404   -0.02421749 -0.04164999  0.03669596  0.01787971  0.01145911 -0.0157315   0.03676349  0.03551155 -0.02666436  0.04384018  0.04293781  0.01103231  0.01629272 -0.01174146  0.00548478  0.0440312   0.01760773 -0.04264149 -0.0357365   0.04577947  0.01379899  0.01990688  0.02874055 -0.0247917  -0.0086975  -0.00248984  0.00990532  0.03103004 -0.00531082  0.03628908  0.02229474 -0.01959896  0.01774126 -0.02612649 -0.00174348 -0.01436474]]
Gate values for each environment (all envs): 
 [[0.07142451 0.01063532 0.5196596  0.06913648 0.06865185 0.00587152 0.14427388 0.02753728 0.02321731 0.05959222]
 [0.08053974 0.02455368 0.3780105  0.07876561 0.0786746  0.00805086 0.1959913  0.0553318  0.03168677 0.06839511]
 [0.03614969 0.01031905 0.7303152  0.0303317  0.03047272 0.00712192 0.07344701 0.03570556 0.02132117 0.02481603]
 [0.03402575 0.00388187 0.6761622  0.02476362 0.02518396 0.00748804 0.09464645 0.08643573 0.02838873 0.01902379]
 [0.04540191 0.00435662 0.62635475 0.03546378 0.03584891 0.00674264 0.12004094 0.06942396 0.02839165 0.02797498]
 [0.02629947 0.00332178 0.7974019  0.01971653 0.01994817 0.00388097 0.05944918 0.03485107 0.01978449 0.01534658]
 [0.05989549 0.00839215 0.5968423  0.05582649 0.05557948 0.00586982 0.11977813 0.02838945 0.02205875 0.04736796]
 [0.02869454 0.00341861 0.7494332  0.02067314 0.02100832 0.00558288 0.06931227 0.06144454 0.02460614 0.01582629]
 [0.02136297 0.0020689  0.8010251  0.01456776 0.01485036 0.00469852 0.05237489 0.0568708  0.02128689 0.0108937 ]
 [0.02447126 0.0087533  0.80770254 0.02009126 0.02021614 0.00597344 0.05028942 0.02926322 0.01688638 0.01635309]
 [0.03259755 0.00556089 0.7552971  0.02602585 0.02619663 0.00557988 0.06922646 0.037783   0.02093046 0.02080208]
 [0.01610322 0.00195384 0.88191724 0.01192712 0.01206881 0.00256918 0.03237244 0.01936365 0.01248704 0.00923747]
 [0.06385416 0.00951371 0.5595607  0.05985429 0.05970201 0.00561087 0.13219827 0.03461869 0.02433199 0.05075523]
 [0.06783691 0.01118969 0.54045373 0.06535466 0.06488584 0.00617299 0.13791916 0.02707934 0.02277283 0.05633481]
 [0.05989514 0.00512174 0.56499535 0.05165745 0.05183665 0.0058051  0.13716705 0.05414351 0.02719066 0.04218737]
 [0.03686521 0.00784978 0.7247492  0.03000273 0.03018831 0.00505694 0.08456847 0.03397013 0.02248961 0.02425946]
 [0.08827916 0.08568373 0.18266013 0.09080876 0.09077728 0.01461871 0.2545869  0.0760745  0.0350938  0.08141702]
 [0.09234899 0.03167995 0.24247916 0.09178752 0.09183271 0.01169843 0.24202783 0.08116864 0.0347968  0.08017995]
 [0.08217639 0.02060415 0.29539868 0.07569123 0.07608033 0.01159912 0.23640169 0.10027754 0.03765424 0.06411657]
 [0.08288304 0.11393299 0.24401693 0.08850022 0.08806457 0.01535352 0.20065534 0.05539056 0.03056549 0.08063744]
 [0.08281054 0.01988675 0.281193   0.07601403 0.07646784 0.01144191 0.24406543 0.10547224 0.03837048 0.06427787]
 [0.09127518 0.04960306 0.23247445 0.09265289 0.09260126 0.0115484  0.24335103 0.06952423 0.0348538  0.08211557]
 [0.08266959 0.12919828 0.24102804 0.09031893 0.08972589 0.01627799 0.18772648 0.05113375 0.02888754 0.0830335 ]
 [0.07831223 0.02550893 0.3385081  0.07209753 0.07236053 0.010943   0.22454862 0.07931361 0.03701335 0.06139417]
 [0.08673155 0.11230654 0.2315987  0.09527234 0.09455277 0.01701268 0.19312426 0.05310569 0.02870701 0.08758845]
 [0.08979259 0.10996178 0.1601936  0.09630483 0.09599544 0.01575802 0.2440025  0.06788903 0.03226244 0.0878398 ]
 [0.06419745 0.01674025 0.35802096 0.05342016 0.05409026 0.01112963 0.2179451  0.13821058 0.04258008 0.0436656 ]
 [0.07936401 0.13778801 0.19919904 0.08267029 0.08251195 0.01796187 0.22021759 0.07198961 0.03339456 0.07490321]
 [0.09356339 0.04172562 0.20866926 0.09488135 0.0948569  0.01191589 0.2547624  0.08104837 0.03478438 0.08379241]
 [0.09177351 0.05358319 0.27538234 0.09774458 0.09709181 0.01279413 0.20128621 0.0527934  0.02947673 0.08807416]
 [0.09262714 0.03494095 0.2665643  0.09430549 0.09400368 0.00953628 0.23300903 0.05918523 0.03250917 0.08331872]
 [0.08721583 0.08782607 0.25786337 0.0937213  0.09311542 0.01391821 0.20091133 0.05053468 0.02957897 0.08531477]
 [0.05982533 0.01081357 0.49703076 0.04942132 0.04975659 0.00826421 0.1666758  0.08205537 0.03603907 0.04011789]
 [0.07399785 0.02518567 0.44657803 0.07037988 0.07008874 0.00809935 0.17511378 0.04041097 0.02938356 0.06076221]
 [0.05987455 0.02543681 0.4665899  0.05090427 0.0513742  0.01315318 0.16659811 0.08670517 0.03726278 0.04210106]
 [0.07174104 0.02073421 0.45025736 0.06583973 0.06577957 0.00827985 0.18307084 0.04698371 0.03126691 0.05604687]
 [0.05070711 0.0261256  0.48468307 0.041306   0.04179291 0.01288238 0.1544802  0.11488247 0.03947625 0.03366396]
 [0.04870909 0.01935603 0.49501657 0.03845645 0.03899409 0.01224019 0.15525433 0.12111    0.03993216 0.03093118]
 [0.06572399 0.01952882 0.46042094 0.05782831 0.05796599 0.00968344 0.18167153 0.06495222 0.03377482 0.04844993]
 [0.03839421 0.01337672 0.5010703  0.02809597 0.02865611 0.01407476 0.13912207 0.17514928 0.04013244 0.02192804]
 [0.04966667 0.01573679 0.55463636 0.04012861 0.04055879 0.00938413 0.13993688 0.08138663 0.03607849 0.03248658]
 [0.03347669 0.00353299 0.5884927  0.02373476 0.02425288 0.00818578 0.11916383 0.14713794 0.03390445 0.01811807]
 [0.06443167 0.01748309 0.4828203  0.05630927 0.05656875 0.00935491 0.16707513 0.06526236 0.03377534 0.04691904]
 [0.04038056 0.00947259 0.6033277  0.03122704 0.03168836 0.00801902 0.11814705 0.09896771 0.03401113 0.02475878]
 [0.0398706  0.01181362 0.61011213 0.03105943 0.03155217 0.00848305 0.11988223 0.08864281 0.03377989 0.02480408]
 [0.06292307 0.02104153 0.4765368  0.05476311 0.05496261 0.00944752 0.17763616 0.06263433 0.03426818 0.0457867 ]
 [0.04509141 0.00772315 0.5986231  0.03503074 0.03546917 0.00783379 0.12164991 0.08709348 0.03376829 0.02771692]
 [0.04586796 0.00742161 0.6178605  0.03639136 0.03673732 0.00733898 0.12054677 0.06822326 0.03056052 0.02905169]
 [0.0126849  0.00689433 0.86994237 0.00929648 0.00944314 0.00612502 0.02737663 0.03675953 0.01422174 0.00725589]
 [0.01519399 0.00496862 0.82704127 0.01056093 0.01078269 0.00760982 0.03673499 0.06056783 0.01849237 0.00804737]
 [0.01219035 0.00114641 0.8740981  0.00800998 0.00818565 0.00353179 0.02892678 0.04391014 0.0141064  0.00589428]
 [0.00237517 0.00041073 0.9763139  0.00145496 0.00148799 0.00134012 0.00360474 0.00823187 0.00373665 0.00104389]
 [0.00988172 0.00149562 0.9239412  0.00713551 0.00722601 0.00269637 0.01711944 0.01642802 0.00861592 0.00546018]
 [0.0190778  0.02330908 0.8292147  0.01617761 0.01626542 0.00805414 0.03422077 0.02570929 0.01452806 0.01344302]
 [0.01390726 0.00547189 0.872064   0.01030234 0.01044819 0.00574891 0.02703531 0.03337033 0.01362504 0.00802661]
 [0.00569582 0.00045146 0.93788105 0.00348295 0.00357151 0.00174547 0.01305833 0.02331585 0.00830647 0.00249098]
 [0.01908627 0.00285935 0.80695814 0.0133036  0.01354761 0.00626352 0.04805205 0.06031837 0.01953233 0.01007886]
 [0.01286158 0.00135909 0.87607545 0.00869441 0.00885981 0.00375963 0.03016622 0.03797377 0.01376437 0.00648555]
 [0.00522592 0.00017476 0.94587153 0.00304017 0.00311988 0.00139079 0.01106167 0.02070051 0.007303   0.00211178]
 [0.01122204 0.00148701 0.9059809  0.00790953 0.00803126 0.00312061 0.02199545 0.02376536 0.01049411 0.00599373]
 [0.01433943 0.00332383 0.8379091  0.00964966 0.00986561 0.00639612 0.03585577 0.05745361 0.01796347 0.00724333]
 [0.01650271 0.00658848 0.86630356 0.01261731 0.0127333  0.00499409 0.030484   0.02580946 0.01399993 0.0099672 ]
 [0.0166654  0.00471164 0.86285967 0.01257421 0.01273344 0.00540704 0.03001519 0.03099684 0.01420927 0.00982714]
 [0.0218416  0.00310081 0.80309135 0.01577972 0.01604476 0.00513922 0.05339632 0.04992515 0.01956287 0.01211822]
 [0.0773349  0.0256375  0.23264651 0.06868656 0.06902513 0.01201422 0.3117655  0.10572959 0.03906118 0.05809894]
 [0.00792999 0.91602    0.0137086  0.01049762 0.01030363 0.00445923 0.02000103 0.00317797 0.00297118 0.0109307 ]
 [0.04929582 0.4940963  0.1382763  0.06118817 0.06006205 0.01323254 0.09596227 0.01361823 0.01391899 0.06034922]
 [0.013669   0.00000788 0.53205085 0.00567555 0.00601029 0.00051505 0.11323605 0.2916466  0.03381632 0.00337233]
 [0.00483023 0.9497011  0.00889211 0.00658979 0.00647211 0.00278026 0.01056881 0.00145526 0.00175534 0.00695503]
 [0.00547288 0.94321436 0.00661203 0.00745518 0.0073387  0.00323129 0.01439381 0.00237011 0.00205442 0.00785717]
 [0.06553715 0.13477138 0.15425757 0.06407779 0.06430646 0.02072923 0.2777163  0.12496007 0.0365239  0.05712009]
 [0.04584514 0.00256321 0.367927   0.03162054 0.03237235 0.00650507 0.21933718 0.22545637 0.0446105  0.02376267]
 [0.01193784 0.8715293  0.01916449 0.0151817  0.01496298 0.00678846 0.03355268 0.00660963 0.00478474 0.01548815]
 [0.00264459 0.00000034 0.9189796  0.00091017 0.00096938 0.0000925  0.01565479 0.05171924 0.00853454 0.00049491]
 [0.00664285 0.9339615  0.00870684 0.00956342 0.00932708 0.00375581 0.01420467 0.00167566 0.00188402 0.0102781 ]
 [0.00155279 0.00000011 0.9514352  0.00049301 0.00052683 0.00004644 0.00931849 0.03060889 0.00575972 0.0002586 ]
 [0.01174716 0.8862025  0.01538157 0.01687241 0.01641114 0.0042603  0.02594969 0.00220564 0.002894   0.01807562]
 [0.07095426 0.29680252 0.16478197 0.08499667 0.08350185 0.01370058 0.16130047 0.02189742 0.01975133 0.0823129 ]
 [0.00532611 0.00000138 0.833968   0.00199503 0.00211881 0.00018883 0.03510251 0.10466655 0.01550387 0.00112908]
 [0.07427573 0.240978   0.15516382 0.08183895 0.0811257  0.01411655 0.20607494 0.04280316 0.02718774 0.07643547]
 [0.00475156 0.94349706 0.014114   0.00609108 0.00600779 0.00442452 0.01054188 0.00219853 0.00209217 0.00628148]
 [0.00139406 0.9827698  0.00278374 0.00182763 0.00180933 0.00189686 0.0038353  0.00099694 0.00075874 0.00192764]
 [0.10335218 0.1257817  0.11666065 0.13904281 0.13555768 0.00838427 0.20078199 0.01567863 0.01627706 0.13848303]
 [0.01024079 0.9051876  0.00986577 0.01625118 0.01573015 0.00301554 0.01851165 0.00125568 0.00192437 0.01801717]
 [0.00118379 0.98517793 0.00196468 0.00155664 0.00154418 0.00171591 0.00353463 0.00099958 0.00067747 0.00164518]
 [0.10139363 0.13950253 0.12430346 0.13843702 0.13468765 0.00819542 0.18628207 0.01299695 0.01530489 0.13889645]
 [0.00220521 0.97305423 0.00451755 0.00277403 0.00275656 0.0026207  0.00612684 0.0018155  0.00126926 0.00286019]
 [0.00576452 0.9374908  0.01294172 0.00779945 0.00765519 0.00380083 0.01246704 0.00185366 0.00202273 0.00820405]
 [0.00319505 0.96310234 0.00772546 0.00426406 0.00419567 0.0030658  0.00730908 0.0013255  0.00132737 0.0044897 ]
 [0.00832138 0.89342046 0.02432852 0.00985921 0.00981145 0.00772209 0.02216812 0.00967921 0.00492665 0.00976303]
 [0.00080432 0.99010897 0.00151582 0.0011002  0.00108609 0.00120316 0.0021005  0.00048081 0.00041451 0.0011856 ]
 [0.0188238  0.6941516  0.06682256 0.01948686 0.01957848 0.03191648 0.05419073 0.06206397 0.01486653 0.01809898]
 [0.00072833 0.9906286  0.00130629 0.0009701  0.00096106 0.0012443  0.00211199 0.00058549 0.00042759 0.00103624]
 [0.06667737 0.12555842 0.2120465  0.06545708 0.06559138 0.02749128 0.22154479 0.12171997 0.03571572 0.05819765]
 [0.00819823 0.92433965 0.0061863  0.01325445 0.01283095 0.00237236 0.01556751 0.00092361 0.00148573 0.01484129]
 [0.00220552 0.97525215 0.0045655  0.00309864 0.00303763 0.00211937 0.00483053 0.00072964 0.00081935 0.00334157]
 [0.0416187  0.01810366 0.52915025 0.03255875 0.03311729 0.00974659 0.1532386  0.1181578  0.03814378 0.0261646 ]
 [0.03969194 0.01819595 0.5524658  0.03060941 0.03110702 0.01455632 0.12350057 0.12895422 0.03652246 0.02439646]
 [0.04363456 0.01303701 0.5573773  0.03476822 0.0351949  0.0133516  0.13127266 0.11067101 0.03272367 0.02796908]
 [0.04375151 0.0248497  0.62081105 0.03678579 0.03706762 0.00724429 0.11063933 0.0574056  0.03106692 0.03037817]
 [0.04003729 0.01966103 0.5518531  0.03110124 0.03159503 0.01484074 0.1228906  0.12672378 0.03642857 0.02486864]
 [0.03433743 0.010093   0.5880089  0.02510876 0.02561757 0.00930578 0.11746581 0.13476314 0.03576178 0.01953791]
 [0.03414027 0.01045586 0.624823   0.02524721 0.02570963 0.01158644 0.10243121 0.11243486 0.03344806 0.01972332]
 [0.039282   0.01889238 0.5851788  0.03089681 0.03135222 0.01110896 0.11485663 0.10878573 0.03483422 0.02481225]
 [0.03948903 0.01765176 0.55537593 0.03056061 0.03104052 0.01072044 0.13356842 0.1205105  0.03664489 0.02443793]
 [0.03358843 0.00692011 0.6398788  0.02437971 0.02481338 0.00808083 0.10796277 0.10318901 0.03231807 0.01886882]
 [0.04019537 0.01396209 0.53248477 0.03065679 0.03116936 0.01271186 0.13201286 0.14483735 0.0376837  0.02428578]
 [0.04530801 0.01689615 0.56912345 0.03673498 0.03712467 0.01264113 0.12030038 0.0983127  0.03380324 0.02975526]
 [0.03372531 0.01723236 0.6370123  0.02591103 0.02630354 0.01186136 0.09573744 0.09983582 0.03174949 0.02063136]
 [0.064067   0.09293116 0.42620614 0.06423484 0.06412128 0.00885581 0.15026368 0.04198544 0.03011351 0.05722108]
 [0.03331497 0.01618528 0.6305412  0.02530354 0.02571468 0.01165995 0.09883375 0.10589044 0.03249991 0.02005626]
 [0.05173402 0.02858581 0.5053766  0.04394341 0.04435699 0.0123627  0.14589874 0.0947485  0.03659739 0.03639589]
 [0.05669459 0.05359965 0.29339787 0.04717607 0.04788546 0.01809399 0.2177535  0.17941594 0.04694448 0.03903848]
 [0.08274034 0.09495088 0.15607707 0.08306031 0.08289093 0.0151998  0.29341614 0.08214306 0.03520075 0.07432066]
 [0.0424034  0.02466761 0.52166325 0.03335003 0.03382865 0.01506754 0.13255674 0.1316602  0.03794712 0.02685543]
 [0.04962407 0.03253541 0.5277187  0.04180005 0.04217345 0.01306383 0.1330662  0.09027755 0.03521574 0.03452501]
 [0.05125939 0.03219964 0.4882898  0.04279481 0.04321854 0.01415195 0.14835693 0.10678632 0.03769112 0.03525154]
 [0.02250082 0.00773155 0.22434969 0.01438716 0.01491232 0.01908004 0.12658656 0.51955265 0.04024227 0.01065699]
 [0.05511718 0.04003938 0.1598886  0.04499235 0.04579066 0.01675387 0.2844967  0.26690874 0.04898236 0.03703014]
 [0.07229863 0.03517625 0.4101646  0.06710605 0.06709014 0.01111597 0.18500164 0.06078858 0.03373131 0.05752684]
 [0.02606315 0.00928272 0.14242518 0.01735509 0.01799698 0.01547602 0.16180022 0.55417675 0.04236735 0.01305662]
 [0.0565202  0.07372236 0.3955105  0.05001203 0.0504692  0.01803715 0.1595071  0.11373807 0.0401325  0.04235076]
 [0.03248422 0.00908974 0.5543583  0.02291064 0.02342452 0.01286972 0.11486624 0.17538857 0.03703761 0.01757046]
 [0.05061989 0.08445624 0.4548101  0.04510556 0.04544857 0.0188289  0.12880434 0.09695199 0.0366197  0.03835474]
 [0.0725214  0.09867305 0.29176384 0.07268044 0.07262646 0.02225748 0.17837152 0.0924287  0.03418835 0.06448884]
 [0.0498334  0.0354894  0.4114587  0.04034765 0.04094326 0.0167435  0.16792029 0.16127937 0.04308822 0.03289623]
 [0.0237538  0.00784216 0.18358321 0.01525731 0.01583707 0.01630427 0.14918444 0.5347628  0.04213621 0.01133873]
 [0.0549216  0.05709261 0.26626933 0.04649226 0.04722789 0.0219455  0.19985004 0.22143936 0.04613135 0.03863009]
 [0.04751769 0.01266725 0.6159326  0.03981525 0.04015011 0.00658582 0.12195715 0.05364197 0.02912518 0.03260714]
 [0.05240273 0.0205179  0.5148649  0.04426385 0.04472216 0.00945542 0.15096305 0.09062928 0.03570554 0.03647514]
 [0.04078462 0.01067483 0.68888897 0.03401269 0.0342344  0.00509014 0.09703072 0.03674287 0.0247038  0.02783693]
 [0.02991247 0.00625677 0.7389405  0.02281906 0.02315367 0.00538907 0.07860952 0.05234678 0.02459938 0.01797283]
 [0.01689477 0.00263419 0.8488057  0.01188948 0.01210648 0.00339539 0.04186403 0.03642668 0.01693281 0.00905049]
 [0.02440857 0.00489212 0.7678736  0.01764002 0.0179645  0.00494264 0.06687977 0.05791084 0.02388051 0.01360739]
 [0.03473141 0.02490579 0.6901691  0.02960264 0.02982565 0.00996985 0.08493382 0.04722152 0.02400304 0.02463715]
 [0.04684521 0.03728526 0.5848448  0.04129363 0.04152394 0.01055153 0.11992712 0.05342465 0.02941216 0.03489164]
 [0.00904329 0.00083922 0.9161167  0.00584581 0.00598262 0.00168996 0.02193489 0.02315171 0.0111045  0.00429142]
 [0.01566835 0.00172515 0.8601077  0.01078438 0.01097464 0.00302293 0.03719594 0.03652478 0.01589486 0.00810132]
 [0.0128671  0.00114733 0.87521577 0.00839623 0.00859685 0.00241644 0.03304027 0.03691241 0.01522548 0.00618213]
 [0.02112053 0.00648803 0.815101   0.01592157 0.01615179 0.00548018 0.05125355 0.03740099 0.01854524 0.01253715]
 [0.01129283 0.001778   0.9004875  0.00778629 0.00793753 0.00256625 0.0257759  0.02437735 0.01211335 0.00588519]
 [0.03915919 0.00990725 0.7151166  0.03392081 0.03405498 0.00549511 0.08144573 0.03182638 0.02100713 0.02806685]
 [0.04743663 0.01567426 0.6619712  0.04383745 0.04383349 0.0059786  0.094564   0.02777798 0.02161559 0.03731083]
 [0.00776979 0.0008582  0.9208654  0.00490866 0.00503418 0.00208938 0.01864254 0.02567286 0.01058601 0.0035729 ]
 [0.03286977 0.00283697 0.60798115 0.02201448 0.02253833 0.00641251 0.11950407 0.13373138 0.03570822 0.01640326]
 [0.06949385 0.03900725 0.4934006  0.06963884 0.06900126 0.00993214 0.13414213 0.02902671 0.02476656 0.06159059]
 [0.06931015 0.04675297 0.5022386  0.07233526 0.07143048 0.00910444 0.11994548 0.02200804 0.0218761  0.06499855]
 [0.05271184 0.02169967 0.63257605 0.04984354 0.04952978 0.00668046 0.09860179 0.02404753 0.0213735  0.04293574]
 [0.02906003 0.00170883 0.6655628  0.01908814 0.01955344 0.00425462 0.105042   0.11007869 0.0316035  0.01404789]
 [0.0627139  0.01738436 0.538206   0.0573342  0.0572293  0.00668299 0.14761417 0.03716246 0.02700771 0.04866484]
 [0.04985886 0.01987633 0.6442471  0.04605353 0.04582681 0.00746748 0.09659825 0.02858631 0.0221396  0.03934586]
 [0.03584298 0.02552212 0.63164806 0.02879222 0.02915087 0.01224389 0.09328824 0.0889254  0.03122288 0.02336334]
 [0.04505962 0.01373547 0.5732198  0.03579586 0.03619019 0.00899721 0.13531531 0.0890893  0.03381487 0.02878243]
 [0.03457524 0.00337299 0.6333746  0.02413355 0.02462335 0.00533654 0.11830258 0.10464946 0.03336769 0.01826401]
 [0.05271906 0.02090742 0.62168574 0.04837868 0.04821061 0.00737411 0.109408   0.02722025 0.02282264 0.04127355]
 [0.03781051 0.01739019 0.5985612  0.02950498 0.0299194  0.01179371 0.11313636 0.10521616 0.03301712 0.02365042]
 [0.04033239 0.01187851 0.6000664  0.0310484  0.03147592 0.00913328 0.12150073 0.09642122 0.03350402 0.02463916]
 [0.05126244 0.02425073 0.63598615 0.04894527 0.04859787 0.00625281 0.09849647 0.02273986 0.02102411 0.04244439]
 [0.02313641 0.0011306  0.70612085 0.01432416 0.01473313 0.00398229 0.08453763 0.11202343 0.02971643 0.01029514]
 [0.04758985 0.030097   0.62769675 0.04306375 0.04297403 0.00993746 0.09856892 0.0383153  0.02507808 0.03667887]]
        Validation Criterion: 0.03675392
        Saving best model so far ...
22:23:18      Epoch:   0      Batch:   0      OuterStep:  50      LossModel: 0.81604576     LossTerm2: 0.00000000     LossGates: 0.00000000      Time/Step(s): 29.6718Contributing envs to the losses:  [ 74  72  95  65  69  76  88  68  81  80  86  84  89  90  66  92  77  87  79  93  83 120  19 113 112  94]
Gate kernel values:  [[-0.01102058 -0.0064518  -0.00624146  0.03067927 -0.01108726 -0.03754171  0.02998412  0.00677577  0.00259256 -0.00775173  0.01506427  0.02797242 -0.01689412  0.03901348  0.03729737  0.016386    0.00694233 -0.00299207  0.00395194  0.04041679  0.0069543  -0.03400452 -0.03045563  0.0393502   0.01761226  0.00917064  0.02022155 -0.01205948 -0.0159252  -0.00410549 -0.00256759  0.02400979  0.00104021  0.03114913  0.0166582  -0.01045978  0.00617465 -0.0135858  -0.00676073 -0.00684886]
 [-0.03860693 -0.04189013 -0.07606224  0.0656698  -0.04480724 -0.07438052  0.03945997  0.04938866  0.05380898 -0.04670832  0.01324969  0.07230251 -0.00446964  0.05224423  0.0503778   0.03515006  0.04160388 -0.05781632 -0.03394061  0.07723836  0.03812684 -0.03787972 -0.06402262  0.04104234 -0.02895333  0.06634138  0.05187947 -0.03900458 -0.05156867 -0.02464503  0.07006946  0.05232749 -0.05867795  0.05025416  0.04875977 -0.03599426  0.0672452  -0.03526391 -0.0555272  -0.04706386]
 [-0.01341037 -0.0144234  -0.00170781  0.00045783 -0.02589629  0.01583625  0.01081549  0.01721037  0.00605725 -0.01248976  0.00479444 -0.00259169  0.00212653 -0.00261187  0.00035784 -0.01163292  0.00580837 -0.004076    0.00914554 -0.02136556  0.01742737 -0.00880828 -0.00215017 -0.00055523  0.00633098  0.00816278  0.01578087 -0.02416411  0.0245122  -0.00370185 -0.00006972  0.0112103   0.0013815   0.00559558  0.01386559 -0.0145177   0.00791234 -0.02282553  0.01274049 -0.00117616]
 [-0.01172986 -0.00972501 -0.0127741   0.03233672 -0.01626777 -0.03823752  0.02989833  0.01226967  0.00652271 -0.01072123  0.02115775  0.03088253 -0.02628963  0.03878799  0.03766877  0.00914281  0.00794432 -0.00953516  0.00293272  0.04084877  0.00960237 -0.03369341 -0.03212811  0.03803199  0.01738843  0.01520969  0.02400997 -0.01659235 -0.01312874  0.00043163  0.00714114  0.02627452 -0.00432157  0.03200903  0.02068675 -0.01129927  0.01340649 -0.01676675 -0.01070147 -0.00855225]
 [-0.01154442 -0.00955447 -0.01226313  0.0321863  -0.01595012 -0.03822352  0.02999086  0.01195467  0.00618321 -0.01040829  0.02045082  0.03073016 -0.02585525  0.03886585  0.03775733  0.00955211  0.00780054 -0.00911253  0.00262691  0.04084155  0.00950212 -0.03385541 -0.03204925  0.03826798  0.01696275  0.01474137  0.02383759 -0.01631876 -0.01336528  0.00021223  0.00664378  0.02617561 -0.00394461  0.03194978  0.0204478  -0.01120101  0.0128484  -0.01665797 -0.01022112 -0.008378  ]
 [-0.00318115 -0.00726673 -0.03073855  0.03783411 -0.01885005 -0.04614677  0.01847165  0.01635013  0.01151331 -0.01103658 -0.01077846  0.04183064  0.00753519  0.02829839  0.02689953  0.02416373 -0.00386189 -0.0149791  -0.01189541  0.04898081  0.00756127 -0.01328097 -0.03728363  0.01701049 -0.00570944  0.02708338  0.02615415 -0.0133126  -0.03133211 -0.01235671  0.01650322  0.02707408 -0.01070162  0.02617369  0.02147863 -0.0032069   0.02611897 -0.01141644  0.00129621  0.00351025]
 [-0.00661958 -0.00336724 -0.00280388  0.02519329 -0.0159399  -0.03283431  0.02562712  0.00952224  0.00178312 -0.0038788   0.00871861  0.02385292 -0.00460554  0.03203037  0.03124674  0.03002414  0.00058206 -0.0040485  -0.00589506  0.03602259  0.00382016 -0.03551006 -0.02539968  0.04010722  0.00467285  0.00737716  0.01739242 -0.01653262 -0.0283207  -0.01394672 -0.00718432  0.01981704  0.00098498  0.02513616  0.01699393 -0.00649637  0.00431564 -0.01925319  0.00048965  0.00110974]
 [ 0.00398334  0.00052749  0.01337975  0.01469225  0.00529171 -0.02855943  0.01822152 -0.00467951 -0.00331249  0.00301079 -0.00261927  0.01125505  0.02722213  0.03695637  0.0331158   0.05260243 -0.00591636  0.01662166 -0.01921449  0.03300176 -0.00835467 -0.02335395 -0.0159668   0.04567719 -0.0196045  -0.01351919  0.00672539  0.00046659 -0.05051311 -0.03025879 -0.02709789  0.01534575  0.0157406   0.02558196  0.00486329  0.00449272 -0.01617743 -0.00065927  0.0146214   0.01123144]
 [-0.01373049 -0.00687988  0.01253367  0.01813802 -0.00550457 -0.02608445  0.03641479  0.00235638 -0.00285642 -0.00802083 -0.01590966  0.01304529  0.01703642  0.03485505  0.03152961  0.04300866  0.00529629  0.01661573  0.00223779  0.0289002   0.01144448 -0.03623806 -0.01892257  0.04152948  0.01078923 -0.0086989   0.00700903 -0.00744436 -0.02585661 -0.02893143 -0.02693386  0.01518     0.01365879  0.02608951  0.00338132 -0.01656959 -0.01408834 -0.01613693  0.00522082 -0.00276771]
 [-0.01275158 -0.01185626 -0.01577782  0.0330262  -0.01846337 -0.03844497  0.03013887  0.01492083  0.00901649 -0.01277511  0.02280208  0.03199981 -0.02937116  0.03873812  0.03783523  0.00658742  0.00921965 -0.01246879  0.00216706  0.04090823  0.01156143 -0.03369432 -0.03283797  0.03755217  0.01695286  0.01793609  0.02545515 -0.01855339 -0.01223919  0.00169621  0.01170416  0.02720945 -0.00726831  0.03243745  0.02227692 -0.01240138  0.01663981 -0.01821322 -0.01241052 -0.01006465]]
Gate values for each environment (all envs): 
 [[0.04434805 0.01762024 0.70988023 0.05220037 0.05133458 0.0062426  0.03988874 0.01415411 0.01418166 0.0501495 ]
 [0.05306485 0.032725   0.6215467  0.06055716 0.05996067 0.00836749 0.05703509 0.02844687 0.0207064  0.05758974]
 [0.02673514 0.00797884 0.811273   0.02731111 0.02720265 0.00633091 0.03263269 0.02274989 0.013152   0.02463391]
 [0.03145101 0.00622344 0.7641106  0.02923527 0.02935886 0.00881649 0.04314891 0.04409507 0.01840632 0.02515419]
 [0.02581622 0.00248474 0.8179715  0.02289477 0.02301111 0.00452448 0.03310865 0.03103656 0.01974043 0.01941139]
 [0.01352754 0.00257903 0.90182775 0.01317961 0.01315683 0.00316603 0.01794905 0.01402385 0.00888804 0.0117022 ]
 [0.03270731 0.00928534 0.7878054  0.03714443 0.03662161 0.00518469 0.03157344 0.01281323 0.01180232 0.03506209]
 [0.02935687 0.00759184 0.7809276  0.02774225 0.02779898 0.00768052 0.03921304 0.03766953 0.01778602 0.02423322]
 [0.01866221 0.00364644 0.8565671  0.01731558 0.01736085 0.00558531 0.02667481 0.02705717 0.0121499  0.01498042]
 [0.02292051 0.01296887 0.8252609  0.02469612 0.02453638 0.00662512 0.02910499 0.02037973 0.01057003 0.02293737]
 [0.02522922 0.00920465 0.8217483  0.02696569 0.02674139 0.00601391 0.0293216  0.01915542 0.01082534 0.02479449]
 [0.00346162 0.00024737 0.9739207  0.00329695 0.00329639 0.0008703  0.00509185 0.00419611 0.00273274 0.00288605]
 [0.0309379  0.01060639 0.7922772  0.03604846 0.0355485  0.00478    0.03100628 0.01363069 0.01077547 0.03438924]
 [0.03583147 0.01335938 0.76529557 0.04205954 0.04133841 0.0055262  0.03275748 0.0115594  0.01188233 0.04039034]
 [0.03481951 0.00545175 0.77257997 0.03558182 0.03538826 0.00505569 0.03857198 0.02450446 0.01612122 0.03192538]
 [0.01238727 0.00155473 0.91141206 0.01139591 0.0114081  0.00216398 0.01622778 0.01262503 0.01087591 0.00994926]
 [0.08684752 0.03437575 0.39552078 0.087772   0.087863   0.01579745 0.10262225 0.07346936 0.03752382 0.07820799]
 [0.09527081 0.06968186 0.31561333 0.10475206 0.10430936 0.01644359 0.10505193 0.05954271 0.03235979 0.09697455]
 [0.0844189  0.05205022 0.39193517 0.09012217 0.08989169 0.01716229 0.09844528 0.06227624 0.03138408 0.082314  ]
 [0.07515004 0.16312186 0.33006483 0.08815361 0.08736006 0.01861089 0.08550337 0.04247757 0.02448721 0.08507062]
 [0.09042059 0.07891674 0.32447642 0.09964035 0.09924044 0.0194446  0.10372403 0.06189052 0.02999215 0.09225408]
 [0.08962832 0.07467888 0.33985212 0.09366828 0.09356432 0.01523447 0.10354041 0.06093586 0.04290846 0.08598895]
 [0.07146457 0.02154094 0.5051812  0.07297084 0.07287411 0.01370869 0.085265   0.06364489 0.02834481 0.06500491]
 [0.08097459 0.07598149 0.3820084  0.08440109 0.08422374 0.01746338 0.09800259 0.06181479 0.03775447 0.07737555]
 [0.08284453 0.03450306 0.43003345 0.08979264 0.08932763 0.01588071 0.09260289 0.05723964 0.0259483  0.08182717]
 [0.09574591 0.10572698 0.27201575 0.10833109 0.10768525 0.01932337 0.10491247 0.05514695 0.02947554 0.10163672]
 [0.07021961 0.04064861 0.4381818  0.06579867 0.06620181 0.01654691 0.10044076 0.09843685 0.0459233  0.05760165]
 [0.07430238 0.05276723 0.44882345 0.08166775 0.08123446 0.01766538 0.08848811 0.05444518 0.02513917 0.07546695]
 [0.10227674 0.08055462 0.2500319  0.10554044 0.10556138 0.01670165 0.11957706 0.07903963 0.04495966 0.09575691]
 [0.08514974 0.08553939 0.36548397 0.10001473 0.09893019 0.01566415 0.0885552  0.04100047 0.02417281 0.0954892 ]
 [0.08557205 0.07260282 0.37732586 0.09383295 0.09322818 0.01310443 0.09295473 0.04884388 0.03470778 0.08782737]
 [0.07734027 0.14427508 0.3437066  0.09319019 0.09210104 0.01720294 0.08234002 0.03707047 0.02211929 0.09065408]
 [0.05606255 0.01684335 0.6094137  0.05503161 0.05493689 0.01084239 0.06944463 0.04973093 0.0292116  0.04848227]
 [0.05650696 0.03688483 0.6063431  0.06223711 0.06159089 0.00983957 0.058309   0.02690236 0.02302174 0.05836446]
 [0.05401683 0.04155505 0.585233   0.05639308 0.05632763 0.0159011  0.06809302 0.04608589 0.02491566 0.05147871]
 [0.0544133  0.03353342 0.62165505 0.06022624 0.05963308 0.01005983 0.05667908 0.02545811 0.02187926 0.05646278]
 [0.04536157 0.03313069 0.62420774 0.04340716 0.04347004 0.014186   0.06536783 0.06312636 0.02918728 0.03855532]
 [0.04272145 0.0307666  0.6489662  0.04101685 0.04107811 0.01367745 0.06085189 0.05648253 0.02790746 0.03653149]
 [0.0492458  0.02886691 0.648708   0.05210646 0.05173573 0.01088513 0.05649096 0.03148077 0.02252277 0.04795745]
 [0.03833148 0.02254042 0.6581828  0.03463993 0.03484574 0.01587858 0.06143281 0.07635988 0.02784097 0.02994746]
 [0.04197741 0.0205944  0.68449116 0.04166579 0.04166847 0.01054049 0.05548369 0.04144821 0.02482891 0.03730157]
 [0.03222683 0.00810976 0.7408976  0.0308111  0.03093345 0.00964512 0.04887633 0.05232451 0.01934931 0.02682604]
 [0.04857809 0.02461457 0.65675944 0.05071307 0.05047666 0.01012086 0.0554373  0.03388682 0.02296512 0.04644809]
 [0.03594388 0.01806192 0.707145   0.03505632 0.03513559 0.00987046 0.05287936 0.05159026 0.02314647 0.03117071]
 [0.03114986 0.0189494  0.74914235 0.03169193 0.03172764 0.00937268 0.04439954 0.03586316 0.01893968 0.0287637 ]
 [0.04598713 0.03015286 0.6671633  0.04891906 0.04857642 0.01046383 0.05283523 0.02880427 0.02184618 0.04525161]
 [0.03764511 0.01385131 0.7214651  0.03706751 0.03703309 0.00873069 0.04902752 0.04053891 0.02161803 0.03302278]
 [0.03523112 0.01279612 0.7462261  0.03535373 0.03525729 0.00815433 0.04397023 0.03207275 0.01919544 0.0317429 ]
 [0.00786342 0.01155449 0.9228307  0.00963491 0.00950172 0.00600164 0.01226141 0.0084555  0.00249257 0.00940381]
 [0.01171151 0.01310229 0.8906816  0.01433035 0.01416004 0.00879326 0.01779143 0.01243775 0.00317233 0.01381934]
 [0.00349939 0.00039808 0.972448   0.00358096 0.00356576 0.00144738 0.00526177 0.0049074  0.00170389 0.00318725]
 [0.00078019 0.0000279  0.9925801  0.0006926  0.00069609 0.00038667 0.00146203 0.00208791 0.00070419 0.00058234]
 [0.00588144 0.00270085 0.9543806  0.00732498 0.00719872 0.00251371 0.00721694 0.00411779 0.0015365  0.00712856]
 [0.00995377 0.01522673 0.9063604  0.01289918 0.01266234 0.00627436 0.01372895 0.00751507 0.00251268 0.01286658]
 [0.01020037 0.01126937 0.9073848  0.01244632 0.01227272 0.00627111 0.01474949 0.01038304 0.00295208 0.0120709 ]
 [0.00155849 0.00017202 0.9872629  0.00158825 0.00158028 0.00067623 0.00248935 0.00229899 0.00094924 0.00142421]
 [0.00761714 0.0016898  0.9395352  0.00789741 0.0078597  0.0034618  0.01139783 0.00992995 0.00351705 0.00709405]
 [0.00500884 0.00060354 0.96046346 0.00496985 0.00496032 0.00204073 0.00771225 0.00714117 0.00272824 0.00437174]
 [0.0018187  0.00017947 0.9860621  0.00185203 0.00183788 0.00065167 0.002542   0.00236815 0.00102118 0.00166687]
 [0.00611685 0.00210969 0.9528976  0.00718296 0.00708889 0.0026365  0.00792326 0.00536257 0.00187209 0.00680965]
 [0.01215238 0.01101378 0.89088964 0.01420788 0.01407159 0.00817417 0.01830397 0.01382014 0.00387892 0.01348763]
 [0.00874742 0.00512318 0.92903125 0.0102121  0.0100705  0.00407133 0.01209548 0.0079089  0.00302477 0.00971504]
 [0.01427426 0.01538389 0.87621444 0.01819058 0.01790356 0.00712458 0.01844851 0.01121239 0.0033829  0.01786487]
 [0.00884791 0.00284414 0.9338809  0.00970705 0.00962429 0.00304027 0.01138079 0.00782684 0.00381911 0.00902877]
 [0.05498406 0.02446989 0.6021879  0.05038841 0.05048396 0.01216737 0.06847667 0.04769328 0.04482545 0.04432308]
 [0.0028004  0.96869665 0.00656227 0.00411437 0.00403358 0.00308085 0.00400655 0.00131447 0.00078884 0.00460202]
 [0.04364469 0.48587513 0.20351449 0.05860716 0.05753029 0.01767581 0.04659432 0.01571575 0.01016901 0.06067332]
 [0.00818189 0.00002011 0.7080661  0.0034328  0.00362474 0.00068789 0.02033496 0.15154256 0.10192777 0.00218105]
 [0.00193292 0.9785115  0.00429978 0.00294172 0.00288586 0.00218642 0.00263848 0.00074385 0.0005121  0.00334733]
 [0.00572308 0.9422919  0.01063295 0.00803245 0.00790863 0.0044874  0.00773245 0.00275425 0.00169051 0.00874634]
 [0.04388888 0.01766177 0.6391883  0.03872374 0.03899463 0.01132666 0.07022547 0.06216048 0.04445211 0.03337805]
 [0.02262617 0.00134108 0.8045     0.01715406 0.01740911 0.0029772  0.03664782 0.04397864 0.03955038 0.01381555]
 [0.00797498 0.9140238  0.01928495 0.01075615 0.01059595 0.00722682 0.01150761 0.00461781 0.0025379  0.01147401]
 [0.00093807 0.00000066 0.9681911  0.00041133 0.00043166 0.00008191 0.00232596 0.01480487 0.01254857 0.00026591]
 [0.00426508 0.9569698  0.0074712  0.00652678 0.0063679  0.00376639 0.00514317 0.00130476 0.00084716 0.00733782]
 [0.00027417 0.00000015 0.9913003  0.00012426 0.00012969 0.00002384 0.00067573 0.00320461 0.00418501 0.00008223]
 [0.00516448 0.9459005  0.01251801 0.00816039 0.0079138  0.00336196 0.00545315 0.00114585 0.00101186 0.00936978]
 [0.03020068 0.6841893  0.10279448 0.04430882 0.04295648 0.00907192 0.02625188 0.00574525 0.00596431 0.04851694]
 [0.00288245 0.00000387 0.90056753 0.00125961 0.00132601 0.00025444 0.00744221 0.04995324 0.03550049 0.00081026]
 [0.04875391 0.51761156 0.15462202 0.06097589 0.05983672 0.01236504 0.04926158 0.01805815 0.01609142 0.06242367]
 [0.0190456  0.76829696 0.0836748  0.02584066 0.02534089 0.01345742 0.02333284 0.00878775 0.00482089 0.02740221]
 [0.00134159 0.9833134  0.00325376 0.00196655 0.00193809 0.00242589 0.00224335 0.00089802 0.00040466 0.00221469]
 [0.05305132 0.52075464 0.08813199 0.09433275 0.09020248 0.00699931 0.03022161 0.00333023 0.00409126 0.10888439]
 [0.03655811 0.64975864 0.08667696 0.05945558 0.05720379 0.00770442 0.02675941 0.00414918 0.0045488  0.06718508]
 [0.00116132 0.98563296 0.00234213 0.00167822 0.00165895 0.0022731  0.00208445 0.00091058 0.00037992 0.00187831]
 [0.0433633  0.59175897 0.089136   0.07703915 0.07341663 0.00521753 0.02349162 0.00218657 0.00401783 0.09037245]
 [0.00157954 0.9810916  0.00329709 0.00222556 0.00220395 0.00267341 0.00271695 0.00122166 0.00053074 0.00245943]
 [0.02794327 0.67742527 0.12310243 0.03859148 0.0376298  0.01136465 0.02773772 0.00832897 0.00648637 0.04139002]
 [0.01395714 0.83614224 0.05479988 0.01956954 0.01913949 0.00987886 0.01648733 0.00547628 0.00338512 0.02116404]
 [0.01515029 0.822275   0.04698718 0.01946536 0.01926958 0.01304374 0.02459673 0.01414201 0.00498243 0.02008763]
 [0.00057776 0.992508   0.00124091 0.00089108 0.00087659 0.00134075 0.00100218 0.00037021 0.00016058 0.00103205]
 [0.05745341 0.39755496 0.09826434 0.06194977 0.06219095 0.05097369 0.09803922 0.10003524 0.01682382 0.05671454]
 [0.00055134 0.9926495  0.00110588 0.00082106 0.00081083 0.00144749 0.00104804 0.00045323 0.00017547 0.00093723]
 [0.06540953 0.42264214 0.09408388 0.0808531  0.07995687 0.03213168 0.08536642 0.04696738 0.01372947 0.07885955]
 [0.03002558 0.72627413 0.05946832 0.04860809 0.04681912 0.00579328 0.02060715 0.00292935 0.00412505 0.05534991]
 [0.00386306 0.95545506 0.01161727 0.00602423 0.00586573 0.00371803 0.00458403 0.00121688 0.00076232 0.00689337]
 [0.02334829 0.02960784 0.78810257 0.02509036 0.02497697 0.0097311  0.03588132 0.02621518 0.01349564 0.02355081]
 [0.02884571 0.02378597 0.75992244 0.02979307 0.02970156 0.01178594 0.04106874 0.03247262 0.01536193 0.02726199]
 [0.04320801 0.02151525 0.6606653  0.04377271 0.04376515 0.01568219 0.06185895 0.05096243 0.01950374 0.03906627]
 [0.01984614 0.0164802  0.8345825  0.02074927 0.02062169 0.00525341 0.02788423 0.02195579 0.01321343 0.01941336]
 [0.02949469 0.0229011  0.75549465 0.03019152 0.03012153 0.01190309 0.04221968 0.034186   0.01598865 0.02749921]
 [0.02182591 0.02935316 0.80288273 0.02221359 0.02212676 0.00621999 0.0305679  0.02682639 0.01713809 0.02084538]
 [0.03106123 0.01369383 0.7518027  0.0291029  0.02919724 0.01061777 0.04436442 0.04297342 0.02164791 0.02553856]
 [0.02733235 0.02041775 0.763295   0.02620468 0.02622961 0.00839828 0.039942   0.04414655 0.02045383 0.02358015]
 [0.02177631 0.01045831 0.811747   0.01999079 0.02005107 0.00690331 0.03384428 0.03873651 0.0188712  0.01762131]
 [0.02925554 0.02917891 0.74491936 0.02819646 0.02817925 0.00940874 0.04231511 0.03958964 0.02335245 0.0256044 ]
 [0.02316242 0.01103923 0.8213786  0.02359894 0.02350035 0.00719634 0.03137502 0.02453197 0.01277198 0.02144525]
 [0.03709976 0.02572137 0.70709944 0.03929781 0.03905315 0.01324446 0.04971616 0.03698788 0.01573017 0.03604989]
 [0.02521779 0.01892315 0.78083026 0.02506586 0.02502911 0.0110716  0.03855933 0.03806796 0.01463646 0.02259847]
 [0.03365982 0.06708672 0.68739855 0.03767009 0.03732746 0.00842214 0.04482316 0.02813486 0.01888269 0.03659462]
 [0.02559741 0.01688753 0.77195704 0.02386792 0.0239492  0.01019414 0.04072671 0.04577244 0.01995945 0.02108821]
 [0.04178064 0.03789461 0.656854   0.04109487 0.04109089 0.00962181 0.05588788 0.04619268 0.03206537 0.03751722]
 [0.06374075 0.09319639 0.3874947  0.06024546 0.06065568 0.0255006  0.10375799 0.10917756 0.04299799 0.05323286]
 [0.07564886 0.12001334 0.36888847 0.07883997 0.07847586 0.01940211 0.09247349 0.05487354 0.03839033 0.07299409]
 [0.03717662 0.02849661 0.6677143  0.03488292 0.03498593 0.0157913  0.05872042 0.06616362 0.02532335 0.03074484]
 [0.04021555 0.02860948 0.6717176  0.03936593 0.03934925 0.01290126 0.0564847  0.05279013 0.02330837 0.03525776]
 [0.04273316 0.03172059 0.65278774 0.04198163 0.04194538 0.01345605 0.05970648 0.05279372 0.02518788 0.03768756]
 [0.03939451 0.02063092 0.5903426  0.03340924 0.03387937 0.02338346 0.07746278 0.11944968 0.03414496 0.02790244]
 [0.07355502 0.11189704 0.37646785 0.07532655 0.07506946 0.02230039 0.09598016 0.06261094 0.03773047 0.06906214]
 [0.0747859  0.06251135 0.44894922 0.08145869 0.08088461 0.01669916 0.08566333 0.04683291 0.02692376 0.07529109]
 [0.0524139  0.16093032 0.4279065  0.05686044 0.05675692 0.0276974  0.08227756 0.05784256 0.0240778  0.05323656]
 [0.05958351 0.08589617 0.46084538 0.06108823 0.06114137 0.0214707  0.08783697 0.07708158 0.02948221 0.05557388]
 [0.03895463 0.01549803 0.63217235 0.03300854 0.03337656 0.01657004 0.0670668  0.10313144 0.03258665 0.02763506]
 [0.05467495 0.07523803 0.49631232 0.05641295 0.05646203 0.02271155 0.08447133 0.07666268 0.0258722  0.051182  ]
 [0.07717939 0.0622458  0.3927828  0.08412012 0.08384201 0.02425009 0.10320742 0.07118163 0.02447291 0.07671794]
 [0.05191439 0.04919608 0.5353995  0.04892121 0.04915805 0.01894482 0.08115833 0.08738671 0.0347868  0.04313416]
 [0.06114391 0.08481266 0.39501515 0.05750274 0.0579889  0.03135476 0.10587129 0.11678664 0.0391074  0.0504165 ]
 [0.05725389 0.02036235 0.2068084  0.0412931  0.04256088 0.02505958 0.13340746 0.3679799  0.07333346 0.03194099]
 [0.0189947  0.00502476 0.85828656 0.01819324 0.01822264 0.00401243 0.02526657 0.02103926 0.01475014 0.01620968]
 [0.03388996 0.02228997 0.7207327  0.03340432 0.03345822 0.00924485 0.04839911 0.04545546 0.02297271 0.03015276]
 [0.01997248 0.00757392 0.85568213 0.02062471 0.02054398 0.00413258 0.02411992 0.01626199 0.01213427 0.018954  ]
 [0.01166509 0.00180963 0.90398085 0.01033298 0.01041077 0.00289634 0.01821477 0.01980118 0.01201007 0.00887839]
 [0.00687945 0.00124616 0.9419822  0.00626316 0.0062912  0.00211905 0.01102421 0.01217857 0.00656161 0.0054543 ]
 [0.01111533 0.00348258 0.9067487  0.01054446 0.01057591 0.00389582 0.01742287 0.01820911 0.00868074 0.00932455]
 [0.02328494 0.01411586 0.81001556 0.02364227 0.02364218 0.00812483 0.03390199 0.02792547 0.01387293 0.0214738 ]
 [0.01811097 0.00831103 0.8546099  0.01780773 0.01782637 0.00538211 0.02632268 0.02207896 0.01349242 0.01605775]
 [0.00664897 0.00130571 0.93820024 0.00587765 0.00592283 0.00229407 0.01163173 0.01577925 0.00727183 0.00506766]
 [0.00562268 0.00085    0.9528731  0.00512319 0.00513079 0.00180853 0.00876599 0.01034529 0.00502563 0.00445483]
 [0.00778069 0.00145546 0.93072647 0.00692579 0.00697368 0.00246024 0.01291821 0.01666522 0.00810672 0.00598752]
 [0.00833228 0.0029     0.93275285 0.00842345 0.00841327 0.00344088 0.01248465 0.01037957 0.00524687 0.00762631]
 [0.00622428 0.00099242 0.94394755 0.00554084 0.00558368 0.00222852 0.01079114 0.01369889 0.00623448 0.00475823]
 [0.02302678 0.01516415 0.82845163 0.02666466 0.02635115 0.00535855 0.02622644 0.01403865 0.00906601 0.02565196]
 [0.02662104 0.01534225 0.80802387 0.03152626 0.03114353 0.00525045 0.02886773 0.01304441 0.00972799 0.03045265]
 [0.00529619 0.00069259 0.94664    0.00447708 0.00452802 0.00224763 0.01025133 0.01594758 0.00616202 0.0037576 ]
 [0.01401984 0.00214876 0.8911165  0.01209009 0.01213632 0.00315039 0.01946072 0.02077873 0.01475032 0.01034822]
 [0.04791251 0.04277546 0.6539146  0.05793664 0.05691874 0.00911857 0.04482558 0.01593119 0.01418728 0.05647944]
 [0.04916582 0.04454505 0.6444698  0.06219887 0.06091655 0.00851934 0.04310898 0.01328056 0.01223464 0.06156034]
 [0.04099546 0.04754055 0.68713576 0.05002748 0.04911984 0.0081359  0.03922738 0.01649358 0.01215232 0.04917174]
 [0.02867884 0.01101399 0.76636827 0.02584475 0.02594747 0.0075393  0.04120342 0.04730246 0.02362153 0.02248001]
 [0.02477237 0.00857169 0.83064723 0.02748582 0.02717755 0.00491058 0.02684333 0.01362201 0.01024491 0.02572455]
 [0.01951306 0.0059613  0.8687819  0.02179993 0.02151489 0.00378476 0.02048865 0.00952373 0.00816517 0.02046671]
 [0.01761141 0.00532576 0.84368676 0.01526645 0.01537912 0.00512764 0.02772345 0.03854017 0.01822377 0.01311544]
 [0.02394609 0.01420498 0.8160423  0.02381733 0.0236817  0.00599668 0.0303409  0.02445857 0.01574278 0.02176862]
 [0.02960282 0.01280013 0.7645733  0.02704816 0.02710212 0.0072013  0.04099951 0.0421921  0.02469965 0.02378096]
 [0.03111769 0.02520973 0.7725297  0.03668629 0.03610652 0.00746627 0.03118284 0.01402921 0.01017055 0.03550132]
 [0.01858605 0.01232641 0.84583414 0.01832773 0.01827313 0.0061239  0.02609653 0.02477367 0.0129487  0.01670984]
 [0.02275519 0.00802491 0.81705505 0.02039789 0.02045419 0.00576414 0.03195102 0.03547952 0.0203155  0.01780243]
 [0.02344131 0.0189296  0.8271794  0.02840027 0.02786454 0.00469143 0.02336331 0.01028675 0.00792864 0.02791481]
 [0.01427841 0.00242368 0.8881748  0.01251744 0.01256255 0.00335123 0.02027052 0.02144464 0.01421603 0.0107609 ]
 [0.02423155 0.01577061 0.8219432  0.02770989 0.02733466 0.00616571 0.02741719 0.01325599 0.00976034 0.02641095]]
        Validation Criterion: 0.08001197
22:28:15      Epoch:   0      Batch:   0      OuterStep:  60      LossModel: 0.18697140     LossTerm2: 0.00000000     LossGates: 0.00000000      Time/Step(s): 29.6179Contributing envs to the losses:  [  1  12   0  33  42  45  35  13  38 142  14   6 146  30 145  29  18   4 149  31 141  19  20  47  40  16]
Gate kernel values:  [[-0.01204803 -0.00950342 -0.00487377  0.02614855 -0.00979136 -0.0339433   0.02595419  0.00873225  0.00510097 -0.00752331  0.02016965  0.02440824 -0.01148504  0.03389162  0.03217664  0.01733042  0.00799844 -0.00112597  0.00563926  0.0370907   0.01008202 -0.02912457 -0.02629691  0.03409237  0.0184269   0.00790418  0.01431436 -0.01079984 -0.01588418 -0.01279937 -0.00246451  0.01872827  0.00160706  0.02589488  0.01000488 -0.01254     0.00576063 -0.01380703  0.00237136 -0.00719434]
 [-0.03975404 -0.042797   -0.08067401  0.06576627 -0.04540839 -0.07465405  0.03675523  0.05165423  0.05779352 -0.047815    0.02261722  0.0728445  -0.01117371  0.05091969  0.04907851  0.02918629  0.04513386 -0.06413543 -0.03159937  0.07763033  0.0386507  -0.03591847 -0.06416773  0.03848697 -0.02773065  0.07146944  0.05250049 -0.03871375 -0.04493982 -0.01960779  0.07684357  0.05233594 -0.06462045  0.0491902   0.04971218 -0.03562083  0.07359193 -0.03401414 -0.05893891 -0.05171633]
 [-0.01117246 -0.00978631 -0.00243316  0.00613511 -0.02688161  0.01117318  0.01659747  0.01178674  0.00037739 -0.01128292 -0.00343536  0.00199017 -0.00136969  0.00394592  0.00691215 -0.00919626  0.00233986 -0.00333055  0.00546264 -0.01702796  0.01312831 -0.01485427 -0.00749986  0.00607042  0.00402284  0.00832774  0.02287578 -0.02538115  0.02088048  0.00194989 -0.00130525  0.01762317  0.00385863  0.01218236  0.02174119 -0.01182103  0.00683668 -0.0230874   0.00526224  0.00234449]
 [-0.01208475 -0.01247361 -0.01147733  0.02724192 -0.01423932 -0.03416727  0.02509455  0.01308685  0.00825613 -0.01031268  0.02493228  0.02695533 -0.02098883  0.03274933  0.03165682  0.01014097  0.00865529 -0.00734947  0.00320281  0.03709137  0.01238872 -0.02773166 -0.02734757  0.03153076  0.01722624  0.0136444   0.01775762 -0.01447312 -0.0147176  -0.00951308  0.00799031  0.02039484 -0.00346219  0.02601889  0.01422764 -0.0127449   0.01295291 -0.01594787 -0.00140552 -0.00867659]
 [-0.01195235 -0.01233028 -0.01096205  0.02711815 -0.01397253 -0.03417149  0.02522349  0.0128431   0.00797405 -0.01001941  0.02436343  0.02681625 -0.02055824  0.03287116  0.03178707  0.01049959  0.00855053 -0.00695965  0.00302279  0.03709962  0.01231607 -0.02794915 -0.02729867  0.03182752  0.01689675  0.01319937  0.01761898 -0.01425785 -0.01481343 -0.00960591  0.00745407  0.02033169 -0.00312215  0.02599374  0.01400129 -0.01269484  0.0124014  -0.01590347 -0.00094779 -0.00853459]
 [-0.00331174 -0.0078027  -0.03018426  0.03703056 -0.01889475 -0.04524704  0.01779031  0.0165832   0.01168393 -0.01115787 -0.00837648  0.04102205  0.00790729  0.02734597  0.02595546  0.02376545 -0.00366163 -0.01475022 -0.00975694  0.04807204  0.00798653 -0.01225068 -0.03656673  0.0157738  -0.00339084  0.02676529  0.02564351 -0.01340758 -0.03039533 -0.01289794  0.01626475  0.02642364 -0.01056724  0.02533564  0.02115723 -0.00344167  0.02587413 -0.01147927  0.00212165  0.00337471]
 [-0.00864095 -0.00760385 -0.00076637  0.02034752 -0.01588627 -0.02882513  0.02286418  0.01310162  0.00514779 -0.00452304  0.01553603  0.01976733 -0.00108568  0.02785063  0.02705223  0.03038879  0.0026568  -0.00285841 -0.00207213  0.03225331  0.00766097 -0.03197662 -0.02114889  0.03617677  0.00696857  0.00588528  0.01284733 -0.01667771 -0.0259519  -0.02046175 -0.00792817  0.01572245  0.00107502  0.02094458  0.01193827 -0.00935677  0.00348646 -0.02040552  0.00713929 -0.00017252]
 [-0.00029587 -0.00487059  0.0166011   0.01031873  0.00301209 -0.02403808  0.01748894  0.00003234 -0.00047063 -0.00013144  0.00100638  0.00677028  0.03098125  0.03338763  0.02941588  0.05210654 -0.00172798  0.01861211 -0.0128151   0.02853738 -0.00309658 -0.022245   -0.01186889  0.04337364 -0.01477368 -0.01618067  0.00285875 -0.00225378 -0.04414994 -0.03323616 -0.02982937  0.01188081  0.01678103  0.02230534  0.00150981 -0.00040197 -0.01873297 -0.0038155   0.01906588  0.00744481]
 [-0.01315831 -0.01014345  0.01275041  0.01449324  0.0004643  -0.02334947  0.02991087  0.01224914  0.00492449 -0.0072157  -0.00781163  0.01000133  0.02255502  0.03120827  0.02823542  0.03915392  0.00617803  0.01984352  0.0042626   0.02633246  0.01223122 -0.03003155 -0.01541345  0.03793023  0.0102627  -0.00930403  0.0005702  -0.00201586 -0.01982649 -0.03364952 -0.02952967  0.01081433  0.01415901  0.02232893 -0.00578556 -0.0170033  -0.01457318 -0.01336863  0.01309494 -0.00444452]
 [-0.01267566 -0.01430585 -0.01441319  0.02764105 -0.01608593 -0.03399932  0.02497069  0.01530085  0.01034814 -0.01220472  0.02583815  0.02776971 -0.02430354  0.03225461  0.03140074  0.00732578  0.00963982 -0.01024338  0.00184909  0.03677293  0.01402619 -0.02723089 -0.02773843  0.03046626  0.01633135  0.01619475  0.01913573 -0.0160364  -0.01423583 -0.00866724  0.01276643  0.02110043 -0.00633186  0.02613012  0.01597853 -0.01342197  0.01608925 -0.01687334 -0.00326586 -0.00999782]]
Gate values for each environment (all envs): 
 [[0.04455003 0.03202875 0.68872035 0.04341964 0.04329881 0.0077556  0.05165235 0.02286331 0.02722415 0.03848695]
 [0.04063253 0.03273863 0.6881132  0.03890563 0.03899409 0.00778033 0.0557608  0.03282901 0.02993594 0.03430981]
 [0.02546567 0.00892942 0.8034028  0.0238951  0.0239417  0.00703913 0.03753107 0.02816485 0.02075578 0.02087455]
 [0.03175095 0.00657282 0.73826844 0.02676538 0.02704505 0.0096468  0.04924886 0.05579463 0.03266223 0.02224488]
 [0.04014306 0.00937423 0.69199795 0.0335451  0.03388046 0.00881225 0.05781753 0.05585413 0.04082866 0.02774651]
 [0.01756992 0.00301344 0.85595065 0.01573689 0.01580871 0.00454069 0.02826573 0.02490171 0.02069145 0.01352084]
 [0.03169363 0.01369118 0.7828245  0.03120762 0.03110513 0.00581377 0.03799086 0.01739884 0.02054621 0.02772821]
 [0.02657031 0.00762689 0.7849911  0.02398332 0.02410739 0.00795788 0.04090587 0.0389587  0.02428899 0.02060944]
 [0.02165588 0.00323992 0.8177286  0.01876071 0.0188947  0.00632471 0.03508623 0.03750324 0.02496917 0.01583693]
 [0.02288807 0.01171705 0.81142515 0.02200677 0.02203302 0.00692032 0.03565367 0.02853969 0.01926652 0.01954973]
 [0.01881428 0.0050477  0.85435194 0.01768019 0.01769958 0.00468803 0.02774332 0.02179075 0.01670915 0.01547513]
 [0.00683749 0.00040813 0.94138294 0.0063095  0.00632885 0.00177577 0.01180709 0.01018131 0.00948231 0.0054866 ]
 [0.02574514 0.01033698 0.8175385  0.0254846  0.0254336  0.00442722 0.03321113 0.01683251 0.01825699 0.02273338]
 [0.03292859 0.01807831 0.77395636 0.032619   0.03246464 0.00584054 0.03818661 0.01574796 0.02105384 0.02912414]
 [0.0300932  0.00733583 0.78810555 0.02799895 0.02804861 0.00523237 0.04020787 0.02572099 0.02306428 0.02419238]
 [0.02444683 0.00754462 0.8055012  0.02130768 0.02143113 0.00523229 0.03631435 0.0295159  0.03049559 0.01821037]
 [0.07072844 0.03898664 0.47871068 0.06281552 0.06340305 0.01770247 0.09594899 0.07924798 0.03976721 0.05268912]
 [0.07667594 0.12453067 0.35934877 0.07070975 0.07124608 0.01979368 0.10484204 0.07357462 0.03861305 0.06066543]
 [0.06058168 0.05856142 0.5187443  0.05638021 0.05676746 0.0180748  0.08596355 0.06351467 0.03287257 0.04853942]
 [0.05450422 0.27310035 0.3511423  0.05501963 0.05508608 0.01919257 0.07519677 0.04383448 0.02326161 0.04966205]
 [0.06560759 0.09064289 0.45480543 0.06193208 0.06232835 0.02065265 0.09237609 0.06622466 0.03180292 0.05362731]
 [0.07455666 0.13788348 0.33704078 0.0644037  0.0651314  0.01807124 0.10784584 0.08129341 0.05934122 0.05443224]
 [0.06357068 0.02697976 0.54834926 0.05888021 0.059183   0.01515096 0.08312079 0.06523372 0.02947553 0.05005611]
 [0.07129148 0.12363483 0.3575566  0.06192997 0.06254177 0.02110175 0.10666221 0.08747427 0.05538666 0.05242046]
 [0.06808646 0.04830418 0.50863993 0.06563243 0.06581413 0.01749844 0.08638111 0.0575291  0.02541087 0.05670337]
 [0.07264741 0.20109577 0.31101382 0.06927464 0.06966237 0.02308814 0.0982444  0.06398699 0.03063618 0.06035026]
 [0.06426806 0.04728528 0.4090903  0.05079472 0.05163809 0.01812027 0.10880516 0.13205566 0.07662658 0.04131581]
 [0.06131107 0.08614404 0.48685443 0.05904756 0.05926621 0.02055381 0.08645839 0.06078981 0.02799366 0.0515809 ]
 [0.08430966 0.17462061 0.23215279 0.07140843 0.07234151 0.02068727 0.12257308 0.10480554 0.05768507 0.05941593]
 [0.06825855 0.18090414 0.37665784 0.06803071 0.06805929 0.0176355  0.08687842 0.0465014  0.0266135  0.0604605 ]
 [0.07378473 0.1385341  0.3589035  0.06558692 0.06608745 0.01557255 0.10300986 0.06998524 0.05253009 0.05600557]
 [0.05575449 0.28857404 0.33944058 0.05777159 0.05770023 0.01794923 0.07236532 0.03761811 0.0202498  0.05257652]
 [0.05270644 0.02996916 0.5837506  0.04456395 0.04494294 0.01369709 0.07864527 0.06974713 0.04492959 0.03704782]
 [0.05261624 0.06950136 0.5758891  0.04717514 0.04736596 0.01222159 0.0699143  0.04395054 0.04076681 0.04059889]
 [0.04937419 0.07362773 0.55721605 0.04522322 0.04559242 0.01991946 0.07389108 0.06211696 0.03383541 0.03920349]
 [0.05129884 0.0647521  0.58999425 0.04617974 0.04638187 0.0126723  0.06785771 0.04200193 0.0390733  0.03978798]
 [0.04799585 0.04656629 0.56154376 0.04143129 0.04176644 0.01654151 0.07938316 0.08280616 0.04681804 0.03514764]
 [0.044746   0.04163107 0.5889753  0.03835133 0.03869655 0.01583226 0.07372987 0.07785704 0.04764573 0.03253479]
 [0.04986081 0.05222347 0.5940888  0.04362549 0.04387913 0.0136876  0.07034349 0.05229893 0.04284913 0.03714313]
 [0.04534678 0.04001333 0.5652949  0.03888926 0.03924128 0.02016179 0.07707226 0.09731815 0.04377936 0.03288288]
 [0.04252137 0.02487945 0.63477737 0.03599745 0.03637705 0.01254436 0.06745439 0.06763926 0.04751812 0.03029123]
 [0.04197083 0.01739474 0.6372215  0.03653396 0.03687748 0.01357643 0.06942404 0.07995095 0.03629795 0.03075225]
 [0.04663487 0.03185737 0.63203907 0.04068419 0.0409911  0.01144532 0.06575574 0.05274474 0.04323425 0.03461322]
 [0.03938976 0.03013013 0.64053684 0.03483482 0.03512943 0.01240282 0.06659368 0.07243024 0.03870732 0.02984486]
 [0.03334912 0.02889364 0.6914871  0.0303905  0.03065636 0.01234507 0.05610532 0.05735832 0.03293013 0.02648452]
 [0.04628686 0.05681367 0.6146788  0.04108953 0.04129649 0.01295876 0.06491391 0.04584293 0.04077711 0.03534194]
 [0.03777077 0.01651707 0.68729895 0.03294698 0.03319801 0.01010551 0.05875087 0.05764581 0.03778213 0.02798378]
 [0.03930387 0.01837935 0.67924875 0.03376211 0.03402645 0.01011177 0.0589827  0.05552756 0.04212014 0.02853733]
 [0.01305826 0.04759049 0.8425419  0.01712656 0.01681984 0.01053751 0.02035145 0.01127435 0.00332168 0.01737793]
 [0.01357881 0.01964508 0.86792547 0.01674222 0.01653449 0.01033547 0.02138576 0.01361323 0.00385187 0.01638752]
 [0.00487187 0.00030949 0.9587032  0.00478447 0.00478076 0.00167776 0.00835676 0.00779286 0.00448084 0.00424205]
 [0.00191488 0.00001792 0.9799535  0.00174911 0.00175673 0.00064158 0.00382934 0.0051226  0.00350791 0.00150637]
 [0.00927553 0.00560731 0.92588246 0.01107547 0.01092437 0.00358308 0.01260322 0.00697797 0.00334536 0.01072539]
 [0.01561995 0.06759523 0.8074256  0.02068982 0.02029251 0.01077737 0.02254833 0.01053847 0.00350009 0.02101242]
 [0.01585403 0.04670847 0.8246827  0.02023599 0.01990982 0.01054871 0.02378379 0.0141345  0.00393237 0.02020954]
 [0.00334838 0.00018739 0.9701512  0.00330195 0.00329491 0.00105717 0.00596579 0.00565798 0.00407339 0.00296191]
 [0.00866971 0.00119223 0.92678124 0.00851142 0.00850375 0.00346123 0.01484476 0.01322413 0.00725952 0.00755204]
 [0.00628451 0.00038352 0.9457137  0.00590083 0.00591393 0.00218497 0.01113464 0.01061278 0.00674392 0.00512737]
 [0.00248904 0.00011514 0.9784475  0.00255188 0.00253754 0.00070289 0.00422424 0.00373097 0.00287169 0.00232917]
 [0.00884831 0.0036644  0.92998326 0.01005525 0.00995245 0.00342401 0.01257811 0.00810124 0.00386973 0.00952313]
 [0.0143378  0.01797274 0.8647382  0.01689848 0.01672827 0.00987705 0.02262966 0.015493   0.00504299 0.01628163]
 [0.01353201 0.0130696  0.88145167 0.01545457 0.01527836 0.00655554 0.0209266  0.01332342 0.00568084 0.01472759]
 [0.01550024 0.03682961 0.8406983  0.02000256 0.01969617 0.00927215 0.02221569 0.01238955 0.00342836 0.01996734]
 [0.00870967 0.00149506 0.92906725 0.00861347 0.00860739 0.00277359 0.01397352 0.01095624 0.00808601 0.00771761]
 [0.05457218 0.02357115 0.5063071  0.03873626 0.03945706 0.01315599 0.08528501 0.08568705 0.12288191 0.03034628]
 [0.00107123 0.9855858  0.00466038 0.00137404 0.00135733 0.00172331 0.00178955 0.00072419 0.00027554 0.00143843]
 [0.02205388 0.64622504 0.18524243 0.02576058 0.02556964 0.01728173 0.03135443 0.01537989 0.00602293 0.02510944]
 [0.01053904 0.00001112 0.21500358 0.00405139 0.00429231 0.00056931 0.02822884 0.21859156 0.51624507 0.00246789]
 [0.00052338 0.99200696 0.00280364 0.00071977 0.00071065 0.00113235 0.00087723 0.00032416 0.00011826 0.00078372]
 [0.00292821 0.9647788  0.01122456 0.00343071 0.00341182 0.00309608 0.00462537 0.00213897 0.00094091 0.0034246 ]
 [0.04651178 0.01462887 0.5158725  0.03258297 0.03327846 0.01130121 0.08984174 0.10665052 0.12401799 0.02531405]
 [0.02215427 0.00085529 0.70600957 0.01425865 0.01462144 0.0027245  0.04619011 0.06441223 0.11808366 0.0106903 ]
 [0.00366785 0.95295966 0.01589215 0.00422016 0.00419384 0.00456225 0.00609914 0.00301724 0.00121583 0.00417179]
 [0.0051708  0.00000119 0.5423232  0.00212593 0.00223764 0.0002197  0.01378117 0.08853973 0.344264   0.00133665]
 [0.00187357 0.97808117 0.00677904 0.00237811 0.00234553 0.0022502  0.00261978 0.00085622 0.00037162 0.00244482]
 [0.00309809 0.00000049 0.6684589  0.00131539 0.00137821 0.00011113 0.00832483 0.04041    0.2760581  0.00084484]
 [0.00210215 0.9770801  0.00782409 0.00259361 0.0025477  0.00152104 0.00254889 0.00065356 0.00048794 0.00264088]
 [0.0100899  0.8910735  0.04220342 0.0116441  0.01148101 0.00441235 0.01158623 0.00339119 0.00275261 0.01136564]
 [0.00761959 0.00000388 0.408511   0.00309266 0.00326488 0.00038869 0.02122092 0.14528973 0.4086808  0.00192789]
 [0.00965802 0.90612227 0.02966001 0.01027091 0.01019182 0.0037742  0.0121235  0.00463322 0.00382587 0.00974021]
 [0.00609415 0.92638505 0.02910346 0.00699598 0.00691641 0.0045642  0.00798056 0.00327164 0.00180735 0.0068811 ]
 [0.00039295 0.99369717 0.00189052 0.00053818 0.00053242 0.0011877  0.00074383 0.00034349 0.00008827 0.00058549]
 [0.01156368 0.8986698  0.02951251 0.01526262 0.01492259 0.00268886 0.00943293 0.00139411 0.00119644 0.01535664]
 [0.00724299 0.93450207 0.01978484 0.00910205 0.00890863 0.00214384 0.00681769 0.0012462  0.00114231 0.00910939]
 [0.00031641 0.99471277 0.00138626 0.00043514 0.00043139 0.00117051 0.00065781 0.00034173 0.0000733  0.00047465]
 [0.00722487 0.93846685 0.01812635 0.0091738  0.00895596 0.00142087 0.00568112 0.00071222 0.00103967 0.00919833]
 [0.00040902 0.9933356  0.00189255 0.00055865 0.00055438 0.00131581 0.00080951 0.00042055 0.00009608 0.000608  ]
 [0.0039832  0.9581964  0.01531562 0.00458294 0.00451398 0.0019264  0.00447017 0.00133768 0.00114153 0.00453198]
 [0.00221846 0.9714204  0.01054046 0.00281583 0.00277457 0.0026076  0.0031129  0.00111011 0.00049458 0.002905  ]
 [0.00536527 0.9271179  0.02485838 0.006341   0.00630482 0.00654683 0.00966974 0.00592013 0.0015813  0.00629459]
 [0.00017183 0.9970601  0.00079963 0.00024962 0.00024631 0.00067909 0.00033572 0.00014487 0.00003254 0.00028017]
 [0.0299134  0.6183042  0.11986382 0.03196555 0.0320289  0.03923983 0.04943116 0.04384148 0.0060736  0.0293379 ]
 [0.00015099 0.9971921  0.00069647 0.00021873 0.00021628 0.00076072 0.00032638 0.00016312 0.00002989 0.00024545]
 [0.02840442 0.7345519  0.07163929 0.03109251 0.03092795 0.01587619 0.03740136 0.01659944 0.00489192 0.02861507]
 [0.00955373 0.90974325 0.02956747 0.01135751 0.0111971  0.00324394 0.00984142 0.0022646  0.00208295 0.01114787]
 [0.00074651 0.9899095  0.0034977  0.00102357 0.0010055  0.0011841  0.00106883 0.00033427 0.00012876 0.00110129]
 [0.03006296 0.03672043 0.7054789  0.02805268 0.02819247 0.01251733 0.05425948 0.04907534 0.03088573 0.02475469]
 [0.03483331 0.03132803 0.6833351  0.03199082 0.03214597 0.01515543 0.0570348  0.05405448 0.03219071 0.02793124]
 [0.04090419 0.02589097 0.656492   0.03689151 0.03713487 0.01687672 0.06498852 0.06044869 0.02887451 0.031498  ]
 [0.03056608 0.03022025 0.7169592  0.02833814 0.02840339 0.00779935 0.05169641 0.04586982 0.03502765 0.02511971]
 [0.03531007 0.02917724 0.6798365  0.03209367 0.03227387 0.01509688 0.05812065 0.05642863 0.03377853 0.02788386]
 [0.02944071 0.02783542 0.7028236  0.02580095 0.0259855  0.00780023 0.05274483 0.05660721 0.04849802 0.02246355]
 [0.03312789 0.0281558  0.70523435 0.03076021 0.03088234 0.01353175 0.05122441 0.04860616 0.03139452 0.02708252]
 [0.02997892 0.01483309 0.710722   0.02568066 0.02591321 0.00905349 0.05289169 0.06730941 0.04173363 0.02188389]
 [0.03151232 0.0221312  0.7037401  0.02781849 0.02798012 0.00988568 0.05455735 0.05840774 0.03990926 0.02405771]
 [0.03201731 0.03166878 0.68812805 0.02819665 0.02836101 0.01046141 0.05598736 0.05575544 0.04496019 0.02446369]
 [0.03674123 0.02810776 0.68348897 0.03298078 0.0331295  0.01188153 0.05695305 0.05349169 0.03468996 0.02853546]
 [0.0340194  0.03445197 0.7028581  0.03341446 0.033423   0.01524871 0.05264224 0.0426796  0.02139292 0.02986971]
 [0.03229892 0.02551541 0.6983946  0.02952954 0.02966631 0.01431175 0.05496126 0.06028233 0.02930803 0.02573181]
 [0.03381756 0.04056626 0.68800586 0.0324135  0.03247717 0.00860617 0.05678654 0.04500574 0.03330509 0.02901612]
 [0.03117699 0.03277338 0.6937833  0.0284618  0.02860529 0.01368175 0.05440557 0.05880468 0.03335049 0.02495667]
 [0.03363361 0.04939468 0.6751011  0.03180904 0.03190706 0.00973865 0.05671006 0.04685575 0.03648067 0.02836926]
 [0.0546128  0.04465304 0.44248334 0.04372748 0.04449539 0.02485761 0.10519791 0.142511   0.06184286 0.03561864]
 [0.07207789 0.07765117 0.36185443 0.05589804 0.0567133  0.02153309 0.11135142 0.11794742 0.07987077 0.04510244]
 [0.04263328 0.05554034 0.57024884 0.03806164 0.03833389 0.02193896 0.07456188 0.08853614 0.03732541 0.03281964]
 [0.04265477 0.03627493 0.6146382  0.03775445 0.03801081 0.01517954 0.06916296 0.0745017  0.0394264  0.03239626]
 [0.04610103 0.04432012 0.58006626 0.04041141 0.04072093 0.01714055 0.07583833 0.07914663 0.04178882 0.03446601]
 [0.04535223 0.02893276 0.5247761  0.03636168 0.03691001 0.02578907 0.08700928 0.1300314  0.05509668 0.02974076]
 [0.06970323 0.0742598  0.37873626 0.05552432 0.05626596 0.02606485 0.11097245 0.11942828 0.06391466 0.04513016]
 [0.06020222 0.07995644 0.50384647 0.05440583 0.05473    0.01946095 0.08642802 0.0615566  0.03306429 0.04634921]
 [0.04566479 0.15542613 0.46662712 0.04298377 0.04326582 0.02981272 0.07997915 0.07082297 0.02770186 0.03771565]
 [0.05552083 0.07425644 0.46107718 0.04861652 0.04916031 0.02433618 0.09560105 0.10760733 0.04258981 0.04123427]
 [0.04812511 0.02489396 0.52064013 0.03863342 0.03916579 0.02135124 0.08541055 0.13504364 0.05510079 0.03163537]
 [0.05132401 0.08175498 0.4933069  0.04704726 0.04740041 0.02443056 0.0877821  0.09231176 0.03394823 0.04069377]
 [0.06525895 0.10977352 0.41864565 0.06218857 0.06249218 0.02813843 0.09762558 0.07682083 0.02529465 0.0537616 ]
 [0.05324879 0.0623275  0.4722633  0.04492577 0.04547475 0.02302741 0.09394937 0.11715528 0.04999484 0.03763293]
 [0.05386627 0.11008542 0.41301596 0.04695848 0.04754345 0.03570265 0.09801521 0.11715104 0.03794089 0.03972064]
 [0.05396286 0.02348542 0.31276116 0.03938021 0.04043946 0.02843446 0.12088622 0.27276835 0.0772494  0.03063248]
 [0.02083609 0.0043212  0.818616   0.01786643 0.01803905 0.00514883 0.03479285 0.03404396 0.03119867 0.01513697]
 [0.03386128 0.0195643  0.69081384 0.02974278 0.03001158 0.01039594 0.05828826 0.06221784 0.03963379 0.02547048]
 [0.01817698 0.00452395 0.846351   0.01581717 0.01593994 0.00393352 0.02905572 0.02517771 0.02747416 0.01354984]
 [0.02005692 0.00340289 0.8128507  0.01682186 0.01701444 0.00547497 0.03587535 0.0413739  0.0330117  0.01411727]
 [0.01193532 0.00112402 0.87904847 0.00994487 0.01004724 0.00306648 0.02261619 0.02788965 0.02596046 0.00836745]
 [0.01592676 0.00240808 0.8425909  0.01344662 0.01358699 0.00490829 0.02993171 0.03778621 0.02806671 0.01134765]
 [0.02218069 0.01279023 0.8016805  0.02087033 0.02096692 0.0089417  0.03832135 0.03424487 0.02160191 0.01840148]
 [0.01928378 0.00879809 0.82550997 0.01793797 0.01803634 0.00778754 0.0342631  0.03211406 0.02053029 0.01573891]
 [0.01585802 0.00085988 0.79855907 0.01197482 0.01218173 0.00376143 0.03314679 0.06220087 0.05178206 0.00967542]
 [0.01173111 0.00058891 0.8776028  0.00944601 0.00954074 0.00269427 0.02208269 0.03033695 0.02818345 0.00779306]
 [0.01375328 0.00089009 0.84426975 0.01091487 0.01106643 0.00336245 0.02740541 0.04189599 0.03744986 0.00899201]
 [0.0118464  0.00229488 0.89379704 0.01107064 0.0111181  0.00476345 0.02089765 0.02023824 0.01424969 0.00972385]
 [0.01697622 0.00252146 0.83058435 0.01477792 0.01491265 0.00608634 0.03168529 0.04436076 0.02548457 0.01261047]
 [0.02538739 0.02528799 0.79445064 0.02617268 0.026085   0.00619584 0.03521201 0.02051825 0.01667383 0.02401624]
 [0.0258539  0.0285686  0.793229   0.02707278 0.02698371 0.00610446 0.03472915 0.01754882 0.01496852 0.02494125]
 [0.01142965 0.00026861 0.8434901  0.00850033 0.00865879 0.00305401 0.02570356 0.05084789 0.04126969 0.00677733]
 [0.02367589 0.00742015 0.7965703  0.02036432 0.02046413 0.0059084  0.03714027 0.03620092 0.03485353 0.01740193]
 [0.04304705 0.08859935 0.6350777  0.04392794 0.04369435 0.01104232 0.05145051 0.02290624 0.02034969 0.0399048 ]
 [0.03746079 0.05109005 0.7108224  0.03796206 0.03778754 0.00873214 0.04464873 0.01953868 0.01771286 0.0342448 ]
 [0.02807486 0.02510787 0.78369117 0.02750893 0.02741973 0.00634166 0.03640262 0.02122042 0.01953942 0.0246934 ]
 [0.02363669 0.00851097 0.7750149  0.01975552 0.01994188 0.00651999 0.04205001 0.04906543 0.03883563 0.01666904]
 [0.0277472  0.03181338 0.7802123  0.02798881 0.02787052 0.00737441 0.0357707  0.01986563 0.0160154  0.02534168]
 [0.02898548 0.04258318 0.7639287  0.02943163 0.0292432  0.00721457 0.03608484 0.01827247 0.01737794 0.02687797]
 [0.02404836 0.01210625 0.7736105  0.02135525 0.02147335 0.00735682 0.04102882 0.04808595 0.03240788 0.01852682]
 [0.02760973 0.01967311 0.76194984 0.02499479 0.02503558 0.00717619 0.04277167 0.03641048 0.03250973 0.02186888]
 [0.02615249 0.01142083 0.756412   0.02208429 0.02225553 0.0067393  0.04494694 0.04781358 0.04340614 0.01876876]
 [0.02430057 0.03027282 0.80430174 0.02530928 0.02512744 0.00713192 0.03009154 0.01603367 0.01407168 0.02335928]
 [0.02555627 0.0248368  0.7670868  0.02410451 0.02412209 0.00858246 0.04113839 0.03728915 0.02579237 0.02149113]
 [0.02910717 0.0138085  0.7399517  0.02495183 0.02510333 0.00739292 0.04698151 0.04945638 0.041939   0.0213076 ]
 [0.02475089 0.02761279 0.80133224 0.02510542 0.02494416 0.00542095 0.03232761 0.01821606 0.01730354 0.02298629]
 [0.02211471 0.00522802 0.79974806 0.01836151 0.01851043 0.0053542  0.03680462 0.03974237 0.03868351 0.01545251]
 [0.02792208 0.04927041 0.7547941  0.02810606 0.02797879 0.00925346 0.03840402 0.02190755 0.01679225 0.02557137]]
        Validation Criterion: 0.08867218
22:33:27      Epoch:   0      Batch:   0      OuterStep:  70      LossModel: 0.31297880     LossTerm2: 0.00000000     LossGates: 0.00000000      Time/Step(s): 29.5018Contributing envs to the losses:  [142 141   1   0  12   6 150 145 149 146  13  14 147 159 157 154  10  47  45  42   9  31 109  15   2  38]
Gate kernel values:  [[-0.01033863 -0.00813165 -0.00565199  0.0272014  -0.01349639 -0.03545202  0.02653941  0.00761852  0.0025112  -0.0070432   0.01628063  0.02563451 -0.00680151  0.03462675  0.0329704   0.01836152  0.00492061  0.00100403  0.00600354  0.03885928  0.00987386 -0.0295689  -0.02736485  0.03453895  0.01847507  0.00821073  0.01679022 -0.01380014 -0.01632913 -0.01388185 -0.00417331  0.01990485  0.00421684  0.02664593  0.01283144 -0.01128213  0.00606017 -0.01494873  0.00557981 -0.00291836]
 [-0.04015472 -0.04258028 -0.08297582  0.06559709 -0.04596189 -0.07504223  0.03506961  0.05203792  0.05864365 -0.04870006  0.02564578  0.07288632 -0.0151087   0.0498357   0.04790598  0.02528675  0.04562193 -0.06689502 -0.03239581  0.0781535   0.03870007 -0.03420277 -0.0637745   0.03643379 -0.0282431   0.07368797  0.05316029 -0.03902727 -0.04253714 -0.01510569  0.0804989   0.05199951 -0.06700639  0.04802257  0.05132693 -0.03513365  0.07650692 -0.03305105 -0.05941068 -0.05237158]
 [-0.01448007 -0.01176193 -0.001791    0.00447359 -0.02475328  0.01362914  0.01548106  0.01398512  0.00436148 -0.01257951  0.00023958  0.00050612 -0.00559583 -0.00127778  0.00244952 -0.01307502  0.00650132 -0.00601793  0.00512404 -0.01982149  0.01517526 -0.01331114 -0.00566643  0.00092338  0.00423844  0.00849693  0.02000148 -0.02383624  0.02124099  0.00432777  0.00120233  0.01403663  0.001149    0.00657684  0.01962149 -0.01471567  0.00709831 -0.02402913  0.00170797 -0.0033933 ]
 [-0.00941696 -0.01079689 -0.01311524  0.02827556 -0.01600473 -0.03569196  0.02412627  0.01198001  0.0060634  -0.0093357   0.02148251  0.02811094 -0.01878642  0.03273151  0.03182276  0.01034281  0.00521035 -0.00707079  0.00242792  0.03886709  0.01142267 -0.02654768 -0.02825669  0.03081801  0.01603062  0.01475054  0.01952145 -0.0158437  -0.01580354 -0.00997115  0.00838327  0.02090003 -0.00219311  0.02597267  0.0163363  -0.01052362  0.01435822 -0.01529851  0.00017926 -0.00441199]
 [-0.00933293 -0.01067314 -0.01256298  0.0281645  -0.01583548 -0.03570537  0.02433217  0.01174159  0.00577114 -0.00907204  0.02091746  0.02798576 -0.01822692  0.03289789  0.03199164  0.01072709  0.00512864 -0.00660867  0.00231835  0.03888458  0.01138624 -0.02684884 -0.02822817  0.0311749   0.01578275  0.01427833  0.01943441 -0.01571011 -0.0158573  -0.01007575  0.00774503  0.02088039 -0.00179999  0.02599244  0.01616351 -0.0105203   0.0137612  -0.01533984  0.00071608 -0.00427626]
 [-0.00296784 -0.00766232 -0.03013784  0.03681193 -0.01908723 -0.04496268  0.01733315  0.01653659  0.01139456 -0.01109986 -0.00842651  0.04073012  0.00816953  0.02692292  0.02556989  0.02325667 -0.00406761 -0.01474374 -0.00896321  0.04779922  0.00789577 -0.01163386 -0.03635331  0.01513618 -0.0027584   0.02676783  0.02579383 -0.01358405 -0.02967119 -0.01214253  0.01617808  0.02625626 -0.01041531  0.02496486  0.02144702 -0.0031451   0.02591188 -0.01129834  0.00233372  0.00389578]
 [-0.00780883 -0.00643268 -0.00085784  0.02206695 -0.0207267  -0.03094925  0.02549806  0.01185953  0.00189664 -0.00433594  0.01159239  0.02155536  0.0038076   0.03020116  0.029245    0.03258579 -0.00040141  0.00077838  0.00007569  0.0346707   0.00788151 -0.03465891 -0.02306914  0.03858294  0.00875669  0.00544309  0.01591582 -0.02085831 -0.02558456 -0.02209382 -0.01137672  0.01814357  0.00481636  0.02332724  0.0152419  -0.00898064  0.00269587 -0.02315558  0.01124262  0.00442591]
 [ 0.00034579 -0.00305983  0.02236304  0.00750747  0.00471617 -0.0226365   0.02473228 -0.00649666 -0.01095238  0.001633   -0.0088551   0.00356161  0.04014615  0.043577    0.03657743  0.06904446 -0.00412918  0.02752614 -0.00879501  0.02759757 -0.00439911 -0.03126469 -0.00953433  0.06219194 -0.01254154 -0.02308401 -0.00162287 -0.00050196 -0.04179227 -0.0467549  -0.03914007  0.01320014  0.0257309   0.03356623 -0.00671723 -0.00071178 -0.02625704 -0.0039698   0.02829702  0.01360166]
 [-0.00370282 -0.00686792  0.00236897  0.02659297  0.0001294  -0.03484654  0.02781829  0.01646361  0.01114022 -0.00217289 -0.00179482  0.0217734   0.01704825  0.04457142  0.04159178  0.03756978 -0.00331288  0.01113274 -0.002549    0.03782905  0.00446809 -0.02776971 -0.02786702  0.04515108  0.00488953  0.00104486  0.01431873 -0.00213992 -0.02893462 -0.02631197 -0.02129015  0.02513268  0.00589105  0.03602125  0.00686646 -0.00794365 -0.00448566 -0.00938936  0.00612532  0.00508534]
 [-0.00981772 -0.01254826 -0.01620306  0.02853209 -0.01724445 -0.03540166  0.02359412  0.01418641  0.00824238 -0.01107571  0.02245986  0.02876875 -0.02293291  0.03195957  0.03131033  0.00734879  0.00616199 -0.01032126  0.00074153  0.0384274   0.01287043 -0.02558876 -0.02846392  0.02940112  0.01472216  0.01738136  0.02052281 -0.01690735 -0.01548538 -0.00900867  0.0136866   0.02132017 -0.00536605  0.02580873  0.017692   -0.01100306  0.01766359 -0.01577193 -0.0021621  -0.00582798]]
Gate values for each environment (all envs): 
 [[0.02360202 0.01946303 0.84042054 0.02325157 0.0231778  0.00543247 0.02782484 0.01042985 0.00552918 0.02086873]
 [0.02060045 0.01941122 0.8482745  0.02031076 0.02031916 0.00516203 0.02824445 0.01352813 0.00586488 0.01828446]
 [0.01865375 0.00661343 0.8665186  0.01749494 0.01753358 0.00628189 0.02681129 0.01895504 0.00586848 0.01526907]
 [0.02439413 0.00578848 0.81460047 0.02107296 0.02126416 0.00952035 0.03642511 0.03920444 0.01002304 0.01770693]
 [0.02553245 0.00615137 0.81954616 0.02143651 0.02163224 0.006987   0.03716946 0.03414741 0.00951289 0.01788445]
 [0.010389   0.00237976 0.9254959  0.00994337 0.00994954 0.00373218 0.01560503 0.01059022 0.00313807 0.00877681]
 [0.0162976  0.01515957 0.88541514 0.01779705 0.01763265 0.00441412 0.01822567 0.00522322 0.00326035 0.01657472]
 [0.01624405 0.00439654 0.87918186 0.01506033 0.0151143  0.00593554 0.02423985 0.02121907 0.00552964 0.01307897]
 [0.01426586 0.00282814 0.89442146 0.01315535 0.0132016  0.00553507 0.02132848 0.01923201 0.00465214 0.01138007]
 [0.01446305 0.00744218 0.89001435 0.01420117 0.01420403 0.00539358 0.0217454  0.01502351 0.00480053 0.0127121 ]
 [0.01035679 0.00640602 0.9238153  0.01109273 0.01102367 0.00384225 0.01359387 0.00671311 0.00290415 0.01025212]
 [0.00292751 0.00010082 0.9790334  0.0027154  0.00272349 0.00095322 0.00495832 0.00343922 0.00078801 0.00236052]
 [0.01261418 0.00612151 0.9162351  0.01269813 0.01265798 0.00281389 0.01613403 0.00627665 0.00295368 0.01149494]
 [0.01486466 0.0123273  0.89946765 0.0157103  0.01557628 0.00355361 0.01659874 0.0044913  0.00290926 0.01450104]
 [0.01381724 0.00631627 0.9073944  0.01427074 0.01420706 0.00358052 0.0172342  0.007028   0.00321745 0.01293416]
 [0.01235238 0.00289878 0.9141951  0.01061795 0.01068463 0.00334375 0.01883554 0.01386558 0.0041362  0.00906992]
 [0.0542983  0.02516694 0.59422344 0.04677102 0.04727897 0.01688815 0.0791603  0.07548334 0.02177704 0.03895246]
 [0.06890818 0.10879656 0.39818847 0.06008031 0.06072281 0.02224894 0.10421202 0.09669364 0.02944579 0.05070325]
 [0.04131465 0.02822978 0.68037164 0.03783168 0.03813171 0.01525669 0.06236219 0.04860893 0.01543659 0.03245613]
 [0.0478118  0.22844931 0.4379421  0.04656855 0.0467162  0.01999459 0.06981888 0.04287715 0.01824048 0.04158099]
 [0.04996932 0.04507464 0.59648615 0.04569357 0.04608281 0.01929247 0.0762996  0.06219599 0.01978891 0.03911657]
 [0.06626497 0.13022003 0.380296   0.05367666 0.05445276 0.01972476 0.10667757 0.11138764 0.03257603 0.04472351]
 [0.05143069 0.02538147 0.63116026 0.04751138 0.04775252 0.01497151 0.06860632 0.05476205 0.01796963 0.04045413]
 [0.06379148 0.10741413 0.40562648 0.05276138 0.05341895 0.02347958 0.10430904 0.11466503 0.03043468 0.04409925]
 [0.05641087 0.04231655 0.58631945 0.05327309 0.05347954 0.01740797 0.07462986 0.05142609 0.01899159 0.04574503]
 [0.06754364 0.05210625 0.4659951  0.05948343 0.06009919 0.02279468 0.09821101 0.09561995 0.02831736 0.04982937]
 [0.05913556 0.05600114 0.42675442 0.04570944 0.04649101 0.02043081 0.10460661 0.17009048 0.03361288 0.03716767]
 [0.05422732 0.06102422 0.5545023  0.04944643 0.04978849 0.02083657 0.08152024 0.06540965 0.02092061 0.04232422]
 [0.07718476 0.15461376 0.22353818 0.05951496 0.06058809 0.02300044 0.12884478 0.18128248 0.04325085 0.04818174]
 [0.05811675 0.18554102 0.4363296  0.05625217 0.05634125 0.01793205 0.07791156 0.04263468 0.01927026 0.04967063]
 [0.06455691 0.14488666 0.40469506 0.05421199 0.05477452 0.01708285 0.09918041 0.08658506 0.0282772  0.04574938]
 [0.04871683 0.04275974 0.6359653  0.04615432 0.04633006 0.014651   0.06447563 0.04418203 0.01671955 0.04004558]
 [0.04742292 0.02879764 0.62925243 0.03857673 0.03896653 0.01425486 0.07277949 0.07634027 0.02182723 0.03178199]
 [0.04339388 0.07858647 0.6416705  0.03810102 0.03828241 0.01248492 0.05979316 0.03901356 0.01587558 0.03279847]
 [0.04489694 0.06512075 0.6041381  0.03977286 0.04015593 0.02032651 0.06824651 0.06309858 0.02010061 0.03414324]
 [0.04305431 0.07365885 0.6488904  0.03788496 0.03808145 0.01298092 0.05907105 0.03790975 0.01584308 0.03262536]
 [0.04389296 0.05381336 0.60713434 0.03717266 0.03748013 0.01686604 0.07118201 0.08095875 0.01999893 0.03150075]
 [0.04235611 0.04740976 0.62241197 0.03517966 0.03553109 0.01676482 0.06901671 0.08168435 0.01999253 0.029653  ]
 [0.04430418 0.06832624 0.6341469  0.03804751 0.0382834  0.01453337 0.06363113 0.04878488 0.01752131 0.03242103]
 [0.0407572  0.02945215 0.6301075  0.03376109 0.03411163 0.01956965 0.0679352  0.09639969 0.01971662 0.02818919]
 [0.03985656 0.03534671 0.66592485 0.03354748 0.03387529 0.01371903 0.06258108 0.06822644 0.0185349  0.02838761]
 [0.03594894 0.01676267 0.69544685 0.03113061 0.03141824 0.01336373 0.05874196 0.07420214 0.01672949 0.02625538]
 [0.04141216 0.04307306 0.6760512  0.0357583  0.03602412 0.01239991 0.05868459 0.05001083 0.01604806 0.03053776]
 [0.03341402 0.02155779 0.7062571  0.02841748 0.02870806 0.01170483 0.05650884 0.0735457  0.01583358 0.02405255]
 [0.03333005 0.02712782 0.69953746 0.02866012 0.0289841  0.01305594 0.05576462 0.07292119 0.01611161 0.02450712]
 [0.03854123 0.06278577 0.6799156  0.03372772 0.03390897 0.01305027 0.055083   0.03901074 0.01491041 0.02906633]
 [0.03934569 0.01527252 0.6826707  0.03166481 0.0320222  0.01135722 0.06157598 0.08149505 0.01845966 0.02613626]
 [0.03812128 0.03548463 0.6973847  0.03336325 0.0335605  0.01218716 0.05458348 0.05121002 0.01549884 0.02860622]
 [0.00748782 0.02332593 0.9149803  0.01090344 0.0106547  0.00672114 0.00990006 0.00311313 0.00158331 0.01133007]
 [0.00758821 0.01291064 0.92523044 0.01063957 0.01044068 0.00689106 0.01025301 0.0034666  0.00177011 0.01080954]
 [0.00202343 0.00020952 0.9853286  0.00230721 0.00228649 0.00097686 0.00295372 0.00129234 0.00045837 0.00216351]
 [0.00095293 0.00001314 0.9929066  0.00098859 0.00098563 0.00041563 0.00153579 0.00110759 0.00020211 0.00089203]
 [0.00444556 0.00385257 0.96471334 0.00588281 0.00577065 0.00197074 0.00515314 0.00146446 0.00084546 0.00590121]
 [0.00843215 0.01028131 0.9265124  0.01095182 0.01076573 0.00534169 0.01107206 0.00400202 0.00181828 0.01082258]
 [0.00881805 0.01674481 0.9141347  0.01207818 0.01184717 0.00642707 0.01152686 0.00422095 0.00202014 0.0121821 ]
 [0.00132701 0.00006192 0.9902994  0.00138455 0.00137802 0.0005     0.0021053  0.00135731 0.00031808 0.00126857]
 [0.00635376 0.00095661 0.9522035  0.00658211 0.00656083 0.00328255 0.00986917 0.00635398 0.00191776 0.00591968]
 [0.00301035 0.00025861 0.97835207 0.00313684 0.00312515 0.00138828 0.00470416 0.00243843 0.00074879 0.00283723]
 [0.0011318  0.00007234 0.99194324 0.00129646 0.00128188 0.00042212 0.00160789 0.00078927 0.00022404 0.00123083]
 [0.00466611 0.00299885 0.9642639  0.00585274 0.00576219 0.00209792 0.00566455 0.00196064 0.00099361 0.00573936]
 [0.00817437 0.01345081 0.92172426 0.01092041 0.01074121 0.0068083  0.01110327 0.00403575 0.00210609 0.01093536]
 [0.00792444 0.00756513 0.9344707  0.00963583 0.0094977  0.00440599 0.01088202 0.00430646 0.00198286 0.00932888]
 [0.00943806 0.03150411 0.89300174 0.01407004 0.01375114 0.00695502 0.01135425 0.00323893 0.00204827 0.01463838]
 [0.00494345 0.00100964 0.964233   0.00523727 0.00521608 0.0021657  0.00731618 0.00379808 0.0012754  0.00480522]
 [0.04485016 0.01349348 0.6444534  0.02804147 0.02874753 0.01176043 0.07934609 0.10468651 0.02333321 0.02128774]
 [0.00116893 0.9837231  0.00581198 0.00148184 0.00146346 0.00183839 0.00189998 0.00060521 0.00047517 0.001532  ]
 [0.01057308 0.8174743  0.09849527 0.01357618 0.01340073 0.0106737  0.01418558 0.00449938 0.00340993 0.01371188]
 [0.00669769 0.00000245 0.24407047 0.00203726 0.00218343 0.00039349 0.02146666 0.71176904 0.01020788 0.00117164]
 [0.00054163 0.9913937  0.00324685 0.0007662  0.00075485 0.0011435  0.00086173 0.00023571 0.0002214  0.00083458]
 [0.00211794 0.9717965  0.00979448 0.00254295 0.00252649 0.00283201 0.00350422 0.00138157 0.0009424  0.00256131]
 [0.03709764 0.00889117 0.6565443  0.02325924 0.02387479 0.00980103 0.0805141  0.12200311 0.02037453 0.01764013]
 [0.01110244 0.00018047 0.88054144 0.00597093 0.00617737 0.00139722 0.02761061 0.05724146 0.00549501 0.00428305]
 [0.00252313 0.9650849  0.01249831 0.00299568 0.00297323 0.00380891 0.00427788 0.00168487 0.00115937 0.00299361]
 [0.00407304 0.0000008  0.8037561  0.00145488 0.00154011 0.00021323 0.01140601 0.17272268 0.00393532 0.00089782]
 [0.00119742 0.98443353 0.00516348 0.00159523 0.00157018 0.00184362 0.00171581 0.00040878 0.00040889 0.00166318]
 [0.00180379 0.00000026 0.94593155 0.00067035 0.00070601 0.0000823  0.00499823 0.04416689 0.00121556 0.00042491]
 [0.00159291 0.98090005 0.00754597 0.00191889 0.00188806 0.00134221 0.0020209  0.00038661 0.00046959 0.00193469]
 [0.00680346 0.91539586 0.03903098 0.00775772 0.00765778 0.00375364 0.00825251 0.00190794 0.00188269 0.00755756]
 [0.00394912 0.0000003  0.21135439 0.00110245 0.00118998 0.0001977  0.01378541 0.76022154 0.00759019 0.00060903]
 [0.00826247 0.9065008  0.0371787  0.00849725 0.00845457 0.0042664  0.01151363 0.00433579 0.00299706 0.00799328]
 [0.00429188 0.94596344 0.02547331 0.0046278  0.00457814 0.00279749 0.00519258 0.00142279 0.00119958 0.00445289]
 [0.00045286 0.9931593  0.00221465 0.0006099  0.00060245 0.00108758 0.00077371 0.00025201 0.00019633 0.0006512 ]
 [0.00615154 0.93994176 0.02203994 0.00794808 0.00777498 0.00163125 0.00513559 0.00045336 0.00096886 0.00795463]
 [0.0053657  0.9466667  0.02116419 0.00629818 0.00617598 0.00158742 0.00504577 0.00059108 0.00095486 0.00615007]
 [0.00034693 0.9944142  0.00153373 0.00048553 0.00048028 0.00112941 0.00066331 0.0002463  0.00017362 0.00052657]
 [0.00486998 0.95475054 0.01777087 0.00557476 0.00546685 0.00100267 0.00405094 0.00032708 0.0007785  0.0054077 ]
 [0.00037692 0.9937213  0.00183326 0.00054223 0.00053631 0.00123311 0.00070088 0.00027449 0.00018636 0.00059519]
 [0.0028862  0.9673784  0.01509863 0.00300664 0.00297079 0.00127456 0.00315733 0.00062457 0.00072761 0.00287525]
 [0.0015571  0.9798589  0.00854937 0.00189105 0.00186306 0.00150181 0.00197149 0.00044284 0.00044736 0.00191716]
 [0.00642226 0.91194105 0.03473391 0.00754077 0.00747928 0.00677893 0.01044101 0.00477035 0.00250246 0.00739003]
 [0.00017358 0.9971457  0.00081064 0.00025796 0.00025385 0.00059848 0.00030699 0.00008816 0.0000764  0.00028796]
 [0.0300526  0.63130844 0.12488434 0.0340882  0.03399366 0.03262587 0.0434207  0.02631534 0.01174633 0.03156454]
 [0.00018982 0.99684983 0.00083177 0.00027393 0.00027035 0.0007086  0.00035873 0.00012106 0.00009369 0.00030229]
 [0.01389304 0.86948484 0.03714857 0.01567699 0.01554578 0.00750564 0.01757606 0.0044112  0.00414912 0.01460884]
 [0.00439855 0.95540124 0.01739443 0.00502678 0.00495864 0.0016396  0.00460473 0.00067889 0.00099573 0.00490154]
 [0.00063647 0.9915419  0.0033364  0.00083209 0.00081741 0.00079676 0.00081718 0.00015661 0.0001912  0.000874  ]
 [0.03010214 0.03678409 0.7272256  0.02675989 0.02694829 0.01346506 0.05216516 0.05068094 0.01263292 0.02323577]
 [0.0368661  0.03554868 0.68312407 0.03231431 0.03253863 0.01763767 0.05854265 0.059926   0.01576657 0.02773528]
 [0.0327411  0.02679253 0.73456883 0.03042664 0.03056572 0.01609499 0.05041248 0.03989293 0.01215909 0.0263458 ]
 [0.02507309 0.02917384 0.78224045 0.02262725 0.02270531 0.00762108 0.04111492 0.03915192 0.01035828 0.01993389]
 [0.03688266 0.03418297 0.68409336 0.03218159 0.03241708 0.01754372 0.05889774 0.06042668 0.01580993 0.02756429]
 [0.02356508 0.03225252 0.7839413  0.02056596 0.020703   0.00779764 0.04030825 0.04281919 0.01003457 0.01801252]
 [0.03278174 0.02133186 0.73190117 0.02864577 0.02885193 0.01399688 0.04860903 0.05633308 0.01293519 0.02461328]
 [0.02900765 0.00544202 0.70126134 0.02097676 0.02137442 0.00801883 0.05231801 0.1278938  0.01696333 0.01674382]
 [0.03079149 0.0101807  0.71550006 0.0233787  0.02371136 0.00963509 0.05371588 0.09805518 0.01596598 0.01906546]
 [0.02801072 0.03544531 0.75012714 0.02417568 0.02432956 0.01088373 0.04720469 0.04719371 0.01170328 0.02092621]
 [0.03346319 0.02636985 0.72744316 0.02885125 0.02902978 0.0124072  0.05124478 0.05300378 0.01355952 0.02462757]
 [0.03662816 0.01789355 0.70641583 0.0318448  0.03207543 0.01537078 0.05601967 0.0622867  0.0144755  0.02698966]
 [0.03276723 0.01281395 0.70861834 0.02665676 0.02695745 0.01369157 0.05490416 0.08629334 0.01516563 0.02213151]
 [0.0270077  0.04251208 0.7592732  0.02535086 0.02542067 0.00837812 0.04454346 0.03525667 0.00961811 0.02263914]
 [0.03090516 0.02862178 0.71875626 0.02670272 0.02691162 0.01440446 0.05174323 0.06538209 0.01365043 0.02292213]
 [0.02506308 0.04379595 0.7712155  0.02347235 0.02354632 0.00881759 0.04174022 0.03211341 0.00924436 0.02099124]
 [0.05124955 0.03201927 0.41258752 0.03792954 0.03877766 0.02670667 0.10540681 0.23006481 0.03514594 0.03011226]
 [0.06507502 0.08865092 0.40728137 0.04947267 0.05022667 0.02347498 0.10640986 0.13336773 0.03606488 0.0399759 ]
 [0.04323165 0.0289475  0.58013767 0.03486815 0.03532134 0.02172125 0.07548329 0.12873307 0.02275399 0.0288021 ]
 [0.04172497 0.02627692 0.6342149  0.03410371 0.03447033 0.01561874 0.06705443 0.09839982 0.0197634  0.02837267]
 [0.04301173 0.02900143 0.6167883  0.03462659 0.03504461 0.01674066 0.07163902 0.10310192 0.02141161 0.02863412]
 [0.0425387  0.02355725 0.5678378  0.03298032 0.03352519 0.02582426 0.08131142 0.14169353 0.02401356 0.02671804]
 [0.06120636 0.056612   0.43992913 0.04660345 0.04736606 0.02895508 0.107449   0.1413348  0.03317617 0.03736794]
 [0.05267    0.11792865 0.51709455 0.04810264 0.04832883 0.02044586 0.07597266 0.05642238 0.02155893 0.0414754 ]
 [0.04891995 0.09475263 0.48511338 0.04279946 0.04326064 0.03161636 0.08697335 0.10440614 0.025783   0.03637505]
 [0.05362104 0.08235053 0.44068718 0.04576347 0.04632562 0.02699474 0.09295116 0.1432278  0.02951333 0.03856526]
 [0.04105911 0.01703257 0.60521376 0.03253048 0.03299147 0.02049909 0.07138036 0.13075683 0.02200006 0.02653629]
 [0.04769449 0.05830045 0.5311318  0.04167864 0.04209621 0.02439422 0.08173542 0.1132602  0.02429091 0.03541762]
 [0.06132718 0.10795873 0.43516153 0.057776   0.05808653 0.02962134 0.0929096  0.08172964 0.02571103 0.04971847]
 [0.05034307 0.04329304 0.47696134 0.0393042  0.0399488  0.02342429 0.09143902 0.17276812 0.03048262 0.0320355 ]
 [0.05104667 0.07899094 0.45167667 0.04287584 0.04348774 0.03525701 0.09424563 0.13677898 0.02985343 0.03578712]
 [0.04384186 0.01340164 0.37171498 0.0311909  0.03204913 0.02530883 0.10208812 0.32278973 0.03341862 0.02419621]
 [0.00901496 0.0012896  0.93256223 0.00791665 0.00798213 0.00316416 0.01532577 0.01290483 0.00305118 0.00678846]
 [0.01844531 0.0056769  0.84611046 0.01596566 0.01612361 0.00722025 0.03291414 0.03664517 0.00729667 0.01360173]
 [0.00707354 0.00179672 0.94990563 0.00653016 0.00655655 0.00219699 0.01111828 0.00685917 0.0021985  0.00576446]
 [0.00960539 0.00124751 0.92383116 0.00828506 0.00836274 0.00362909 0.01722402 0.01715667 0.00361121 0.00704708]
 [0.00421306 0.00030449 0.96752685 0.00371103 0.00373554 0.00152664 0.00769266 0.00679163 0.00129799 0.00320001]
 [0.00748951 0.0006686  0.9377024  0.00634796 0.00641152 0.00292969 0.01399547 0.01636698 0.00271847 0.00536936]
 [0.01243856 0.00362258 0.89958024 0.01139393 0.01146453 0.00586028 0.0220012  0.01926558 0.00445695 0.00991616]
 [0.01036807 0.00297712 0.9150838  0.0097725  0.00982136 0.00531177 0.01853911 0.01563382 0.00389364 0.00859869]
 [0.01226576 0.00068197 0.8643536  0.00931707 0.00947    0.00360772 0.02417067 0.06235992 0.00618947 0.00758378]
 [0.00499264 0.00021043 0.96116096 0.00418714 0.00421769 0.00156178 0.00891631 0.00960511 0.00162773 0.00352024]
 [0.00580771 0.00028    0.94893795 0.00481092 0.00486261 0.0019666  0.01122918 0.01593099 0.00213002 0.00404405]
 [0.0060101  0.00051476 0.9527903  0.00549355 0.00552596 0.00280222 0.01065997 0.00956582 0.00187751 0.00475983]
 [0.01139575 0.00062706 0.88689655 0.00931118 0.00943254 0.00431114 0.02167447 0.0435785  0.00506298 0.00770987]
 [0.01539452 0.02440231 0.8744558  0.01644787 0.01635797 0.00461828 0.02023206 0.0085765  0.00412979 0.0153848 ]
 [0.01757146 0.03860063 0.8461883  0.01935576 0.01923508 0.00540519 0.02238633 0.00827164 0.00470236 0.0182832 ]
 [0.00790295 0.00025527 0.91975653 0.00626356 0.00635232 0.00280594 0.01586105 0.03235814 0.0033028  0.00514147]
 [0.02098448 0.0043403  0.84031475 0.01626918 0.01644198 0.00550745 0.03304989 0.04107559 0.00862123 0.01339523]
 [0.03149908 0.06854607 0.7352925  0.0316687  0.03153317 0.0098701  0.03860158 0.01566947 0.00864723 0.02867219]
 [0.02590186 0.04139857 0.7988466  0.02622541 0.02611097 0.00758928 0.03140508 0.01188083 0.00690915 0.02373236]
 [0.0214769  0.02063416 0.84264594 0.02038348 0.02035792 0.00578951 0.02813772 0.01552975 0.00692204 0.01812257]
 [0.02429053 0.00590006 0.7905468  0.01803542 0.01831052 0.00661519 0.04243501 0.06704633 0.01222738 0.01459275]
 [0.01885878 0.01739347 0.86256087 0.01829753 0.01826874 0.00580595 0.02471233 0.01193553 0.00583076 0.01633597]
 [0.01907377 0.01637975 0.8641084  0.0182126  0.01817333 0.0053656  0.0243175  0.01219525 0.00595829 0.01621555]
 [0.01837074 0.00877039 0.8466112  0.01589711 0.01600349 0.00623358 0.02953142 0.03720048 0.00766662 0.01371493]
 [0.0259957  0.02723742 0.7923207  0.02297162 0.02302645 0.0079996  0.03812759 0.03270411 0.00960734 0.02000928]
 [0.0279489  0.00675903 0.7600042  0.02018476 0.02050621 0.00690492 0.0481514  0.07932653 0.0140174  0.01619661]
 [0.01883609 0.01955968 0.8611943  0.01878822 0.01870688 0.0061874  0.02299782 0.0113816  0.00531989 0.01702823]
 [0.02090415 0.02300153 0.82528406 0.01942965 0.0194573  0.00802858 0.03146273 0.02738583 0.00779039 0.01725576]
 [0.02055928 0.01776471 0.83676267 0.01860585 0.01865003 0.00691243 0.03092987 0.02617699 0.00730258 0.01633549]
 [0.01883155 0.03204194 0.8473088  0.01929524 0.01916344 0.0052165  0.02348048 0.01117882 0.00569516 0.01778787]
 [0.01943896 0.00215084 0.8439545  0.01404633 0.01425946 0.00458567 0.03261874 0.04876068 0.00895541 0.01122928]
 [0.01744158 0.02040642 0.8635366  0.0172977  0.01724594 0.00670515 0.02404861 0.01200889 0.00569943 0.01560977]]
        Validation Criterion: 0.09515573
22:41:29      Epoch:   0      Batch:   0      OuterStep:  80      LossModel: 0.17989573     LossTerm2: 0.00000000     LossGates: 0.00000000      Time/Step(s): 29.2932Contributing envs to the losses:  [ 45  38  35  33  42 145  40  32 146  37  47  36  19  34  29 119 150 147  46  43  44  26   0  96  31  30]
Gate kernel values:  [[-0.01122612 -0.01137356 -0.00354106  0.02460892 -0.01646563 -0.03223364  0.02465546  0.01013749  0.00561537 -0.00890885  0.01768328  0.0223277  -0.00453642  0.03296405  0.03140401  0.01418649  0.00529785 -0.00071863  0.00721484  0.03569148  0.01313525 -0.02812253 -0.02488386  0.03366925  0.01735004  0.00665429  0.01675924 -0.01759399 -0.01244799 -0.01168716 -0.00461007  0.01790513  0.00171049  0.02423795  0.01443881 -0.01307338  0.00461638 -0.01639431  0.00765436 -0.00114015]
 [-0.0420556  -0.0452258  -0.08382269  0.06614213 -0.04830534 -0.07554916  0.03624075  0.05365689  0.06126974 -0.05006439  0.0299015   0.07366111 -0.01300946  0.05091134  0.04877859  0.0242991   0.04718888 -0.06855208 -0.03419796  0.07862768  0.04078327 -0.03575506 -0.0646707   0.03749534 -0.03120874  0.07506835  0.05494808 -0.04150261 -0.04182811 -0.01249872  0.08164416  0.05316485 -0.06873968  0.04835591  0.05335423 -0.0367868   0.0775576  -0.03496094 -0.05627232 -0.05273447]
 [-0.01261018 -0.00791954 -0.00336935  0.00660297 -0.02002742  0.01088827  0.01643877  0.01017166  0.00050663 -0.01015976 -0.00202632  0.0031883  -0.00790232  0.0000041   0.00366283 -0.00894518  0.00547454 -0.00428544  0.00403865 -0.01711299  0.01126397 -0.01375042 -0.00760694  0.00134755  0.00541563  0.00925514  0.01905588 -0.01830605  0.01738165  0.00167077  0.0013876   0.01530456  0.00339455  0.00878059  0.01681424 -0.01221167  0.00787732 -0.02123248 -0.00140932 -0.00491983]
 [-0.01049566 -0.0138706  -0.01086615  0.02612273 -0.01830489 -0.03308405  0.02279984  0.01386359  0.00860793 -0.01100961  0.02258319  0.02527657 -0.01645656  0.03181339  0.03095687  0.00729917  0.00574913 -0.00805151  0.00359657  0.03631619  0.01470406 -0.02552559 -0.02625528  0.03061962  0.01509182  0.01303244  0.019274   -0.01898005 -0.01277944 -0.0086001   0.00747876  0.01931895 -0.00399843  0.02427322  0.01716524 -0.01251386  0.01270498 -0.0166351   0.00215729 -0.00289422]
 [-0.01038469 -0.01376403 -0.01033081  0.02597956 -0.01816031 -0.03305076  0.02295488  0.01367081  0.00836125 -0.01075595  0.02205162  0.02511521 -0.01591471  0.03192453  0.03107395  0.00760464  0.00565236 -0.00764917  0.00348126  0.03628623  0.01465853 -0.02578247 -0.0261922   0.03092321  0.01481716  0.01258007  0.01919558 -0.01887585 -0.0127746  -0.0086461   0.00688971  0.01926801 -0.00365739  0.02423991  0.01703484 -0.01248565  0.01213226 -0.01666539  0.00270154 -0.00273769]
 [-0.00281875 -0.00789479 -0.02972538  0.03645936 -0.01921876 -0.04440759  0.01701312  0.01665411  0.01156603 -0.01114938 -0.00859335  0.04020326  0.00860066  0.02666657  0.02534052  0.0224911  -0.00431086 -0.0148322  -0.00839022  0.04721749  0.00801338 -0.01132058 -0.03603686  0.01499664 -0.00308996  0.02656583  0.02575623 -0.01383608 -0.02857146 -0.01129148  0.01598508  0.0259917  -0.01047772  0.02463326  0.02149166 -0.00310154  0.02569268 -0.01128163  0.00269999  0.00445364]
 [-0.00911121 -0.01029867  0.00171343  0.0190507  -0.0239665  -0.02717345  0.02422068  0.01474491  0.00529581 -0.00667433  0.0134421   0.01771312  0.00582301  0.02848862  0.02761122  0.0288429   0.00035674 -0.00050258  0.00162536  0.0309434   0.0115109  -0.03378528 -0.02025851  0.03787985  0.00791145  0.00361993  0.01610784 -0.02493666 -0.02106053 -0.01982561 -0.01214252  0.01628465  0.00280908  0.02090734  0.01728683 -0.0111219   0.00094047 -0.02503865  0.01392616  0.00635001]
 [-0.00087549 -0.00485839  0.0230075   0.0060744   0.00127495 -0.02064262  0.02430409 -0.00337465 -0.00920645 -0.00006807 -0.00787016  0.00186685  0.04112282  0.04164645  0.03490924  0.06486455 -0.00341674  0.02676341 -0.00729297  0.02558366 -0.00227546 -0.0309953  -0.00807583  0.06079766 -0.01232557 -0.02314307 -0.00128547 -0.00444421 -0.0380693  -0.04405237 -0.03903812  0.01225513  0.02521635  0.03158202 -0.00550037 -0.00225219 -0.02627726 -0.00633866  0.03043085  0.01415641]
 [-0.00362251 -0.00798024  0.00266962  0.0260969  -0.00106221 -0.03395123  0.02668998  0.01732881  0.01219825 -0.0027226  -0.00135846  0.02099269  0.017424    0.04383801  0.04100268  0.03505549 -0.00368079  0.01059321 -0.00224619  0.03689878  0.00525432 -0.02687836 -0.02741081  0.04439401  0.00441954  0.00099348  0.01472933 -0.00366219 -0.02738491 -0.02484399 -0.02116108  0.02470241  0.00517136  0.03499021  0.0076374  -0.00808225 -0.00453395 -0.00967821  0.00673817  0.00662187]
 [-0.01108818 -0.01549736 -0.01381719  0.02660194 -0.01935698 -0.03309999  0.02264433  0.01571922  0.01045684 -0.01266606  0.02341184  0.02618173 -0.02046953  0.03140463  0.03078119  0.00486085  0.00683835 -0.01086869  0.00198523  0.03618372  0.01618062 -0.02489636 -0.02670679  0.0295651   0.01396382  0.01554062  0.02021958 -0.01982589 -0.01280145 -0.0080381   0.01242465  0.01996414 -0.00677024  0.02446619  0.01823763 -0.0131608   0.01584719 -0.01719705 -0.00013151 -0.00448429]]
Gate values for each environment (all envs): 
 [[0.0261138  0.02003769 0.8245163  0.02552176 0.02547842 0.0060801  0.03239657 0.01154162 0.00549357 0.02282023]
 [0.02551294 0.02143222 0.8157235  0.02458598 0.02464444 0.00606395 0.03711141 0.01658445 0.00641957 0.02192163]
 [0.01892911 0.00622298 0.8657422  0.01772079 0.01777575 0.00662002 0.0280097  0.01820104 0.00537744 0.01540088]
 [0.02598822 0.00621363 0.7997507  0.02230485 0.02253529 0.01081617 0.03964955 0.04344658 0.01065707 0.01863816]
 [0.0295067  0.00919163 0.7908128  0.02540969 0.02562007 0.00907495 0.04324035 0.03561424 0.01016333 0.02136621]
 [0.0119987  0.00208077 0.9142104  0.0111001  0.01114306 0.00431591 0.0189565  0.01321472 0.0033729  0.00960703]
 [0.01927448 0.01098221 0.87446    0.01946085 0.01938052 0.00453483 0.02360356 0.00719978 0.0035473  0.01755655]
 [0.01678675 0.00488382 0.8764856  0.01569588 0.01575701 0.00634063 0.02532209 0.01992155 0.0051766  0.01363006]
 [0.01525178 0.00270992 0.88711965 0.01375503 0.01383483 0.00588821 0.02339768 0.02152436 0.00476503 0.01175348]
 [0.01589944 0.00943939 0.87913567 0.01582323 0.01582771 0.00629293 0.02415827 0.01455474 0.00470102 0.01416761]
 [0.01183187 0.00447856 0.9166409  0.01183183 0.01181725 0.00400303 0.01680115 0.0088742  0.00314009 0.01058112]
 [0.00453205 0.00025152 0.96818715 0.00443466 0.00444312 0.001764   0.0073823  0.00411468 0.00100313 0.00388738]
 [0.01672694 0.00765957 0.89069194 0.01656813 0.01654503 0.00351132 0.02244502 0.0077047  0.00327848 0.01486895]
 [0.01681588 0.01137448 0.8906836  0.01735461 0.01724057 0.00365885 0.01961538 0.00468118 0.00272631 0.01584893]
 [0.01610882 0.00430755 0.897011   0.01541924 0.01542811 0.00366085 0.02200747 0.00916933 0.00335407 0.01353354]
 [0.01620783 0.00485361 0.88811684 0.01431924 0.01439737 0.00488445 0.02479597 0.01547251 0.00463822 0.01231386]
 [0.04965755 0.02165731 0.6237022  0.04371834 0.0441658  0.01799435 0.07373016 0.06882206 0.01990657 0.03664549]
 [0.06686468 0.11396138 0.36597008 0.05800445 0.05868312 0.0267083  0.10839217 0.11907697 0.03344234 0.04889648]
 [0.04503769 0.07088    0.6084833  0.04477573 0.04496824 0.02161887 0.06448033 0.04309421 0.01712315 0.03953853]
 [0.04806367 0.18931939 0.4660993  0.0460701  0.04629194 0.02145165 0.07371403 0.04880247 0.01933327 0.04085416]
 [0.0465449  0.05250877 0.6082336  0.04456233 0.04486465 0.02178441 0.07104838 0.05328203 0.01845716 0.03871372]
 [0.06534206 0.1591297  0.33463702 0.05303166 0.05377506 0.02134137 0.11130466 0.12284253 0.03410826 0.04448789]
 [0.05165551 0.02703485 0.6243907  0.04795787 0.04821803 0.01614545 0.07038102 0.05497766 0.01840011 0.04083864]
 [0.06133687 0.10355085 0.3862245  0.05009027 0.05076742 0.02626885 0.1074392  0.13942645 0.03310304 0.04179246]
 [0.05486246 0.04386419 0.590445   0.05242784 0.05263    0.0186581  0.07376685 0.04930791 0.01890892 0.04512874]
 [0.0624149  0.04301338 0.482663   0.05510823 0.05573507 0.02533086 0.09483671 0.10529004 0.02950008 0.04610767]
 [0.05749693 0.0491184  0.41204548 0.04319458 0.04398149 0.01995291 0.1079646  0.19656399 0.03474893 0.0349327 ]
 [0.04868206 0.05828845 0.5884736  0.04603431 0.04629492 0.02237978 0.0739858  0.05700928 0.01901552 0.03983618]
 [0.07118372 0.17530793 0.20849635 0.05530808 0.05625235 0.02435449 0.125215   0.19369467 0.04495751 0.04522998]
 [0.05690275 0.236856   0.3886805  0.05562041 0.05568116 0.01864794 0.07850192 0.04051259 0.01918637 0.04941034]
 [0.06555364 0.18188201 0.3433825  0.05472412 0.055292   0.01842491 0.10722349 0.0971704  0.02999203 0.04635487]
 [0.05025008 0.04168301 0.62158936 0.04705955 0.04730167 0.01590591 0.06905913 0.04878242 0.01779322 0.04057565]
 [0.05574845 0.04224543 0.54362136 0.04455208 0.04503792 0.0174329  0.0889276  0.09839062 0.02750593 0.03653771]
 [0.05131954 0.0972741  0.5666321  0.04342932 0.04371746 0.01457633 0.07531414 0.05171654 0.01902471 0.03699576]
 [0.04782003 0.10151532 0.5365499  0.0425309  0.04293464 0.0241991  0.07478334 0.07005656 0.02299117 0.036619  ]
 [0.05059314 0.10045721 0.56870115 0.04330854 0.04359159 0.01532651 0.07344941 0.0486185  0.01890582 0.03704816]
 [0.04887218 0.06888688 0.5517476  0.04075492 0.04110135 0.01838194 0.08058075 0.09238108 0.02291452 0.03437866]
 [0.04700955 0.07144702 0.5595019  0.03868085 0.03906343 0.01886531 0.0782536  0.09191242 0.02264402 0.03262183]
 [0.05073266 0.08703873 0.56725657 0.04224551 0.04256543 0.01640904 0.07655714 0.06108319 0.02038694 0.03572477]
 [0.04557544 0.04805557 0.5627306  0.03767377 0.03804143 0.02276828 0.07653923 0.11342207 0.02373789 0.03145576]
 [0.04643975 0.04631205 0.5986818  0.03782862 0.03824393 0.0153623  0.07590417 0.08710813 0.02239289 0.03172643]
 [0.04474543 0.02890292 0.60126287 0.03855969 0.03892444 0.01731059 0.07557881 0.10002636 0.02232363 0.03236525]
 [0.05007065 0.05073589 0.60063255 0.04103234 0.04144621 0.01419224 0.07587148 0.07139662 0.02014985 0.03447217]
 [0.04164686 0.03886287 0.61046183 0.03513853 0.0355066  0.01544609 0.07373156 0.09848433 0.02103867 0.02968266]
 [0.03865518 0.0435201  0.6306515  0.03309672 0.03347262 0.01607992 0.06721777 0.08942093 0.01958969 0.02829564]
 [0.04607461 0.07571954 0.6120221  0.03863079 0.038924   0.01508008 0.06998409 0.0526409  0.0180631  0.03286083]
 [0.0438949  0.02706141 0.63621336 0.0363858  0.03673413 0.01398134 0.07036148 0.08453861 0.02038359 0.03044545]
 [0.03947422 0.02019949 0.6964567  0.03238276 0.03269582 0.01113406 0.06029817 0.06416324 0.01615152 0.02704412]
 [0.00939182 0.07028254 0.8512726  0.01407175 0.01375013 0.00960772 0.01196619 0.0030295  0.0020083  0.01461948]
 [0.00949047 0.01887038 0.9055951  0.01277923 0.01259105 0.00863286 0.01282412 0.00428026 0.00231458 0.01262204]
 [0.00289366 0.00019615 0.9798258  0.00305681 0.00304928 0.00122285 0.0044476  0.0019809  0.00057826 0.00274875]
 [0.00119044 0.0000051  0.9908007  0.00111711 0.00112415 0.00049786 0.00208676 0.0020007  0.00022738 0.00094973]
 [0.00760849 0.01345085 0.9347853  0.00997667 0.00979635 0.00295598 0.00847832 0.00179129 0.00124251 0.00991429]
 [0.0149623  0.02712761 0.8653611  0.01845576 0.01819978 0.00859934 0.01980501 0.00649108 0.00329875 0.01769932]
 [0.01205987 0.05976589 0.84586644 0.01693273 0.01660464 0.00941804 0.01522909 0.00430868 0.00271031 0.0171043 ]
 [0.00208303 0.0001513  0.9852566  0.00222713 0.00221704 0.00077866 0.00324712 0.00161152 0.00038801 0.00203955]
 [0.00771125 0.0009886  0.9416207  0.00783481 0.0078361  0.00437791 0.01227317 0.00818991 0.00226989 0.00689779]
 [0.00408926 0.0002945  0.97125304 0.00412257 0.00412308 0.0018305  0.00657089 0.00319825 0.00087686 0.00364101]
 [0.00169153 0.00007091 0.9885075  0.00179194 0.00178359 0.0005079  0.00254004 0.00120503 0.00026839 0.00163314]
 [0.00756564 0.00978661 0.9390188  0.00946969 0.00933073 0.00309536 0.00881124 0.002307   0.00138963 0.0092254 ]
 [0.01032651 0.01958279 0.9005453  0.01326643 0.01309896 0.00845659 0.01408563 0.00498714 0.00271268 0.01293816]
 [0.01177528 0.03036425 0.8843834  0.01490743 0.0146708  0.00669966 0.01555512 0.00441841 0.00264468 0.01458111]
 [0.01103471 0.03847444 0.8746163  0.01619197 0.01587592 0.00828284 0.01309658 0.00350079 0.00246964 0.01645674]
 [0.00665539 0.00074559 0.9526259  0.00647865 0.00649556 0.00265335 0.01067594 0.00635531 0.00162047 0.00569401]
 [0.05160381 0.00887144 0.5512664  0.02925684 0.0301329  0.01162701 0.10271764 0.16772105 0.02514965 0.02165325]
 [0.00115211 0.98336536 0.00647314 0.00141876 0.00140188 0.0017757  0.00185127 0.00059336 0.00051956 0.00144881]
 [0.00559972 0.89458287 0.05811995 0.0075274  0.00741626 0.00729032 0.00750763 0.00216716 0.0020591  0.00772962]
 [0.0064146  0.00000177 0.14639786 0.00193098 0.00206766 0.00033649 0.02302898 0.8113585  0.00733873 0.00112435]
 [0.00070307 0.98862946 0.00496419 0.00094384 0.00093077 0.0012111  0.00104447 0.00027228 0.00029839 0.00100234]
 [0.0012819  0.98174936 0.00671795 0.00157731 0.00156444 0.00197024 0.00211211 0.00077726 0.00064144 0.00160821]
 [0.04409553 0.00569351 0.54210734 0.02489766 0.02568017 0.00923193 0.10812601 0.19970042 0.02211687 0.01835063]
 [0.01987503 0.00038461 0.7936183  0.01064803 0.01100684 0.00226495 0.05252089 0.09481651 0.00715057 0.00771424]
 [0.00135981 0.98007226 0.00750312 0.00166279 0.00164686 0.002327   0.00226165 0.00079599 0.0006843  0.00168617]
 [0.00572738 0.00000035 0.3928738  0.00172198 0.00184041 0.00020371 0.01962076 0.5723015  0.00470361 0.00100645]
 [0.00070056 0.9900327  0.00360651 0.00095556 0.00093933 0.00127147 0.00098962 0.00022036 0.00027785 0.00100612]
 [0.00444153 0.0000003  0.8062373  0.00146715 0.00155503 0.0001355  0.01460167 0.16868554 0.00197509 0.00090084]
 [0.0009894  0.98731065 0.00489239 0.00123208 0.00121244 0.0011076  0.0013681  0.00027979 0.00034446 0.00126316]
 [0.00568343 0.9259534  0.03353994 0.00659399 0.00651493 0.003927   0.00755592 0.00193695 0.00181267 0.00648163]
 [0.00304668 0.00000013 0.09168112 0.00081128 0.00087717 0.000131   0.01204214 0.88629764 0.00466629 0.00044662]
 [0.00511467 0.9406856  0.02252923 0.00545286 0.00541685 0.00322856 0.0075667  0.00276891 0.00200002 0.00523681]
 [0.00435838 0.95122844 0.02192813 0.00429081 0.00425465 0.0021477  0.00522025 0.00139509 0.00115761 0.00401883]
 [0.00068251 0.9908892  0.00334443 0.00080319 0.00079589 0.00099037 0.00106024 0.00032999 0.00028983 0.00081423]
 [0.00434806 0.96359277 0.01067429 0.0053936  0.00527903 0.00091157 0.00358682 0.00024105 0.00062352 0.0053493 ]
 [0.0049075  0.9575399  0.01426447 0.00543671 0.00533973 0.00120489 0.00475743 0.00049788 0.00082234 0.00522895]
 [0.00059677 0.99167705 0.0028005  0.00072583 0.00072076 0.00108743 0.0010091  0.00034313 0.000295   0.00074441]
 [0.00427638 0.9673822  0.00952634 0.0045656  0.00448794 0.00071295 0.00378985 0.00027007 0.00063047 0.00435831]
 [0.00067767 0.9891824  0.00413871 0.00086482 0.00085772 0.00146313 0.00112229 0.00043969 0.00035204 0.00090146]
 [0.00237853 0.97729856 0.00894296 0.00232108 0.00229713 0.00085426 0.00268406 0.0004804  0.00055463 0.00218829]
 [0.00133968 0.9847936  0.00633161 0.00147102 0.00145228 0.00088037 0.00160196 0.00032277 0.00035785 0.00144886]
 [0.00803902 0.89642787 0.04387942 0.00884542 0.00877131 0.00617484 0.01192158 0.00461112 0.00290204 0.00842725]
 [0.00021887 0.9967809  0.0011111  0.00029004 0.00028605 0.00047566 0.00034324 0.00008843 0.0000962  0.00030943]
 [0.01329774 0.84999657 0.05474699 0.01548063 0.01537327 0.01066577 0.0163626  0.0050138  0.00453087 0.01453183]
 [0.0002799  0.9960645  0.00126665 0.00034923 0.00034615 0.00057934 0.0004673  0.00014399 0.00013824 0.00036483]
 [0.00788229 0.9298078  0.01788517 0.0089085  0.00882579 0.00406129 0.00993586 0.00196753 0.00237988 0.00834589]
 [0.0025889  0.9775513  0.00706533 0.0028405  0.00280221 0.00080781 0.00272524 0.00031881 0.00054121 0.00275885]
 [0.00057673 0.9932728  0.00264606 0.00067901 0.0006685  0.00049015 0.00069384 0.00011844 0.00016416 0.00069015]
 [0.03535714 0.05314108 0.66540986 0.03107526 0.03132079 0.01637417 0.06347826 0.0620922  0.01486874 0.02688256]
 [0.03730598 0.05285822 0.660616   0.03339095 0.03359078 0.0202333  0.06065124 0.05652455 0.01591737 0.02891156]
 [0.04015066 0.03097067 0.66045004 0.03495346 0.0352564  0.02032218 0.06599551 0.06520281 0.01725214 0.02944608]
 [0.03402637 0.05413591 0.6863322  0.0304283  0.03055604 0.01031199 0.05855721 0.05518162 0.01374065 0.02672973]
 [0.03565737 0.03854517 0.6883552  0.03110275 0.03133864 0.01870023 0.05905716 0.05564303 0.01493079 0.02666971]
 [0.03173731 0.06669308 0.68703854 0.02794689 0.02811928 0.01068666 0.05577815 0.05484688 0.01255421 0.02459905]
 [0.03851471 0.02503318 0.6616393  0.0321144  0.03244576 0.0174187  0.06025713 0.08775569 0.01776187 0.02705947]
 [0.03275939 0.00990886 0.6635949  0.02502924 0.02543482 0.01048273 0.05981567 0.13433902 0.01822098 0.02041436]
 [0.03470511 0.01606655 0.67341053 0.0271728  0.02751743 0.01179389 0.06189587 0.10782647 0.01716417 0.02244713]
 [0.03528118 0.05881982 0.6681016  0.03014439 0.03035662 0.01396879 0.06170556 0.06121738 0.01437307 0.02603154]
 [0.03975342 0.04770993 0.64740336 0.03452043 0.03473077 0.01676589 0.06346285 0.06886768 0.01726052 0.02952517]
 [0.03935342 0.01938374 0.6684759  0.0334118  0.03371604 0.01770412 0.0628166  0.07993235 0.01719915 0.02800686]
 [0.03619568 0.02231639 0.65722215 0.03033989 0.03065175 0.01821963 0.06171367 0.0998673  0.01805608 0.02541746]
 [0.03537419 0.06712746 0.6695465  0.0328146  0.03294248 0.01095324 0.06176848 0.04826035 0.01205998 0.02915275]
 [0.03614964 0.03825687 0.64983034 0.03036077 0.03065745 0.0179371  0.0629892  0.09056343 0.01749786 0.02575714]
 [0.03527934 0.11107058 0.6295053  0.03307404 0.03318235 0.01258978 0.06081867 0.04236381 0.01244768 0.02966852]
 [0.04772419 0.03365891 0.40678197 0.03564659 0.03643031 0.02942922 0.10102617 0.24432841 0.0365136  0.02846076]
 [0.06738526 0.10053582 0.321497   0.04888053 0.04972215 0.025707   0.11866628 0.18501751 0.04355812 0.03903028]
 [0.04359808 0.03040572 0.5175467  0.03459935 0.03511979 0.02681743 0.07975543 0.17572244 0.02815713 0.02827789]
 [0.04468293 0.03868628 0.5799096  0.03669773 0.03708824 0.0189182  0.07418421 0.11599641 0.02324252 0.03059389]
 [0.04786347 0.04367204 0.5368201  0.03822995 0.03871001 0.02074176 0.08275632 0.13287427 0.02679685 0.03153516]
 [0.04437973 0.0292522  0.509317   0.03394329 0.03454045 0.02970567 0.08719499 0.17600799 0.02828998 0.02736863]
 [0.06069162 0.03714482 0.3542055  0.04255575 0.04348989 0.03245751 0.11513255 0.23786613 0.04344111 0.03301511]
 [0.05762043 0.10067447 0.48296207 0.04985857 0.05025406 0.02237602 0.08814213 0.07893012 0.02714998 0.04203205]
 [0.04693173 0.14954835 0.4269568  0.04171061 0.04213994 0.03610954 0.08476883 0.10762922 0.02850578 0.0356992 ]
 [0.04950256 0.07005867 0.44001567 0.04137194 0.0419476  0.02905204 0.09054177 0.16986193 0.03310827 0.03453961]
 [0.04341408 0.01975656 0.49940193 0.03333582 0.03390888 0.0261145  0.08014793 0.20675094 0.03040501 0.02676429]
 [0.04731211 0.07729383 0.48159233 0.04147368 0.0419036  0.02907958 0.08387868 0.13335635 0.02890046 0.0352095 ]
 [0.05836763 0.17204879 0.37635067 0.05555711 0.05583212 0.03276087 0.08997286 0.08231641 0.02875387 0.04803977]
 [0.04871384 0.05474232 0.45971584 0.03840819 0.03900992 0.02592727 0.09091443 0.17851347 0.03255792 0.03149666]
 [0.04820305 0.12534167 0.41023865 0.04156756 0.04210691 0.04017726 0.08984696 0.13518734 0.03225051 0.03508019]
 [0.05184023 0.05485097 0.33776113 0.0401239  0.04097068 0.03601506 0.11729085 0.2507796  0.03798772 0.03237984]
 [0.01095212 0.00133239 0.9183658  0.00961561 0.00970711 0.00413224 0.01919264 0.01527696 0.00323953 0.0081856 ]
 [0.02028385 0.00638885 0.83035046 0.0179629  0.01813205 0.00903712 0.03659172 0.03841945 0.0074804  0.01535328]
 [0.00944439 0.00209452 0.93450195 0.00861441 0.00866323 0.00290899 0.01540821 0.00842255 0.00241289 0.0075288 ]
 [0.01158653 0.0013287  0.9085593  0.0099636  0.01007042 0.00462255 0.02144958 0.02016414 0.00384376 0.00841135]
 [0.00546278 0.00037179 0.95891845 0.00479968 0.00483859 0.00199119 0.0101561  0.00799141 0.00136122 0.00410876]
 [0.00915731 0.00096621 0.92549133 0.00798264 0.0080594  0.00397192 0.01700957 0.01769423 0.00288474 0.00678271]
 [0.01325395 0.00422176 0.89304686 0.01251041 0.01258163 0.00725691 0.02348763 0.01846426 0.00424687 0.01092975]
 [0.01128681 0.0025808  0.9066049  0.01058979 0.01066226 0.00647833 0.02089721 0.01771495 0.00397869 0.00920644]
 [0.01382854 0.00086059 0.84238774 0.0108686  0.01103719 0.00483133 0.02734734 0.07332348 0.00661438 0.00890084]
 [0.0061533  0.00023075 0.95321333 0.00521436 0.00525722 0.00203629 0.01120057 0.01070745 0.00162079 0.00436607]
 [0.00704812 0.00046345 0.939935   0.0061971  0.00625186 0.00295678 0.01332996 0.01635639 0.00218133 0.00528011]
 [0.00775535 0.0010463  0.9395694  0.00746954 0.00750404 0.00444934 0.01321526 0.01029397 0.00215882 0.00653807]
 [0.01172719 0.00069928 0.88035625 0.00994249 0.01006577 0.00556936 0.02223313 0.04607623 0.00506325 0.00826706]
 [0.01635804 0.01582097 0.87821007 0.01676952 0.01672913 0.00435914 0.023173   0.00942678 0.00378484 0.01536855]
 [0.01885885 0.02373138 0.8542818  0.01977379 0.01972126 0.00518513 0.02602183 0.00965616 0.00454177 0.01822819]
 [0.00872572 0.00031488 0.911045   0.00715641 0.00725394 0.00367381 0.01735207 0.03525137 0.00332472 0.00590217]
 [0.03201191 0.01350532 0.75256944 0.02570987 0.02593545 0.00918095 0.05055805 0.05663038 0.01242405 0.02147457]
 [0.03932499 0.12115262 0.62985885 0.03913179 0.03901334 0.01382637 0.05062945 0.02059603 0.01120746 0.03525909]
 [0.03621607 0.09224571 0.68189573 0.03644526 0.03632484 0.01192885 0.04593296 0.01639338 0.00976812 0.03284911]
 [0.03309904 0.05168891 0.7341646  0.03129325 0.03128554 0.009743   0.04539208 0.02476539 0.01084786 0.02772043]
 [0.03282062 0.01264736 0.71478343 0.02484781 0.02519846 0.00933027 0.05834505 0.08617367 0.01555231 0.02030105]
 [0.02791203 0.04852371 0.7742289  0.02781126 0.02774038 0.00912997 0.0367198  0.01491369 0.00797986 0.02504058]
 [0.03184104 0.06316379 0.7314495  0.03111874 0.03103885 0.0106317  0.04237198 0.02019482 0.01030431 0.02788528]
 [0.02402558 0.02438725 0.7919848  0.02209564 0.02217603 0.00898036 0.03838103 0.03936805 0.00909577 0.0195055 ]
 [0.03124128 0.04704921 0.7389627  0.02813603 0.02817713 0.0096655  0.04694869 0.03471017 0.01039257 0.02471668]
 [0.03447297 0.01421711 0.70629066 0.02615409 0.0264952  0.00931834 0.05995236 0.08616655 0.01548245 0.02145031]
 [0.02645603 0.04306021 0.7886089  0.02651297 0.02641405 0.00916264 0.03315045 0.01538309 0.00723704 0.02401464]
 [0.02886876 0.04334368 0.7446197  0.02692966 0.02698432 0.01143528 0.04456582 0.03869068 0.01071765 0.02384442]
 [0.02795682 0.04175688 0.7647031  0.02562719 0.02566859 0.00906589 0.04277147 0.03077338 0.00901485 0.02266188]
 [0.02792251 0.05980176 0.7601123  0.02790377 0.02777788 0.0079107  0.03715049 0.01767184 0.00835935 0.02538944]
 [0.03151458 0.00628777 0.7376069  0.02317547 0.0235151  0.00808897 0.05460904 0.0821828  0.01435241 0.01866701]
 [0.02960958 0.06810551 0.7321626  0.02937698 0.02931417 0.01273451 0.04174027 0.02037987 0.01018801 0.02638854]]
        Validation Criterion: 0.06607591
22:46:23      Epoch:   0      Batch:   0      OuterStep:  90      LossModel: 0.32233292     LossTerm2: 0.00000000     LossGates: 0.00000000      Time/Step(s): 29.0958Contributing envs to the losses:  [ 33  35  38  45  42  32  40 119  47  29 146 145  37  36  34  26 113  46  21  19  43 147  30  44 153 148]
Gate kernel values:  [[-0.01249731 -0.01058057 -0.00087466  0.02140922 -0.01904037 -0.02943922  0.02364062  0.00808672  0.00418932 -0.00947443  0.01056549  0.01909947  0.00034407  0.03005365  0.02820905  0.01364912  0.00125099  0.00493665  0.00856335  0.03296268  0.01324058 -0.02690584 -0.02154565  0.03110876  0.01871491  0.0027681   0.01501726 -0.01897527 -0.01132977 -0.01129572 -0.00677062  0.01502985  0.00508491  0.02114321  0.0127771  -0.01231466  0.00049093 -0.01774486  0.0084467   0.00178426]
 [-0.04487809 -0.04552964 -0.08310192  0.06639443 -0.05137266 -0.07671192  0.03796174  0.0540415   0.06071216 -0.05278945  0.02067691  0.07455134 -0.01316302  0.05120373  0.04914919  0.02692017  0.04600851 -0.06662019 -0.0358584   0.08002108  0.04565858 -0.03690565 -0.06485496  0.03763216 -0.03108945  0.07376757  0.05625777 -0.04323295 -0.04507167 -0.01729957  0.08129161  0.05373986 -0.06919186  0.04867636  0.0542607  -0.03931519  0.07642184 -0.03789781 -0.05787337 -0.05333833]
 [-0.01513083 -0.00995014 -0.00165267  0.00626817 -0.02151521  0.0123045   0.01890742  0.01272601  0.00178164 -0.0112364   0.00414983  0.00262784 -0.00538047 -0.00024337  0.00321331 -0.00988781  0.01141627 -0.0039456   0.00745616 -0.01857715  0.0135467  -0.01629336 -0.00739855  0.0017709   0.00889745  0.00821418  0.01927776 -0.02052029  0.02074912  0.00143808 -0.00127015  0.01665525  0.00409803  0.00931975  0.01876138 -0.01622184  0.00695758 -0.02408603  0.00221008 -0.00846741]
 [-0.01167165 -0.01308193 -0.0084549   0.02355188 -0.02067017 -0.03094116  0.02213026  0.01223764  0.00730787 -0.01140801  0.01544875  0.02271541 -0.01117618  0.02964645  0.02858739  0.00661201  0.00202516 -0.0032941   0.00514971  0.03421763  0.01481222 -0.02456837 -0.0236287   0.02859947  0.01709561  0.00965806  0.0181909  -0.02026521 -0.01178714 -0.00803188  0.00537539  0.01716864 -0.00118049  0.02193237  0.01609154 -0.01191483  0.00907508 -0.01807948  0.00285685 -0.00042515]
 [-0.01156123 -0.0129661  -0.00790549  0.0233681  -0.02054061 -0.0308689   0.0222629   0.0120162   0.00703865 -0.0111607   0.01487695  0.02251287 -0.0106446   0.02971143  0.02865412  0.00693495  0.00189158 -0.00281815  0.00501323  0.03415053  0.01476515 -0.02480413 -0.02352036  0.02886683  0.01678097  0.00917051  0.01807522 -0.02016605 -0.0117887  -0.00810413  0.00478     0.0170733  -0.00079211  0.02185338  0.01592956 -0.01187047  0.00846914 -0.01810568  0.00341896 -0.00023214]
 [-0.00268586 -0.0074314  -0.02916146  0.03598357 -0.0193902  -0.04397934  0.01681195  0.01624237  0.01097768 -0.01087203 -0.01224272  0.03971437  0.00976454  0.02619044  0.02483014  0.02289359 -0.00538567 -0.0139265  -0.0079833   0.04679136  0.00778163 -0.01098453 -0.03557235  0.01445087 -0.00194824  0.02590522  0.02551171 -0.0138073  -0.02877034 -0.01183933  0.01531459  0.02557795 -0.0097743   0.02416089  0.02120262 -0.00269934  0.02499054 -0.01131342  0.00316212  0.00525951]
 [-0.01038147 -0.00843969  0.0047231   0.01561597 -0.02658616 -0.02409332  0.02356301  0.01139519  0.00274538 -0.00690386  0.00556385  0.01415064  0.00946561  0.02521564  0.02400004  0.02921864 -0.00503845  0.0051314   0.00278695  0.02795034  0.01139518 -0.03292678 -0.01665198  0.03514917  0.00895204 -0.00072266  0.01457538 -0.02640329 -0.02039029 -0.02000796 -0.01426781  0.01354422  0.00688213  0.01754028  0.0157338  -0.01018004 -0.00357394 -0.02649746  0.01506941  0.01063525]
 [ 0.00812893 -0.00011763  0.01938073  0.007543    0.01409233 -0.02407719  0.01758964 -0.0058546  -0.0089643   0.00761326 -0.00685067  0.00364839  0.03438639  0.04631135  0.03939271  0.06570941 -0.00974997  0.02356542 -0.01490753  0.02924794 -0.01207451 -0.02530728 -0.00932591  0.06568721 -0.02259962 -0.02010388 -0.00382878  0.0067114  -0.04426998 -0.04257987 -0.03488038  0.01082195  0.02251486  0.03525706 -0.01011586  0.00644695 -0.02323591  0.00473752  0.02382833  0.01834004]
 [-0.00431751 -0.00667304  0.00434471  0.02431303 -0.00258315 -0.03216608  0.02643499  0.01426102  0.00959672 -0.00261317 -0.00556431  0.01914323  0.01951709  0.04181172  0.03879402  0.03693608 -0.00661871  0.01314473 -0.00154543  0.03514346  0.00558987 -0.02651093 -0.0255746   0.04255609  0.00529764 -0.00108357  0.01337112 -0.00417054 -0.027123   -0.02697729 -0.02275223  0.0228879   0.00749357  0.03281228  0.00600032 -0.00778186 -0.00660645 -0.01064054  0.00863335  0.0094735 ]
 [-0.01219639 -0.01466518 -0.01147287  0.02431444 -0.02149458 -0.03122285  0.02212825  0.01419872  0.0091989  -0.01293603  0.01648467  0.0238909  -0.01524231  0.02954024  0.02873701  0.00413962  0.00332566 -0.00663314  0.00366005  0.03433978  0.01622671 -0.02409547 -0.02439217  0.02779482  0.01622654  0.01239904  0.01933726 -0.02097833 -0.01180852 -0.00736535  0.01033241  0.01810076 -0.00420015  0.02243341  0.01730771 -0.01262513  0.01243559 -0.01858793  0.00049507 -0.00219578]]
Gate values for each environment (all envs): 
 [[0.02193899 0.01239009 0.86314005 0.02088822 0.02089877 0.00524427 0.02797693 0.0041955  0.00487477 0.0184524 ]
 [0.02270608 0.01671049 0.8475298  0.02149226 0.02157832 0.00547027 0.0335057  0.00610719 0.00593166 0.01896827]
 [0.01755533 0.0049751  0.88814926 0.01584578 0.01592286 0.00564002 0.0262018  0.00714987 0.00494781 0.01361222]
 [0.02387885 0.0034356  0.8393776  0.0193635  0.01962465 0.00895688 0.03780854 0.02163007 0.01008743 0.01583678]
 [0.02713239 0.00611568 0.82914007 0.02259154 0.02282161 0.00798679 0.04053811 0.01539068 0.00955084 0.0187323 ]
 [0.0116838  0.00116647 0.9263838  0.00999448 0.01007754 0.00368119 0.01943332 0.00586688 0.00332136 0.00839119]
 [0.01677623 0.00688557 0.8984501  0.01633143 0.01630179 0.00391987 0.0210388  0.00257474 0.00322168 0.01449978]
 [0.01501933 0.00321131 0.9031978  0.01328838 0.0133779  0.0049172  0.0232007  0.0079057  0.00454128 0.01134035]
 [0.01465336 0.00166336 0.90601283 0.01230871 0.01242771 0.00486896 0.02337527 0.00982367 0.00460722 0.01025889]
 [0.01381884 0.00470593 0.90783256 0.0127539  0.01281067 0.00472559 0.02207505 0.00611403 0.0040577  0.01110577]
 [0.01022784 0.00199382 0.93575287 0.00946472 0.00949625 0.00307949 0.01538088 0.00370042 0.00269055 0.00821299]
 [0.00402017 0.00005605 0.97504425 0.00336138 0.00339852 0.00120407 0.00746348 0.0017922  0.00089084 0.00276891]
 [0.01457044 0.00499619 0.9117634  0.01391977 0.01393558 0.00301432 0.0200056  0.00260026 0.0029081  0.01228642]
 [0.01407886 0.0067541  0.91501594 0.01405491 0.01399325 0.00297661 0.01671074 0.00145328 0.00231677 0.01264568]
 [0.01386377 0.00226039 0.91915035 0.01253386 0.01258336 0.00295869 0.01969228 0.00326742 0.00294281 0.01074708]
 [0.0146411  0.0024169  0.91111696 0.01219378 0.01230352 0.00401356 0.02344925 0.00550671 0.00414967 0.01020847]
 [0.04069047 0.01282776 0.71886235 0.03564385 0.03602297 0.01610608 0.06104838 0.03183313 0.01718677 0.02977824]
 [0.06340209 0.12925857 0.39542353 0.05641899 0.05702374 0.03155266 0.10331959 0.07802215 0.03767151 0.0479072 ]
 [0.04682987 0.03814638 0.6362632  0.04242451 0.04284398 0.02132547 0.07353933 0.04035085 0.02216718 0.03610921]
 [0.04288518 0.11647087 0.58296835 0.04100123 0.0412599  0.02254612 0.06737137 0.02963067 0.01974167 0.03612458]
 [0.04528515 0.03864852 0.64290446 0.04179216 0.04216996 0.02236317 0.07180505 0.03809901 0.02118447 0.03574821]
 [0.06281216 0.222012   0.33761996 0.05245033 0.05311462 0.02278004 0.10709325 0.06043123 0.03729706 0.0443893 ]
 [0.0456937  0.01858104 0.6899546  0.04155566 0.04182927 0.01524574 0.06308419 0.03121391 0.01769701 0.03514494]
 [0.06049164 0.15188317 0.38981575 0.05112641 0.05173228 0.03081795 0.10524496 0.07779767 0.03798348 0.04310676]
 [0.04649866 0.02843638 0.67173356 0.04421231 0.04440332 0.0180931  0.06289668 0.02811719 0.01763939 0.03796932]
 [0.05676657 0.0342635  0.5540132  0.05029285 0.05086419 0.02660454 0.0871359  0.0677113  0.03024675 0.04210118]
 [0.0613478  0.09604391 0.44345948 0.0488969  0.04960824 0.02281805 0.10918532 0.0895066  0.038738   0.0403957 ]
 [0.04022755 0.03323254 0.68787915 0.03774104 0.03798444 0.02056123 0.06215638 0.03051757 0.01721578 0.03248425]
 [0.0707041  0.22441888 0.22659631 0.05690572 0.05776713 0.02724756 0.122288   0.11517967 0.05187227 0.04702041]
 [0.05204792 0.26432338 0.39937702 0.05125229 0.05130165 0.02005096 0.07272524 0.02291284 0.02037137 0.04563748]
 [0.07445238 0.11862047 0.36873794 0.06251337 0.063161   0.02185684 0.11391944 0.08251041 0.04209398 0.05213416]
 [0.04503591 0.02973887 0.6801127  0.04143596 0.04170996 0.01606693 0.06319732 0.02923731 0.01799751 0.03546752]
 [0.05749444 0.06586895 0.55980563 0.04724567 0.04766541 0.01839947 0.08922508 0.04567385 0.02938093 0.03924064]
 [0.04949494 0.14538872 0.5550033  0.04319693 0.04340241 0.01501401 0.07133921 0.02048617 0.01945462 0.03721966]
 [0.04549274 0.17333464 0.5059084  0.04196256 0.04226374 0.02576805 0.07006654 0.03488457 0.0236431  0.03667558]
 [0.0488589  0.13597842 0.56762576 0.04288564 0.04310079 0.01554847 0.06977691 0.01983291 0.01938219 0.03701007]
 [0.05046095 0.11705267 0.5468406  0.0427281  0.04302271 0.01835771 0.08027662 0.04061324 0.02429057 0.03635679]
 [0.0482287  0.12547722 0.5544044  0.04048571 0.040807   0.01854456 0.07754599 0.03664193 0.02336882 0.03449564]
 [0.04947186 0.12900901 0.5657281  0.04248953 0.04272598 0.01660301 0.07263617 0.02424118 0.02073894 0.03635629]
 [0.04929594 0.06399982 0.584212   0.04029588 0.0406678  0.02234869 0.08097565 0.0581229  0.02650636 0.03357494]
 [0.04996378 0.09335398 0.580451   0.04186614 0.04223278 0.01627793 0.07890852 0.03697789 0.02439783 0.03557016]
 [0.04429892 0.02807883 0.65249926 0.03737373 0.03775812 0.01639133 0.07479346 0.05444657 0.0231615  0.03119819]
 [0.05139877 0.09387114 0.5891735  0.04362572 0.04396242 0.01512997 0.07532664 0.02888244 0.02143502 0.03719446]
 [0.04315694 0.04881811 0.6435903  0.03624741 0.0366254  0.01550468 0.07620774 0.04685944 0.0224005  0.03058948]
 [0.03879549 0.06858999 0.6531059  0.03416316 0.0344885  0.01666634 0.06599371 0.03872284 0.01993695 0.02953722]
 [0.04571379 0.11633275 0.60210425 0.03947781 0.03970541 0.01556242 0.06778575 0.02062816 0.01874982 0.03393992]
 [0.04534302 0.03337916 0.67009443 0.03747136 0.03782067 0.01376689 0.07203259 0.03775142 0.02096995 0.03137055]
 [0.04899194 0.04106856 0.6474118  0.04019112 0.04057071 0.01392323 0.07320523 0.03863365 0.02241358 0.03359001]
 [0.00927801 0.1135421  0.8093594  0.01380312 0.01348447 0.01064903 0.01150854 0.00196132 0.00202855 0.01438548]
 [0.01086254 0.07172775 0.8433294  0.01485366 0.01459525 0.01060491 0.01407695 0.00241549 0.00256139 0.01497251]
 [0.00263418 0.00005546 0.9835398  0.00240727 0.00242233 0.00090664 0.0045129  0.00094174 0.00053407 0.00204558]
 [0.00114913 0.00000189 0.9923587  0.00097427 0.00098704 0.0004626  0.00215513 0.00089912 0.00021904 0.00079309]
 [0.00683355 0.0192478  0.9363642  0.00893407 0.00876039 0.00231166 0.00709043 0.00056059 0.00093914 0.00895824]
 [0.01438342 0.07174255 0.8243015  0.01906027 0.01870435 0.00970142 0.0174148  0.00276881 0.00302707 0.01889585]
 [0.01230847 0.09258839 0.8135532  0.01695423 0.01662881 0.01007679 0.01518743 0.00281572 0.00277042 0.01711654]
 [0.00196933 0.00009898 0.98755866 0.00195726 0.00195714 0.00065498 0.00316039 0.00055562 0.00034106 0.00174634]
 [0.00838186 0.00041379 0.9412257  0.00752121 0.00757993 0.00440228 0.01462939 0.00670762 0.0028403  0.006298  ]
 [0.00362919 0.00007891 0.976914   0.00321926 0.0032448  0.00142625 0.00646594 0.00151304 0.00081322 0.00269546]
 [0.0016419  0.00002603 0.9900905  0.00151746 0.00152328 0.00041127 0.00270428 0.00052047 0.00025393 0.00131078]
 [0.00705928 0.01596068 0.9392892  0.0087181  0.0085815  0.00237976 0.00764322 0.00071895 0.00108816 0.00856108]
 [0.01160042 0.06404481 0.84971124 0.01501929 0.01479371 0.00941607 0.01513521 0.00253571 0.00284449 0.01489903]
 [0.01134415 0.01392096 0.9111105  0.01275039 0.01262755 0.00534482 0.01578402 0.00262207 0.0025473  0.01194825]
 [0.01072132 0.0465894  0.869932   0.01539334 0.01510643 0.00895703 0.01261286 0.00267359 0.00240405 0.01560995]
 [0.00716152 0.00046466 0.95352507 0.00647881 0.00652682 0.00281147 0.01205987 0.00356185 0.00190063 0.00550939]
 [0.04871905 0.0220273  0.70611227 0.03247989 0.03310938 0.01120312 0.08591516 0.01641821 0.01860306 0.02541262]
 [0.00061103 0.9887587  0.00462155 0.00084138 0.00082924 0.00169773 0.00106929 0.00030516 0.00037516 0.00089069]
 [0.00411984 0.9145714  0.04899837 0.00562382 0.00553662 0.00667154 0.00559569 0.001317   0.00175608 0.00580946]
 [0.01081933 0.00000087 0.11213253 0.00281796 0.00305394 0.00046661 0.0420311  0.8064274  0.02073747 0.00151272]
 [0.00039829 0.99231935 0.0034107  0.00057389 0.00056499 0.00110174 0.00063568 0.00014689 0.00022578 0.00062275]
 [0.00080593 0.98475975 0.00637591 0.00109978 0.00108655 0.00226049 0.0014257  0.00050043 0.00052844 0.00115686]
 [0.0424462  0.02166051 0.7253807  0.02906084 0.02958835 0.00950561 0.09161285 0.01307342 0.0147322  0.02293922]
 [0.01915367 0.00075156 0.88475937 0.01135434 0.01167065 0.00212977 0.04692876 0.00903342 0.00574142 0.00847702]
 [0.00062376 0.9882399  0.00467114 0.00086509 0.00085303 0.00198762 0.00109849 0.00033613 0.0004104  0.00091443]
 [0.01753902 0.00000225 0.67795855 0.00578671 0.00616185 0.00068207 0.053005   0.22029175 0.01514521 0.00342756]
 [0.0003925  0.9919085  0.00338536 0.0006075  0.00059394 0.00149509 0.00059741 0.00014441 0.00020823 0.00066717]
 [0.00687262 0.00000113 0.95203656 0.0024666  0.00260058 0.00015523 0.02027528 0.01184721 0.00219684 0.00154806]
 [0.00054077 0.9907398  0.00394188 0.00076069 0.00074674 0.00119557 0.00083561 0.00015829 0.00026842 0.00081207]
 [0.00700116 0.8884681  0.05828562 0.00834577 0.00825502 0.00650295 0.01000417 0.00203567 0.00287201 0.00822942]
 [0.00400645 0.00000004 0.04900029 0.00088191 0.00096838 0.00012917 0.01756674 0.91610134 0.01090489 0.00044086]
 [0.00525254 0.93056893 0.03053099 0.00576474 0.00572576 0.00413414 0.0080533  0.00194184 0.0024695  0.00555839]
 [0.00337831 0.9596886  0.01999309 0.00337828 0.00334521 0.00173227 0.00389893 0.00044489 0.00096892 0.00317162]
 [0.0006335  0.99000144 0.00414505 0.00078404 0.00077575 0.00127664 0.00100871 0.00023958 0.00033405 0.00080131]
 [0.0030483  0.97243077 0.00947266 0.00387171 0.00377976 0.00065695 0.00234451 0.00006674 0.0004552  0.00387335]
 [0.00484136 0.9536366  0.01879927 0.0053935  0.0052925  0.001225   0.00454719 0.00020229 0.00088366 0.00517852]
 [0.0007675  0.989139   0.00416518 0.00090543 0.00089999 0.00126445 0.00125332 0.00027765 0.00041829 0.00090916]
 [0.00342863 0.9715398  0.00990702 0.00375666 0.00368455 0.0005839  0.00288951 0.00006869 0.00053513 0.00360611]
 [0.0007515  0.98776895 0.00509157 0.0009339  0.00092692 0.0015697  0.00121596 0.00034973 0.00043515 0.00095648]
 [0.00210659 0.9784026  0.00965504 0.00208692 0.00206281 0.00075465 0.00229289 0.00015251 0.00051949 0.00196651]
 [0.00101335 0.9862948  0.0065432  0.00118394 0.00116559 0.00093568 0.00122011 0.0001387  0.00032077 0.00118375]
 [0.00249806 0.9649509  0.0154845  0.00300684 0.0029673  0.00269503 0.00363487 0.000765   0.00101733 0.00298021]
 [0.00017537 0.99711514 0.00108208 0.00023997 0.00023637 0.00047321 0.00027506 0.00005394 0.00009194 0.00025698]
 [0.00432785 0.9468504  0.02037356 0.00551188 0.00543995 0.00446197 0.00506269 0.00097244 0.00159501 0.00540425]
 [0.00023155 0.9963462  0.00131068 0.00030005 0.00029689 0.00059327 0.00038429 0.00008722 0.00013508 0.00031488]
 [0.00409411 0.96102166 0.01177101 0.00490353 0.00483462 0.00219897 0.00475529 0.00046605 0.00124312 0.00471178]
 [0.00142573 0.9861474  0.00505603 0.00167055 0.00164118 0.00055459 0.00145037 0.00006948 0.00032762 0.00165693]
 [0.00042124 0.9937171  0.00292324 0.00054046 0.00053013 0.00057697 0.00052139 0.00006117 0.00014604 0.00056232]
 [0.03643309 0.10243373 0.638754   0.03289417 0.03311216 0.0184656  0.0640993  0.02824586 0.0168289  0.02873326]
 [0.03748978 0.06309798 0.67753226 0.0335613  0.03375879 0.02071313 0.06042934 0.02734345 0.017048   0.02902596]
 [0.0400794  0.04094679 0.675056   0.03540374 0.03567885 0.02204698 0.06557248 0.03600526 0.01919522 0.03001519]
 [0.03753791 0.0555945  0.6935963  0.03190374 0.03213286 0.01052209 0.06632624 0.02882432 0.0161277  0.02743429]
 [0.03684884 0.06942715 0.6773827  0.0332163  0.03339725 0.02070015 0.05933686 0.02453698 0.01632683 0.02882687]
 [0.03370904 0.07497694 0.70152247 0.02874448 0.02897502 0.01052987 0.05981569 0.02320257 0.01359964 0.02492432]
 [0.03761451 0.02950936 0.71089953 0.03182506 0.03212344 0.01760678 0.05782631 0.03794705 0.01771918 0.02692884]
 [0.03425362 0.04480426 0.7091606  0.03024722 0.03047257 0.01443353 0.05709474 0.03689039 0.01654821 0.02609478]
 [0.03682582 0.05294761 0.692274   0.0318448  0.03204975 0.01465704 0.06195132 0.03348404 0.01661186 0.02735375]
 [0.03760042 0.09868752 0.64960974 0.03239338 0.03260107 0.01520423 0.06436272 0.02543698 0.01609453 0.02800938]
 [0.04182678 0.04910112 0.66524285 0.03512325 0.03540217 0.01708967 0.06808566 0.03861174 0.01985423 0.02966255]
 [0.0386376  0.02243881 0.7093803  0.03310535 0.03338381 0.01805686 0.06126773 0.03819984 0.01766783 0.02786193]
 [0.03615207 0.02180448 0.70701766 0.02987457 0.03020383 0.01806501 0.06181639 0.05142199 0.01875567 0.02488833]
 [0.037056   0.0498511  0.7029901  0.03223036 0.03248283 0.01069731 0.0667908  0.02595657 0.01414504 0.02779998]
 [0.03639342 0.04493055 0.6907039  0.03058628 0.03088151 0.01822934 0.0627104  0.04144157 0.01820439 0.02591856]
 [0.03741629 0.10280734 0.6523973  0.03333414 0.03354733 0.01209552 0.06613132 0.01926951 0.01379095 0.02921034]
 [0.05031834 0.03998443 0.40864527 0.03809473 0.03894748 0.03731744 0.10666125 0.1996692  0.04999458 0.03036723]
 [0.06800672 0.1319927  0.3779458  0.05167537 0.05243353 0.02776734 0.11590209 0.08547912 0.04689813 0.04189917]
 [0.04417077 0.02852914 0.57121557 0.03497672 0.03552236 0.02985539 0.08130506 0.11384984 0.03211821 0.02845703]
 [0.04823999 0.05877382 0.588121   0.03979123 0.04019068 0.02087656 0.07925358 0.06455912 0.02693268 0.03326134]
 [0.05224234 0.08664206 0.5186791  0.04288095 0.04334078 0.02461355 0.08860441 0.07480833 0.03242335 0.03576517]
 [0.05021124 0.04849942 0.51618254 0.03916448 0.03979342 0.03583815 0.0957663  0.10586889 0.0369477  0.03172794]
 [0.05806302 0.04370542 0.43517786 0.0439803  0.04479162 0.04210411 0.10518006 0.14209956 0.0499823  0.03491579]
 [0.05377499 0.17995319 0.4542972  0.04893447 0.04916309 0.02390034 0.0789546  0.04086989 0.02794033 0.0422119 ]
 [0.04215455 0.2551607  0.37781307 0.0390508  0.03936683 0.04000102 0.0742336  0.06750759 0.03070558 0.03400617]
 [0.04951054 0.11032876 0.44559968 0.04297981 0.04349348 0.03422925 0.08923938 0.11076035 0.03747501 0.03638372]
 [0.04244065 0.01576711 0.5961767  0.03267658 0.03324011 0.0269055  0.07780709 0.1175005  0.03129863 0.02618714]
 [0.04684216 0.10979743 0.48262087 0.04232096 0.0427005  0.0341281  0.08230035 0.09043803 0.03254697 0.03630466]
 [0.05758889 0.16947815 0.37199804 0.05407394 0.05439178 0.03800714 0.09033439 0.08082591 0.03680528 0.04649638]
 [0.05246995 0.11963784 0.42755324 0.04294892 0.04352199 0.03183139 0.09611345 0.10974435 0.04045396 0.03572488]
 [0.04355215 0.25079367 0.3507824  0.03952772 0.03991826 0.04435721 0.07912118 0.08335543 0.03447576 0.03411607]
 [0.04821665 0.0293531  0.51114225 0.03720219 0.03800911 0.03453754 0.11037441 0.124214   0.03712372 0.02982703]
 [0.00971818 0.00074391 0.93721014 0.00815153 0.00825292 0.0034595  0.01753977 0.00524971 0.00288314 0.00679111]
 [0.01888344 0.00459694 0.8638569  0.01613116 0.01631899 0.00812897 0.03473846 0.01646145 0.00731613 0.01356748]
 [0.00816784 0.00094164 0.9498928  0.00701943 0.00708604 0.00230538 0.01398676 0.00261163 0.0020292  0.00595921]
 [0.01076984 0.00079423 0.9280611  0.00876676 0.00888976 0.00392744 0.02066043 0.00733746 0.00356824 0.00722473]
 [0.00503862 0.00018439 0.9683346  0.00406398 0.00411684 0.00150923 0.00984909 0.00236123 0.00118309 0.0033589 ]
 [0.00882765 0.00051729 0.9400409  0.00709171 0.00719376 0.0032893  0.01729235 0.00711264 0.00280632 0.00582794]
 [0.01200795 0.00241656 0.91487455 0.01067615 0.01077224 0.00608308 0.02209582 0.00801148 0.00395735 0.00910474]
 [0.01050505 0.00163805 0.9241079  0.00932759 0.00942107 0.00551398 0.02006649 0.00769953 0.00378741 0.00793303]
 [0.01388041 0.00035706 0.8782262  0.00981072 0.01002628 0.00409439 0.0297907  0.03933093 0.00678232 0.00770077]
 [0.00554109 0.00008796 0.96556115 0.00420281 0.00426463 0.00143834 0.01084554 0.00330511 0.00138643 0.00336697]
 [0.00607948 0.00014619 0.9584212  0.0047165  0.00479168 0.0019504  0.01259829 0.00568626 0.00178041 0.00382975]
 [0.00716905 0.00044477 0.9515321  0.00621854 0.00628348 0.00336619 0.01311361 0.00461738 0.0020246  0.00523034]
 [0.01104792 0.00023497 0.90564704 0.00832794 0.00848959 0.00448092 0.02314141 0.02701077 0.0050061  0.00661338]
 [0.01392117 0.00978541 0.90599674 0.01373541 0.01373615 0.00368969 0.02014757 0.00339682 0.00321987 0.0123711 ]
 [0.01529217 0.01271733 0.89353323 0.0154917  0.01548652 0.00426599 0.02170349 0.00370337 0.00375206 0.01405397]
 [0.00782638 0.00009853 0.9384845  0.00567553 0.0057934  0.0026537  0.01715845 0.01492329 0.00292366 0.00446251]
 [0.03436826 0.0134434  0.7787458  0.02655727 0.02683796 0.00841525 0.05460325 0.02202777 0.01314955 0.02185158]
 [0.03929204 0.10137025 0.65594155 0.03835292 0.03829932 0.01551145 0.05203366 0.01216439 0.01287218 0.03416228]
 [0.03541014 0.07144012 0.7145094  0.03466032 0.03461433 0.01245971 0.04637921 0.00901844 0.01067949 0.0308288 ]
 [0.03424587 0.03548085 0.75740904 0.03053009 0.0306331  0.00966127 0.04947709 0.01409103 0.01210266 0.02636897]
 [0.03401923 0.03024848 0.75631624 0.02732768 0.02758691 0.00922309 0.05644353 0.02187632 0.01405478 0.0229039 ]
 [0.02814595 0.03105882 0.8018182  0.02619806 0.02623617 0.00837958 0.03886067 0.00793183 0.00842503 0.02294561]
 [0.0297144  0.03240918 0.7867175  0.02753225 0.02756203 0.00980493 0.04114472 0.0108397  0.0101976  0.02407764]
 [0.02534817 0.01918795 0.81386733 0.02172874 0.02189595 0.00824892 0.04167517 0.01976781 0.00962364 0.01865628]
 [0.0326267  0.0541789  0.74762636 0.02875827 0.02882921 0.00924262 0.04857229 0.01434101 0.01077249 0.025052  ]
 [0.03805261 0.03874454 0.7272833  0.03057754 0.03083092 0.00979704 0.06180696 0.02214632 0.01506992 0.02569092]
 [0.02637924 0.028759   0.81544554 0.02473065 0.0247314  0.00831825 0.0344147  0.00789489 0.00749315 0.02183317]
 [0.03044592 0.04321634 0.7576017  0.02724554 0.02736159 0.01123751 0.04742354 0.0200681  0.01165693 0.02374284]
 [0.02817929 0.04455834 0.78313905 0.02513746 0.02521067 0.00825682 0.04291182 0.01176538 0.0088404  0.0220008 ]
 [0.02686295 0.03282358 0.8053897  0.02518714 0.02517877 0.00734945 0.0373272  0.00923256 0.00836118 0.02228733]
 [0.03226438 0.00888271 0.7939748  0.02420083 0.0245057  0.00748789 0.05413107 0.02185759 0.01304173 0.0196532 ]
 [0.02697436 0.02496312 0.80707514 0.02463958 0.02470981 0.00998736 0.03993551 0.01081758 0.0095117  0.02138589]]
        Validation Criterion: 0.05756444
22:50:52      Epoch:   0      Batch:   0      OuterStep:  99      LossModel: 0.40776896     LossTerm2: 0.00000000     LossGates: 0.00000000      Time/Step(s): 29.2152Contributing envs to the losses:  [ 13   6  12   0  14 142 141   1   7 149  15   4 158   2   9 144 154  10 146 147 153  96 156 148 130 145]
Gate kernel values:  [[-0.01552134 -0.0081644  -0.00499802  0.02240148 -0.02335554 -0.03060432  0.02476419  0.01096495  0.00232065 -0.00962775  0.0071222   0.02143965 -0.00743397  0.02737734  0.02579544  0.01225602  0.00372364 -0.00033848  0.0038062   0.0342504   0.01441515 -0.02654059 -0.02241866  0.02766003  0.01327982  0.00883605  0.02055115 -0.02214857 -0.0125897  -0.01133733 -0.00053961  0.01664548  0.00510665  0.01766815  0.01830661 -0.01416693  0.00603767 -0.02314794  0.00941022 -0.00057835]
 [-0.05077817 -0.04701637 -0.08254209  0.06641587 -0.05563527 -0.07786795  0.04016531  0.05398199  0.06175739 -0.05543112  0.02283148  0.07582503 -0.01829637  0.05121684  0.04884065  0.02753561  0.05109968 -0.06617606 -0.035085    0.08131066  0.05088915 -0.03827157 -0.06492852  0.03681974 -0.02964293  0.07298374  0.05887049 -0.04524721 -0.04373207 -0.01802189  0.0820083   0.05469156 -0.07136451  0.04818527  0.05480025 -0.04383732  0.07415675 -0.04304708 -0.05935449 -0.05951803]
 [-0.00945912 -0.01461647 -0.00396841  0.00978815 -0.01600812  0.01055612  0.01533834  0.01449943  0.00813252 -0.01234949  0.01095852  0.00470424 -0.00401346  0.00198218  0.00603745 -0.01161833  0.00978076 -0.00706845  0.00921481 -0.01719656  0.01058038 -0.01382276 -0.01115107  0.00359267  0.01207313  0.00990207  0.01858624 -0.01748355  0.01979335  0.00507448  0.00032559  0.01822666 -0.00118635  0.01194863  0.0189914  -0.01266117  0.0092145  -0.01663176 -0.00288442 -0.00735383]
 [-0.01495368 -0.01005576 -0.00990522  0.02397416 -0.02404501 -0.03260396  0.02489249  0.01185402  0.00395243 -0.01068939  0.00896755  0.02481621 -0.01498589  0.02899517  0.02774706  0.00882866  0.00363627 -0.00370588  0.00044138  0.03612188  0.01598132 -0.02614499 -0.02399661  0.02758563  0.01205856  0.01207531  0.02138475 -0.0218947  -0.01459975 -0.01138358  0.00737901  0.0181017   0.00110381  0.02051124  0.01732511 -0.01392319  0.01042912 -0.02335023  0.00545569 -0.00136079]
 [-0.01484248 -0.00997675 -0.00948096  0.02377349 -0.02395923 -0.03245576  0.02492218  0.01181393  0.00375455 -0.0104998   0.00857871  0.02456551 -0.01470341  0.02892618  0.02770022  0.00893112  0.00357542 -0.00347271  0.00032458  0.03597342  0.01593542 -0.02626233 -0.02386446  0.02770152  0.01171711  0.01176997  0.02135575 -0.02188975 -0.01446564 -0.01125799  0.00700973  0.01801243  0.00139794  0.02030604  0.01739154 -0.01388789  0.01004072 -0.02338109  0.0059385  -0.00126342]
 [-0.00256615 -0.00669853 -0.02952469  0.03542738 -0.01940561 -0.04330515  0.01635655  0.0164964   0.01043484 -0.0105871  -0.01443719  0.03916474  0.00775     0.02512921  0.0237937   0.02224352 -0.00541913 -0.01427233 -0.01008015  0.04611589  0.00754454 -0.01013549 -0.03496447  0.01299572 -0.00548926  0.0263446   0.02562164 -0.01371948 -0.02841567 -0.01196838  0.01626699  0.02517079 -0.00967327  0.02318887  0.02146443 -0.00244331  0.02544587 -0.01140494  0.00305471  0.00529861]
 [-0.01350485 -0.00684735 -0.00294953  0.0181009  -0.0321237  -0.02510035  0.02260187  0.01891468  0.00302881 -0.00838167  0.00590941  0.0177667  -0.00030856  0.0201316   0.01982676  0.02338317 -0.0022707  -0.00458867 -0.00183861  0.02890698  0.01363301 -0.02991603 -0.01895129  0.02842739  0.00419573  0.00964358  0.02316151 -0.03138337 -0.0201764  -0.01591245 -0.00409952  0.01649175  0.00340794  0.0115906   0.02593798 -0.01193474  0.00662695 -0.031797    0.01369294  0.00659568]
 [ 0.00460726  0.01405069  0.02700168  0.00053505  0.01316927 -0.01859465  0.02496644 -0.0165256  -0.02262674  0.01485093 -0.01849115 -0.00368303  0.0406868   0.04634293  0.03767177  0.0743686  -0.01453927  0.03138748 -0.01187135  0.02405522 -0.01155297 -0.03375855 -0.0021398   0.0712781  -0.02226502 -0.02743398 -0.00989003  0.0070305  -0.0397893  -0.05130328 -0.042645    0.00520926  0.03228875  0.03666523 -0.01631302  0.00398374 -0.03048582 -0.0001238   0.03391247  0.02774417]
 [-0.00502945 -0.00527849  0.00079063  0.02534895 -0.00565829 -0.03224079  0.0235345   0.0206264   0.01068971 -0.00323233 -0.00394741  0.02055706  0.01383385  0.03776613  0.03573878  0.02866284 -0.00530768  0.00868038 -0.00375042  0.03513077  0.00639496 -0.02250841 -0.0265136   0.03541992  0.00268944  0.00326082  0.01755826 -0.00710395 -0.02558801 -0.02158858 -0.01795827  0.02414203  0.0047696   0.02805937  0.01169921 -0.00777485 -0.00210616 -0.01257735  0.00640165  0.00656718]
 [-0.01539147 -0.01154059 -0.01218732  0.02477808 -0.02451789 -0.03323673  0.02528804  0.01292665  0.00557586 -0.01193068  0.00910028  0.02618512 -0.01773814  0.02955158  0.02845453  0.00746833  0.00445024 -0.00579657 -0.00119422  0.03662489  0.01739387 -0.02618142 -0.02483723  0.02751961  0.01133095  0.01373409  0.02193746 -0.0220607  -0.0153749  -0.01178267  0.01111092  0.01891234 -0.00156399  0.02163542  0.01730277 -0.01451535  0.01256258 -0.02364417  0.00343374 -0.00255921]]
Gate values for each environment (all envs): 
 [[0.01526632 0.00629232 0.9049734  0.01340925 0.01350738 0.00454424 0.02076049 0.00564175 0.00419383 0.01141114]
 [0.01532127 0.00840443 0.89694697 0.01351083 0.01364527 0.00454824 0.02386412 0.00736902 0.00484687 0.01154287]
 [0.01465953 0.00303148 0.898312   0.01264063 0.01277264 0.00655322 0.0227486  0.01344328 0.00528138 0.01055731]
 [0.01890096 0.00228552 0.84984624 0.01558937 0.01582518 0.00972575 0.02899568 0.0367432  0.00940643 0.01268176]
 [0.01867182 0.00338894 0.8693301  0.01552528 0.01572168 0.00756811 0.02786314 0.02134705 0.00785517 0.01272869]
 [0.01036107 0.00078737 0.92700756 0.0085536  0.00867352 0.00463944 0.017732   0.01153436 0.00371724 0.00699368]
 [0.01089225 0.00303124 0.93530357 0.00946191 0.00952967 0.00298916 0.01511852 0.00303801 0.00263429 0.00800123]
 [0.01153939 0.0022323  0.918669   0.0099074  0.01001917 0.00519798 0.01796894 0.01192022 0.00426053 0.00828501]
 [0.01253952 0.00117512 0.90809494 0.0103764  0.01052053 0.00566205 0.01978084 0.01861312 0.00475109 0.00848645]
 [0.01021425 0.00244182 0.9278208  0.00879546 0.00889506 0.00469054 0.01742168 0.00858155 0.00373283 0.00740608]
 [0.00717448 0.00089872 0.95195127 0.00610662 0.00617639 0.0030407  0.01172413 0.00532281 0.00251849 0.0050864 ]
 [0.0042346  0.00004448 0.9709993  0.00328581 0.00335256 0.0017816  0.00836055 0.00412442 0.00122201 0.00259472]
 [0.00924866 0.00214786 0.94464177 0.00787415 0.00795541 0.00224944 0.01396185 0.00294597 0.00235871 0.0066161 ]
 [0.00855581 0.00252804 0.9507676  0.00737957 0.00742715 0.00206936 0.01160279 0.00158001 0.00183743 0.00625222]
 [0.00942668 0.00096583 0.94319284 0.00775832 0.00785538 0.00257001 0.01466551 0.0046141  0.00259734 0.00635408]
 [0.0109067  0.00120214 0.92856634 0.0087346  0.00886043 0.00393612 0.0182208  0.00866645 0.00379355 0.00711279]
 [0.03123992 0.00954631 0.76109827 0.02816311 0.02845773 0.01626022 0.04519583 0.0420006  0.01440293 0.02363509]
 [0.05305332 0.09759635 0.40466398 0.0509606  0.05131218 0.03637564 0.08132333 0.14738555 0.03311446 0.04421468]
 [0.03742129 0.02750129 0.6747089  0.03501672 0.03533177 0.02268283 0.05701441 0.06096216 0.01935734 0.03000331]
 [0.03855625 0.10504859 0.5814364  0.03761975 0.03785322 0.02947535 0.061582   0.05455472 0.02057301 0.03330079]
 [0.03554498 0.02694123 0.68982947 0.03378632 0.03406848 0.02431961 0.05544623 0.05283583 0.01813713 0.02909071]
 [0.05291096 0.15399426 0.38672793 0.04833633 0.04872644 0.02586092 0.08337171 0.12659983 0.0315919  0.04187975]
 [0.03015272 0.01141747 0.7737046  0.02753211 0.02774539 0.01379952 0.04120459 0.03737269 0.01384825 0.02322254]
 [0.05229448 0.10431575 0.3760291  0.04806588 0.04844788 0.03601396 0.08494366 0.17481723 0.03369891 0.04137322]
 [0.03116276 0.0176192  0.76302874 0.02933303 0.02950541 0.01612058 0.04259909 0.03166244 0.01390205 0.0250669 ]
 [0.04459121 0.02516764 0.5869252  0.04195791 0.04233232 0.02892916 0.06454682 0.10428641 0.02557265 0.03569071]
 [0.04638568 0.04088447 0.48693508 0.03934881 0.03981465 0.02049222 0.07578114 0.1881946  0.02937244 0.03279083]
 [0.0355621  0.02705329 0.68847996 0.03357259 0.03381728 0.02504245 0.05516969 0.05463316 0.01784316 0.0288263 ]
 [0.05482395 0.17476188 0.24204051 0.05117752 0.0515278  0.03047613 0.08322612 0.2283935  0.03937507 0.04419748]
 [0.0417557  0.01928686 0.6741937  0.03704134 0.0373175  0.01679011 0.05784228 0.06505053 0.01982404 0.03089797]
 [0.05324434 0.056704   0.4588181  0.04714001 0.04751087 0.02022052 0.07679779 0.16651176 0.03336243 0.03969021]
 [0.03251235 0.01942404 0.74159294 0.03002347 0.03025715 0.01630345 0.04553366 0.04298793 0.01575285 0.02561207]
 [0.0429296  0.04735224 0.6122475  0.03753122 0.03775857 0.01897814 0.06221541 0.08402037 0.02534287 0.03162409]
 [0.03848717 0.14947797 0.59335643 0.03464751 0.03475777 0.01587983 0.05471963 0.03118711 0.01736893 0.03011766]
 [0.03960045 0.10912894 0.56716204 0.03723126 0.03749198 0.02972183 0.05988925 0.06380227 0.02338353 0.03258845]
 [0.03917295 0.1344612  0.6027135  0.0354528  0.03558074 0.01670567 0.05529733 0.03213008 0.01765654 0.03082916]
 [0.03861538 0.07104465 0.62784946 0.0340927  0.03428307 0.01891972 0.05738071 0.06733308 0.02132102 0.02916015]
 [0.03674965 0.08439759 0.6386682  0.03236955 0.03256823 0.01884777 0.05511834 0.05386712 0.01958225 0.0278313 ]
 [0.03883595 0.11014054 0.62204057 0.03447372 0.0346159  0.01732551 0.05554647 0.03882652 0.01850005 0.02969475]
 [0.03706566 0.05844607 0.6334718  0.03232165 0.03251671 0.02236747 0.05604934 0.07861329 0.02171597 0.02743208]
 [0.03687697 0.08108315 0.6488087  0.03298499 0.03316972 0.01617746 0.0535099  0.049465   0.01939393 0.02853014]
 [0.0327509  0.02916388 0.6809214  0.02935177 0.02957017 0.01749492 0.0512796  0.08434691 0.02018061 0.02493986]
 [0.03948473 0.06655367 0.6562445  0.03483827 0.03506422 0.01544164 0.05484581 0.04907218 0.01861334 0.02984157]
 [0.03289204 0.03828638 0.68128735 0.02900799 0.02925893 0.01618526 0.05418933 0.07469776 0.01944618 0.02474873]
 [0.03135348 0.04672718 0.68104374 0.02879496 0.02904916 0.01873311 0.04994934 0.07113995 0.01817394 0.02503497]
 [0.03693119 0.07858592 0.6662185  0.03259964 0.03277545 0.01645818 0.05344812 0.03756131 0.0174168  0.02800498]
 [0.0326255  0.0248871  0.71383905 0.02868587 0.02890863 0.01510508 0.04808139 0.06528773 0.01826084 0.02431883]
 [0.03641682 0.03786514 0.6843264  0.03199405 0.03221134 0.01511471 0.04951383 0.06550907 0.01987749 0.02717119]
 [0.00625609 0.04008879 0.91268766 0.0068924  0.00685254 0.00737528 0.0101218  0.00118468 0.00198769 0.00655302]
 [0.00732027 0.01963139 0.9270663  0.00767281 0.00766354 0.00748192 0.01153517 0.0019705  0.0025694  0.00708859]
 [0.00227682 0.00005076 0.9847482  0.00187544 0.00190726 0.00135668 0.00435352 0.0012224  0.00068492 0.0015238 ]
 [0.00176753 0.00000135 0.9859703  0.0012968  0.00133457 0.00090962 0.00364265 0.00364302 0.00045592 0.00097801]
 [0.00289357 0.00398107 0.979417   0.00273664 0.0027387  0.00095553 0.00391995 0.0002626  0.00063208 0.00246278]
 [0.00921658 0.04484052 0.89280623 0.00956316 0.00951364 0.00680278 0.01412778 0.0015474  0.00274214 0.00883989]
 [0.00748052 0.04344483 0.90369886 0.00792962 0.00789281 0.00669093 0.01155364 0.00141759 0.00247138 0.00741972]
 [0.00169797 0.00002511 0.9891317  0.00131514 0.00134096 0.0005782  0.00328657 0.0011433  0.00042561 0.0010555 ]
 [0.00772275 0.00079485 0.93989635 0.00686326 0.00693996 0.00711002 0.01347084 0.00801155 0.0034534  0.00573696]
 [0.00381971 0.00014527 0.9745759  0.00312852 0.00317922 0.00215912 0.00724488 0.00205351 0.00114945 0.00254449]
 [0.00148067 0.00002639 0.99127054 0.00113775 0.00115915 0.000399   0.00271053 0.00059037 0.00031026 0.00091519]
 [0.00291837 0.00355343 0.9796286  0.00269987 0.00270736 0.00102239 0.00403385 0.0003354  0.00069428 0.00240647]
 [0.00640115 0.00586414 0.94925356 0.006202   0.006228   0.00533178 0.01030416 0.00245176 0.00243606 0.00552755]
 [0.00744491 0.05356697 0.89774555 0.0075576  0.00751753 0.00458763 0.01146189 0.00089107 0.00218128 0.00704568]
 [0.00558084 0.0703964  0.8873923  0.00655754 0.00650487 0.00646635 0.00817686 0.00068277 0.00183964 0.0064026 ]
 [0.00732977 0.00060767 0.94883764 0.00624391 0.00633214 0.00410213 0.01274466 0.00605387 0.00257929 0.00516897]
 [0.04841641 0.01330482 0.6817431  0.03453924 0.03512498 0.01217955 0.08016355 0.04949646 0.01799352 0.02703828]
 [0.00114954 0.97408223 0.0125899  0.00148769 0.00147037 0.00390955 0.00237883 0.0006333  0.00073123 0.00156728]
 [0.00575885 0.829079   0.1187417  0.00706474 0.0069919  0.01139862 0.0091895  0.00183272 0.00280076 0.00714219]
 [0.00079908 0.00000006 0.0064254  0.00035752 0.0003784  0.00006241 0.00157638 0.9890131  0.00117126 0.00021642]
 [0.00066094 0.9842882  0.00798039 0.00089384 0.00088276 0.00239599 0.00128258 0.00025029 0.00039789 0.00096714]
 [0.0020395  0.95232373 0.02392017 0.00259002 0.0025673  0.00675369 0.00419501 0.00155642 0.00136498 0.00268936]
 [0.04657656 0.01887406 0.6790877  0.03424874 0.0347633  0.01113389 0.09519672 0.03764267 0.01528069 0.02719569]
 [0.02286802 0.00053229 0.82950354 0.01443922 0.01484446 0.00271506 0.05094054 0.04656647 0.0069274  0.01066297]
 [0.00102467 0.9757589  0.01157823 0.00134098 0.00132486 0.00414708 0.00214926 0.00055774 0.00070055 0.00141786]
 [0.00132817 0.00000004 0.02656111 0.00058841 0.00062286 0.00008505 0.00237746 0.96645    0.00163211 0.00035489]
 [0.00057918 0.98492855 0.00787789 0.00079586 0.00078163 0.00259972 0.00108958 0.0001635  0.00032346 0.00086051]
 [0.00750774 0.00000054 0.85088134 0.00320443 0.00337638 0.0002029  0.01661192 0.11392958 0.00228906 0.0019961 ]
 [0.00057524 0.98687947 0.00712104 0.00075658 0.00074419 0.00161828 0.00105953 0.00013819 0.00029889 0.00080828]
 [0.00149909 0.96749127 0.02014277 0.00184623 0.00181838 0.00211531 0.00233057 0.00023908 0.00061435 0.00190286]
 [0.00018096 0.         0.00159607 0.00007335 0.00007846 0.00001125 0.00036188 0.997297   0.00035903 0.00004192]
 [0.00211749 0.9619991  0.02145387 0.00240983 0.00238347 0.00230811 0.00336948 0.0005661  0.00098904 0.00240359]
 [0.00182448 0.9591675  0.02933053 0.00179761 0.00177847 0.00131919 0.00228367 0.00018248 0.00061296 0.00170323]
 [0.00116931 0.976598   0.01328492 0.00130191 0.00129171 0.00211677 0.0019983  0.00034306 0.00059856 0.00129745]
 [0.00174377 0.96523327 0.02446686 0.00200667 0.00196499 0.00056331 0.00164826 0.00002823 0.00036317 0.00198125]
 [0.00262543 0.9468012  0.03808151 0.00274287 0.00269464 0.00092633 0.00281296 0.00008382 0.00061417 0.00261707]
 [0.00099314 0.9824385  0.00911724 0.00110968 0.00110294 0.00163309 0.00172021 0.00026779 0.00050868 0.0011087 ]
 [0.00222954 0.9589805  0.02892783 0.0022875  0.00224564 0.00051682 0.0021457  0.00003735 0.00045513 0.00217384]
 [0.00159225 0.9690142  0.01698919 0.00178564 0.00177684 0.00292034 0.00269466 0.00059089 0.00085647 0.00177955]
 [0.00105093 0.9773696  0.01638539 0.00102943 0.00101589 0.00054825 0.00124905 0.0000564  0.00031409 0.000981  ]
 [0.00061957 0.9859679  0.00955042 0.00067976 0.00066984 0.00072076 0.00084199 0.00005171 0.00021933 0.00067875]
 [0.00192396 0.9589962  0.02633942 0.00214465 0.00211786 0.00222084 0.0029756  0.00037161 0.00080024 0.00210964]
 [0.00021708 0.9955023  0.00235216 0.00026768 0.00026421 0.00058132 0.00038423 0.00003844 0.00010975 0.00028276]
 [0.00180538 0.96612996 0.01960314 0.00219432 0.00216358 0.00245192 0.00247907 0.00025679 0.00073293 0.00218271]
 [0.00027799 0.9947488  0.00257275 0.00033231 0.00032906 0.00067922 0.00050227 0.00006144 0.00014996 0.00034618]
 [0.00112035 0.98057586 0.01081382 0.00134781 0.00132497 0.00126301 0.00164448 0.0001037  0.00045986 0.00134621]
 [0.00047549 0.9913715  0.00546998 0.00055188 0.00054087 0.00031285 0.00057006 0.00001452 0.0001325  0.00056025]
 [0.00031838 0.9921847  0.00529168 0.00036677 0.00036077 0.00049842 0.00045446 0.00002453 0.00012389 0.00037656]
 [0.03046557 0.03522504 0.7183734  0.0271363  0.02736803 0.01793255 0.05081537 0.05378474 0.01564976 0.02324909]
 [0.03273108 0.04269559 0.69843936 0.02975869 0.02996259 0.02399184 0.05180227 0.04814894 0.01679472 0.02567491]
 [0.03251868 0.02678232 0.7021601  0.02893474 0.02918279 0.02369696 0.05279732 0.06148186 0.01798741 0.02445782]
 [0.02435712 0.04603072 0.76858526 0.02158097 0.0217167  0.0103396  0.04086239 0.03517501 0.01259185 0.01876048]
 [0.0355645  0.0479857  0.66974646 0.0323172  0.03254145 0.02607557 0.05670213 0.05307708 0.01812988 0.02786001]
 [0.02264145 0.0664842  0.7707126  0.02001044 0.02016052 0.01025057 0.03841897 0.02341646 0.01039984 0.01750491]
 [0.03407412 0.02291869 0.6929126  0.03010753 0.03038114 0.02115593 0.0487972  0.07617727 0.01791982 0.02555569]
 [0.02523084 0.01745216 0.7556541  0.02193889 0.02216692 0.01357881 0.04007351 0.0699629  0.01536956 0.01857232]
 [0.02746285 0.01499042 0.74004126 0.02303818 0.02328173 0.01324323 0.04395223 0.07884055 0.01592439 0.01922518]
 [0.02876828 0.04806706 0.7345495  0.02489806 0.02509459 0.01484617 0.04741193 0.04078404 0.0142579  0.0213225 ]
 [0.03113582 0.04154781 0.70683134 0.02763909 0.02781306 0.01871958 0.0482169  0.05735883 0.01707644 0.02366112]
 [0.03619997 0.01323549 0.6566905  0.03148338 0.03180239 0.02263684 0.05507637 0.10656673 0.0200592  0.02624912]
 [0.03037986 0.01240355 0.6825772  0.02598041 0.02628254 0.02081204 0.0489012  0.11270513 0.01835386 0.0216042 ]
 [0.02719285 0.06895768 0.73093045 0.02466959 0.02482992 0.01171322 0.04746141 0.03062112 0.01200742 0.02161637]
 [0.02929652 0.03209469 0.7213193  0.02565619 0.02587927 0.01944168 0.04743078 0.06111441 0.01590339 0.02186376]
 [0.02671167 0.09982467 0.71378523 0.02456693 0.02470969 0.01243947 0.04591334 0.01925301 0.01106971 0.02172632]
 [0.0296731  0.00802799 0.21929428 0.02482888 0.02530284 0.02878175 0.05525359 0.55756575 0.03123681 0.02003499]
 [0.04998261 0.12804759 0.4102942  0.04370147 0.04400036 0.03140732 0.07634698 0.14265397 0.03654202 0.03702335]
 [0.03426237 0.01812579 0.55462545 0.02986041 0.03021813 0.0327921  0.05766    0.1925079  0.02506519 0.02488266]
 [0.03484625 0.02704172 0.64588124 0.02987189 0.03015569 0.01983014 0.05305992 0.11211628 0.02219037 0.02500646]
 [0.03679095 0.03115235 0.6139892  0.03181056 0.03210596 0.02265255 0.05737402 0.12293182 0.02452848 0.02666409]
 [0.03801382 0.03152689 0.5879542  0.0325687  0.03292824 0.03368632 0.06613829 0.1250161  0.02503035 0.02713712]
 [0.04088449 0.0168837  0.3687255  0.0347258  0.03518551 0.04132032 0.06683772 0.3314207  0.03572568 0.02829046]
 [0.04157316 0.10436929 0.57059044 0.03825372 0.03839817 0.02232753 0.0598981  0.06750195 0.02406816 0.03301948]
 [0.03735499 0.13842793 0.46444908 0.03569341 0.03592599 0.0449616  0.06418184 0.11931382 0.02836576 0.0313256 ]
 [0.03917198 0.07052862 0.49482548 0.03664264 0.03694391 0.03497235 0.06513211 0.161287   0.02877755 0.03171835]
 [0.03233036 0.00980517 0.58558285 0.02738704 0.02776029 0.02802088 0.05366025 0.18937685 0.02360466 0.02247166]
 [0.03753456 0.05212483 0.52974623 0.03519522 0.03547571 0.03474824 0.06258732 0.15503383 0.02716467 0.03038954]
 [0.04568363 0.09485131 0.414026   0.0440112  0.04422074 0.04186131 0.07045876 0.1714737  0.03532907 0.03808425]
 [0.03852516 0.05431414 0.54193926 0.03407861 0.03439889 0.02941401 0.06456628 0.14556174 0.02830054 0.02890145]
 [0.03859047 0.11355139 0.45359555 0.03613149 0.03642901 0.04689553 0.0674678  0.14540835 0.03053357 0.03139681]
 [0.03091624 0.00559742 0.22298841 0.02602777 0.02655546 0.03156107 0.06468213 0.5425035  0.02826051 0.02090766]
 [0.00955119 0.00043338 0.9320273  0.00762218 0.00776808 0.00418416 0.01795685 0.01105876 0.00325649 0.00614153]
 [0.01808636 0.0031178  0.8506752  0.01532285 0.01555113 0.0098736  0.03311801 0.03378819 0.00777605 0.01269069]
 [0.00632579 0.00048679 0.95937794 0.00508193 0.0051682  0.00232    0.0116125  0.00359258 0.00187431 0.0041599 ]
 [0.01047237 0.00051604 0.921299   0.0082788  0.00843948 0.0048479  0.0204813  0.01504353 0.00396858 0.00665299]
 [0.00515133 0.00014469 0.96550703 0.00390728 0.00399006 0.00197269 0.01049515 0.00430092 0.00141925 0.00311153]
 [0.00972473 0.00036545 0.9231866  0.00757077 0.00772522 0.0045155  0.01922879 0.01811582 0.00352206 0.00604519]
 [0.01211918 0.00178308 0.9064137  0.01025238 0.01040534 0.00773907 0.02327886 0.01493799 0.00456023 0.00851012]
 [0.01058197 0.00124173 0.91505635 0.00900243 0.00914236 0.00720356 0.02099588 0.01486165 0.00444093 0.00747322]
 [0.01363419 0.00027846 0.7904352  0.01054458 0.01077312 0.00606772 0.02509533 0.12765482 0.00719591 0.0083206 ]
 [0.00539821 0.00007175 0.96296287 0.00396608 0.00405138 0.00187941 0.01065241 0.00632431 0.00160632 0.00308727]
 [0.00637421 0.00010953 0.9500519  0.00482768 0.00493501 0.00264337 0.01305466 0.01215789 0.00203482 0.00381078]
 [0.00823283 0.00036047 0.9385624  0.00672115 0.00684215 0.00492728 0.01573496 0.01042132 0.00273907 0.00545832]
 [0.0130586  0.00018362 0.80610204 0.01035569 0.0105792  0.00803267 0.02488473 0.11183593 0.00680884 0.00815875]
 [0.00834359 0.00402669 0.9439605  0.00740212 0.00746766 0.0030002  0.01338864 0.00348067 0.00255473 0.00637509]
 [0.00869422 0.00540194 0.9402864  0.00794174 0.00800288 0.00310724 0.01354878 0.00339442 0.00270144 0.00692092]
 [0.00949941 0.00008994 0.8944738  0.00716171 0.00733251 0.00457507 0.0190673  0.04842612 0.00380672 0.00556755]
 [0.02466305 0.01075    0.82325244 0.01974225 0.01994783 0.00782731 0.03631344 0.03053831 0.01068301 0.01628228]
 [0.03009513 0.05979195 0.73965687 0.02848338 0.02852356 0.01592844 0.04196149 0.01856884 0.01200856 0.02498181]
 [0.02520058 0.03173731 0.8052823  0.0234892  0.02355275 0.01172098 0.03505939 0.01402127 0.00954398 0.02039238]
 [0.02082144 0.02269784 0.8376104  0.01870021 0.01878362 0.00882362 0.0300138  0.01698945 0.00943937 0.01612027]
 [0.02419296 0.01972446 0.8163891  0.01951895 0.01971142 0.00752195 0.03759213 0.02785188 0.01123933 0.01625776]
 [0.01701345 0.03079285 0.8624496  0.01548815 0.01554159 0.00732476 0.02411154 0.00700069 0.00676551 0.01351185]
 [0.02542583 0.04194511 0.7843308  0.02337711 0.02342665 0.01222447 0.03590533 0.02074343 0.0122508  0.02037046]
 [0.01704312 0.01477015 0.8626552  0.01458906 0.01473402 0.00750012 0.02700096 0.02138447 0.00787177 0.01245109]
 [0.02159038 0.0307956  0.8272228  0.01854001 0.01864297 0.00817057 0.03193318 0.01807218 0.00916221 0.01587025]
 [0.02610446 0.01845718 0.8041056  0.02107426 0.02127135 0.00799324 0.03982448 0.03176108 0.01189389 0.01751446]
 [0.01889656 0.04653867 0.8347377  0.01754976 0.01757184 0.00871644 0.02507704 0.00827787 0.00711782 0.01551634]
 [0.01995455 0.02943382 0.82747245 0.01752493 0.01764441 0.01000533 0.03045424 0.02265129 0.00973473 0.0151243 ]
 [0.01805975 0.03503253 0.84982747 0.01571261 0.01580065 0.00687109 0.02738855 0.01075937 0.00694788 0.01360024]
 [0.01819143 0.04026662 0.84227186 0.01661463 0.01664792 0.00708902 0.02616858 0.01045725 0.0076665  0.01462631]
 [0.02419707 0.00570742 0.8221807  0.01867205 0.01891281 0.0071823  0.03735184 0.03915554 0.01153801 0.0151022 ]
 [0.02256094 0.03226062 0.8137933  0.02032646 0.02040871 0.01153326 0.03358055 0.01718098 0.01078322 0.01757199]]
        Validation Criterion: 0.07161361

Total gradient descent training time: 0 hours 58 mins 13 secs
Using any previously defined optimizer for adapation

=== Beginning Meta-Testing ... ===
    Number of examples in a batch along envs: 160
    Maximum number of batches (along envs): 1
    Reusing contexts for adaptation on the single bach

    Test loss value: 2.55e-01 ± 1.21e+00
    Train loss value for criterion 0: 0.00e+00

==  Begining artefacts visualisation ... ==
    Visualized context dimensions along x: [14 27 34]
    Visualized context dimensions along y: [31 29 18]
Saving artefacts in: ./runs/241222-215234/artefacts.png
/lus/lfs1aip1/home/benchmarking/ddrous.benchmarking/Projects/Self-Mod/examples/ode-bench/runs/241207-204554-PerfectT0/selfmod/visualtester.py:285: UserWarning: No artists with labels found to put in legend.  Note that artists whose label start with an underscore are ignored when legend() is called with no argument.
  ax[p_id].legend(fontsize=8, loc='upper right')
/lus/lfs1aip1/home/benchmarking/ddrous.benchmarking/Projects/Self-Mod/examples/ode-bench/runs/241207-204554-PerfectT0/selfmod/visualtester.py:285: UserWarning: No artists with labels found to put in legend.  Note that artists whose label start with an underscore are ignored when legend() is called with no argument.
  ax[p_id].legend(fontsize=8, loc='upper right')
/lus/lfs1aip1/home/benchmarking/ddrous.benchmarking/Projects/Self-Mod/examples/ode-bench/runs/241207-204554-PerfectT0/selfmod/visualtester.py:285: UserWarning: No artists with labels found to put in legend.  Note that artists whose label start with an underscore are ignored when legend() is called with no argument.
  ax[p_id].legend(fontsize=8, loc='upper right')
Loss per InD environment: [0.03309649974107742, 0.04105854406952858, 0.0661068931221962, 0.051187798380851746, 0.05503939092159271, 0.050087764859199524, 0.05659852549433708, 0.09488022327423096, 0.07107936590909958, 0.12213428318500519, 0.14001502096652985, 0.06602805107831955, 0.08280353993177414, 0.0873798131942749, 0.09087709337472916, 0.10674618184566498, 0.04109298437833786, 0.053379714488983154, 0.07214784622192383, 0.1516006886959076, 0.12569673359394073, 0.025386914610862732, 0.13659214973449707, 0.01565106399357319, 0.22263358533382416, 0.11580941081047058, 0.035171326249837875, 0.15446212887763977, 0.017362231388688087, 0.03486441448330879, 0.020810794085264206, 0.13630567491054535, 0.060815054923295975, 0.10257694125175476, 0.06866606324911118, 0.11383157223463058, 0.0485914871096611, 0.05138196796178818, 0.12232910096645355, 0.05017989128828049, 0.0724516361951828, 0.04520760476589203, 0.10977071523666382, 0.0532296821475029, 0.049553290009498596, 0.16045375168323517, 0.04866034537553787, 0.09283968806266785, 4.7366180419921875, 4.846336364746094, 3.367838144302368, 2.3017666339874268, 4.489993572235107, 4.402119159698486, 4.36110258102417, 2.447767972946167, 3.3238775730133057, 2.826190233230591, 2.6767115592956543, 3.9200046062469482, 3.969923734664917, 4.100122451782227, 5.053314685821533, 2.6601598262786865, 2.072636604309082, 1.2746047973632812, 1.2070622444152832, 2.26412296295166, 1.4104681015014648, 1.40501070022583, 2.426398515701294, 2.042717218399048, 1.5471673011779785, 2.30181884765625, 1.6148366928100586, 1.5155105590820312, 1.7275521755218506, 1.9538860321044922, 2.440871000289917, 2.1788148880004883, 0.5738309025764465, 2.5620739459991455, 0.8764384388923645, 0.862380862236023, 2.408735990524292, 1.6043576002120972, 3.1058802604675293, 0.8159964084625244, 1.0048080682754517, 1.5698007345199585, 3.381439447402954, 0.9496548175811768, 3.247687339782715, 0.7787614464759827, 0.7481427788734436, 1.4409350156784058, 0.17565511167049408, 0.20516493916511536, 0.3089197278022766, 0.13184545934200287, 0.20465266704559326, 0.13529179990291595, 0.18940402567386627, 0.16601386666297913, 0.18580268323421478, 0.2226322442293167, 0.26323172450065613, 0.33406898379325867, 0.21446071565151215, 0.2988569438457489, 0.20077235996723175, 0.4969925880432129, 1.2504891157150269, 0.8481976389884949, 0.6375993490219116, 0.7739580869674683, 0.7137555480003357, 0.7159759402275085, 0.7215197682380676, 0.6174572706222534, 0.8433167934417725, 0.7260221838951111, 0.9010781645774841, 0.7426782250404358, 1.0550168752670288, 0.7094430923461914, 0.7759117484092712, 1.3398044109344482, 0.06662659347057343, 0.07818110287189484, 0.061681050807237625, 0.06623216718435287, 0.08390943706035614, 0.08925469219684601, 0.15505453944206238, 0.14151033759117126, 0.11115597188472748, 0.10104155540466309, 0.1038605198264122, 0.16382203996181488, 0.13826893270015717, 0.4138007164001465, 0.42360517382621765, 0.11541243642568588, 0.5674589276313782, 0.2697684168815613, 0.18672068417072296, 0.16967284679412842, 0.8169593811035156, 0.18184001743793488, 0.2176772952079773, 0.2886998653411865, 0.32446974515914917, 0.9048069715499878, 0.21913865208625793, 0.24654777348041534, 0.316352903842926, 0.23096786439418793, 1.168076753616333, 0.27263033390045166]

==  Begining in-domain dynamics visualisation ... ==
    Trajectory id: 0
    Visualized dimensions: (0, 1)
    Using contexts from meta-training.
Testing finished. Figure saved in: ./runs/241222-215234/dynamics.png

==  Begining context clusters visualisation with t-SNE ... ==
    Visualising the parameters (either vectors or function weights)
    Visualising predictions from the contexts (reconstituted as functions)
WARNING: No context utilities found, meaning inf dim context are not used. Using randoms.
Saving context clusters in: ./runs/241222-215234/context_clusters.png
/home/benchmarking/ddrous.benchmarking/miniforge3/envs/jaxgpu/lib/python3.12/site-packages/umap/umap_.py:1952: UserWarning: n_jobs value 1 overridden to 1 by setting random_state. Use no seed for parallelism.
  warn(
Using any previously defined optimizer for adapation

=== Beginning Meta-Testing ... ===
    Number of examples in a batch along envs: 1
    Maximum number of batches (along envs): 1
Epoch:   0      Batch:   0      Loss: 0.04352946     ContextsNorm: 0.00000000
Epoch:   1      Batch:   0      Loss: 0.03315318     ContextsNorm: 0.00000000
Epoch:   2      Batch:   0      Loss: 0.02504851     ContextsNorm: 0.00000000
Epoch:   3      Batch:   0      Loss: 0.01928646     ContextsNorm: 0.00000000
Epoch:  10      Batch:   0      Loss: 0.01865574     ContextsNorm: 0.00000000
Epoch:  20      Batch:   0      Loss: 0.01371003     ContextsNorm: 0.00000000
Epoch:  30      Batch:   0      Loss: 0.01294441     ContextsNorm: 0.00000000
Epoch:  40      Batch:   0      Loss: 0.01236939     ContextsNorm: 0.00000000
Epoch:  50      Batch:   0      Loss: 0.01162281     ContextsNorm: 0.00000000
Epoch:  60      Batch:   0      Loss: 0.01090472     ContextsNorm: 0.00000000
Epoch:  70      Batch:   0      Loss: 0.01023778     ContextsNorm: 0.00000000
Epoch:  80      Batch:   0      Loss: 0.00962500     ContextsNorm: 0.00000000
Epoch:  90      Batch:   0      Loss: 0.00906176     ContextsNorm: 0.00000000
Epoch: 100      Batch:   0      Loss: 0.00855506     ContextsNorm: 0.00000000
Epoch: 110      Batch:   0      Loss: 0.00810212     ContextsNorm: 0.00000000
Epoch: 120      Batch:   0      Loss: 0.00770259     ContextsNorm: 0.00000000
Epoch: 130      Batch:   0      Loss: 0.00735939     ContextsNorm: 0.00000000
Epoch: 140      Batch:   0      Loss: 0.00705745     ContextsNorm: 0.00000000
Epoch: 150      Batch:   0      Loss: 0.00680272     ContextsNorm: 0.00000000
Epoch: 160      Batch:   0      Loss: 0.00658512     ContextsNorm: 0.00000000
Epoch: 170      Batch:   0      Loss: 0.00640077     ContextsNorm: 0.00000000
Epoch: 180      Batch:   0      Loss: 0.00624827     ContextsNorm: 0.00000000
Epoch: 190      Batch:   0      Loss: 0.00611510     ContextsNorm: 0.00000000
Epoch: 200      Batch:   0      Loss: 0.00600451     ContextsNorm: 0.00000000
Epoch: 210      Batch:   0      Loss: 0.00591132     ContextsNorm: 0.00000000
Epoch: 220      Batch:   0      Loss: 0.00583290     ContextsNorm: 0.00000000
Epoch: 230      Batch:   0      Loss: 0.00576728     ContextsNorm: 0.00000000
Epoch: 240      Batch:   0      Loss: 0.00571099     ContextsNorm: 0.00000000
Epoch: 250      Batch:   0      Loss: 0.00566318     ContextsNorm: 0.00000000
Epoch: 260      Batch:   0      Loss: 0.00562250     ContextsNorm: 0.00000000
Epoch: 270      Batch:   0      Loss: 0.00558810     ContextsNorm: 0.00000000
Epoch: 280      Batch:   0      Loss: 0.00555791     ContextsNorm: 0.00000000
Epoch: 290      Batch:   0      Loss: 0.00553202     ContextsNorm: 0.00000000
Epoch: 300      Batch:   0      Loss: 0.00550981     ContextsNorm: 0.00000000
Epoch: 310      Batch:   0      Loss: 0.00548984     ContextsNorm: 0.00000000
Epoch: 320      Batch:   0      Loss: 0.00547232     ContextsNorm: 0.00000000
Epoch: 330      Batch:   0      Loss: 0.00545662     ContextsNorm: 0.00000000
Epoch: 340      Batch:   0      Loss: 0.00544276     ContextsNorm: 0.00000000
Epoch: 350      Batch:   0      Loss: 0.00542943     ContextsNorm: 0.00000000
Epoch: 360      Batch:   0      Loss: 0.00541860     ContextsNorm: 0.00000000
Epoch: 370      Batch:   0      Loss: 0.00540807     ContextsNorm: 0.00000000
Epoch: 380      Batch:   0      Loss: 0.00539836     ContextsNorm: 0.00000000
Epoch: 390      Batch:   0      Loss: 0.00538968     ContextsNorm: 0.00000000
Epoch: 400      Batch:   0      Loss: 0.00538097     ContextsNorm: 0.00000000
Epoch: 410      Batch:   0      Loss: 0.00537339     ContextsNorm: 0.00000000
Epoch: 420      Batch:   0      Loss: 0.00536571     ContextsNorm: 0.00000000
Epoch: 430      Batch:   0      Loss: 0.00535873     ContextsNorm: 0.00000000
Epoch: 440      Batch:   0      Loss: 0.00535217     ContextsNorm: 0.00000000
Epoch: 450      Batch:   0      Loss: 0.00534576     ContextsNorm: 0.00000000
Epoch: 460      Batch:   0      Loss: 0.00533985     ContextsNorm: 0.00000000
Epoch: 470      Batch:   0      Loss: 0.00533414     ContextsNorm: 0.00000000
Epoch: 480      Batch:   0      Loss: 0.00532855     ContextsNorm: 0.00000000
Epoch: 490      Batch:   0      Loss: 0.00532327     ContextsNorm: 0.00000000
Epoch: 499      Batch:   0      Loss: 0.00531868     ContextsNorm: 0.00000000

Total gradient descent training time: 0 hours 5 mins 15 secs

    Test loss value: 7.56e-02 ± 0.00e+00
    Train loss value for criterion 0: 5.32e-03
Loss per OoD environment: [0.07556196302175522]

==  Begining artefacts visualisation ... ==
    Visualized context dimensions along x: [14 27 34]
    Visualized context dimensions along y: [31 29 18]
No adaptation contexts found. Using latest found.
Saving artefacts in: ./runs/241222-215234/adapt/artefacts_4_5.png
/lus/lfs1aip1/home/benchmarking/ddrous.benchmarking/Projects/Self-Mod/examples/ode-bench/runs/241207-204554-PerfectT0/selfmod/visualtester.py:285: UserWarning: No artists with labels found to put in legend.  Note that artists whose label start with an underscore are ignored when legend() is called with no argument.
  ax[p_id].legend(fontsize=8, loc='upper right')
/lus/lfs1aip1/home/benchmarking/ddrous.benchmarking/Projects/Self-Mod/examples/ode-bench/runs/241207-204554-PerfectT0/selfmod/visualtester.py:285: UserWarning: No artists with labels found to put in legend.  Note that artists whose label start with an underscore are ignored when legend() is called with no argument.
  ax[p_id].legend(fontsize=8, loc='upper right')
/lus/lfs1aip1/home/benchmarking/ddrous.benchmarking/Projects/Self-Mod/examples/ode-bench/runs/241207-204554-PerfectT0/selfmod/visualtester.py:285: UserWarning: No artists with labels found to put in legend.  Note that artists whose label start with an underscore are ignored when legend() is called with no argument.
  ax[p_id].legend(fontsize=8, loc='upper right')

==  Begining out-of-distribution dynamics visualisation ... ==
    Trajectory id: 0
    Visualized dimensions: (0, 1)
WARNING: No specific adaptation contexts found. Using latest found.
Testing finished. Figure saved in: ./runs/241222-215234/adapt/dynamics_ood_4_5.png

==  Begining context clusters visualisation with t-SNE ... ==
    Visualising the parameters (either vectors or function weights)
    Visualising predictions from the contexts (reconstituted as functions)
WARNING: No context utilities found, meaning inf dim context are not used. Using randoms.
Saving context clusters in: ./runs/241222-215234/adapt/context_clusters.png
