
############# Contextual Self-Modulation #############

Jax version: 0.4.35
Available devices: [CudaDevice(id=0)]
Created a new run folder at: ./runs/241208-132002/
Completed copied scripts 
Created a new adaptation folder at: ./runs/241208-132002/adapt/
Created a new data folder at: ./runs/241208-132002/data/
Copied the data generation scripts
Shapes of data and t_eval: (160, 4, 25, 2) (160, 25)

Using 46 environments to estimate the global training loss function ...


Total number of parameters in the model: 82430
Total number of parameters in one context: 40

Loading model and results from ./runs/241208-132002/ folder ...

WARNING: No training history found at all. Using tens.
WARNING: No validation history found at all. Using ten.
WARNING: No optimiser state found in the provided path.
No checkpoints or error when attempting to load training configs - '[Errno 2] No such file or directory: 'runs/241208-132002/model.eqx'' - Starting from scratch ...


=== Beginning Meta-Training ... ===
    Number of examples in a batch along envs: 160
    Maximum number of batches (along envs): 1
    Total number of epochs: 1
    Number of outer minimizations: 200
    Maximum numbers of inner steps per outer minimizations: (10, 10)
    Training on 1 batches
    Validating on 1 batches
     ### Compiling function "train_step" for the gates ...  
    Compiling gating loss function - coefficient of variation ...
     ### Compiling function "train_step" for the model ...  
    Compiling gating loss function - coefficient of variation ...
     ### Compiling function "train_step" for the contexts ...  
    Compiling gating loss function - coefficient of variation ...
13:26:59      Epoch:   0      Batch:   0      OuterStep:   0      LossModel: 0.84733725     LossTerm2: 0.00000000     LossGates: 0.00000000      Time/Step(s): 414.5133Contributing envs to the losses:  [ 88 153  17  11  87 146  27  15 157 143  37  82 134  22  34 135   2   4  26  19 141 138   3  16  83  89 137 139 140  46  23  47 114 128  18  21  10  38  28 131  29  25  85  24  30 129]
Gate kernel values:  [[ 0.  0.  0.  0.  0. -0. -0. -0. -0. -0. -0.  0.  0. -0. -0.  0.  0. -0.  0. -0.  0. -0. -0. -0.  0.  0. -0.  0.  0. -0.  0.  0. -0.  0.  0.  0.  0.  0.  0. -0.]
 [ 0. -0.  0. -0. -0.  0.  0.  0.  0.  0.  0. -0.  0. -0.  0.  0.  0. -0. -0.  0. -0.  0.  0. -0.  0. -0. -0. -0. -0.  0. -0.  0.  0. -0. -0.  0. -0. -0.  0. -0.]
 [-0. -0. -0.  0. -0.  0. -0.  0.  0.  0. -0. -0.  0.  0. -0.  0.  0. -0.  0.  0. -0. -0. -0.  0. -0.  0.  0. -0. -0. -0.  0.  0. -0. -0.  0. -0.  0.  0.  0. -0.]
 [ 0.  0.  0.  0.  0.  0.  0. -0. -0.  0. -0. -0. -0. -0.  0. -0.  0. -0.  0. -0.  0. -0. -0. -0. -0.  0. -0. -0.  0.  0. -0.  0. -0. -0.  0. -0.  0. -0.  0.  0.]
 [ 0. -0. -0. -0.  0. -0. -0.  0. -0. -0.  0.  0.  0.  0. -0. -0. -0.  0. -0. -0.  0.  0.  0.  0. -0.  0.  0.  0.  0.  0. -0.  0. -0.  0.  0. -0. -0.  0. -0.  0.]
 [-0.  0. -0. -0. -0. -0. -0.  0. -0.  0.  0. -0. -0.  0. -0. -0. -0.  0.  0.  0.  0.  0.  0. -0.  0. -0.  0. -0. -0. -0.  0.  0.  0.  0. -0.  0.  0.  0. -0.  0.]
 [-0.  0. -0.  0.  0. -0. -0. -0.  0. -0. -0. -0. -0. -0.  0.  0.  0.  0.  0.  0.  0.  0.  0.  0. -0.  0. -0.  0.  0.  0.  0.  0.  0. -0. -0.  0. -0. -0.  0.  0.]
 [-0.  0.  0. -0.  0. -0.  0.  0.  0.  0.  0.  0. -0.  0.  0.  0.  0. -0. -0. -0.  0. -0.  0. -0.  0.  0. -0.  0. -0. -0.  0. -0.  0.  0.  0.  0. -0.  0. -0. -0.]
 [-0.  0. -0. -0. -0.  0. -0.  0. -0. -0. -0. -0.  0.  0.  0.  0.  0. -0.  0.  0. -0.  0.  0.  0. -0. -0.  0. -0. -0. -0.  0.  0. -0. -0. -0. -0.  0. -0. -0.  0.]
 [ 0. -0.  0. -0.  0.  0.  0. -0.  0. -0. -0. -0. -0.  0.  0. -0.  0. -0.  0.  0.  0.  0. -0. -0. -0. -0.  0. -0.  0.  0.  0. -0.  0.  0.  0.  0.  0.  0.  0.  0.]]
Gate values for each environment (all envs): 
 [[0.1 0.1 0.1 0.1 0.1 0.1 0.1 0.1 0.1 0.1]
 [0.1 0.1 0.1 0.1 0.1 0.1 0.1 0.1 0.1 0.1]
 [0.1 0.1 0.1 0.1 0.1 0.1 0.1 0.1 0.1 0.1]
 [0.1 0.1 0.1 0.1 0.1 0.1 0.1 0.1 0.1 0.1]
 [0.1 0.1 0.1 0.1 0.1 0.1 0.1 0.1 0.1 0.1]
 [0.1 0.1 0.1 0.1 0.1 0.1 0.1 0.1 0.1 0.1]
 [0.1 0.1 0.1 0.1 0.1 0.1 0.1 0.1 0.1 0.1]
 [0.1 0.1 0.1 0.1 0.1 0.1 0.1 0.1 0.1 0.1]
 [0.1 0.1 0.1 0.1 0.1 0.1 0.1 0.1 0.1 0.1]
 [0.1 0.1 0.1 0.1 0.1 0.1 0.1 0.1 0.1 0.1]
 [0.1 0.1 0.1 0.1 0.1 0.1 0.1 0.1 0.1 0.1]
 [0.1 0.1 0.1 0.1 0.1 0.1 0.1 0.1 0.1 0.1]
 [0.1 0.1 0.1 0.1 0.1 0.1 0.1 0.1 0.1 0.1]
 [0.1 0.1 0.1 0.1 0.1 0.1 0.1 0.1 0.1 0.1]
 [0.1 0.1 0.1 0.1 0.1 0.1 0.1 0.1 0.1 0.1]
 [0.1 0.1 0.1 0.1 0.1 0.1 0.1 0.1 0.1 0.1]
 [0.1 0.1 0.1 0.1 0.1 0.1 0.1 0.1 0.1 0.1]
 [0.1 0.1 0.1 0.1 0.1 0.1 0.1 0.1 0.1 0.1]
 [0.1 0.1 0.1 0.1 0.1 0.1 0.1 0.1 0.1 0.1]
 [0.1 0.1 0.1 0.1 0.1 0.1 0.1 0.1 0.1 0.1]
 [0.1 0.1 0.1 0.1 0.1 0.1 0.1 0.1 0.1 0.1]
 [0.1 0.1 0.1 0.1 0.1 0.1 0.1 0.1 0.1 0.1]
 [0.1 0.1 0.1 0.1 0.1 0.1 0.1 0.1 0.1 0.1]
 [0.1 0.1 0.1 0.1 0.1 0.1 0.1 0.1 0.1 0.1]
 [0.1 0.1 0.1 0.1 0.1 0.1 0.1 0.1 0.1 0.1]
 [0.1 0.1 0.1 0.1 0.1 0.1 0.1 0.1 0.1 0.1]
 [0.1 0.1 0.1 0.1 0.1 0.1 0.1 0.1 0.1 0.1]
 [0.1 0.1 0.1 0.1 0.1 0.1 0.1 0.1 0.1 0.1]
 [0.1 0.1 0.1 0.1 0.1 0.1 0.1 0.1 0.1 0.1]
 [0.1 0.1 0.1 0.1 0.1 0.1 0.1 0.1 0.1 0.1]
 [0.1 0.1 0.1 0.1 0.1 0.1 0.1 0.1 0.1 0.1]
 [0.1 0.1 0.1 0.1 0.1 0.1 0.1 0.1 0.1 0.1]
 [0.1 0.1 0.1 0.1 0.1 0.1 0.1 0.1 0.1 0.1]
 [0.1 0.1 0.1 0.1 0.1 0.1 0.1 0.1 0.1 0.1]
 [0.1 0.1 0.1 0.1 0.1 0.1 0.1 0.1 0.1 0.1]
 [0.1 0.1 0.1 0.1 0.1 0.1 0.1 0.1 0.1 0.1]
 [0.1 0.1 0.1 0.1 0.1 0.1 0.1 0.1 0.1 0.1]
 [0.1 0.1 0.1 0.1 0.1 0.1 0.1 0.1 0.1 0.1]
 [0.1 0.1 0.1 0.1 0.1 0.1 0.1 0.1 0.1 0.1]
 [0.1 0.1 0.1 0.1 0.1 0.1 0.1 0.1 0.1 0.1]
 [0.1 0.1 0.1 0.1 0.1 0.1 0.1 0.1 0.1 0.1]
 [0.1 0.1 0.1 0.1 0.1 0.1 0.1 0.1 0.1 0.1]
 [0.1 0.1 0.1 0.1 0.1 0.1 0.1 0.1 0.1 0.1]
 [0.1 0.1 0.1 0.1 0.1 0.1 0.1 0.1 0.1 0.1]
 [0.1 0.1 0.1 0.1 0.1 0.1 0.1 0.1 0.1 0.1]
 [0.1 0.1 0.1 0.1 0.1 0.1 0.1 0.1 0.1 0.1]
 [0.1 0.1 0.1 0.1 0.1 0.1 0.1 0.1 0.1 0.1]
 [0.1 0.1 0.1 0.1 0.1 0.1 0.1 0.1 0.1 0.1]
 [0.1 0.1 0.1 0.1 0.1 0.1 0.1 0.1 0.1 0.1]
 [0.1 0.1 0.1 0.1 0.1 0.1 0.1 0.1 0.1 0.1]
 [0.1 0.1 0.1 0.1 0.1 0.1 0.1 0.1 0.1 0.1]
 [0.1 0.1 0.1 0.1 0.1 0.1 0.1 0.1 0.1 0.1]
 [0.1 0.1 0.1 0.1 0.1 0.1 0.1 0.1 0.1 0.1]
 [0.1 0.1 0.1 0.1 0.1 0.1 0.1 0.1 0.1 0.1]
 [0.1 0.1 0.1 0.1 0.1 0.1 0.1 0.1 0.1 0.1]
 [0.1 0.1 0.1 0.1 0.1 0.1 0.1 0.1 0.1 0.1]
 [0.1 0.1 0.1 0.1 0.1 0.1 0.1 0.1 0.1 0.1]
 [0.1 0.1 0.1 0.1 0.1 0.1 0.1 0.1 0.1 0.1]
 [0.1 0.1 0.1 0.1 0.1 0.1 0.1 0.1 0.1 0.1]
 [0.1 0.1 0.1 0.1 0.1 0.1 0.1 0.1 0.1 0.1]
 [0.1 0.1 0.1 0.1 0.1 0.1 0.1 0.1 0.1 0.1]
 [0.1 0.1 0.1 0.1 0.1 0.1 0.1 0.1 0.1 0.1]
 [0.1 0.1 0.1 0.1 0.1 0.1 0.1 0.1 0.1 0.1]
 [0.1 0.1 0.1 0.1 0.1 0.1 0.1 0.1 0.1 0.1]
 [0.1 0.1 0.1 0.1 0.1 0.1 0.1 0.1 0.1 0.1]
 [0.1 0.1 0.1 0.1 0.1 0.1 0.1 0.1 0.1 0.1]
 [0.1 0.1 0.1 0.1 0.1 0.1 0.1 0.1 0.1 0.1]
 [0.1 0.1 0.1 0.1 0.1 0.1 0.1 0.1 0.1 0.1]
 [0.1 0.1 0.1 0.1 0.1 0.1 0.1 0.1 0.1 0.1]
 [0.1 0.1 0.1 0.1 0.1 0.1 0.1 0.1 0.1 0.1]
 [0.1 0.1 0.1 0.1 0.1 0.1 0.1 0.1 0.1 0.1]
 [0.1 0.1 0.1 0.1 0.1 0.1 0.1 0.1 0.1 0.1]
 [0.1 0.1 0.1 0.1 0.1 0.1 0.1 0.1 0.1 0.1]
 [0.1 0.1 0.1 0.1 0.1 0.1 0.1 0.1 0.1 0.1]
 [0.1 0.1 0.1 0.1 0.1 0.1 0.1 0.1 0.1 0.1]
 [0.1 0.1 0.1 0.1 0.1 0.1 0.1 0.1 0.1 0.1]
 [0.1 0.1 0.1 0.1 0.1 0.1 0.1 0.1 0.1 0.1]
 [0.1 0.1 0.1 0.1 0.1 0.1 0.1 0.1 0.1 0.1]
 [0.1 0.1 0.1 0.1 0.1 0.1 0.1 0.1 0.1 0.1]
 [0.1 0.1 0.1 0.1 0.1 0.1 0.1 0.1 0.1 0.1]
 [0.1 0.1 0.1 0.1 0.1 0.1 0.1 0.1 0.1 0.1]
 [0.1 0.1 0.1 0.1 0.1 0.1 0.1 0.1 0.1 0.1]
 [0.1 0.1 0.1 0.1 0.1 0.1 0.1 0.1 0.1 0.1]
 [0.1 0.1 0.1 0.1 0.1 0.1 0.1 0.1 0.1 0.1]
 [0.1 0.1 0.1 0.1 0.1 0.1 0.1 0.1 0.1 0.1]
 [0.1 0.1 0.1 0.1 0.1 0.1 0.1 0.1 0.1 0.1]
 [0.1 0.1 0.1 0.1 0.1 0.1 0.1 0.1 0.1 0.1]
 [0.1 0.1 0.1 0.1 0.1 0.1 0.1 0.1 0.1 0.1]
 [0.1 0.1 0.1 0.1 0.1 0.1 0.1 0.1 0.1 0.1]
 [0.1 0.1 0.1 0.1 0.1 0.1 0.1 0.1 0.1 0.1]
 [0.1 0.1 0.1 0.1 0.1 0.1 0.1 0.1 0.1 0.1]
 [0.1 0.1 0.1 0.1 0.1 0.1 0.1 0.1 0.1 0.1]
 [0.1 0.1 0.1 0.1 0.1 0.1 0.1 0.1 0.1 0.1]
 [0.1 0.1 0.1 0.1 0.1 0.1 0.1 0.1 0.1 0.1]
 [0.1 0.1 0.1 0.1 0.1 0.1 0.1 0.1 0.1 0.1]
 [0.1 0.1 0.1 0.1 0.1 0.1 0.1 0.1 0.1 0.1]
 [0.1 0.1 0.1 0.1 0.1 0.1 0.1 0.1 0.1 0.1]
 [0.1 0.1 0.1 0.1 0.1 0.1 0.1 0.1 0.1 0.1]
 [0.1 0.1 0.1 0.1 0.1 0.1 0.1 0.1 0.1 0.1]
 [0.1 0.1 0.1 0.1 0.1 0.1 0.1 0.1 0.1 0.1]
 [0.1 0.1 0.1 0.1 0.1 0.1 0.1 0.1 0.1 0.1]
 [0.1 0.1 0.1 0.1 0.1 0.1 0.1 0.1 0.1 0.1]
 [0.1 0.1 0.1 0.1 0.1 0.1 0.1 0.1 0.1 0.1]
 [0.1 0.1 0.1 0.1 0.1 0.1 0.1 0.1 0.1 0.1]
 [0.1 0.1 0.1 0.1 0.1 0.1 0.1 0.1 0.1 0.1]
 [0.1 0.1 0.1 0.1 0.1 0.1 0.1 0.1 0.1 0.1]
 [0.1 0.1 0.1 0.1 0.1 0.1 0.1 0.1 0.1 0.1]
 [0.1 0.1 0.1 0.1 0.1 0.1 0.1 0.1 0.1 0.1]
 [0.1 0.1 0.1 0.1 0.1 0.1 0.1 0.1 0.1 0.1]
 [0.1 0.1 0.1 0.1 0.1 0.1 0.1 0.1 0.1 0.1]
 [0.1 0.1 0.1 0.1 0.1 0.1 0.1 0.1 0.1 0.1]
 [0.1 0.1 0.1 0.1 0.1 0.1 0.1 0.1 0.1 0.1]
 [0.1 0.1 0.1 0.1 0.1 0.1 0.1 0.1 0.1 0.1]
 [0.1 0.1 0.1 0.1 0.1 0.1 0.1 0.1 0.1 0.1]
 [0.1 0.1 0.1 0.1 0.1 0.1 0.1 0.1 0.1 0.1]
 [0.1 0.1 0.1 0.1 0.1 0.1 0.1 0.1 0.1 0.1]
 [0.1 0.1 0.1 0.1 0.1 0.1 0.1 0.1 0.1 0.1]
 [0.1 0.1 0.1 0.1 0.1 0.1 0.1 0.1 0.1 0.1]
 [0.1 0.1 0.1 0.1 0.1 0.1 0.1 0.1 0.1 0.1]
 [0.1 0.1 0.1 0.1 0.1 0.1 0.1 0.1 0.1 0.1]
 [0.1 0.1 0.1 0.1 0.1 0.1 0.1 0.1 0.1 0.1]
 [0.1 0.1 0.1 0.1 0.1 0.1 0.1 0.1 0.1 0.1]
 [0.1 0.1 0.1 0.1 0.1 0.1 0.1 0.1 0.1 0.1]
 [0.1 0.1 0.1 0.1 0.1 0.1 0.1 0.1 0.1 0.1]
 [0.1 0.1 0.1 0.1 0.1 0.1 0.1 0.1 0.1 0.1]
 [0.1 0.1 0.1 0.1 0.1 0.1 0.1 0.1 0.1 0.1]
 [0.1 0.1 0.1 0.1 0.1 0.1 0.1 0.1 0.1 0.1]
 [0.1 0.1 0.1 0.1 0.1 0.1 0.1 0.1 0.1 0.1]
 [0.1 0.1 0.1 0.1 0.1 0.1 0.1 0.1 0.1 0.1]
 [0.1 0.1 0.1 0.1 0.1 0.1 0.1 0.1 0.1 0.1]
 [0.1 0.1 0.1 0.1 0.1 0.1 0.1 0.1 0.1 0.1]
 [0.1 0.1 0.1 0.1 0.1 0.1 0.1 0.1 0.1 0.1]
 [0.1 0.1 0.1 0.1 0.1 0.1 0.1 0.1 0.1 0.1]
 [0.1 0.1 0.1 0.1 0.1 0.1 0.1 0.1 0.1 0.1]
 [0.1 0.1 0.1 0.1 0.1 0.1 0.1 0.1 0.1 0.1]
 [0.1 0.1 0.1 0.1 0.1 0.1 0.1 0.1 0.1 0.1]
 [0.1 0.1 0.1 0.1 0.1 0.1 0.1 0.1 0.1 0.1]
 [0.1 0.1 0.1 0.1 0.1 0.1 0.1 0.1 0.1 0.1]
 [0.1 0.1 0.1 0.1 0.1 0.1 0.1 0.1 0.1 0.1]
 [0.1 0.1 0.1 0.1 0.1 0.1 0.1 0.1 0.1 0.1]
 [0.1 0.1 0.1 0.1 0.1 0.1 0.1 0.1 0.1 0.1]
 [0.1 0.1 0.1 0.1 0.1 0.1 0.1 0.1 0.1 0.1]
 [0.1 0.1 0.1 0.1 0.1 0.1 0.1 0.1 0.1 0.1]
 [0.1 0.1 0.1 0.1 0.1 0.1 0.1 0.1 0.1 0.1]
 [0.1 0.1 0.1 0.1 0.1 0.1 0.1 0.1 0.1 0.1]
 [0.1 0.1 0.1 0.1 0.1 0.1 0.1 0.1 0.1 0.1]
 [0.1 0.1 0.1 0.1 0.1 0.1 0.1 0.1 0.1 0.1]
 [0.1 0.1 0.1 0.1 0.1 0.1 0.1 0.1 0.1 0.1]
 [0.1 0.1 0.1 0.1 0.1 0.1 0.1 0.1 0.1 0.1]
 [0.1 0.1 0.1 0.1 0.1 0.1 0.1 0.1 0.1 0.1]
 [0.1 0.1 0.1 0.1 0.1 0.1 0.1 0.1 0.1 0.1]
 [0.1 0.1 0.1 0.1 0.1 0.1 0.1 0.1 0.1 0.1]
 [0.1 0.1 0.1 0.1 0.1 0.1 0.1 0.1 0.1 0.1]
 [0.1 0.1 0.1 0.1 0.1 0.1 0.1 0.1 0.1 0.1]
 [0.1 0.1 0.1 0.1 0.1 0.1 0.1 0.1 0.1 0.1]
 [0.1 0.1 0.1 0.1 0.1 0.1 0.1 0.1 0.1 0.1]
 [0.1 0.1 0.1 0.1 0.1 0.1 0.1 0.1 0.1 0.1]
 [0.1 0.1 0.1 0.1 0.1 0.1 0.1 0.1 0.1 0.1]
 [0.1 0.1 0.1 0.1 0.1 0.1 0.1 0.1 0.1 0.1]
 [0.1 0.1 0.1 0.1 0.1 0.1 0.1 0.1 0.1 0.1]]
13:35:55      Epoch:   0      Batch:   0      OuterStep:  10      LossModel: 1.91755199     LossTerm2: 0.00000000     LossGates: 0.00000000      Time/Step(s): 53.6785Contributing envs to the losses:  [ 10   4   2 141  40 138  17   3  18  27  20  22 142  30  24  19  16  37  31  23  26  11  25 136  41  29  21   7 130  42  15  28  32 134   5  33 135 131 128 132 129  46  14   1 137  13]
Gate kernel values:  [[-0.00362192  0.00384427 -0.00261381  0.00240776 -0.0054146  -0.00394447  0.00511106  0.00341361 -0.00756454  0.00277745 -0.00592989  0.00376574 -0.00492611 -0.00591082  0.00483959  0.00393915 -0.00365616  0.00563085  0.00448671  0.00314319  0.01314235  0.00417326  0.00371827 -0.00394009 -0.00347093 -0.00560778 -0.00466443 -0.00365149 -0.00273653 -0.00478133 -0.00437379  0.0027606   0.00466311 -0.00339286 -0.00365538 -0.00328666 -0.00355451  0.00368923  0.00487858 -0.00487313]
 [-0.00276213  0.00375459 -0.00100143  0.00083105 -0.00615937 -0.0041599   0.00576232  0.00198574 -0.00824002  0.00128436 -0.00662813  0.00280302 -0.00406485 -0.006576    0.00827531  0.00312241 -0.00400808  0.00578795  0.00527034  0.00168431  0.01645981  0.00342977  0.00359481 -0.00397706 -0.00194007 -0.00671254 -0.00599524 -0.00372872 -0.00115227 -0.00576858 -0.00438638  0.00091957  0.00462928 -0.00224224 -0.00434581 -0.00373744 -0.00231041  0.00352499  0.00519809 -0.00504041]
 [-0.00875635  0.00879341 -0.00779675  0.00769809 -0.01051575 -0.0090642   0.01021658  0.00857684 -0.01291657  0.00798202 -0.01109274  0.00896933 -0.01009736 -0.01110005 -0.00391445  0.00903871 -0.00911956  0.01066301  0.00992865  0.00820238  0.00205304  0.00930943  0.00874988 -0.00887922 -0.00910822 -0.01108105 -0.00967222 -0.00888846 -0.00785345 -0.00996869 -0.00934766  0.00780797  0.00953598 -0.00853794 -0.00937139 -0.00914834 -0.00865579  0.00866964  0.00973561 -0.00975745]
 [ 0.03161661 -0.03297018  0.02471139 -0.02611863  0.03803506  0.03251281 -0.03720002 -0.03099985  0.04546132 -0.02754237  0.03979169 -0.03121964  0.0360683   0.03989    -0.0018202  -0.03259917  0.03278227 -0.03845515 -0.03599975 -0.02876584 -0.03633229 -0.03354467 -0.03196648  0.0329417   0.03068822  0.03996141  0.0332415   0.03193247  0.02628099  0.03499008  0.03429417 -0.02640343 -0.03501405  0.03073681  0.03426656  0.03340178  0.03056352 -0.03208876 -0.03575519  0.03588846]
 [-0.00373131  0.00399067 -0.00264661  0.0024475  -0.00569687 -0.00408049  0.00535652  0.00349162 -0.00800595  0.0028188  -0.00624889  0.00383247 -0.00511947 -0.00622481  0.00489128  0.00407691 -0.00376618  0.00590963  0.00466414  0.00319175  0.01344709  0.00433158  0.00383758 -0.00408743 -0.00347158 -0.00590484 -0.00498505 -0.00375183 -0.00279741 -0.00499688 -0.0045435   0.00280846  0.00487899 -0.0034712  -0.00379425 -0.00341383 -0.00362178  0.00381268  0.00511843 -0.00510563]
 [-0.00876933  0.00880338 -0.00784254  0.00772911 -0.0105055  -0.00905286  0.01020588  0.00858964 -0.01288177  0.0080097  -0.01107677  0.0089843  -0.01011087 -0.01108305 -0.00396025  0.0090514  -0.00908743  0.01066357  0.00989181  0.00823659  0.00200647  0.00931753  0.00875125 -0.00888252 -0.00911127 -0.01103541 -0.00965228 -0.00887174 -0.00789582 -0.00993945 -0.00934289  0.00785735  0.00954741 -0.00854906 -0.00932762 -0.00909942 -0.00868038  0.00868386  0.00974204 -0.00976409]
 [-0.00960561  0.0092115  -0.01058149  0.00948517 -0.01038967 -0.00950934  0.01004769  0.0096686  -0.01292042  0.00965223 -0.01109199  0.01030596 -0.0109887  -0.01102047 -0.00547009  0.00989389 -0.00879447  0.01098481  0.00913834  0.00996859  0.00082349  0.01009703  0.00925607 -0.0091602  -0.0100078  -0.01009846 -0.01108548 -0.00916056 -0.01002076 -0.01043972 -0.00943014  0.00994498  0.010056   -0.00958066 -0.00892343 -0.00818731 -0.0101786   0.00909913  0.0102035  -0.01026346]
 [-0.00819971  0.00813941 -0.00364141  0.00517873 -0.01096298 -0.00735547  0.01054621  0.00810407 -0.01646404  0.00569979 -0.01211054  0.00778659 -0.01086463 -0.01221944 -0.00325577  0.0086866  -0.00853727  0.01123003  0.01024417  0.00607489  0.00691187  0.00929484  0.00750265 -0.00814133 -0.00889283 -0.01287071 -0.00480189 -0.00733805 -0.0046891  -0.00732685 -0.00891089  0.00472777  0.00921633 -0.0079005  -0.00871037 -0.00986618 -0.00727357  0.00788094  0.00946623 -0.00954499]
 [-0.0037454   0.0040055  -0.00267011  0.00246581 -0.00570898 -0.00409771  0.0053685   0.00350453 -0.00800964  0.00283663 -0.00625927  0.00384799 -0.00512916 -0.00623469  0.00488695  0.00409064 -0.00377895  0.00592102  0.00467527  0.00320882  0.01344916  0.00434449  0.00385377 -0.00410221 -0.00348085 -0.00591178 -0.00501099 -0.00376739 -0.00281699 -0.00501598 -0.00455677  0.0028264   0.0048923  -0.00348544 -0.00380605 -0.00342248 -0.00363745  0.00382696  0.00513241 -0.00511912]
 [-0.00836358  0.00924046 -0.00504637  0.0065356  -0.01118733 -0.01014185  0.01094496  0.0078569  -0.01113379  0.00697166 -0.01147605  0.00794654 -0.00907167 -0.01147377 -0.00102698  0.00853675 -0.01104901  0.01067269  0.01162639  0.00722447  0.00300925  0.00879576  0.00946226 -0.0094998  -0.00699798 -0.01231174 -0.01270353 -0.0102509  -0.00643739 -0.01282651 -0.01009891  0.00656721  0.00971558 -0.00792613 -0.01342349 -0.01214028 -0.00770935  0.00889899  0.0100494  -0.0100175 ]]
Gate values for each environment (all envs): 
 [[0.10492661 0.10523535 0.10964533 0.02974792 0.10511344 0.10963259 0.10989963 0.11037693 0.1051219  0.1103003 ]
 [0.1053111  0.10559413 0.10896934 0.03199563 0.10546452 0.10895727 0.10917378 0.10942136 0.1054717  0.10964116]
 [0.10550258 0.10600074 0.10864499 0.03208242 0.10567153 0.1086251  0.10865101 0.10942461 0.10567733 0.10971972]
 [0.10488074 0.10531974 0.10964291 0.02943954 0.10507811 0.10962365 0.10976515 0.11048026 0.10508619 0.1106837 ]
 [0.10515086 0.10563608 0.10919391 0.03066188 0.10533595 0.10917377 0.10925029 0.10993322 0.10534315 0.1103209 ]
 [0.10551427 0.10583428 0.10862936 0.03285973 0.10566022 0.10861638 0.10877928 0.10909139 0.10566659 0.10934854]
 [0.10542662 0.10569803 0.10878126 0.0325691  0.105572   0.10876973 0.10897841 0.10921499 0.10557876 0.10941111]
 [0.10546976 0.10580742 0.10870729 0.03256392 0.10562052 0.10869352 0.10885049 0.10919909 0.10562701 0.10946096]
 [0.10436773 0.10465298 0.11043859 0.02793035 0.10457379 0.11042526 0.11074428 0.11108987 0.10458419 0.11119295]
 [0.10545968 0.10571516 0.10873478 0.03270272 0.10560244 0.10872384 0.10893688 0.10919895 0.10560901 0.1093166 ]
 [0.1053018  0.10578439 0.10895199 0.03137305 0.10547607 0.10893209 0.10898809 0.10962485 0.10548281 0.11008488]
 [0.10469013 0.10510772 0.10990866 0.02886411 0.10489271 0.10988976 0.11005346 0.11074036 0.10490136 0.11095182]
 [0.1055466  0.10580908 0.10859203 0.03308138 0.10568531 0.108581   0.10877798 0.10905896 0.10569154 0.10917617]
 [0.10550691 0.105802   0.10864872 0.0328785  0.10565056 0.10863654 0.10882202 0.10908291 0.10565702 0.10931483]
 [0.10481037 0.10512405 0.1098076  0.02935231 0.10500136 0.10979422 0.11005598 0.11053781 0.10501017 0.11050609]
 [0.10451406 0.10487782 0.11017691 0.02835606 0.10471845 0.11015971 0.11037824 0.11095008 0.10472785 0.11114074]
 [0.10503087 0.10538001 0.1094     0.03055763 0.10520634 0.10938483 0.10957041 0.11000084 0.10521424 0.11025491]
 [0.1050542  0.10544665 0.1093672  0.03044091 0.10523577 0.1093504  0.10950848 0.11006882 0.10524342 0.11028414]
 [0.10512177 0.10551735 0.10926587 0.03068064 0.10530061 0.10924877 0.10940132 0.10996408 0.10530806 0.11019149]
 [0.10504527 0.10539778 0.10937496 0.0306104  0.1052204  0.10935964 0.10954013 0.10998651 0.10522822 0.11023669]
 [0.10507296 0.10546201 0.10934941 0.03046453 0.1052542  0.10933258 0.10950097 0.11003526 0.10526189 0.11026618]
 [0.10489032 0.10526688 0.10965224 0.02961427 0.10508271 0.10963618 0.10984109 0.11039487 0.10509107 0.11053038]
 [0.10507102 0.10542844 0.1093265  0.0307347  0.10524478 0.10931088 0.10947993 0.10994634 0.10525245 0.11020496]
 [0.10505061 0.1054128  0.1093949  0.0304145  0.10523083 0.10937949 0.10956913 0.11007696 0.10523864 0.11023217]
 [0.10512319 0.10546718 0.10924783 0.0310421  0.10529187 0.10923296 0.10940956 0.10980523 0.10529947 0.11008056]
 [0.10498054 0.10536879 0.10951538 0.02994212 0.10516994 0.10949908 0.10968955 0.11025523 0.10517799 0.11040141]
 [0.10503712 0.10538618 0.10941122 0.03046982 0.10521499 0.10939643 0.10959662 0.11002897 0.10522297 0.11023571]
 [0.10501872 0.10538553 0.10941244 0.03044331 0.10519754 0.10939643 0.10956844 0.11007158 0.10520534 0.11030068]
 [0.10481148 0.10518933 0.10977337 0.02929293 0.10500786 0.10975706 0.10996974 0.11052237 0.10501649 0.11065931]
 [0.10489793 0.10527574 0.10964095 0.02963883 0.10509022 0.10962486 0.10982922 0.11038261 0.10509856 0.11052107]
 [0.1050734  0.10546313 0.1093527  0.03043801 0.10525524 0.10933592 0.10950654 0.11004551 0.10526294 0.11026666]
 [0.10499446 0.10538092 0.10948224 0.03007189 0.10518149 0.10946573 0.10965212 0.1101947  0.10518949 0.110387  ]
 [0.10573603 0.10612009 0.10812308 0.03452739 0.1058608  0.10810705 0.10814178 0.10838712 0.10586607 0.10913056]
 [0.10578778 0.10618031 0.10803361 0.03475943 0.10591046 0.10801733 0.10803821 0.10830913 0.1059155  0.10904825]
 [0.10613031 0.10649957 0.10755562 0.03588555 0.10624776 0.10754248 0.10758983 0.10806304 0.10625143 0.10823443]
 [0.1060718  0.10624728 0.10726681 0.03853308 0.10613975 0.10725986 0.1073318  0.10717622 0.10614324 0.10783015]
 [0.10631759 0.10681749 0.10730393 0.0358444  0.1064456  0.10728598 0.10723675 0.10807614 0.10644829 0.10822387]
 [0.10520189 0.10573025 0.10911462 0.03071704 0.10538897 0.109093   0.10913514 0.10987246 0.10539597 0.11035067]
 [0.10609267 0.1063262  0.10731035 0.03793858 0.10616992 0.10730092 0.10733763 0.10739333 0.10617322 0.1079572 ]
 [0.10712948 0.10762094 0.10572164 0.04096254 0.10719732 0.1057051  0.10550851 0.10640804 0.10719635 0.10655012]
 [0.10564151 0.10611109 0.10839167 0.03301134 0.105794   0.10837226 0.10839035 0.10901911 0.10579942 0.10946926]
 [0.10590769 0.1063941  0.10805696 0.03356779 0.10605872 0.10803802 0.10805906 0.10881071 0.10606335 0.10904361]
 [0.10571656 0.10609403 0.10815658 0.03445145 0.10584189 0.10814083 0.10818468 0.10841028 0.10584728 0.10915641]
 [0.10667139 0.10699802 0.1063034  0.04038492 0.10673002 0.10629048 0.10618138 0.10668214 0.10673053 0.10702776]
 [0.10663904 0.10697369 0.10649144 0.03956611 0.10670137 0.10647798 0.10638626 0.10684397 0.10670256 0.10721769]
 [0.10644612 0.10685219 0.10694909 0.03760768 0.1065395  0.10693388 0.10686319 0.10745518 0.10654159 0.10781159]
 [0.10497555 0.10550635 0.10943085 0.02990394 0.10517216 0.10940779 0.1094515  0.11023624 0.1051797  0.11073598]
 [0.10517257 0.10532464 0.10914388 0.03225906 0.10531252 0.10913687 0.10946088 0.1092691  0.10532063 0.10959981]
 [0.05849275 0.05812109 0.03427499 0.59865266 0.0577165  0.03428234 0.03311468 0.03458276 0.05766173 0.03310058]
 [0.06523401 0.06485355 0.03978907 0.5443706  0.06442897 0.03979676 0.03850917 0.04006003 0.06437175 0.03858615]
 [0.04384494 0.04343294 0.02412045 0.70746344 0.04317196 0.02412711 0.02318596 0.02439863 0.04312514 0.02312946]
 [0.07984168 0.07948021 0.05226765 0.42379558 0.07899794 0.05227418 0.05080858 0.05259529 0.07893823 0.05100076]
 [0.10724548 0.10816254 0.10577398 0.03836653 0.10737366 0.10574061 0.105249   0.10748022 0.10737091 0.10723692]
 [0.08619509 0.08586785 0.05850124 0.36723217 0.08536261 0.05850711 0.05699324 0.058758   0.08530383 0.05727887]
 [0.05251539 0.05210581 0.03007153 0.6434558  0.0517768  0.03007935 0.02901403 0.03029707 0.05172535 0.02895888]
 [0.10730315 0.10820945 0.10566239 0.03878096 0.10742541 0.10562932 0.10514038 0.10731136 0.10742251 0.10711505]
 [0.05191411 0.05142846 0.0297158  0.6477351  0.05116637 0.02972448 0.028658   0.02998511 0.05111502 0.02855757]
 [0.08823162 0.08641234 0.12889248 0.00715224 0.08870279 0.12897521 0.13347842 0.12176251 0.08876236 0.12762995]
 [0.07688231 0.07621    0.05018017 0.44686848 0.07601061 0.05019367 0.04885444 0.05019107 0.07595292 0.0486562 ]
 [0.03845983 0.03807951 0.02049279 0.7468512  0.03784019 0.0204992  0.01967251 0.02070867 0.03779734 0.01959882]
 [0.06339125 0.06282108 0.03862286 0.5580394  0.06257115 0.03863384 0.03743326 0.03868874 0.06251602 0.03728245]
 [0.07862605 0.07797316 0.05169103 0.432424   0.07775748 0.05170504 0.05038133 0.05162306 0.07770018 0.0501187 ]
 [0.05940566 0.05888152 0.03531514 0.59022105 0.05861352 0.03532567 0.03418941 0.03548402 0.05855935 0.03400464]
 [0.10969931 0.11097687 0.10104103 0.05192565 0.10973048 0.10100257 0.100092   0.10340431 0.10971596 0.10241181]
 [0.09867443 0.09929807 0.11707328 0.01313502 0.09918018 0.11703505 0.11767288 0.11962344 0.09920447 0.11910321]
 [0.10311202 0.10246328 0.08179177 0.18372303 0.10244286 0.08180725 0.08069371 0.0811235  0.10240237 0.08044032]
 [0.09469132 0.09350698 0.12225249 0.01241993 0.09505951 0.12229979 0.12514849 0.11778724 0.09510333 0.12173096]
 [0.09793504 0.09858383 0.11779045 0.01206599 0.09846974 0.11774955 0.11842798 0.12047808 0.09849566 0.12000366]
 [0.10741061 0.10683274 0.09582624 0.09528968 0.10701621 0.09584118 0.09532525 0.09433821 0.10699742 0.09512243]
 [0.09998059 0.10092065 0.11553167 0.01546189 0.1004515  0.11548226 0.11570239 0.11755863 0.1004724  0.11843807]
 [0.09241272 0.09286574 0.1229911  0.00665052 0.09310128 0.12294858 0.12436171 0.1259018  0.09314009 0.12562642]
 [0.10747987 0.10699274 0.10024215 0.07207088 0.1072112  0.10025474 0.09997249 0.09877875 0.1072007  0.09979653]
 [0.09735993 0.09824658 0.11819983 0.01117587 0.09793662 0.11814714 0.11865386 0.12119552 0.09796318 0.12112141]
 [0.08476479 0.08419772 0.05746903 0.37880123 0.0839093  0.05748104 0.05609301 0.05742065 0.08385202 0.05601124]
 [0.08192654 0.08134621 0.05465235 0.4042711  0.08106451 0.05466488 0.05330151 0.05456585 0.08100706 0.05319991]
 [0.09902003 0.10000616 0.1164988  0.01339037 0.09954694 0.11644527 0.11670505 0.11943927 0.09956916 0.11937903]
 [0.11069971 0.11265412 0.09788043 0.06199973 0.1107029  0.09782124 0.09623453 0.1011449  0.11067826 0.10018421]
 [0.09861246 0.09949583 0.11696975 0.01307654 0.09913766 0.11691964 0.11730792 0.11950895 0.09916151 0.11980979]
 [0.09411085 0.09461745 0.12146199 0.00796707 0.09475548 0.12142009 0.12260991 0.12433003 0.09479052 0.1239365 ]
 [0.08952173 0.08936948 0.12603754 0.00508214 0.09023273 0.1260274  0.12854528 0.12759317 0.09028096 0.1273096 ]
 [0.10284214 0.10337719 0.11232997 0.02305849 0.10313699 0.11230212 0.11254327 0.11320009 0.10315124 0.11405855]
 [0.10830878 0.10896782 0.10305823 0.04948124 0.10830707 0.10303625 0.10250355 0.10410723 0.10829897 0.10393085]
 [0.10870684 0.10877673 0.09522227 0.09040108 0.10840224 0.09521972 0.09438805 0.09564234 0.1083782  0.09486255]
 [0.10880364 0.10892077 0.09562567 0.08778076 0.10851515 0.09562175 0.09479468 0.0961108  0.10849171 0.09533507]
 [0.10697299 0.106978   0.10483558 0.04793918 0.10693978 0.10483261 0.10468713 0.10503605 0.10693614 0.10484247]
 [0.10499319 0.1054979  0.10934173 0.03071924 0.1051726  0.1093198  0.10939252 0.10956371 0.10518101 0.1108183 ]
 [0.10844803 0.10879139 0.10137944 0.05880042 0.10834738 0.10136722 0.10083127 0.10191549 0.10833597 0.10178334]
 [0.10639112 0.10667022 0.10698541 0.03803216 0.10647535 0.10697419 0.10698535 0.10753643 0.10647728 0.10747253]
 [0.10871331 0.10878446 0.0969009  0.08168513 0.10845215 0.09689735 0.09614859 0.09741882 0.10843095 0.09656829]
 [0.0966594  0.09642866 0.0698403  0.26810247 0.09590529 0.06984486 0.06833599 0.07041968 0.09584995 0.0686134 ]
 [0.10185389 0.10211252 0.11380574 0.02001372 0.10218747 0.11378979 0.11446812 0.11490391 0.10220563 0.1146592 ]
 [0.10164253 0.10174304 0.11408285 0.02021337 0.10196007 0.11407356 0.11489416 0.11467429 0.10197946 0.11473671]
 [0.1059195  0.10600952 0.10757914 0.03751536 0.10599746 0.10757364 0.10769155 0.10795096 0.10600051 0.10776233]
 [0.09576011 0.09554932 0.06860284 0.2778232  0.094993   0.06860621 0.06706478 0.06923379 0.09493659 0.06743011]
 [0.10853744 0.10854565 0.09520724 0.0913417  0.10821632 0.09520468 0.09435993 0.09549177 0.10819236 0.09490301]
 [0.1027144  0.10291056 0.11268874 0.02278809 0.10299361 0.11267518 0.11324243 0.1135846  0.10300888 0.11339355]
 [0.10205454 0.10116744 0.08047976 0.19553411 0.10135242 0.08050367 0.07958878 0.07916266 0.10131299 0.07884356]
 [0.11178406 0.11379752 0.09623683 0.0659354  0.1117662  0.09618293 0.09470409 0.0998097  0.11173873 0.09804447]
 [0.10403271 0.10507964 0.11062296 0.02539032 0.1043265  0.11057739 0.11028121 0.11211281 0.10433574 0.11324071]
 [0.10704867 0.10834627 0.10598786 0.03694005 0.10721171 0.10594025 0.10515852 0.10769328 0.10720939 0.10846397]
 [0.09225401 0.09225752 0.12355295 0.0067239  0.09290797 0.12353718 0.12554786 0.12541439 0.09294984 0.12485445]
 [0.10041741 0.10141176 0.11498359 0.01712071 0.10084981 0.11493347 0.11503508 0.11593287 0.10087056 0.11844476]
 [0.09504221 0.09422092 0.06928709 0.27938166 0.09422962 0.06930814 0.06815012 0.06874427 0.09417903 0.06745688]
 [0.09378194 0.09273805 0.12315151 0.00992043 0.0942465  0.12319702 0.12632424 0.1200616  0.0942925  0.12228628]
 [0.10204367 0.10112979 0.08048479 0.19560944 0.10133918 0.08050945 0.0796068  0.07917267 0.10129975 0.07880437]
 [0.10375289 0.10488876 0.11093815 0.02467146 0.10406373 0.11088925 0.11055858 0.11225297 0.10407405 0.11391023]
 [0.08964292 0.08996369 0.12544923 0.00500831 0.09038854 0.12540801 0.12724715 0.12813386 0.09043355 0.12832479]
 [0.08972376 0.08946394 0.12599008 0.0051938  0.09042875 0.12598898 0.1287264  0.12726231 0.09047751 0.12674448]
 [0.08891408 0.08867715 0.12663558 0.00478053 0.08963567 0.12663084 0.12936416 0.12800515 0.08968562 0.12767114]
 [0.11005331 0.11200935 0.10155784 0.04532941 0.11019659 0.10149957 0.10034682 0.1048964  0.11018223 0.10392854]
 [0.09514435 0.09429991 0.06972253 0.27692565 0.09433026 0.06974362 0.06858593 0.0689972  0.09428058 0.06796988]
 [0.09516353 0.09432364 0.06972209 0.27683258 0.09434988 0.06974305 0.06858333 0.06901001 0.09430017 0.06797174]
 [0.10701094 0.10755564 0.1060171  0.03969677 0.10709389 0.10599779 0.10579638 0.10675558 0.10709359 0.10698221]
 [0.09941158 0.09915421 0.07370865 0.23778285 0.09869093 0.07371449 0.07227791 0.07411313 0.09863895 0.07250733]
 [0.10638769 0.10691603 0.1071353  0.03643724 0.10650446 0.10711515 0.10701256 0.10776068 0.106507   0.10822395]
 [0.10736129 0.10773889 0.10487363 0.04486677 0.10738139 0.10485983 0.10460731 0.10544895 0.1073781  0.10548373]
 [0.09683952 0.09589398 0.11988977 0.01505389 0.09716687 0.11992678 0.12226714 0.1161251  0.09720494 0.11963192]
 [0.10651828 0.10598593 0.08913677 0.13251892 0.10599799 0.08915178 0.08831652 0.08839918 0.10596687 0.08800767]
 [0.10768169 0.10709044 0.09825858 0.08176337 0.10736324 0.09827718 0.09802081 0.09680025 0.1073492  0.09739522]
 [0.10091366 0.1003181  0.11510434 0.02183622 0.10114555 0.11512797 0.11662808 0.11298431 0.101171   0.11477078]
 [0.09673306 0.09572536 0.12008487 0.01456796 0.09706938 0.12012581 0.12261681 0.11641617 0.09710823 0.11955225]
 [0.10748964 0.10725548 0.0904749  0.12069042 0.10703763 0.09048203 0.08956666 0.09040401 0.10700666 0.08959262]
 [0.09548438 0.09458501 0.121333   0.01269099 0.09587293 0.12136891 0.12394019 0.11756478 0.09591471 0.12124506]
 [0.09882214 0.0982021  0.11765635 0.01671226 0.09914969 0.11767946 0.11956834 0.11560583 0.09918137 0.11742236]
 [0.10630678 0.10626505 0.10628987 0.04332791 0.10631075 0.1062883  0.10629157 0.10621141 0.106311   0.10639732]
 [0.10206603 0.10173666 0.07806026 0.20551957 0.10139106 0.07806876 0.0767666  0.07821977 0.10134384 0.07682747]
 [0.09512649 0.09412275 0.12177934 0.01211054 0.09552189 0.12182003 0.12458286 0.11799192 0.09556493 0.12137918]
 [0.09493132 0.09379468 0.12199202 0.01262596 0.09530129 0.12203825 0.12484287 0.11760873 0.09534461 0.12152024]
 [0.10468139 0.10500397 0.10993574 0.0292222  0.1048726  0.10992101 0.11016387 0.11056931 0.1048817  0.11074825]
 [0.10503118 0.10533908 0.10941648 0.03058882 0.10520589 0.1094031  0.10963401 0.11002997 0.10521381 0.11013766]
 [0.10510328 0.10541738 0.10929897 0.03095698 0.10527194 0.1092853  0.10950366 0.1098181  0.10527979 0.1100646 ]
 [0.10498918 0.10531715 0.10951167 0.03017127 0.10517067 0.10949784 0.10973162 0.11017218 0.10517885 0.11025956]
 [0.10508165 0.10538553 0.1093369  0.03083144 0.10525192 0.10932362 0.10954762 0.1099196  0.10525972 0.11006198]
 [0.10394781 0.10426366 0.11099602 0.026527   0.10417255 0.11097937 0.1113066  0.11163952 0.10418418 0.1119833 ]
 [0.10452932 0.10490202 0.11014099 0.02849809 0.10473302 0.1101236  0.11034044 0.110847   0.10474245 0.11114296]
 [0.10450806 0.10484474 0.11018655 0.02849717 0.10470885 0.11017068 0.11041882 0.11083395 0.10471854 0.11111264]
 [0.10524974 0.10558714 0.10907003 0.03148146 0.10541394 0.10905582 0.10923794 0.10963582 0.10542117 0.10984682]
 [0.10469031 0.10500851 0.10994141 0.02916275 0.10488265 0.10992728 0.11018474 0.11057056 0.10489184 0.11074   ]
 [0.10524623 0.10564512 0.10905106 0.03132909 0.10541672 0.10903402 0.10916062 0.1097198  0.10542364 0.10997371]
 [0.10486077 0.10516867 0.1097229  0.02964388 0.10504836 0.10970967 0.1099825  0.11037822 0.1050571  0.11042786]
 [0.1049904  0.10529503 0.10952491 0.03018087 0.10517085 0.10951203 0.10977076 0.11017577 0.10517911 0.1102003 ]
 [0.1052108  0.1055925  0.10909701 0.03132087 0.10537914 0.10908067 0.10921464 0.10971753 0.10538623 0.11000063]
 [0.1052308  0.10558486 0.10907236 0.03147513 0.10539463 0.10905705 0.10921106 0.10964306 0.10540178 0.10992928]
 [0.10403451 0.10439865 0.1109144  0.02636726 0.10427031 0.1108973  0.11121269 0.11175834 0.10428158 0.11186491]
 [0.09127886 0.0908904  0.06363297 0.32131574 0.09046404 0.06364139 0.06218805 0.06396151 0.09040663 0.06222044]
 [0.09412187 0.09357694 0.06749437 0.29106072 0.09331993 0.06750661 0.06614342 0.0675957  0.09326543 0.065915  ]
 [0.09822252 0.09803078 0.07141245 0.25379533 0.09748439 0.07141621 0.06992862 0.07212344 0.09742954 0.07015676]
 [0.10248944 0.10299007 0.1129694  0.02072219 0.10283564 0.11294553 0.11337897 0.11470287 0.10285091 0.11411485]
 [0.10153144 0.10201119 0.11412033 0.01868269 0.10191158 0.114096   0.11466145 0.11564471 0.10193008 0.11541054]
 [0.10141376 0.10168058 0.11439024 0.01853985 0.10178042 0.11437556 0.11518002 0.1156029  0.10180035 0.11523633]
 [0.09948178 0.09950753 0.11666117 0.0151566  0.09989634 0.11665416 0.11786807 0.11770681 0.09992212 0.11714546]
 [0.08937461 0.08889937 0.06175744 0.3386607  0.08854119 0.06176822 0.06036206 0.06184977 0.08848415 0.06030253]
 [0.09701401 0.09625807 0.11966164 0.01418873 0.09738046 0.11968978 0.12190343 0.11703105 0.09741724 0.11945562]
 [0.10069639 0.1003153  0.07581753 0.2225497  0.09998242 0.07582694 0.07451465 0.07583226 0.09993366 0.07453109]
 [0.1001575  0.10021335 0.11591499 0.01629558 0.10055419 0.11590824 0.1170321  0.11705063 0.10057794 0.1162955 ]
 [0.09438129 0.09372327 0.06816234 0.28709692 0.09357195 0.06817772 0.06688034 0.06797214 0.09351902 0.06651497]
 [0.10132091 0.10184412 0.11432051 0.01792888 0.10171773 0.11429278 0.11478738 0.11634421 0.10173593 0.11570744]
 [0.10689838 0.10656577 0.0886977  0.13245599 0.10638943 0.0887058  0.08773784 0.08841977 0.1063562  0.08777301]
 [0.09843766 0.09853022 0.11772014 0.01329907 0.09890077 0.11770923 0.11897166 0.11905115 0.09892886 0.11845118]
 [0.09592573 0.09501832 0.12086172 0.01319408 0.09629883 0.12089612 0.12336674 0.11742726 0.09633902 0.1206722 ]]
        Validation Criterion: 0.09990495
        Saving best model so far ...
13:44:57      Epoch:   0      Batch:   0      OuterStep:  20      LossModel: 1.10774028     LossTerm2: 0.00000000     LossGates: 0.00000000      Time/Step(s): 53.8252Contributing envs to the losses:  [118 127  43 124 116  38 122  35 120 123 115  14   0  32  45  42 119 140  36  33 112  39  44  40  41   6  21  47   8   3  15 147  29 139  22  34  11  68  12   5  13   1   7  71   9  18]
Gate kernel values:  [[-0.00297743  0.00306556 -0.00689272  0.00632485 -0.00131077 -0.00684313  0.0020408   0.00443132 -0.0016983   0.00773448 -0.00108503  0.00192492 -0.00006858 -0.00153821  0.03546837  0.00223838 -0.00490635  0.00079757  0.00491864  0.00564027  0.01045822  0.0014457   0.00420702 -0.00257684 -0.00528349 -0.00240534 -0.00678736 -0.00518248 -0.00550197 -0.00889423 -0.00246154  0.00727587  0.00075521 -0.00261541 -0.00487744 -0.00359725 -0.00254922  0.00218031  0.00124033 -0.00187893]
 [ 0.01607726 -0.00330809  0.02361343 -0.02669171 -0.00937445 -0.00968281  0.01243169 -0.0215547  -0.01279347 -0.02608466 -0.01134045 -0.01546396  0.00603478 -0.01021439  0.03404384 -0.01330562 -0.0026006   0.00646696  0.00901511 -0.02346271  0.03257666 -0.01105188 -0.00067417  0.00114693  0.02272595 -0.01393735 -0.0205801   0.00220443  0.02465475 -0.01381445  0.00129991 -0.02651411 -0.00096848  0.01850828 -0.00099662  0.00082186  0.01847345 -0.0024088   0.01083994 -0.00648629]
 [-0.00829158  0.00712613 -0.00806732  0.00688387 -0.01019045 -0.00978721  0.00912216  0.00801065 -0.0132662   0.00741872 -0.01081583  0.00791261 -0.00864208 -0.01068614 -0.00107232  0.00837592 -0.00906736  0.00943688  0.0096354   0.00781661  0.00682009  0.0087023   0.00854213 -0.0075229  -0.00784304 -0.01050787 -0.01291594 -0.00967143 -0.00752694 -0.01425814 -0.00821648  0.00764193  0.00849441 -0.00746596 -0.01102784 -0.00737541 -0.00763165  0.0055011   0.00872131 -0.0092067 ]
 [ 0.03423423 -0.03592364  0.02275448 -0.02532314  0.04305398  0.03450536 -0.04174244 -0.03324179  0.05186585 -0.02751683  0.04503113 -0.03334058  0.04016002  0.04526597 -0.00033996 -0.03563034  0.03557988 -0.04344438 -0.04015882 -0.02930843 -0.04756422 -0.03684995 -0.03416739  0.03599998  0.03282837  0.04530847  0.0350274   0.03401795  0.02535327  0.0375354   0.03794013 -0.02527158 -0.03893381  0.03288793  0.03714135  0.03675665  0.03228405 -0.03471686 -0.03971019  0.03989371]
 [-0.00362649  0.00176704 -0.00256023  0.00179524 -0.00484373 -0.0038069   0.00327856  0.00347791 -0.00790969  0.00243369 -0.00531429  0.00282632 -0.00357007 -0.00520606  0.00485583  0.00369302 -0.0031612   0.00413862  0.00350745  0.00299367  0.01855665  0.00390984  0.00306389 -0.002244   -0.0026488  -0.0043854  -0.00616046 -0.00419869 -0.00254339 -0.00822416 -0.00301009  0.00278838  0.00352195 -0.00270636 -0.00522577 -0.00102383 -0.00270216 -0.00019872  0.0032432  -0.0039291 ]
 [-0.00831559  0.00714124 -0.00803805  0.00690973 -0.01017663 -0.00978573  0.00912678  0.00806936 -0.01323246  0.00746327 -0.01079831  0.00790235 -0.00866445 -0.01067573 -0.00121002  0.00839875 -0.00905446  0.00944238  0.00963231  0.00782937  0.00666197  0.00871307  0.00853163 -0.00752279 -0.00790395 -0.01048489 -0.01277327 -0.00964011 -0.00751483 -0.01417776 -0.00822471  0.00767885  0.00849469 -0.00749022 -0.01095856 -0.0073687  -0.00762911  0.00551547  0.00872703 -0.00920949]
 [-0.01937828  0.01555129 -0.04256557  0.03419413 -0.00944759 -0.02290896  0.01092435  0.02122676 -0.0103091   0.03120092 -0.0112591   0.0244684  -0.01716819 -0.00969827 -0.05104314  0.01874298 -0.01145731  0.01233956  0.00302999  0.03093314 -0.02148128  0.01767316  0.01908439 -0.01480233 -0.02215592 -0.00336846 -0.02759663 -0.01738122 -0.03854269 -0.01989735 -0.01251998  0.03769438  0.01498587 -0.02140796 -0.00697352  0.00109698 -0.02686986  0.01769921  0.01717009 -0.01634954]
 [-0.01114692  0.01034796 -0.00307365  0.00410917 -0.01415911  0.01537558  0.01022392  0.01244356 -0.02764991  0.00517532 -0.01509916  0.01162879 -0.02185311 -0.01732003 -0.01990299  0.01336178  0.00034571  0.01859093  0.00977881  0.00894268  0.01455241  0.01501113 -0.00242585 -0.00833886 -0.01602139 -0.01789238  0.02113223  0.00515186 -0.00643859  0.01962609 -0.01267263  0.00582739  0.01411054 -0.01223626 -0.00012611 -0.01724254 -0.01316195  0.01255738  0.00417477 -0.00691673]
 [-0.00366298  0.00169067 -0.00250161  0.00187761 -0.00475999 -0.00364078  0.00317656  0.00359979 -0.0078823   0.00256284 -0.00523565  0.0028063  -0.00356153 -0.00515253  0.00503798  0.00372248 -0.00305777  0.0040951   0.00343971  0.0030588   0.01861312  0.00391667  0.00292198 -0.00212745 -0.00275748 -0.0043249  -0.00580319 -0.00408609 -0.00254374 -0.00797139 -0.00294592  0.00286682  0.0034498  -0.00275709 -0.00508336 -0.00096584 -0.00271634 -0.00031131  0.00312806 -0.00383237]
 [-0.01225428  0.01520825  0.01662647 -0.0023338  -0.01786146 -0.01965736  0.01741065  0.00971217 -0.01239731  0.00089529 -0.01682633  0.00705024 -0.00996758 -0.01707284  0.00483363  0.01174959 -0.02287341  0.01509391  0.022036   -0.00323936  0.00520903  0.0121186   0.01730918 -0.01683295 -0.00676409 -0.01965825 -0.02039705 -0.02049318  0.01355147 -0.02346742 -0.01710495 -0.01223221  0.01483067 -0.00992009 -0.02677425 -0.02491301 -0.00154966  0.01302378  0.01544185 -0.01530263]]
Gate values for each environment (all envs): 
 [[0.11492694 0.07284096 0.11617441 0.02671229 0.11633975 0.11620317 0.10643362 0.12522398 0.11634017 0.08880464]
 [0.11780587 0.10031486 0.11449228 0.02332246 0.11814626 0.1144244  0.08047204 0.1137028  0.11821467 0.09910444]
 [0.11434893 0.09895385 0.1153788  0.02344916 0.11540973 0.11533646 0.08458479 0.11237265 0.11544196 0.1047236 ]
 [0.11753803 0.09937669 0.11494416 0.02539909 0.11740619 0.11488928 0.08416891 0.10835334 0.11745476 0.10046948]
 [0.11656031 0.10084642 0.11505263 0.02144228 0.11703222 0.1149804  0.08080243 0.1126544  0.11709343 0.1035355 ]
 [0.11815354 0.10058115 0.11447609 0.02349407 0.11828928 0.11440646 0.08041479 0.11312093 0.11835887 0.09870472]
 [0.11834399 0.09636284 0.11488512 0.02549529 0.11854067 0.11483    0.08546998 0.11111609 0.11859423 0.09636171]
 [0.11844044 0.10145298 0.11426871 0.02370097 0.11848159 0.1141968  0.07940169 0.11305374 0.1185551  0.09844793]
 [0.11568248 0.08670773 0.11589095 0.02230532 0.11714987 0.11586295 0.09131074 0.12166939 0.117187   0.09623351]
 [0.11791956 0.10132436 0.11430639 0.02350023 0.11826321 0.1142367  0.07966219 0.11352254 0.11833449 0.09893037]
 [0.11677642 0.10175915 0.11466064 0.02324441 0.11723107 0.11459415 0.08039464 0.11179618 0.11728912 0.10225427]
 [0.11646567 0.09750883 0.11513487 0.02385815 0.11692654 0.11508489 0.08425649 0.1124511  0.11697426 0.10133917]
 [0.11760167 0.09912325 0.11465071 0.02356786 0.11802173 0.11458777 0.0817924  0.11378274 0.1180853  0.09878659]
 [0.11816732 0.100825   0.11433484 0.02389093 0.11837956 0.11426646 0.08017708 0.11325836 0.11844967 0.09825084]
 [0.11579243 0.07436077 0.11461759 0.03333297 0.11718263 0.11466014 0.10148779 0.12471268 0.11718734 0.08666573]
 [0.11682416 0.09511201 0.11523993 0.02475978 0.11718932 0.11519714 0.08638591 0.11267516 0.11723299 0.09938356]
 [0.11724558 0.10472999 0.11411805 0.02220569 0.11770489 0.11403887 0.07686793 0.11304406 0.1177811  0.10226384]
 [0.11709601 0.10302653 0.11434155 0.02215725 0.11769966 0.11426618 0.07809687 0.11378376 0.11777194 0.10176026]
 [0.11690166 0.09957329 0.11473233 0.02276109 0.11765744 0.11466803 0.08114545 0.11446102 0.11771917 0.10038051]
 [0.11724024 0.10397436 0.11415704 0.02254283 0.11777129 0.11408097 0.0774935  0.11321626 0.11784501 0.10167845]
 [0.11699921 0.10394514 0.1142261  0.0225004  0.11769596 0.11415052 0.07768524 0.11326613 0.1177674  0.10176385]
 [0.11689159 0.090901   0.11573066 0.02307418 0.11754306 0.11568732 0.08877563 0.1161202  0.11758783 0.09768853]
 [0.11746892 0.09640995 0.11502147 0.02326375 0.11788227 0.11496391 0.08368582 0.11436938 0.1179407  0.09899378]
 [0.11707195 0.1069795  0.11383541 0.02212222 0.11769509 0.11375166 0.0752799  0.11274368 0.1177746  0.10274595]
 [0.1172995  0.10669926 0.11386678 0.02252691 0.11773    0.1137846  0.07579193 0.11203966 0.11780769 0.10245375]
 [0.1166597  0.10486082 0.11406726 0.02245976 0.11760002 0.11399189 0.0770764  0.11364468 0.11767181 0.10196768]
 [0.11717895 0.10563038 0.11401694 0.02215297 0.11772449 0.11393572 0.0762867  0.11290796 0.11780212 0.10236386]
 [0.11708758 0.10395778 0.11421449 0.02218174 0.11769081 0.11413752 0.07740501 0.11343331 0.11776477 0.10212705]
 [0.11656222 0.10197818 0.11446969 0.02177163 0.11749498 0.11439797 0.07868128 0.11510917 0.1175641  0.10197073]
 [0.11676949 0.09303708 0.11540402 0.02284843 0.11761989 0.11535563 0.08630398 0.11671103 0.11767047 0.09828001]
 [0.11696941 0.10298673 0.11434243 0.02250102 0.11769439 0.11426909 0.07840738 0.1135828  0.11776403 0.10148272]
 [0.11686925 0.10043686 0.11461522 0.02243357 0.11768729 0.11454756 0.08015305 0.11476009 0.11775284 0.10074416]
 [0.11846695 0.08500984 0.11610841 0.02646093 0.11747676 0.1160865  0.0958207  0.11314879 0.11750714 0.09391397]
 [0.1179783  0.08805901 0.11610542 0.02472463 0.11738531 0.11607118 0.09307881 0.11322691 0.11742074 0.09594965]
 [0.12073966 0.10041474 0.11330575 0.02925035 0.12001026 0.11324697 0.08015741 0.1109718  0.12008737 0.09181569]
 [0.10756657 0.06302171 0.1213455  0.01457368 0.10886496 0.12136371 0.14739273 0.11016843 0.10878495 0.09691793]
 [0.1202062  0.08757851 0.11562698 0.02623456 0.11861298 0.11558993 0.09198527 0.11353809 0.11866352 0.09196397]
 [0.1157487  0.104224   0.11517359 0.02017634 0.11608952 0.11509075 0.07926058 0.1101936  0.11615058 0.10789232]
 [0.11276134 0.06739501 0.11959586 0.02027529 0.11268981 0.11961553 0.13260199 0.11139188 0.11263978 0.09103356]
 [0.12171036 0.08961204 0.11522963 0.02638327 0.11934315 0.11518113 0.0893549  0.11242516 0.11940973 0.09135064]
 [0.11818942 0.09143088 0.11571157 0.02427316 0.11820649 0.11566193 0.08957346 0.112317   0.11825171 0.09638441]
 [0.11771971 0.09440491 0.11530633 0.02736758 0.11798055 0.1152635  0.08942162 0.10754021 0.11801473 0.09698084]
 [0.12114496 0.08708952 0.11574054 0.02620515 0.11866678 0.11570017 0.09184442 0.11209279 0.1187215  0.09279421]
 [0.11484354 0.0609391  0.12009698 0.01904752 0.11230114 0.12012108 0.13935669 0.11165131 0.11226262 0.08938007]
 [0.12026438 0.08984555 0.11370539 0.03408856 0.11838677 0.11369661 0.08696226 0.113837   0.11843663 0.09077688]
 [0.12479304 0.08307333 0.11478267 0.03184829 0.11997993 0.11475983 0.09281293 0.11163072 0.12004866 0.08627053]
 [0.11535097 0.10363296 0.11527376 0.0200399  0.11589625 0.1151934  0.07970477 0.11084237 0.11595426 0.10811137]
 [0.11772934 0.09242377 0.11516716 0.02438007 0.11875163 0.11511871 0.08839467 0.11568552 0.1188012  0.09354791]
 [0.07592707 0.09688112 0.04952631 0.48688433 0.07241038 0.04957429 0.02319692 0.0424062  0.07250115 0.03069231]
 [0.07302593 0.10303454 0.04349385 0.5251628  0.06588374 0.04352061 0.01675626 0.03547057 0.0660157  0.02763596]
 [0.07290615 0.09334148 0.04714795 0.50900674 0.06916186 0.04719939 0.02161376 0.04066221 0.06925279 0.02970769]
 [0.06576975 0.0937009  0.04078806 0.55733836 0.06234416 0.04082474 0.01673849 0.03461729 0.06244066 0.02543759]
 [0.0738375  0.48075172 0.06065444 0.02671109 0.07712433 0.06042389 0.01007964 0.03880215 0.07732145 0.09429383]
 [0.07303439 0.10233707 0.04532132 0.5123646  0.06814696 0.04535399 0.01850719 0.03782105 0.06826037 0.02885296]
 [0.07112193 0.10220592 0.04395698 0.5235183  0.06635934 0.04398913 0.01775832 0.0364629  0.06647057 0.02815666]
 [0.08175577 0.42316914 0.06900621 0.02308907 0.08445032 0.06875467 0.01338622 0.0458741  0.08465201 0.1058624 ]
 [0.07273506 0.09340477 0.04514151 0.52214944 0.06743087 0.04518556 0.01943935 0.03875245 0.06754089 0.02822003]
 [0.0253442  0.00301629 0.06710712 0.00002784 0.02625093 0.06717317 0.67040086 0.05066219 0.02611838 0.06389897]
 [0.08150803 0.09938207 0.05236685 0.46146122 0.07554303 0.05241406 0.02421195 0.04424227 0.07565425 0.03321618]
 [0.07358698 0.09189942 0.04756664 0.5072228  0.0696606  0.0476189  0.02233872 0.04078919 0.06975052 0.02956628]
 [0.07971746 0.09594027 0.05247641 0.4659696  0.07512231 0.05253045 0.02571702 0.04450205 0.0752127  0.03281182]
 [0.0919979  0.10537849 0.06321852 0.37511134 0.08688834 0.06327365 0.03308615 0.05350524 0.08698206 0.04055843]
 [0.0886544  0.10671689 0.05734071 0.41536185 0.08170132 0.05738076 0.02678429 0.04795587 0.08182549 0.03627842]
 [0.07847453 0.4657298  0.06153681 0.02859036 0.07998978 0.06129429 0.01015522 0.0396998  0.08021595 0.09431341]
 [0.06488459 0.08669879 0.11102917 0.00030477 0.06961667 0.11074947 0.07470643 0.0944123  0.0696016  0.31799623]
 [0.10379732 0.10690008 0.0779243  0.26559198 0.10041388 0.07799347 0.04720701 0.06790432 0.10047951 0.05178812]
 [0.0376942  0.00554695 0.08241349 0.00012232 0.03842935 0.08249266 0.5800758  0.06353761 0.03826586 0.07142178]
 [0.06056659 0.08056143 0.10960034 0.00019632 0.06526784 0.10931128 0.07677045 0.09258499 0.06524571 0.3398951 ]
 [0.13835731 0.1086632  0.11200028 0.04116263 0.11861099 0.11190535 0.07469163 0.08550149 0.11877434 0.0903327 ]
 [0.0617322  0.08119622 0.11065875 0.00021096 0.0652073  0.1103581  0.08135652 0.0848028  0.06517763 0.33929953]
 [0.06712382 0.07710424 0.11521871 0.0003107  0.07251943 0.11495352 0.08753153 0.10569442 0.07249165 0.287052  ]
 [0.14364736 0.11128191 0.11067545 0.04171778 0.12065386 0.11055649 0.06874562 0.0853737  0.1208635  0.08648437]
 [0.06811972 0.07988796 0.11607136 0.00035813 0.07273545 0.11580326 0.09107688 0.09811834 0.07269718 0.28513172]
 [0.08862474 0.10107034 0.06126272 0.39396873 0.08478817 0.06132322 0.0324448  0.05267429 0.08487262 0.03897026]
 [0.08818872 0.10037747 0.05992725 0.40432027 0.0835009  0.05998453 0.03115719 0.05107183 0.08359276 0.0378791 ]
 [0.0780604  0.09076186 0.11869192 0.00088559 0.0823606  0.11844822 0.089317   0.10006913 0.0823312  0.23907413]
 [0.10994542 0.1889526  0.10552309 0.01281479 0.10857057 0.1052634  0.04541136 0.08247451 0.10872231 0.1323219 ]
 [0.05909616 0.07890728 0.10920351 0.00017289 0.06330936 0.10890863 0.07945684 0.08772873 0.06327976 0.34993687]
 [0.0582422  0.07817212 0.10818683 0.00015057 0.06324201 0.10789265 0.074427   0.09548134 0.06322367 0.3509816 ]
 [0.02812899 0.00374347 0.0749227  0.00002349 0.03076059 0.07499057 0.60720557 0.0717019  0.03062266 0.07790014]
 [0.07822955 0.09581664 0.11566527 0.00091314 0.08116161 0.11540554 0.07780883 0.09300524 0.0811575  0.2608367 ]
 [0.10753124 0.26138493 0.09109952 0.02527803 0.10603487 0.09085415 0.02771283 0.0698863  0.10625721 0.11396096]
 [0.08652799 0.11512098 0.06079525 0.3802795  0.08622904 0.0608439  0.02909676 0.05505093 0.086317   0.03973852]
 [0.08147132 0.11617059 0.05530353 0.41998875 0.08069323 0.05534359 0.0243108  0.04976647 0.08079214 0.03615968]
 [0.06311378 0.01372911 0.10434841 0.00132015 0.06397292 0.10448029 0.419537   0.08637355 0.06377176 0.07935303]
 [0.09271775 0.30879247 0.08733765 0.01839413 0.0954747  0.08708508 0.02523683 0.05884425 0.09562123 0.13049588]
 [0.10919084 0.1425954  0.07923138 0.2114892  0.10656708 0.07923287 0.03609499 0.07166826 0.10671411 0.05721579]
 [0.06901039 0.01645606 0.10894734 0.00154218 0.06987385 0.10904805 0.38165286 0.09180588 0.06967995 0.08198339]
 [0.08634301 0.10971835 0.06205335 0.3763097  0.08709337 0.06211389 0.03133902 0.05781746 0.0871664  0.04004533]
 [0.07754061 0.10396331 0.05151737 0.46282718 0.07542196 0.05156401 0.02336878 0.04555719 0.0755155  0.03272404]
 [0.0850857  0.05178681 0.11200578 0.00471062 0.09829286 0.11206896 0.09590635 0.2399496  0.09827428 0.10191908]
 [0.08268508 0.04916623 0.11210877 0.00373741 0.0968807  0.11216392 0.10139868 0.2436516  0.09685397 0.10135366]
 [0.05425479 0.0105027  0.09783159 0.00059838 0.05531316 0.09793956 0.4728884  0.07911709 0.05512232 0.07643194]
 [0.0827273  0.10688866 0.05585716 0.42653164 0.080331   0.05590511 0.02616532 0.04916811 0.08042707 0.03599853]
 [0.09002588 0.11300799 0.06356195 0.3605144  0.08914076 0.06361356 0.03124247 0.05793573 0.08923262 0.04172459]
 [0.08471543 0.05095815 0.1125002  0.0043371  0.09823214 0.11255615 0.10068296 0.23638621 0.09820772 0.10142392]
 [0.10835242 0.108763   0.0768026  0.27269384 0.09972748 0.07685057 0.04441131 0.06294165 0.09983485 0.04962225]
 [0.11170746 0.10213282 0.11546443 0.02299601 0.11532166 0.11540855 0.08880869 0.1105722  0.11532933 0.10225885]
 [0.06148198 0.08017531 0.10999239 0.0002022  0.06342646 0.10968333 0.08337247 0.07658397 0.06339719 0.35168463]
 [0.10451008 0.25937444 0.09167833 0.03105383 0.10573943 0.0914627  0.03036088 0.06927784 0.1059049  0.11063766]
 [0.09778386 0.06025835 0.11597495 0.00835457 0.10531802 0.11600912 0.10170998 0.18515462 0.10530585 0.10413065]
 [0.10312203 0.14432377 0.112638   0.00907648 0.103779   0.11244481 0.06007267 0.09044433 0.10383929 0.16025962]
 [0.10709091 0.11103084 0.07417698 0.2860199  0.09853612 0.0742185  0.0403915  0.06226704 0.09866127 0.04760695]
 [0.06408723 0.01597683 0.10972394 0.00075974 0.06573617 0.10978393 0.3797643  0.09821526 0.06555036 0.09040222]
 [0.10798073 0.10800019 0.0763987  0.27605847 0.09940135 0.07644793 0.04416339 0.06286528 0.09950908 0.04917488]
 [0.08273203 0.09294187 0.12055986 0.00122822 0.08396905 0.12031224 0.097695   0.08678412 0.0839301  0.22984745]
 [0.07274415 0.08101714 0.1174252  0.00050049 0.07860138 0.11717188 0.08767378 0.11158498 0.07857633 0.2547047 ]
 [0.04179839 0.00631645 0.08737618 0.00016531 0.04475548 0.08748712 0.529271   0.08890919 0.0445873  0.06933356]
 [0.0672354  0.03530937 0.10660172 0.00122441 0.08058865 0.10668577 0.10931561 0.30595112 0.08053642 0.10655163]
 [0.10716835 0.2728217  0.0761208  0.10122465 0.10602069 0.07596555 0.02017348 0.06267963 0.10628493 0.07154031]
 [0.10394177 0.10491382 0.07352269 0.29885927 0.09701245 0.07357942 0.04236923 0.06190546 0.09711162 0.04678416]
 [0.10417468 0.10510976 0.07376315 0.29687098 0.09725491 0.07381967 0.04253289 0.06213479 0.09735425 0.04698491]
 [0.12643434 0.085384   0.11480381 0.02845683 0.12139636 0.11474922 0.08938003 0.1123368  0.12148823 0.08557041]
 [0.10828391 0.12114348 0.07930771 0.23896486 0.10352935 0.07934562 0.04269852 0.06881497 0.10363884 0.05427277]
 [0.1192868  0.10671646 0.11269263 0.02753932 0.12036956 0.11261139 0.07519252 0.11040749 0.12045357 0.09473033]
 [0.1255078  0.07690632 0.11532958 0.03403038 0.11947975 0.11532592 0.10181747 0.10942464 0.11953027 0.08264798]
 [0.1068968  0.05534854 0.12151013 0.01496164 0.10648926 0.12155526 0.1640528  0.11185602 0.10638688 0.09094272]
 [0.10360868 0.10036957 0.07490633 0.2911709  0.09853697 0.074975   0.04521066 0.06611839 0.09862273 0.04648067]
 [0.11132535 0.05256494 0.12014187 0.02185273 0.10734735 0.12022259 0.1696368  0.10501979 0.10724826 0.08464028]
 [0.09847905 0.03921023 0.12073288 0.00940161 0.09855217 0.12081197 0.21880856 0.10997209 0.09840608 0.08562538]
 [0.11251815 0.07404336 0.1177299  0.02661502 0.11387834 0.11776037 0.11929982 0.11770584 0.11382767 0.08662157]
 [0.10894019 0.09149005 0.08204151 0.24555801 0.10467234 0.08212781 0.05673246 0.07520283 0.10473666 0.04849822]
 [0.10432965 0.0527592  0.1222057  0.01195347 0.10443778 0.12224311 0.174628   0.1105551  0.10432577 0.09256211]
 [0.109395   0.06242463 0.11950094 0.01864329 0.11138682 0.11954586 0.14004049 0.12071104 0.11131953 0.0870325 ]
 [0.09772424 0.04042647 0.12098763 0.00956142 0.09805152 0.12107499 0.21706347 0.10765373 0.09790236 0.08955422]
 [0.10678388 0.12197661 0.07587221 0.26165417 0.10097284 0.07590535 0.03892713 0.06551357 0.1010979  0.05129642]
 [0.10587176 0.07123586 0.11808878 0.02327382 0.11224775 0.11813847 0.13188158 0.12406795 0.1121522  0.08304188]
 [0.10775856 0.059846   0.12120834 0.01606605 0.10800481 0.12124729 0.15328231 0.11253522 0.10791427 0.09213711]
 [0.11529772 0.09231888 0.11536411 0.02115482 0.11705761 0.11531874 0.08550045 0.12187959 0.11710707 0.099001  ]
 [0.11728454 0.10236175 0.11426034 0.02266522 0.11794587 0.11418815 0.07851467 0.1143303  0.1180182  0.10043091]
 [0.11739729 0.10519009 0.11406661 0.02236988 0.11783606 0.11398571 0.07671409 0.11269574 0.11791304 0.1018315 ]
 [0.11711486 0.10567658 0.11387368 0.02241929 0.11787168 0.1137941  0.07609316 0.11355223 0.1179495  0.10165494]
 [0.11743123 0.10284597 0.11418644 0.02276386 0.11800682 0.11411271 0.0781559  0.11396717 0.11808049 0.10044937]
 [0.11377654 0.08985105 0.11601389 0.01855036 0.11588156 0.11596865 0.08600915 0.12481836 0.11592845 0.10320193]
 [0.11577353 0.10750004 0.11401464 0.02068475 0.11677246 0.11393015 0.07460053 0.11354113 0.11684911 0.10633357]
 [0.11559284 0.09920719 0.1148925  0.02031649 0.11687576 0.11482555 0.07979335 0.11809307 0.11694094 0.10346235]
 [0.11750726 0.10628236 0.11389038 0.02268774 0.11794066 0.11380815 0.07609355 0.11221075 0.11801877 0.10156029]
 [0.11611342 0.09782676 0.1148168  0.0214738  0.11741129 0.11475607 0.08129996 0.11832191 0.11747379 0.10050619]
 [0.11725409 0.10716041 0.11384945 0.02248651 0.11773378 0.11376543 0.07547458 0.11180329 0.11781196 0.10266059]
 [0.1159337  0.09005371 0.1154489  0.02285291 0.11758414 0.11541208 0.08857722 0.12040823 0.11762699 0.09610219]
 [0.11495515 0.0781737  0.11658063 0.02376286 0.11661568 0.11658139 0.10181491 0.12262367 0.11662613 0.09226587]
 [0.11726023 0.10800952 0.11373962 0.0224713  0.11767495 0.11365415 0.07493436 0.11146805 0.11775455 0.10303329]
 [0.11747544 0.10670376 0.11384709 0.02268634 0.11784451 0.11376411 0.07576428 0.11178573 0.11792299 0.10220566]
 [0.1130027  0.09290729 0.11534803 0.01838666 0.11587496 0.11529975 0.08251984 0.12753384 0.11592806 0.10319881]
 [0.10797333 0.11854079 0.07838959 0.24858864 0.10252018 0.07842875 0.04257559 0.06738161 0.10262934 0.0529722 ]
 [0.10896316 0.11500043 0.07987013 0.241557   0.10348061 0.07991531 0.04499432 0.06926101 0.10358369 0.05337439]
 [0.11186882 0.1259088  0.08274075 0.20882674 0.10696307 0.08276594 0.04392031 0.07212853 0.10708304 0.05779406]
 [0.10819845 0.06871524 0.11751796 0.01566969 0.11179527 0.1175398  0.1037142  0.14499515 0.1117922  0.10006204]
 [0.11905354 0.09334912 0.1142887  0.03112003 0.1187226  0.11425795 0.08602141 0.10830009 0.11876692 0.09611963]
 [0.10361347 0.06187166 0.1155555  0.01405037 0.1100144  0.11561285 0.10344393 0.17476223 0.1100102  0.0910653 ]
 [0.09577208 0.04303306 0.11767835 0.00873301 0.10255499 0.11778168 0.15461294 0.17266501 0.10246922 0.08469956]
 [0.10607389 0.11466193 0.0752973  0.2747465  0.09958038 0.07533976 0.04066752 0.0640749  0.09969308 0.04986477]
 [0.06765974 0.01679917 0.10989937 0.00118157 0.06868196 0.10997768 0.37795877 0.09361258 0.06849051 0.08573873]
 [0.10783854 0.11808232 0.07667313 0.26057404 0.10117742 0.07671016 0.0406538  0.06558911 0.10129845 0.05140297]
 [0.09253333 0.05796407 0.11626548 0.00743815 0.1053594  0.11631918 0.11378605 0.19075394 0.1053102  0.09427018]
 [0.10616387 0.11044339 0.07608199 0.27355763 0.09983131 0.07613298 0.0427103  0.06548128 0.09993555 0.0496617 ]
 [0.08237857 0.06087819 0.11889157 0.00188999 0.09159768 0.11883254 0.10142063 0.17176963 0.09156346 0.16077778]
 [0.11297674 0.12392555 0.07974566 0.23111965 0.10453639 0.07976659 0.04074157 0.06783683 0.10468239 0.05466861]
 [0.07322841 0.03797461 0.10751005 0.00236242 0.08580743 0.10761449 0.10758127 0.29466054 0.08575828 0.09750251]
 [0.07745254 0.02270961 0.11624155 0.00210825 0.07790045 0.11630893 0.3166295  0.10134598 0.07771736 0.09158585]]
        Validation Criterion: 0.13660990
13:53:56      Epoch:   0      Batch:   0      OuterStep:  30      LossModel: 1.35764837     LossTerm2: 0.00000000     LossGates: 0.00000000      Time/Step(s): 54.0941Contributing envs to the losses:  [157  58 102  50  60  59 113 117  62  48 153  56  61  93  51  74 125  89 111 110 121  53 155  54  73 104 146 151  96 145  94 126  83  65 109  86 144  49  97  82  68  71  34  46  76  44]
Gate kernel values:  [[-0.00427967  0.00294099 -0.0087626   0.01021075  0.00020801 -0.00540298  0.00077388  0.00653702 -0.00084664  0.01328705  0.00066577  0.00289394  0.00111948 -0.00004022  0.04922079  0.003094   -0.00386029 -0.00094199  0.00385917  0.00922508  0.01508103  0.00142163  0.00266696 -0.00148246 -0.00771914 -0.00109754 -0.0043713  -0.00432096 -0.00796129 -0.00849857 -0.00198708  0.01127369 -0.00059389 -0.00398454 -0.00277409 -0.00287468 -0.00395445  0.00225292 -0.00077296 -0.00003445]
 [ 0.0266632  -0.00754965  0.03398632 -0.04565468 -0.01272797 -0.01641626  0.01726023 -0.03545911 -0.01339775 -0.04624914 -0.01463782 -0.02833792  0.01336137 -0.01282043  0.04470291 -0.02279755 -0.00506548  0.00753923  0.01207925 -0.04259214  0.03687753 -0.0190961  -0.0018128   0.00292623  0.03807875 -0.01765481 -0.03318838  0.00426352  0.03815736 -0.0235343   0.00348549 -0.04231457 -0.00308082  0.03168109 -0.0008212   0.00221322  0.03523872 -0.00671591  0.01589729 -0.0091591 ]
 [-0.00940145  0.00759356 -0.00695161  0.00727494 -0.01074985 -0.00961835  0.00982898  0.00910272 -0.01464346  0.00815884 -0.01164726  0.00891498 -0.00972761 -0.01132392 -0.00350634  0.00950695 -0.0093748   0.01016405  0.00936703  0.00819325  0.00905645  0.00983275  0.00915207 -0.00794114 -0.00890898 -0.01092298 -0.01226772 -0.01021469 -0.00671974 -0.01423429 -0.00871565  0.00707298  0.00929242 -0.0085279  -0.01096229 -0.00703765 -0.00839868  0.00599869  0.00971167 -0.00991066]
 [ 0.03258083 -0.03541659  0.01142432 -0.01606536  0.04977845  0.03535777 -0.04908018 -0.02861373  0.06112301 -0.01994381  0.05225602 -0.03209431  0.04063648  0.05191369 -0.01907513 -0.03507077  0.03652194 -0.04854743 -0.04427918 -0.02255258 -0.07075962 -0.03675871 -0.03340269  0.03634777  0.02689644  0.05368778  0.03876545  0.03277686  0.01616111  0.04084454  0.0388981  -0.0153472  -0.04150813  0.02997699  0.03685128  0.03690219  0.02849873 -0.03519459 -0.04635871  0.04425777]
 [-0.00108207  0.00097359  0.00632045 -0.00974881 -0.00825966 -0.00278923  0.00693234 -0.0026014  -0.01208484 -0.0087752  -0.00932232  0.0020978  -0.00427541 -0.00800149  0.00927747  0.0020528  -0.0029349   0.00671032  0.00365153 -0.00455825  0.02757308  0.00356226  0.00328249 -0.00287709  0.00391547 -0.00736377 -0.01357884 -0.00462896  0.00686907 -0.01189705 -0.00310381 -0.01013568  0.00591431  0.00077527 -0.00719911  0.00043301 -0.00001239 -0.00059979  0.00763822 -0.00666375]
 [-0.00986457  0.00607169 -0.01485653  0.01221489 -0.01079411 -0.01025192  0.00899699  0.01088902 -0.01647127  0.01188829 -0.01081747  0.01029688 -0.01071282 -0.01146409 -0.01290305  0.0101141  -0.00858152  0.01058981  0.01125272  0.01229982  0.00688548  0.00992219  0.00886515 -0.00658182 -0.01050836 -0.01208767 -0.01344175 -0.00988776 -0.01324891 -0.01427372 -0.00717335  0.01363138  0.00833312 -0.00964167 -0.01278521 -0.00796721 -0.01107384  0.00433097  0.00987846 -0.00933364]
 [-0.01995729  0.01601356 -0.0431435   0.03533748 -0.00900354 -0.02288837  0.01073682  0.02201393 -0.01021857  0.03236196 -0.01110049  0.02513374 -0.01773292 -0.009385   -0.05489549  0.01931175 -0.01135762  0.01224226  0.00198991  0.03192912 -0.02109809  0.0181843   0.0194961  -0.01496708 -0.02315457 -0.00269446 -0.02566016 -0.01751809 -0.03943202 -0.01878323 -0.01270679  0.03878395  0.0151698  -0.02215446 -0.00603727  0.00193495 -0.02776357  0.01844886  0.01727778 -0.01650154]
 [-0.01243255  0.01122247 -0.0031392   0.0056793  -0.01467886  0.01499905  0.01096161  0.01390082 -0.02817989  0.0071082  -0.0158932   0.01299718 -0.02262604 -0.01796617 -0.02084873  0.01457577  0.00058816  0.01882329  0.01015025  0.01053321  0.01523321  0.01608417 -0.00278039 -0.00874457 -0.01754294 -0.01850889  0.02128749  0.0056633  -0.00739615  0.01898319 -0.01334679  0.0070058   0.01479308 -0.01356812  0.00092811 -0.01725498 -0.01457182  0.01361204  0.00450662 -0.00760525]
 [-0.0047638   0.00110762 -0.00196435  0.00233649 -0.00537123 -0.00169     0.00367061  0.00488356 -0.0105385   0.00354532 -0.00618494  0.00415483 -0.00503602 -0.00588348  0.00707409  0.00498214 -0.00207009  0.00494976  0.00272239  0.00417023  0.02429665  0.00507994  0.00244299 -0.00156386 -0.00404952 -0.00492963 -0.00424737 -0.00353404 -0.00230497 -0.0069338  -0.00271465  0.00281378  0.00396223 -0.00387528 -0.00440828  0.0002756  -0.00424169 -0.00099191  0.00409177 -0.00423436]
 [-0.01300547  0.01631655  0.01938576 -0.00471647 -0.01892715 -0.01859546  0.01831264  0.01043655 -0.01323394 -0.00018241 -0.0177087   0.00730339 -0.01080753 -0.01808788  0.00499327  0.01254021 -0.02339704  0.01619575  0.0231427  -0.00491159  0.00599783  0.01291338  0.01730468 -0.017851   -0.00733876 -0.02081804 -0.01688502 -0.0205569   0.01658237 -0.02187752 -0.01832604 -0.01517875  0.01589575 -0.01064203 -0.02728838 -0.02672629 -0.00097731  0.01436851  0.01579212 -0.01577214]]
Gate values for each environment (all envs): 
 [[0.11483362 0.05618878 0.12453862 0.01263692 0.11258832 0.12681068 0.11130573 0.11658487 0.11977351 0.10473898]
 [0.11902569 0.07517194 0.12112844 0.00943751 0.11983331 0.12020738 0.08283183 0.11840809 0.12152554 0.11243031]
 [0.11174952 0.07390281 0.12273182 0.009604   0.11607426 0.12225621 0.09023011 0.11698992 0.11667056 0.11979077]
 [0.11434602 0.0715106  0.12330987 0.00909136 0.11567269 0.12297577 0.09304933 0.11427519 0.11722103 0.11854812]
 [0.11753464 0.07943283 0.1210966  0.00887343 0.12070747 0.11965856 0.08078034 0.11466175 0.12050105 0.11675324]
 [0.12267624 0.07704213 0.12028822 0.01049571 0.12157102 0.11934394 0.08016196 0.11623337 0.12370258 0.10848488]
 [0.12021471 0.07742283 0.12085463 0.01079355 0.1216724  0.12014955 0.08320171 0.11352742 0.12314918 0.10901394]
 [0.12683384 0.0778122  0.11963898 0.01124109 0.12214156 0.11857358 0.07811149 0.11454505 0.12490975 0.10619242]
 [0.11818528 0.06862894 0.12201342 0.01047052 0.11779761 0.12204435 0.08933295 0.1204031  0.12165532 0.10946852]
 [0.11806109 0.07436447 0.12130788 0.00927479 0.11927557 0.12044193 0.0838156  0.1195112  0.12099911 0.11294842]
 [0.11656567 0.07822261 0.1213429  0.00934028 0.12017336 0.12028709 0.08284441 0.1152546  0.12038566 0.11558335]
 [0.11255901 0.06874388 0.12335923 0.00861193 0.11491195 0.1230948  0.09298121 0.119591   0.11693968 0.11920731]
 [0.11611085 0.07046635 0.12217338 0.00907222 0.11738151 0.12176392 0.08814464 0.12127036 0.11990841 0.11370837]
 [0.1182808  0.07416234 0.12125677 0.00952682 0.1195661  0.12053131 0.08397641 0.11949611 0.12153239 0.11167092]
 [0.10975953 0.06113396 0.12477963 0.01348682 0.11391187 0.12681046 0.11156469 0.11119984 0.11826239 0.10909081]
 [0.11325453 0.06884603 0.12328008 0.00914875 0.11525451 0.12317096 0.09363136 0.11849897 0.11749472 0.11741997]
 [0.11998064 0.08052777 0.12026173 0.00911103 0.12169072 0.11860448 0.07787128 0.11582043 0.12174319 0.11438884]
 [0.11961044 0.07963388 0.12044788 0.00911359 0.12125538 0.11891621 0.07861495 0.11642332 0.12157754 0.11440681]
 [0.11823934 0.07468822 0.12142563 0.00923676 0.1192857  0.12052853 0.0834484  0.118357   0.12091101 0.1138794 ]
 [0.11931523 0.07867634 0.12069598 0.00897957 0.1207084  0.11924157 0.07961112 0.11670184 0.12121802 0.11485191]
 [0.11823783 0.07802709 0.12097327 0.0088473  0.12021289 0.11962995 0.08059547 0.11726487 0.12073062 0.11548077]
 [0.11659777 0.0716064  0.12224361 0.0096878  0.11866319 0.12190688 0.08845326 0.11735803 0.12087134 0.11261172]
 [0.11989721 0.07473695 0.12120655 0.00981787 0.12006669 0.12036177 0.0832083  0.11684385 0.1220314  0.11182939]
 [0.11942986 0.07758722 0.1207501  0.00891107 0.12096705 0.11936099 0.07986171 0.11747999 0.12173059 0.1139214 ]
 [0.11991107 0.08288494 0.11996147 0.00916796 0.12226873 0.11814927 0.07675736 0.11459946 0.12167594 0.11462377]
 [0.11626136 0.07535903 0.1216227  0.00826517 0.11860851 0.12044148 0.08318835 0.11953652 0.11942685 0.11728996]
 [0.1198593  0.08227226 0.11997477 0.00912412 0.12230258 0.11817581 0.07672847 0.11531874 0.12185527 0.11438867]
 [0.11961146 0.08105646 0.12021416 0.00913289 0.12169078 0.11853471 0.07760645 0.11581288 0.12160516 0.11473514]
 [0.11703926 0.07659432 0.12113687 0.00857405 0.11971056 0.11982211 0.08117296 0.11932566 0.12037883 0.11624529]
 [0.11777588 0.07321987 0.12166996 0.00964718 0.11937886 0.12104012 0.08539214 0.11805246 0.12136476 0.1124588 ]
 [0.11799323 0.07755343 0.12104129 0.00890948 0.12009822 0.11976554 0.08106951 0.11756424 0.12072816 0.11527687]
 [0.1186351  0.07563664 0.12118724 0.00909011 0.11969922 0.12009339 0.08206308 0.11835508 0.12104712 0.11419304]
 [0.1450926  0.06112832 0.12105057 0.01596268 0.11460659 0.12188277 0.0918108  0.10573511 0.12554435 0.09718624]
 [0.14766324 0.06507839 0.12015708 0.01571438 0.11640508 0.12042422 0.08653361 0.10442465 0.12651265 0.09708668]
 [0.13038687 0.07561611 0.11763828 0.0169119  0.12537721 0.11776549 0.07749925 0.11591218 0.13124141 0.09165128]
 [0.11320484 0.05414852 0.12705044 0.01059362 0.11084533 0.13141246 0.12210124 0.10978174 0.11913871 0.1017231 ]
 [0.14141957 0.0644336  0.12130979 0.01316772 0.11644956 0.12173367 0.08967571 0.10733868 0.12550008 0.09897161]
 [0.15814738 0.07183447 0.11670256 0.01889736 0.11980169 0.11575354 0.07385409 0.10118883 0.12981634 0.09400376]
 [0.11989994 0.06203743 0.1244025  0.01411188 0.11340438 0.12734273 0.11211976 0.10648704 0.1202601  0.09993424]
 [0.16494492 0.06949296 0.11726446 0.01710045 0.11856847 0.11669163 0.07700835 0.09830374 0.12993446 0.09069058]
 [0.1553305  0.06791545 0.11871238 0.01623069 0.11853404 0.11845253 0.08040588 0.10100028 0.12906294 0.09435546]
 [0.15095599 0.07066269 0.11967064 0.01843681 0.1183989  0.11979172 0.08656548 0.09253656 0.12725241 0.09572873]
 [0.15463664 0.06527875 0.11966672 0.01523905 0.11655122 0.11966334 0.08404447 0.10158848 0.12744743 0.0958839 ]
 [0.1307723  0.04734404 0.12358771 0.01990193 0.10684843 0.12839897 0.1294105  0.10430877 0.12132671 0.08810081]
 [0.16461746 0.05678472 0.11785319 0.02533104 0.11204566 0.11925633 0.08787069 0.1014118  0.12852955 0.08629959]
 [0.1649795  0.06044743 0.11872613 0.01801166 0.11470912 0.11923201 0.08475737 0.10038206 0.12907796 0.08967685]
 [0.16755702 0.07738827 0.11411405 0.02215236 0.12206802 0.11266075 0.06727929 0.09496339 0.13204618 0.08977064]
 [0.13336074 0.07064135 0.11932272 0.01577005 0.12332203 0.1198481  0.08357764 0.11101747 0.13057196 0.09256799]
 [0.1028306  0.1294351  0.06394625 0.33114457 0.09554019 0.06190781 0.02961324 0.05137164 0.09080777 0.04340288]
 [0.01551959 0.03565055 0.00741341 0.89188534 0.01563369 0.00703801 0.00236332 0.00628016 0.01413237 0.00408359]
 [0.06915279 0.09843626 0.04360937 0.527584   0.06873242 0.04237355 0.02007915 0.0367043  0.06511583 0.02821239]
 [0.06229668 0.1362396  0.03341245 0.55932885 0.0627442  0.03130925 0.01071078 0.02594724 0.05484539 0.02316558]
 [0.02409044 0.79632616 0.02132097 0.00378131 0.05584282 0.01758537 0.00237767 0.01145536 0.02872494 0.03849494]
 [0.1087469  0.1671857  0.05286314 0.3562866  0.08994862 0.04944963 0.01752869 0.03859188 0.08180694 0.03759192]
 [0.05541614 0.11738439 0.03301748 0.59005785 0.0593256  0.0313912  0.01225585 0.02630441 0.05248325 0.02236385]
 [0.02788916 0.76429796 0.02514298 0.00338568 0.06258945 0.02076896 0.00303024 0.01368762 0.03278258 0.0464252 ]
 [0.05585675 0.08238264 0.0326395  0.6296754  0.05424707 0.03158056 0.01399502 0.02788243 0.05148475 0.02025584]
 [0.0578429  0.00482244 0.10350727 0.00132892 0.04360997 0.12084254 0.45269743 0.09132429 0.06151876 0.06250548]
 [0.07671517 0.1030458  0.04548507 0.50370425 0.07169309 0.04399192 0.02022617 0.03740897 0.06826621 0.02946328]
 [0.06204648 0.08626238 0.03928459 0.57622343 0.06194162 0.03838582 0.0188157  0.03331093 0.05925924 0.02446976]
 [0.09794793 0.12531541 0.055138   0.3981218  0.08552086 0.05293316 0.0234235  0.04331819 0.08114412 0.03713691]
 [0.11386816 0.13616338 0.06565262 0.3045591  0.0979605  0.06308342 0.0288228  0.05118873 0.09330731 0.04539388]
 [0.05837377 0.0823757  0.03435272 0.6165141  0.05619682 0.03343011 0.01543113 0.02891594 0.05376823 0.02064161]
 [0.04217481 0.67196274 0.03566953 0.00525117 0.08181175 0.0298423  0.0050391  0.02082734 0.0464949  0.06092642]
 [0.06176876 0.09228282 0.11662637 0.00026135 0.09639944 0.10745543 0.06706186 0.09507613 0.07623777 0.2868301 ]
 [0.13244458 0.14090477 0.09505773 0.10277102 0.12191363 0.09219167 0.05023188 0.07292918 0.11592159 0.07563394]
 [0.01476263 0.00040015 0.05198555 0.00001173 0.01103521 0.06400995 0.76306444 0.03787512 0.01734138 0.03951384]
 [0.0599756  0.09144866 0.11638202 0.00021615 0.0946196  0.10715032 0.06794659 0.09372575 0.0743103  0.29422507]
 [0.15780981 0.10051985 0.11199234 0.03109995 0.12093569 0.10960137 0.06844418 0.08430118 0.12248068 0.09281503]
 [0.06977975 0.09757441 0.12018175 0.00049581 0.10034901 0.11263381 0.07569695 0.08970681 0.0816416  0.2519401 ]
 [0.05257456 0.0263283  0.12606275 0.00010315 0.07359353 0.12562469 0.14107522 0.14580216 0.07145561 0.23738004]
 [0.16569975 0.09373894 0.11267649 0.02606379 0.12069615 0.11048234 0.06819542 0.08665124 0.12498661 0.09080937]
 [0.06431718 0.03305132 0.1302812  0.00027497 0.07950161 0.13085349 0.15525517 0.11577532 0.07780559 0.2128841 ]
 [0.09181766 0.09966823 0.06596705 0.3601471  0.09068746 0.06544022 0.03839562 0.05573466 0.08934096 0.04280097]
 [0.08756668 0.09709574 0.0603484  0.40354264 0.08502195 0.05969874 0.03383422 0.05068425 0.08365268 0.03855477]
 [0.05885669 0.44017753 0.0685489  0.00220827 0.1057319  0.05955235 0.01650501 0.04037531 0.06697617 0.14106785]
 [0.09331599 0.33326584 0.08037107 0.01361731 0.13239653 0.07269093 0.02316993 0.05721873 0.09800848 0.09594514]
 [0.06361898 0.09131627 0.11894924 0.00030735 0.09648208 0.11073235 0.07439534 0.09274963 0.07724108 0.27420762]
 [0.05647268 0.08731545 0.11509009 0.00014041 0.09210461 0.10547101 0.06552236 0.09736761 0.0716472  0.30886862]
 [0.018018   0.00063    0.06476054 0.00001058 0.01546179 0.07750878 0.6830051  0.06125122 0.02340627 0.05594774]
 [0.04090073 0.08967601 0.09992047 0.00003699 0.0753371  0.08739847 0.05128743 0.06719042 0.05169166 0.43656078]
 [0.11683047 0.15207866 0.10885677 0.00749026 0.13316274 0.10216355 0.04842784 0.09056924 0.11543453 0.12498598]
 [0.10019304 0.08025961 0.10789205 0.09413107 0.11529302 0.11115293 0.09663545 0.10034241 0.11827102 0.07582939]
 [0.09592766 0.11812454 0.08188373 0.22765929 0.10968264 0.08155791 0.04978874 0.07318641 0.10546231 0.05672684]
 [0.03716498 0.00203761 0.08346429 0.00036391 0.02777231 0.09900043 0.5892484  0.06489176 0.04099188 0.05506444]
 [0.06633972 0.4770073  0.06251331 0.00978033 0.11054172 0.05534801 0.01449148 0.03873059 0.07331158 0.09193598]
 [0.11642725 0.12329475 0.09863782 0.09746371 0.12517163 0.09738879 0.05704957 0.08853688 0.12098426 0.07504534]
 [0.05657864 0.0052002  0.10560833 0.00087057 0.04489461 0.12081448 0.4448944  0.08670444 0.06128901 0.07314526]
 [0.09010345 0.02592775 0.12629098 0.00699962 0.08538879 0.13719158 0.22491568 0.11220957 0.10050276 0.09046981]
 [0.07525463 0.10006097 0.05744851 0.4261233  0.08348493 0.05702902 0.032181   0.05119149 0.08041677 0.03680937]
 [0.05618364 0.01612455 0.1008475  0.0011862  0.07412627 0.10505023 0.08332817 0.379183   0.08863591 0.09533454]
 [0.0649076  0.0218826  0.10832883 0.00161403 0.08496425 0.11172958 0.08745374 0.3190945  0.09785977 0.10216518]
 [0.03260647 0.00161426 0.07860205 0.00018416 0.02453682 0.09355534 0.619116   0.06044815 0.03638649 0.05295019]
 [0.07044131 0.09374601 0.05327627 0.46480328 0.07826941 0.05290041 0.02974073 0.04756474 0.07553493 0.03372281]
 [0.09257302 0.1080593  0.07125952 0.3096029  0.09915993 0.07069957 0.04049357 0.06418516 0.09674394 0.04722322]
 [0.07483892 0.03638319 0.11074842 0.00312607 0.09955594 0.11176384 0.07235055 0.27492228 0.10767118 0.1086396 ]
 [0.1055672  0.10529875 0.06922125 0.32440054 0.09438709 0.06835108 0.03881761 0.05572876 0.09373939 0.04448847]
 [0.10787344 0.14258258 0.10919985 0.02804968 0.13392717 0.10656101 0.06297183 0.08978351 0.12045349 0.09859746]
 [0.05873794 0.11175293 0.11189762 0.00025687 0.091683   0.10134504 0.06504564 0.07067378 0.06788597 0.3207212 ]
 [0.07640913 0.42421854 0.06872575 0.01338856 0.11992233 0.06146233 0.01752456 0.04552121 0.08316851 0.08965907]
 [0.10326158 0.0466544  0.12156585 0.01008327 0.10841624 0.12384565 0.09811907 0.1628482  0.1183285  0.10687729]
 [0.08652357 0.3025657  0.08593796 0.0105438  0.12614705 0.07703053 0.0257185  0.05741753 0.09245286 0.13566245]
 [0.08462525 0.09611997 0.05049973 0.4707749  0.0761673  0.049421   0.02466493 0.04209071 0.07477865 0.03085751]
 [0.05344826 0.00405612 0.10330773 0.00086094 0.044372   0.12066084 0.38471735 0.16379216 0.06517364 0.0596109 ]
 [0.10370117 0.10368761 0.06756515 0.33805275 0.09268227 0.06671023 0.03765883 0.05467515 0.09212658 0.04314035]
 [0.05446367 0.37755868 0.07766902 0.00100219 0.10178009 0.06769264 0.02322972 0.04071216 0.06340538 0.19248642]
 [0.03838845 0.07193976 0.1039798  0.00003452 0.07648987 0.092869   0.05573455 0.10121989 0.0554134  0.40393078]
 [0.03620015 0.00172981 0.08475582 0.000192   0.02830998 0.10049665 0.56439584 0.08607782 0.04291489 0.05492697]
 [0.04785571 0.02061993 0.1081897  0.00020697 0.0700201  0.10866927 0.08998434 0.31551033 0.07386673 0.16507691]
 [0.09008138 0.38732272 0.04996382 0.13640259 0.11246214 0.04438308 0.00946496 0.0403791  0.08486313 0.04467707]
 [0.09751897 0.09834284 0.06376914 0.37203988 0.08862197 0.06304207 0.03543947 0.05276239 0.08836036 0.04010292]
 [0.09716772 0.09829968 0.06365623 0.37305197 0.08852533 0.06293437 0.03538261 0.0527197  0.08823068 0.04003172]
 [0.16910933 0.05953994 0.11803031 0.01633872 0.11601068 0.11841105 0.08189946 0.10251673 0.13140097 0.08674285]
 [0.09483992 0.12176713 0.05947526 0.37216616 0.09077344 0.05768577 0.02712839 0.05020297 0.08666622 0.03929487]
 [0.15902825 0.07675982 0.11523735 0.01831923 0.12474127 0.11429764 0.06941317 0.10041414 0.1341467  0.08764232]
 [0.17084382 0.04742931 0.11976577 0.02082826 0.10800861 0.12253939 0.10139552 0.09925475 0.1282946  0.08164002]
 [0.10986616 0.03910388 0.12532465 0.01641184 0.09852701 0.1330836  0.16353114 0.11326322 0.11235005 0.08853846]
 [0.10227283 0.10705905 0.06165655 0.36862022 0.09012879 0.06026092 0.03012679 0.05197734 0.08911685 0.0387807 ]
 [0.1161345  0.0371923  0.12364461 0.02450429 0.09625772 0.1316748  0.16732572 0.10750148 0.1123549  0.08340953]
 [0.10261595 0.02577774 0.12495371 0.01194834 0.08757599 0.13537157 0.21172203 0.11225881 0.10552204 0.08225382]
 [0.10074458 0.05720745 0.12798922 0.00975669 0.10709085 0.13408382 0.12963706 0.114177   0.11237602 0.10693733]
 [0.10447918 0.09014264 0.06613696 0.3533621  0.09135352 0.06579443 0.03697012 0.05893074 0.09414727 0.03868307]
 [0.1100594  0.0426034  0.12580888 0.01496764 0.10098246 0.13286364 0.15674916 0.11188401 0.11324353 0.09083789]
 [0.10623817 0.06786517 0.1264923  0.00847941 0.11317214 0.1302112  0.10393996 0.11517791 0.11651131 0.1119125 ]
 [0.10900488 0.03926451 0.12568387 0.01605474 0.09892694 0.13281894 0.16278479 0.11215581 0.11227679 0.09102876]
 [0.05964436 0.14094976 0.03111447 0.57035685 0.06088877 0.02898174 0.00924264 0.02462358 0.05265926 0.02153851]
 [0.09000043 0.13635264 0.08072114 0.20621288 0.11558767 0.080753   0.04295775 0.08671635 0.10865737 0.05204084]
 [0.1078309  0.04927208 0.12630342 0.01285679 0.10411334 0.13241422 0.13520609 0.11932769 0.11378291 0.09889247]
 [0.11185198 0.06038555 0.12115185 0.00834603 0.11529868 0.12140363 0.0860175  0.14513654 0.12102374 0.10938452]
 [0.11922006 0.0768453  0.12084325 0.00910987 0.12027234 0.1196097  0.08077834 0.11828057 0.12140845 0.11363216]
 [0.12000738 0.07986085 0.12048991 0.00895311 0.12115758 0.11892348 0.07863738 0.11592524 0.1214329  0.11461222]
 [0.11917057 0.07879664 0.12059134 0.00878455 0.12076055 0.11906766 0.07908107 0.11766971 0.12122495 0.11485294]
 [0.11982948 0.07753347 0.12066419 0.00924099 0.12062427 0.1193702  0.08012495 0.11767989 0.12167802 0.11325452]
 [0.11056088 0.06175729 0.12079253 0.0081727  0.11564655 0.12057149 0.08244003 0.14650097 0.12054236 0.11301523]
 [0.11491702 0.07023878 0.12180086 0.00782531 0.11798166 0.12078887 0.0834998  0.12583911 0.11989459 0.11721405]
 [0.10968314 0.06093822 0.1209489  0.00720459 0.11504002 0.12067266 0.08299641 0.14900914 0.11977178 0.11373521]
 [0.12042931 0.07998756 0.12045113 0.00904962 0.12116759 0.11893075 0.07866611 0.11570617 0.12157955 0.11403215]
 [0.1104539  0.05932494 0.12106112 0.00757225 0.1147963  0.12119365 0.08519056 0.14934434 0.1204619  0.11060102]
 [0.12123555 0.07386298 0.12112425 0.00945142 0.1202953  0.12024461 0.08249101 0.11783955 0.12263555 0.11081983]
 [0.11648358 0.06403662 0.12216372 0.00966695 0.11682492 0.1225792  0.09059013 0.12793219 0.1219432  0.10777947]
 [0.11683787 0.06057448 0.12426484 0.01113833 0.11481069 0.12585895 0.10455548 0.11483032 0.12082013 0.10630889]
 [0.12196928 0.07904769 0.12004735 0.00992898 0.12204287 0.11866946 0.07818794 0.11613691 0.12311836 0.11085111]
 [0.12073396 0.08518476 0.11948816 0.00946428 0.12303141 0.11751682 0.07511493 0.11329311 0.12203187 0.11414076]
 [0.10927378 0.06287798 0.12035144 0.00773174 0.11606324 0.11991908 0.08060227 0.14954033 0.12034228 0.1132979 ]
 [0.12258144 0.08696961 0.10401949 0.10498142 0.11552581 0.10532813 0.07912555 0.08971821 0.11981774 0.07193262]
 [0.10534975 0.11226867 0.07159223 0.29669428 0.09951652 0.07047611 0.03829573 0.06077914 0.09781297 0.04721465]
 [0.08963197 0.10398202 0.06612626 0.35118002 0.09337691 0.06561831 0.03697199 0.05918944 0.0915024  0.0424207 ]
 [0.1017581  0.0680083  0.1253186  0.01031139 0.1153073  0.12608688 0.10610747 0.10985828 0.11533431 0.12190947]
 [0.10535704 0.0858334  0.12201577 0.01225606 0.12067494 0.12118366 0.09052683 0.10430213 0.1169095  0.12094064]
 [0.10765323 0.04892692 0.12083191 0.01230346 0.11004014 0.12335525 0.09618645 0.16064253 0.12080688 0.09925322]
 [0.08088388 0.01235476 0.11992458 0.00381534 0.07045738 0.13250628 0.26210275 0.1474314  0.09201358 0.07851004]
 [0.11522554 0.11691353 0.07744563 0.24747826 0.10527971 0.07606326 0.04163202 0.06391698 0.10359908 0.05244604]
 [0.07633243 0.01207092 0.12036051 0.002317   0.06429139 0.13374631 0.32257685 0.10168646 0.08128354 0.08533465]
 [0.09695893 0.11362348 0.06158169 0.36699548 0.09072551 0.06013587 0.02999696 0.0517748  0.08805977 0.04014747]
 [0.09931465 0.08170851 0.11353096 0.01388554 0.12560163 0.11298021 0.06487882 0.16412993 0.12582356 0.09814612]
 [0.1016788  0.10580735 0.06720714 0.3361978  0.09383604 0.06622348 0.03607785 0.05675508 0.09285193 0.04336444]
 [0.0471141  0.02383088 0.1197855  0.00008351 0.07006451 0.11717492 0.11373788 0.1752194  0.06740662 0.2655826 ]
 [0.08172989 0.10875505 0.0455922  0.48914906 0.0741623  0.0439195  0.01865289 0.03831602 0.07086639 0.02885666]
 [0.0534545  0.0138854  0.09779163 0.00102199 0.06662347 0.10272342 0.09030175 0.4024889  0.08110255 0.09060641]
 [0.0824264  0.01476464 0.1234053  0.00321077 0.06980467 0.1360763  0.2862981  0.108055   0.08677205 0.08918671]]
        Validation Criterion: 0.09341882
        Saving best model so far ...
14:03:03      Epoch:   0      Batch:   0      OuterStep:  40      LossModel: 0.64927709     LossTerm2: 0.00000000     LossGates: 0.00000000      Time/Step(s): 54.1738Contributing envs to the losses:  [136 132 129   1 138 130  27  17  16  23   9 131  22  24 141  19  26 142  20  30  31  18  13 139  28   5  10  25 133  29   7  21  12   6  11  15 134   4 140 128   8 143  14   0 135   3]
Gate kernel values:  [[-0.00360948  0.0021709  -0.01506441  0.01509358  0.00347627 -0.00561829 -0.00211679  0.00640396  0.00247882  0.01990885  0.00402898  0.00173611  0.00418869  0.00346547  0.07407486  0.00193799 -0.00228491 -0.00526004 -0.00041763  0.01269946  0.01839684 -0.00058183 -0.00075097  0.00004454 -0.00867517  0.00386169 -0.00150093 -0.00278157 -0.01330538 -0.01059595 -0.00159818  0.01865528 -0.00364293 -0.00314627  0.00365576  0.00029654 -0.00322801  0.00166077 -0.00606508  0.0038195 ]
 [ 0.02523156  0.00062895  0.04300199 -0.05359738 -0.01772442 -0.03169684  0.0245415  -0.03934759 -0.00905512 -0.05161083 -0.01826606 -0.03286686  0.02098558 -0.01611483  0.05253506 -0.02260221 -0.01555301  0.00863128  0.01833872 -0.05198538  0.04032819 -0.01936131  0.00843834 -0.00537971  0.0445011  -0.02166868 -0.05139339 -0.00851452  0.04658875 -0.04207957 -0.00372924 -0.05054959  0.00254584  0.03481361 -0.01046188 -0.00334093  0.0469801  -0.00051056  0.02344328 -0.0155541 ]
 [-0.00989911  0.00788873 -0.00029907  0.00415521 -0.0104386  -0.00673206  0.01016767  0.00886905 -0.01697136  0.00492293 -0.01297492  0.0091713  -0.0124576  -0.01149662 -0.01373285  0.01037947 -0.0137558   0.01132921  0.00618788  0.00603297  0.01003626  0.01163664  0.01476037 -0.00942817 -0.00937344 -0.0095898  -0.00452566 -0.01427695 -0.00061291 -0.00768686 -0.0098724   0.00119737  0.01058423 -0.00893249 -0.0128996  -0.00496515 -0.00863446  0.00529988  0.01270157 -0.01189032]
 [ 0.03143726 -0.03217439  0.00172793 -0.00639855  0.05527828  0.03468966 -0.05249804 -0.02410556  0.06712192 -0.01084156  0.05812873 -0.02964536  0.04079308  0.05649878 -0.01209127 -0.03435922  0.03607352 -0.05206587 -0.04364246 -0.0148381  -0.0877029  -0.03768237 -0.03230717  0.03641905  0.02019288  0.05682045  0.04413639  0.03345716  0.00701007  0.0469953   0.03946288 -0.00533285 -0.04487291  0.02652391  0.04010446  0.03136039  0.02345444 -0.02978007 -0.04971803  0.04764168]
 [ 0.00194891 -0.0033373   0.0178297  -0.02523297 -0.00894522  0.00733305  0.00639069 -0.00634743 -0.01534875 -0.02273974 -0.01153317 -0.00186876 -0.00546337 -0.00908179 -0.00429193 -0.00037745  0.00402211  0.00777844 -0.00109747 -0.01509829  0.03289105  0.00272522 -0.00420278  0.00017526  0.00826736 -0.0068455  -0.01061627  0.00247255  0.02122043 -0.0073718  -0.00087984 -0.02791865  0.00603635  0.00430639 -0.00302224  0.00645455  0.00418759 -0.00627295  0.0056109  -0.00580163]
 [-0.00838688 -0.00232969 -0.04732735  0.02524687 -0.01265025 -0.01470312  0.00450309  0.01178631 -0.0222216   0.01892383 -0.00753986  0.01297505 -0.01111596 -0.01290628 -0.05105006  0.00900689 -0.00527412  0.01119466  0.0202269   0.02241266 -0.00082776  0.00788472  0.00771112  0.00032032 -0.01052247 -0.01761535 -0.03215525 -0.00956224 -0.03804567 -0.02295007  0.001147    0.03421158  0.0036143  -0.00961957 -0.02293443 -0.01191469 -0.0172472  -0.00592874  0.01062318 -0.00638178]
 [-0.02064044  0.01704215 -0.03967081  0.03442772 -0.00900126 -0.01961618  0.01068768  0.02269758 -0.01059784  0.03207162 -0.01147284  0.02575005 -0.01880396 -0.00969375 -0.05081623  0.0200908  -0.00920444  0.01273541 -0.00038252  0.03153542 -0.01785165  0.01911163  0.01774816 -0.0154459  -0.0241339  -0.00213087 -0.01936753 -0.01525527 -0.03755865 -0.01433483 -0.01375912  0.03712935  0.016164   -0.02298312 -0.00194773  0.00260261 -0.02816377  0.0203699   0.01628012 -0.01642194]
 [-0.01251282  0.01119828 -0.0012726   0.0056745  -0.01433702  0.01485853  0.01079602  0.0139265  -0.02814539  0.00720108 -0.01597602  0.01339848 -0.02291156 -0.01782433 -0.01614513  0.01463866  0.00153535  0.01842056  0.00824375  0.01039295  0.01608902  0.01633089 -0.00321512 -0.00857071 -0.01791587 -0.01772073  0.02147267  0.00655197 -0.00581232  0.0187245  -0.0132662   0.00539754  0.01484243 -0.01373619  0.00323422 -0.01551358 -0.01504831  0.01410054  0.00437584 -0.00778936]
 [-0.00471532 -0.00304167  0.00972646 -0.00740324 -0.00519933  0.0101591   0.00166093  0.00453693 -0.01296727 -0.00503586 -0.00814295  0.00300589 -0.00710445 -0.00606079 -0.00349322  0.005219    0.00576674  0.00486895 -0.00447589 -0.00206941  0.03244042  0.00657897 -0.00536523  0.00145246 -0.00275883 -0.00255013  0.00293969  0.00365423  0.00904658 -0.00110178 -0.00137887 -0.01005313  0.00480905 -0.00332859  0.00157186  0.00858452 -0.00309198 -0.00731816  0.0004604  -0.00337327]
 [-0.01356424  0.01758849  0.0216589  -0.01091874 -0.01943283 -0.01682018  0.01984     0.0106989  -0.01331366 -0.00387897 -0.01936485  0.0066871  -0.01158176 -0.01838928  0.00820948  0.01313291 -0.02423659  0.01766619  0.02299657 -0.00899313  0.00641464  0.01361601  0.01737302 -0.01932221 -0.00728062 -0.02096682 -0.01290795 -0.02047283  0.02036106 -0.02002601 -0.01994232 -0.0195316   0.01722948 -0.01097949 -0.02626678 -0.02711016  0.00130636  0.0159332   0.01648211 -0.01696409]]
Gate values for each environment (all envs): 
 [[0.1199709  0.07427115 0.1267595  0.01595961 0.12168097 0.10317955 0.0900474  0.11512499 0.12570465 0.10730132]
 [0.1236589  0.07448493 0.12327561 0.01107268 0.1308114  0.0883771  0.07337411 0.13146053 0.13600996 0.1074748 ]
 [0.12279572 0.07756662 0.12632509 0.01325458 0.11288805 0.1087636  0.090417   0.1156492  0.11623121 0.11610895]
 [0.12721081 0.06317123 0.12882483 0.01168471 0.10701454 0.11278977 0.10153684 0.11878899 0.11623695 0.11274125]
 [0.1170452  0.1032524  0.12368202 0.00844429 0.12779197 0.08966515 0.07098421 0.1125439  0.12373136 0.12285947]
 [0.13448559 0.07483818 0.11853665 0.01545971 0.13811383 0.08332541 0.06597473 0.12776771 0.14583522 0.095663  ]
 [0.13023245 0.0684812  0.12422805 0.01275245 0.12685873 0.09905765 0.0818355  0.12051384 0.13608147 0.09995869]
 [0.13646172 0.07134174 0.11879169 0.01412142 0.1370447  0.08234733 0.06610955 0.13148592 0.14656277 0.09573318]
 [0.10845513 0.07171705 0.13167344 0.00638154 0.11421908 0.10216296 0.09210066 0.12841448 0.11720962 0.127666  ]
 [0.12453121 0.07778195 0.12282117 0.01161505 0.13142394 0.08808757 0.07271788 0.1280214  0.13569374 0.1073062 ]
 [0.11450235 0.08563766 0.1254356  0.00925174 0.12702411 0.09488731 0.07663355 0.12247898 0.1264921  0.11765677]
 [0.11351692 0.07676214 0.12876469 0.00911889 0.11713471 0.09955742 0.08705319 0.1249628  0.11941493 0.12371438]
 [0.12782577 0.0959579  0.11903542 0.01464622 0.13608979 0.08440115 0.06591439 0.11505278 0.13536361 0.10571303]
 [0.12807518 0.07279509 0.12005847 0.0142613  0.13789779 0.08354065 0.06802351 0.13212092 0.14485021 0.09837689]
 [0.10197067 0.07020658 0.13138202 0.01179158 0.11828174 0.10935579 0.09846845 0.12115718 0.11931577 0.11807022]
 [0.11139452 0.07612692 0.1297139  0.00846137 0.11576962 0.10069735 0.08914162 0.12514757 0.11777717 0.12576996]
 [0.12259744 0.07711498 0.12447    0.00948788 0.1284951  0.08899529 0.07434942 0.12940381 0.13255855 0.11252757]
 [0.12176919 0.0784959  0.12427872 0.00939951 0.12855679 0.08834206 0.07332973 0.13014749 0.1320268  0.11365385]
 [0.12048163 0.08082391 0.12562452 0.00944483 0.12456831 0.09445713 0.07813118 0.12346533 0.12713411 0.11586903]
 [0.12323689 0.08320193 0.12397937 0.00980383 0.12823999 0.08921043 0.07321398 0.12437727 0.13065395 0.11408237]
 [0.11943018 0.07824945 0.12566595 0.00885153 0.1251653  0.09183754 0.07687885 0.12894118 0.12825184 0.1167282 ]
 [0.11319064 0.07347029 0.12856859 0.00829784 0.12014019 0.10120817 0.08667792 0.1265495  0.12335452 0.11854243]
 [0.12065802 0.07584358 0.12504365 0.00972944 0.12729779 0.09179966 0.07657413 0.12921338 0.13140726 0.11243315]
 [0.12198869 0.07747876 0.12453539 0.00943192 0.12857844 0.08926166 0.07444486 0.12924369 0.13239834 0.11263829]
 [0.12330721 0.07646471 0.12475923 0.00962744 0.12780556 0.09077946 0.07600665 0.12746471 0.1322652  0.1115198 ]
 [0.11892588 0.08116443 0.12693563 0.00846433 0.12055163 0.09636904 0.08143828 0.12283788 0.12282239 0.12049045]
 [0.12262935 0.07568166 0.1251669  0.00935629 0.12736839 0.09134655 0.07679424 0.12771705 0.13195245 0.11198708]
 [0.12171557 0.077706   0.1244847  0.00938144 0.12853537 0.08865771 0.07388804 0.1300151  0.13226558 0.11335043]
 [0.11593498 0.07846689 0.12719025 0.00776345 0.12198966 0.09369478 0.0798378  0.12900086 0.12435292 0.12176844]
 [0.11481801 0.07723179 0.12780868 0.00809609 0.1211855  0.09841086 0.08338358 0.12569351 0.12360048 0.11977144]
 [0.11946793 0.0800715  0.12571247 0.00890053 0.12488174 0.09266876 0.0772147  0.12649544 0.12743804 0.11714887]
 [0.11866853 0.0778205  0.12614779 0.00860405 0.1240214  0.09306409 0.07830304 0.12865095 0.12706311 0.11765649]
 [0.18278259 0.05233215 0.12030306 0.0165407  0.1011421  0.10151385 0.09100362 0.11727959 0.12303376 0.09406861]
 [0.18878369 0.05847017 0.11831091 0.01660591 0.10518876 0.09463797 0.08244155 0.11552413 0.12610264 0.09393416]
 [0.1320058  0.0632346  0.1120958  0.0232833  0.1572797  0.07945114 0.05834059 0.12980345 0.17053697 0.07396872]
 [0.10470441 0.03782546 0.1249442  0.00808799 0.08892467 0.21111906 0.12630425 0.10815631 0.10272377 0.08720995]
 [0.13328506 0.02766019 0.12180281 0.00718679 0.07359938 0.20061561 0.14915463 0.11037181 0.09560901 0.08071463]
 [0.20541011 0.06051445 0.11502963 0.01662426 0.10761014 0.0845304  0.07234964 0.11508132 0.13075854 0.09209146]
 [0.09467516 0.02291408 0.11708435 0.00573702 0.06202352 0.2747842  0.17974444 0.09112418 0.07818167 0.07373133]
 [0.21504311 0.06011615 0.11408227 0.01588116 0.10355324 0.08810836 0.07595    0.11118506 0.127105   0.08897581]
 [0.20769304 0.06035216 0.1147833  0.01697548 0.10630428 0.08825982 0.07505549 0.11144233 0.12963778 0.08949632]
 [0.2270507  0.05430299 0.11442246 0.01963378 0.09399872 0.09851579 0.0870178  0.09919299 0.12002894 0.08583594]
 [0.18789972 0.06024737 0.11875035 0.01446719 0.105739   0.09385125 0.08135856 0.11583592 0.12596709 0.09588344]
 [0.10740504 0.02366036 0.11043622 0.01072859 0.06450699 0.28555417 0.1622793  0.0898954  0.08213883 0.06339516]
 [0.18950792 0.04348907 0.11794455 0.02328044 0.09892726 0.10549929 0.09173296 0.11986108 0.12517871 0.08457864]
 [0.19004758 0.05166024 0.11615181 0.01922449 0.11062155 0.09171636 0.07869852 0.12137295 0.13541414 0.08509238]
 [0.24315967 0.05959988 0.10936344 0.01830764 0.10234173 0.07916266 0.06663194 0.10644494 0.12970215 0.08528584]
 [0.12707368 0.05957263 0.11433899 0.02097626 0.15561797 0.0824981  0.06216634 0.13309656 0.16938226 0.07527721]
 [0.11964232 0.12062486 0.05575417 0.35435903 0.10963814 0.03553998 0.02139521 0.04550893 0.09782651 0.03971094]
 [0.01597295 0.01921946 0.00799567 0.8953367  0.02295868 0.00544569 0.00285166 0.00671331 0.01935135 0.00415446]
 [0.06040347 0.05617857 0.03994705 0.5897977  0.07598604 0.0319761  0.019585   0.03349395 0.06881604 0.02381607]
 [0.09750259 0.10572401 0.06747811 0.32203788 0.1175139  0.05243329 0.03238398 0.05439961 0.10395457 0.04657209]
 [0.01603623 0.83481187 0.01511669 0.00174227 0.06212543 0.00606223 0.00164717 0.0089407  0.02656977 0.02694768]
 [0.13487731 0.10284165 0.05379095 0.37851483 0.09846806 0.03620843 0.02203896 0.04363492 0.09306741 0.03655744]
 [0.05734261 0.10184918 0.04289019 0.51785505 0.094152   0.03137588 0.01750558 0.03276775 0.07482622 0.02943549]
 [0.02022247 0.79825664 0.01940993 0.00181243 0.07168333 0.00770337 0.00235533 0.01187271 0.03224703 0.03443689]
 [0.04323357 0.03866593 0.02562056 0.72252196 0.05356725 0.01964152 0.01178373 0.02184931 0.04871049 0.01440569]
 [0.03865239 0.00255275 0.08591138 0.0010578  0.0192922  0.24682719 0.4516171  0.07546991 0.03125143 0.04736794]
 [0.05615694 0.04851438 0.03092809 0.66359264 0.06235474 0.02330865 0.01407803 0.0258908  0.0570904  0.01808538]
 [0.05618778 0.04799983 0.03974105 0.60512    0.07230577 0.0343499  0.02144619 0.03347246 0.0667372  0.02263992]
 [0.11896562 0.10708039 0.05060017 0.4082427  0.09769654 0.03217578 0.01963392 0.04103339 0.08899125 0.03558027]
 [0.1303244  0.11830274 0.05054043 0.38451365 0.09943795 0.03072959 0.0185857  0.04082343 0.0903952  0.0363469 ]
 [0.0470453  0.03928545 0.0317184  0.6764249  0.06086813 0.02759294 0.01679338 0.02688557 0.05628545 0.01710043]
 [0.03923343 0.6610083  0.03586312 0.0031418  0.10335409 0.01447812 0.00569376 0.02449833 0.05456084 0.0581683 ]
 [0.05242642 0.06051327 0.1421799  0.00028937 0.07665825 0.09694159 0.11375078 0.1334864  0.07199422 0.2517598 ]
 [0.1368594  0.21868145 0.0681387  0.1657713  0.12980503 0.03997591 0.02335702 0.0504182  0.10679211 0.06020093]
 [0.02130695 0.00065451 0.05855781 0.00024406 0.00831754 0.23866805 0.5808156  0.04915535 0.01601006 0.02627007]
 [0.04846416 0.05579028 0.14223233 0.00020027 0.0700011  0.10089999 0.12336785 0.13202403 0.06601701 0.26100308]
 [0.22184305 0.07601418 0.110536   0.03460887 0.09259159 0.09008921 0.08111365 0.0930326  0.10673197 0.09343891]
 [0.03208871 0.54566437 0.06033104 0.00036526 0.07831007 0.02731609 0.01604476 0.03218323 0.04340101 0.16429561]
 [0.03830265 0.03558377 0.13963649 0.00014996 0.06723308 0.12481024 0.12144309 0.17191288 0.06556081 0.23536697]
 [0.35698804 0.0429857  0.09150949 0.04477966 0.06640019 0.08504942 0.07805148 0.07685449 0.0969521  0.06042943]
 [0.06503074 0.06343005 0.14140896 0.00068908 0.08028803 0.12758425 0.12308927 0.1254458  0.0782507  0.19478324]
 [0.07337327 0.05173977 0.06132074 0.44412214 0.09190764 0.06095767 0.04073887 0.05204549 0.0888951  0.03489923]
 [0.06566117 0.04622019 0.05243645 0.51522577 0.08211446 0.05163912 0.03393617 0.04446805 0.07925466 0.02904401]
 [0.06959641 0.3878847  0.07978299 0.0055432  0.12710553 0.04586866 0.02314756 0.05472979 0.08522793 0.12111329]
 [0.08989522 0.3468787  0.07724044 0.01176934 0.15367095 0.04210255 0.02183293 0.05932    0.10817605 0.08911387]
 [0.02861598 0.4926176  0.06909956 0.00015401 0.07496416 0.03319956 0.02090657 0.03688349 0.04202291 0.20153624]
 [0.03244637 0.46898443 0.07008855 0.00016316 0.08417954 0.0281681  0.0183008  0.04318688 0.0482656  0.20621662]
 [0.01023689 0.00049427 0.05759102 0.00000917 0.00551784 0.15663286 0.6681472  0.04902345 0.01012344 0.04222385]
 [0.01801823 0.24303633 0.08432279 0.00001122 0.05000601 0.02874029 0.03251622 0.05001868 0.02892821 0.46440196]
 [0.13644229 0.1127534  0.10997964 0.01580671 0.1633367  0.06119634 0.04727425 0.10296911 0.15458642 0.09565521]
 [0.03776432 0.01882852 0.11742982 0.0119947  0.07046873 0.2697524  0.22457415 0.1033598  0.0755882  0.07023937]
 [0.04370251 0.04840817 0.12806286 0.01629514 0.10845428 0.20174302 0.1512633  0.10910809 0.09812352 0.09483908]
 [0.02373963 0.00123587 0.06948394 0.0003783  0.01096551 0.21439388 0.5691573  0.05281363 0.01916396 0.03866792]
 [0.08975403 0.20009705 0.10914978 0.00656844 0.13980278 0.07398086 0.04695075 0.09246165 0.11104895 0.13018575]
 [0.08237701 0.0753655  0.11953557 0.04057732 0.14500295 0.11772424 0.08386369 0.11300996 0.13557234 0.08697151]
 [0.04778655 0.00436086 0.0991399  0.00144574 0.02653426 0.23011486 0.40834284 0.08311554 0.04089525 0.05826418]
 [0.05756712 0.01084535 0.11099208 0.00381091 0.04363512 0.26475203 0.28896555 0.09510452 0.05819499 0.06613231]
 [0.06412768 0.0522649  0.07520311 0.35235623 0.10636825 0.08479801 0.05673552 0.06520458 0.10072793 0.04221386]
 [0.05614833 0.04289628 0.11150008 0.00417473 0.1564505  0.05163905 0.04286883 0.2686791  0.14970802 0.1159351 ]
 [0.07089773 0.07662228 0.11593775 0.00774376 0.17543091 0.05909743 0.04435296 0.17935945 0.15729488 0.11326281]
 [0.01713259 0.00069898 0.0580638  0.00012513 0.00720717 0.18761604 0.64073676 0.04276309 0.01335149 0.03230497]
 [0.06010988 0.04731574 0.07208497 0.38155752 0.10156348 0.08282784 0.05579719 0.06241064 0.09676143 0.03957143]
 [0.08610997 0.06558891 0.08505644 0.25969195 0.1204534  0.08326947 0.05696916 0.07528257 0.11588073 0.05169749]
 [0.08038056 0.09328662 0.11180665 0.01228915 0.18227772 0.0585897  0.03973557 0.15531938 0.1618242  0.10449047]
 [0.09412901 0.06268532 0.06342232 0.4031638  0.09485929 0.05952312 0.03931539 0.0526271  0.09263267 0.03764194]
 [0.06017965 0.22951782 0.04597185 0.30719793 0.14794242 0.02566264 0.01159531 0.0356327  0.10125761 0.0350421 ]
 [0.017086   0.60744977 0.04705052 0.00007296 0.04896325 0.01824126 0.01269203 0.01979085 0.02361533 0.20503797]
 [0.08069434 0.3771042  0.07063044 0.01687642 0.15623924 0.04140082 0.01899121 0.05456866 0.10598391 0.07751068]
 [0.07995006 0.04365565 0.14519393 0.00391646 0.09434939 0.12764572 0.11746533 0.14325002 0.10040842 0.14416498]
 [0.07657146 0.32985142 0.08854651 0.00823006 0.13210885 0.0479397  0.02777273 0.05954375 0.09273209 0.13670346]
 [0.08782602 0.06114707 0.05296834 0.47309527 0.08938476 0.04444452 0.02869436 0.0452021  0.08612628 0.03111126]
 [0.02885478 0.00112049 0.08704129 0.00039498 0.02261225 0.19858772 0.3706138  0.20455642 0.03988032 0.0463379 ]
 [0.09437951 0.06284773 0.062941   0.40560699 0.09484689 0.05840908 0.0385767  0.05238185 0.09259073 0.03741956]
 [0.04216574 0.37547693 0.0877576  0.0005309  0.08718824 0.04970704 0.03301198 0.05094418 0.05393298 0.21928452]
 [0.01257666 0.06462772 0.10623408 0.00000175 0.0312449  0.04224462 0.09936757 0.07094369 0.02236052 0.5503985 ]
 [0.04041078 0.00210752 0.08923698 0.0011583  0.02149768 0.2098506  0.4631772  0.09032121 0.0372483  0.04499136]
 [0.00949091 0.06387389 0.09272672 0.00000123 0.04240931 0.02502652 0.04096224 0.16448832 0.02794154 0.53307927]
 [0.08919931 0.39755923 0.03778603 0.14660698 0.14566675 0.01401701 0.0058458  0.03092182 0.09703314 0.03536404]
 [0.0968428  0.06505032 0.06306225 0.39863864 0.09747137 0.05582841 0.0369659  0.05314423 0.09505727 0.03793875]
 [0.09663959 0.06525586 0.06328683 0.3970479  0.09784327 0.05604771 0.03710937 0.05333865 0.09532747 0.03810333]
 [0.26511955 0.04464183 0.10790923 0.02067404 0.08952858 0.08773489 0.08046078 0.10551013 0.12276742 0.07565352]
 [0.10277536 0.09279957 0.06316829 0.35194787 0.1137403  0.04634748 0.02911736 0.05427757 0.10438459 0.04144155]
 [0.246607   0.05680779 0.10766041 0.01953374 0.10374006 0.08140121 0.06777286 0.10534033 0.13341025 0.07772622]
 [0.22414687 0.06594494 0.10339185 0.0379534  0.1019183  0.10353353 0.07432703 0.09476922 0.12272286 0.07129204]
 [0.07693395 0.02362055 0.11431478 0.00665676 0.06284265 0.29164854 0.17517303 0.09949119 0.07375316 0.07556541]
 [0.11536909 0.08831728 0.05247586 0.4126704  0.10046184 0.03475341 0.02164322 0.04546341 0.09485579 0.03398971]
 [0.07931527 0.01729906 0.10744814 0.01125711 0.0526187  0.31281948 0.20349877 0.08608999 0.06622928 0.06342411]
 [0.06152679 0.00932951 0.09895317 0.00462089 0.03962962 0.3484132  0.24749559 0.08257263 0.05397303 0.05348557]
 [0.0582232  0.04391254 0.13427556 0.00096234 0.06858328 0.21082173 0.14139894 0.11593265 0.0685762  0.15731356]
 [0.11034293 0.06825118 0.05381398 0.42653322 0.09844702 0.03934676 0.02496075 0.04935538 0.0974054  0.03154328]
 [0.07908462 0.02830677 0.12044866 0.00555535 0.0686265  0.2563099  0.17395753 0.10465427 0.07856673 0.08448967]
 [0.06443704 0.07787206 0.14186804 0.0007647  0.08774418 0.11582432 0.10733755 0.11980484 0.08121064 0.20313667]
 [0.08430582 0.02230772 0.11845774 0.00961142 0.06612734 0.25110054 0.19067357 0.10244308 0.08053001 0.07444274]
 [0.06719825 0.10777462 0.04168518 0.5048629  0.09613414 0.02743305 0.01513001 0.03299626 0.0780328  0.02875285]
 [0.09257852 0.03732361 0.07906161 0.26896408 0.12025819 0.09066062 0.05394223 0.09225051 0.12777919 0.0371815 ]
 [0.05894662 0.0177883  0.11533917 0.00154837 0.05092442 0.31897587 0.18089357 0.10575479 0.06066161 0.08916721]
 [0.10710757 0.04895723 0.12751208 0.00827699 0.12245505 0.09343382 0.08482894 0.1652298  0.13383155 0.10836687]
 [0.12175584 0.07476746 0.1243603  0.00973611 0.12845664 0.08872376 0.07449096 0.13295251 0.13312806 0.11162832]
 [0.12222051 0.07719544 0.12440275 0.00921336 0.12773637 0.08849417 0.07392585 0.13139738 0.13172358 0.11369056]
 [0.12114132 0.07407971 0.12473028 0.00912915 0.12751693 0.08816995 0.07465778 0.13494346 0.13233902 0.11329249]
 [0.12384298 0.07445206 0.12344666 0.01035424 0.13020492 0.08720671 0.07278758 0.13309492 0.13544667 0.10916325]
 [0.10994788 0.05886542 0.12725252 0.00941247 0.12658899 0.09171438 0.07891679 0.15052068 0.13426581 0.11251503]
 [0.10818224 0.05765784 0.12790298 0.00738633 0.12367821 0.08889594 0.08063416 0.15734681 0.13124125 0.11707422]
 [0.10517897 0.05385327 0.1263463  0.00765707 0.12740932 0.08524871 0.07653181 0.1686198  0.13598299 0.1131717 ]
 [0.12505494 0.07715049 0.12338934 0.01013304 0.12931633 0.08762922 0.07251346 0.1304901  0.13400444 0.11031867]
 [0.10448445 0.04669202 0.12660271 0.00763597 0.12406594 0.0880515  0.08140592 0.17634887 0.13594878 0.10876378]
 [0.1248312  0.07167868 0.12391662 0.01026606 0.12907332 0.08928036 0.07468256 0.13294524 0.13546862 0.10785743]
 [0.11999325 0.05822415 0.12434869 0.01201466 0.12929846 0.09211487 0.07940963 0.1444459  0.13996881 0.10018153]
 [0.12831156 0.07867751 0.12221743 0.01692812 0.12955746 0.09965239 0.07771053 0.11359815 0.134395   0.0989519 ]
 [0.12673356 0.07468379 0.12238354 0.01091933 0.13232955 0.08601987 0.07072091 0.13193525 0.1381117  0.1061625 ]
 [0.12479606 0.07354153 0.122829   0.01065686 0.13259003 0.08533061 0.07117024 0.13376318 0.13826361 0.10705885]
 [0.10631324 0.05511198 0.12615082 0.0084513  0.12880293 0.08570039 0.07558754 0.16477767 0.13713805 0.11196608]
 [0.13541128 0.07571917 0.12338468 0.01833408 0.09995972 0.13398436 0.10902055 0.09731278 0.10485179 0.10202159]
 [0.11187282 0.08668432 0.07771975 0.26599064 0.11935894 0.06452628 0.04262502 0.06666329 0.11355612 0.05100275]
 [0.09183281 0.0812703  0.07453678 0.30221754 0.120649   0.06434592 0.04129769 0.06488308 0.11188211 0.04708478]
 [0.08261757 0.06270014 0.14462848 0.00478809 0.10101346 0.11163001 0.1224138  0.12009883 0.10180862 0.14830102]
 [0.09315728 0.06989248 0.14072216 0.00649825 0.10624333 0.10452924 0.11311105 0.11722136 0.10749591 0.14112899]
 [0.09081264 0.0406669  0.13414711 0.00680221 0.1072724  0.11295892 0.1052935  0.16967203 0.11738501 0.11498922]
 [0.08505489 0.01186418 0.12372292 0.0119393  0.06701422 0.16898957 0.22203466 0.14820129 0.09269638 0.06848267]
 [0.11641375 0.08404197 0.07799679 0.26592112 0.11635796 0.06566148 0.04396242 0.06633924 0.1123519  0.0509534 ]
 [0.06029187 0.00793388 0.11207144 0.0025053  0.03809295 0.21711063 0.33988258 0.09781403 0.05412972 0.07016765]
 [0.10407697 0.08104164 0.06840312 0.33626184 0.11089545 0.05578078 0.03618518 0.05856276 0.10514972 0.04364256]
 [0.08115222 0.03441285 0.12725265 0.00677017 0.12694354 0.09565938 0.0868687  0.20209374 0.13972418 0.09912251]
 [0.10906857 0.07765717 0.07368525 0.30531693 0.11175069 0.06270572 0.0417876  0.06317347 0.10795832 0.04689628]
 [0.01473099 0.02895427 0.12110022 0.00000449 0.03668709 0.05882982 0.1109019  0.13916779 0.03140363 0.4582197 ]
 [0.09688647 0.08382201 0.0507022  0.44740984 0.09792676 0.03541936 0.02151605 0.04345059 0.09024437 0.0326224 ]
 [0.03108918 0.00422502 0.11442782 0.00027402 0.04735074 0.08794332 0.18916635 0.35426894 0.06509772 0.10615689]
 [0.05128834 0.0075725  0.10488802 0.00147844 0.03317066 0.28134573 0.31834543 0.08787433 0.04581125 0.06822538]]
        Validation Criterion: 0.12953217
14:12:06      Epoch:   0      Batch:   0      OuterStep:  50      LossModel: 1.75454497     LossTerm2: 0.00000000     LossGates: 0.00000000      Time/Step(s): 54.2340Contributing envs to the losses:  [ 74  51  89  93  53 151  65  97  73 126  94 144 146 145 109  86 118  82  68  95  83  91  34  47  45  88 155  90 150 119  66 153 154 103  12 107 104  96  57  43 116 125  71 124  81 157]
Gate kernel values:  [[ 0.01563621 -0.01104905 -0.00429993  0.00434009  0.02254301 -0.0003747  -0.01800497 -0.01331383  0.0252193   0.00708159  0.02443327 -0.01703116  0.02630806  0.02308846  0.06692692 -0.01793122  0.01286894 -0.02561619 -0.01389907 -0.00391834 -0.00356759 -0.02133263 -0.01727361  0.01510509  0.01073489  0.02189041  0.01013939  0.01366999 -0.0029926   0.00091855  0.01524184  0.01042785 -0.02318738  0.01567071  0.02270355  0.01315079  0.01662793 -0.00535805 -0.02490281  0.02282618]
 [ 0.00302743 -0.01384514  0.02225645 -0.03085347  0.00184658 -0.01232421  0.0046625  -0.01777175  0.00911262 -0.02842044  0.00161068 -0.01040707  0.00060287  0.00335976  0.0331401  -0.00084283  0.00425956 -0.01065301 -0.00028695 -0.02963984  0.02100547  0.00222975 -0.01243547  0.01196187  0.02319748 -0.00237743 -0.03210638  0.00998128  0.02482523 -0.02239376  0.01280759 -0.02799373 -0.01405269  0.01287299  0.00721002  0.01238902  0.02554469  0.02013231  0.00221044  0.00560238]
 [ 0.00915215 -0.01605037  0.02108988 -0.01739927  0.00942867  0.02666996 -0.01281777 -0.00880096 -0.00192602 -0.01488802  0.00563498 -0.01092908  0.00440895  0.00755176 -0.05698782 -0.00815052  0.00214749 -0.00736082 -0.02023329 -0.01041154 -0.00491682 -0.00644867  0.00032861  0.01246942  0.00771045  0.01235207  0.02655484  0.00107262  0.02139299  0.01799874  0.01122394 -0.02132506 -0.00933621  0.01052942  0.00266611  0.02239818  0.00989597 -0.02639495 -0.00370326  0.00479878]
 [ 0.05281779 -0.0177771  -0.00675308  0.001281    0.03367693  0.01846915 -0.03150244 -0.04967681  0.04554784 -0.00397448  0.0367604  -0.04773476  0.02065074  0.03595684  0.02871346 -0.05456677  0.01804401 -0.03178274 -0.02416397 -0.00631137 -0.06812824 -0.05602127 -0.01488468  0.01855657  0.01039555  0.03521232  0.02463096  0.01769408 -0.00343872  0.02934899  0.02070633  0.00303445 -0.02469755  0.04816962  0.0228851   0.01234073  0.00673897 -0.01433519 -0.02781891  0.02780948]
 [ 0.02119377 -0.01965395  0.03553227 -0.04131716  0.00932273  0.02120262 -0.01067912 -0.02518279  0.00434523 -0.03958849  0.00679703 -0.02084191  0.0140594   0.00891759 -0.02797288 -0.01995674  0.02236542 -0.01069406 -0.01764943 -0.03193907  0.01312678 -0.01720372 -0.02178346  0.01764121  0.02682825  0.01070112  0.00358975  0.02013371  0.03933185  0.00793039  0.01774117 -0.04573305 -0.0127196   0.02294312  0.01469429  0.02381519  0.02194633 -0.02033602 -0.01258975  0.01211588]
 [ 0.01052249 -0.01993673 -0.0299182   0.00778941  0.00728688  0.00107713 -0.0145575  -0.00718868 -0.00163499  0.00099761  0.01234762 -0.00592307  0.00862907  0.00688203 -0.0705303  -0.01021461  0.01481103 -0.00885154  0.00124264  0.00414277 -0.0206143  -0.01140275 -0.01147914  0.01875017  0.0083764   0.00203409 -0.01794434  0.00974205 -0.02029732 -0.0058919   0.02013338  0.01640726 -0.01557803  0.00915645 -0.00313166  0.00749874  0.00146997 -0.02222137 -0.00910344  0.01294167]
 [-0.00134376 -0.00152396 -0.02061559  0.01584994  0.00996427 -0.00027959 -0.00835156  0.00349564  0.00883876  0.01336385  0.00789495  0.00647183  0.00059187  0.00910914 -0.06651216  0.00072393  0.01160529 -0.00631277 -0.01834922  0.01241748 -0.03741694 -0.00038064 -0.00289518  0.00369833 -0.00497977  0.01605127 -0.00055088  0.00536397 -0.01856794  0.00607766  0.0053175   0.01831347 -0.00309476 -0.00385073  0.01877433  0.01960286 -0.00890023  0.00279236 -0.0041029   0.00357291]
 [ 0.00711457 -0.00724667  0.01517913 -0.01059618  0.00505782  0.03141694 -0.00821128 -0.00548592 -0.00825806 -0.01004023  0.00374261 -0.00588191 -0.003007    0.00147012 -0.03167373 -0.00513603  0.02141377 -0.00122593 -0.00961475 -0.00756736 -0.00417024 -0.00376184 -0.02293401  0.01053979  0.00129431  0.00105881  0.03828347  0.02638833  0.01069585  0.03657231  0.00620794 -0.01078488 -0.00489926  0.00553234  0.02299295  0.00272871  0.00378122 -0.00312941 -0.01547764  0.01195361]
 [ 0.01309259 -0.01941418  0.0252602  -0.01980297  0.01428585  0.02597723 -0.01698055 -0.01352213  0.0079787  -0.01897305  0.01144624 -0.01495139  0.01247953  0.0132566  -0.02116523 -0.01326701  0.0261154  -0.01489225 -0.0217854  -0.01724055  0.01306013 -0.01218253 -0.02498419  0.01920641  0.01520715  0.01629187  0.01741308  0.02248024  0.02403792  0.01548706  0.01729855 -0.02368352 -0.0141692   0.01430659  0.02058645  0.02647924  0.014117   -0.02186186 -0.02051964  0.01620432]
 [-0.03272462 -0.00051572  0.00175395  0.00701802 -0.00127097  0.00279211  0.00190198  0.03024011  0.00577339  0.01500301 -0.00154086  0.02527034 -0.03121609 -0.00001253 -0.01365079  0.03233508 -0.00630696  0.00019357  0.00448221  0.009732   -0.01310154  0.0327154  -0.00095459 -0.00113933 -0.02688566 -0.00238072  0.00754046 -0.00197698  0.00114238 -0.00070424 -0.00173104 -0.00041224 -0.00098943 -0.03020816 -0.00743825 -0.0086686  -0.01684536 -0.00183505 -0.00175971  0.00092405]]
Gate values for each environment (all envs): 
 [[0.11009747 0.07668091 0.12427985 0.00004762 0.12088741 0.11098346 0.1406097  0.1143229  0.07253214 0.12955867]
 [0.12024736 0.06360116 0.12353352 0.00004732 0.1304725  0.09625339 0.12068819 0.13924536 0.09097298 0.11493835]
 [0.10879897 0.08142325 0.10973665 0.00004783 0.12484425 0.13433106 0.12528858 0.11841705 0.07278027 0.12433218]
 [0.11502931 0.18812293 0.09311593 0.00002854 0.12720823 0.08227392 0.0959813  0.08718815 0.05520729 0.15584448]
 [0.11617406 0.13324545 0.09794934 0.00002705 0.11477539 0.09714186 0.11245335 0.1013065  0.06218503 0.16474196]
 [0.12146897 0.04830886 0.12862933 0.00004902 0.13284382 0.09455375 0.11676231 0.15109338 0.10625057 0.10004003]
 [0.12018237 0.06798531 0.12279733 0.00004327 0.13051198 0.10345329 0.12330858 0.12601    0.089591   0.11611682]
 [0.12179616 0.04163804 0.13216043 0.00005217 0.1370759  0.09076393 0.11198409 0.15770157 0.11609232 0.09073533]
 [0.11321472 0.09680588 0.12715665 0.00004169 0.13516039 0.08318966 0.11303728 0.11550422 0.07374266 0.1421468 ]
 [0.12190735 0.08442752 0.1163763  0.00004125 0.12908696 0.09564201 0.11807939 0.12508108 0.08136266 0.12799549]
 [0.10329487 0.15934421 0.08759201 0.00001935 0.09715207 0.10262461 0.11512152 0.08477788 0.0492931  0.20078039]
 [0.11401357 0.19947743 0.0936185  0.00002797 0.12906833 0.07823296 0.09186497 0.08439603 0.05359817 0.15570204]
 [0.09255126 0.02444811 0.13474402 0.00005871 0.10535126 0.12945138 0.16369414 0.15160984 0.10394664 0.09414474]
 [0.118581   0.07784629 0.11126989 0.00003029 0.11171629 0.09475348 0.12253179 0.13158059 0.08149484 0.1501955 ]
 [0.10818212 0.06813942 0.12267362 0.00005281 0.11720696 0.12212306 0.14787184 0.11661555 0.07293537 0.12419932]
 [0.11510326 0.12834337 0.11401325 0.0000389  0.13013017 0.08822278 0.11228318 0.10002232 0.06335758 0.14848515]
 [0.12193229 0.07893298 0.1188219  0.00004255 0.13068415 0.09384546 0.11683634 0.12914287 0.08419908 0.12556247]
 [0.12147152 0.07797124 0.11919178 0.00004326 0.13053164 0.09383816 0.11690931 0.13082153 0.08404224 0.12517934]
 [0.12017179 0.09865161 0.11266208 0.00003848 0.12724055 0.09742997 0.11731404 0.11548626 0.07429709 0.13670805]
 [0.12193853 0.08804972 0.11590287 0.00004045 0.12935619 0.09452619 0.11612593 0.12321641 0.07977964 0.13106401]
 [0.12037273 0.08580719 0.11719464 0.00004227 0.13019529 0.09452582 0.11705145 0.12540413 0.07972904 0.12967743]
 [0.11694942 0.0839911  0.11886212 0.00004386 0.1286643  0.10038555 0.12379619 0.12056876 0.07760006 0.12913863]
 [0.12104224 0.09335373 0.11402534 0.00003852 0.1266014  0.09748106 0.11818812 0.11770654 0.07657458 0.1349885 ]
 [0.12170088 0.07986008 0.11861105 0.0000424  0.13048534 0.09416015 0.11706439 0.12839758 0.08357113 0.12610704]
 [0.12176638 0.0780715  0.11913214 0.00004269 0.13086444 0.09470302 0.11765162 0.12848815 0.08468358 0.12459659]
 [0.11944092 0.09910823 0.11309075 0.00004015 0.12939808 0.0955008  0.1167647  0.11687291 0.0741366  0.13564691]
 [0.12147438 0.07895618 0.11943617 0.00004264 0.13169537 0.0940789  0.11709099 0.12784143 0.08446717 0.12491663]
 [0.12141792 0.0763709  0.1199413  0.00004375 0.131051   0.093652   0.1170627  0.13145086 0.08500447 0.12400509]
 [0.11935873 0.08877809 0.11764891 0.00004266 0.13141531 0.09284806 0.1164526  0.12375303 0.07824463 0.13145809]
 [0.11839552 0.09038135 0.11674411 0.00004186 0.12913415 0.09786853 0.12012017 0.11880717 0.07635316 0.13215397]
 [0.12067225 0.09390885 0.1143837  0.00003993 0.12875092 0.09554032 0.11661271 0.11947338 0.07654908 0.13406886]
 [0.12038101 0.0910379  0.11561096 0.00004096 0.1295862  0.09491391 0.11680511 0.1215841  0.07759599 0.13244386]
 [0.11821595 0.07384989 0.12181474 0.00004207 0.1328609  0.09985357 0.11738867 0.13012654 0.0846045  0.12124313]
 [0.1234227  0.09649268 0.11353254 0.00003537 0.13392845 0.08982848 0.10630261 0.12363078 0.07979467 0.13303179]
 [0.11604792 0.01215116 0.14196922 0.00007871 0.14782351 0.08006155 0.08863647 0.17597179 0.19820954 0.03905026]
 [0.08601903 0.03396704 0.13850714 0.00005545 0.11087024 0.18815401 0.14784138 0.12214249 0.07950687 0.0929364 ]
 [0.08707959 0.03705359 0.12528375 0.00005256 0.10943241 0.22948486 0.14205177 0.11006203 0.07447759 0.08502182]
 [0.12598689 0.09660492 0.11368543 0.00003187 0.13811816 0.0816961  0.0968907  0.12891196 0.08488652 0.13318746]
 [0.0817405  0.03463112 0.12728445 0.00005754 0.1029389  0.24283008 0.15624854 0.1011005  0.06892996 0.08423834]
 [0.12540907 0.11916199 0.10696048 0.00002917 0.13853751 0.0846121  0.09496247 0.11754569 0.07825737 0.13452417]
 [0.1254768  0.1047008  0.11040662 0.00002957 0.13508214 0.08513048 0.09858094 0.12222533 0.08116091 0.13720644]
 [0.12182601 0.11821663 0.10847361 0.00002784 0.13431904 0.09271004 0.10201888 0.10814692 0.07491636 0.1393447 ]
 [0.12497129 0.10236394 0.11218052 0.00003377 0.1362758  0.08574485 0.10160439 0.12253922 0.07981966 0.13446663]
 [0.06293362 0.01838008 0.10708381 0.00005958 0.07475649 0.37605518 0.157438   0.08655916 0.05680251 0.05993154]
 [0.12194785 0.04197933 0.13916549 0.00007631 0.15772475 0.09391969 0.1023253  0.15382704 0.11426992 0.0747643 ]
 [0.11309844 0.01178973 0.14172488 0.00007584 0.15098254 0.06983854 0.08054291 0.1878763  0.20265259 0.04141816]
 [0.12544385 0.11017476 0.11063457 0.00002624 0.14277072 0.07763233 0.08800999 0.12452411 0.08491172 0.13587175]
 [0.11582369 0.01274181 0.14313388 0.0000794  0.14711362 0.08187079 0.091547   0.17515862 0.19183287 0.04069838]
 [0.05045586 0.00000077 0.00084046 0.92734903 0.00543098 0.00117278 0.00020534 0.00093902 0.01360585 0.00000001]
 [0.06347483 0.00000124 0.00127137 0.9090508  0.00651138 0.00178714 0.00036901 0.00136249 0.01617182 0.00000003]
 [0.08301849 0.00000238 0.00187753 0.87936276 0.00931033 0.00251584 0.00054121 0.00204325 0.02132811 0.00000006]
 [0.20243281 0.00132507 0.12036577 0.00640265 0.12467834 0.12539874 0.10012663 0.12477946 0.19267054 0.00182014]
 [0.03027921 0.83270013 0.01474989 0.00000239 0.07045186 0.01216081 0.00471655 0.00862677 0.00737558 0.01893686]
 [0.22587143 0.00131258 0.11257076 0.01104542 0.17137536 0.07964984 0.05515882 0.11568301 0.22648029 0.00085238]
 [0.09565429 0.00000563 0.00483851 0.8445436  0.01306548 0.0072471  0.00221182 0.00463154 0.02780165 0.00000042]
 [0.02836319 0.8369606  0.01456119 0.00000209 0.06828246 0.01072659 0.00455392 0.00860273 0.00712861 0.02081853]
 [0.07314843 0.00000172 0.00155981 0.8936043  0.00810231 0.00210782 0.00044024 0.0016936  0.01934192 0.00000004]
 [0.02711739 0.00253967 0.07733058 0.00005623 0.01609092 0.24456811 0.45868748 0.0713798  0.02315694 0.07907294]
 [0.13985461 0.00000853 0.00357097 0.77739656 0.02564479 0.00333548 0.00069764 0.0037232  0.04576804 0.00000013]
 [0.06358712 0.00000147 0.00155381 0.9094829  0.00600721 0.00222737 0.00053954 0.0016619  0.01493866 0.00000006]
 [0.07251097 0.00000206 0.00125753 0.89343554 0.01000708 0.00125213 0.00022927 0.00138624 0.01991919 0.00000002]
 [0.09969316 0.00000426 0.00185453 0.84834033 0.01670215 0.00153423 0.00028858 0.00203153 0.02955122 0.00000004]
 [0.05456664 0.00000095 0.00128524 0.9226255  0.00461769 0.00230806 0.00053303 0.00137572 0.01268715 0.00000004]
 [0.03020017 0.8193239  0.01685635 0.00000204 0.06576359 0.01021796 0.00567544 0.01044757 0.00765891 0.03385418]
 [0.03785512 0.10962016 0.10414694 0.00000703 0.08996616 0.04164632 0.08266356 0.09286779 0.03702677 0.40420014]
 [0.1795124  0.00315584 0.1330105  0.00249036 0.14400133 0.1157122  0.10061201 0.13802059 0.17908637 0.00439836]
 [0.03556277 0.00415701 0.1167888  0.00006283 0.03515751 0.27153465 0.33071262 0.09808341 0.0428695  0.0650709 ]
 [0.03456854 0.1167272  0.09989343 0.00000594 0.08680997 0.04027464 0.07994282 0.08767658 0.03408951 0.4200114 ]
 [0.1418194  0.01261809 0.11870933 0.00051044 0.14988944 0.15490703 0.12989976 0.14648132 0.1306509  0.01451425]
 [0.01226286 0.8638627  0.01401705 0.00000074 0.05517694 0.00536742 0.00333416 0.0056665  0.00449045 0.03582111]
 [0.0352236  0.00976818 0.15940975 0.00003808 0.0638851  0.13469973 0.18926454 0.2103665  0.05765566 0.1396889 ]
 [0.13522334 0.03844958 0.13089971 0.00011923 0.16862583 0.10395233 0.07722225 0.16685194 0.11962663 0.05902909]
 [0.05546385 0.03473246 0.17037554 0.00002953 0.11014849 0.08102822 0.12854668 0.16803546 0.07042949 0.18121025]
 [0.16781898 0.00046599 0.12105758 0.02615892 0.14831996 0.13949773 0.0776301  0.1012679  0.2174455  0.00033734]
 [0.13166691 0.00086553 0.12929872 0.00540499 0.10646324 0.20985004 0.1392544  0.11268602 0.16282672 0.0016834 ]
 [0.05021045 0.6572422  0.03485142 0.00000453 0.07399017 0.02843866 0.01939262 0.02020005 0.01265152 0.10301839]
 [0.05908913 0.63159955 0.03767644 0.00000584 0.08021846 0.02978562 0.02223706 0.02436679 0.01487673 0.10014436]
 [0.01016173 0.86520046 0.01535482 0.00000068 0.05850916 0.00558827 0.0031506  0.00530544 0.004304   0.03242477]
 [0.01080277 0.86971086 0.01315699 0.00000051 0.05431646 0.0044151  0.00264419 0.00567738 0.00438157 0.03489405]
 [0.01003666 0.00735165 0.1037029  0.0000041  0.01791571 0.10334333 0.28362963 0.08427244 0.01572543 0.3740182 ]
 [0.0107115  0.75437367 0.02410976 0.00000077 0.12958533 0.00355984 0.00353207 0.01123157 0.01079707 0.05209845]
 [0.11156208 0.00187871 0.10454768 0.00016975 0.15995385 0.03354201 0.03632048 0.1382568  0.40733394 0.00643475]
 [0.024637   0.00212776 0.09922273 0.00011015 0.03750154 0.4368898  0.2657707  0.06817932 0.04248721 0.02307378]
 [0.02809597 0.00299018 0.10503735 0.00009877 0.04185076 0.36830622 0.2937368  0.07995709 0.04678746 0.03313943]
 [0.03989179 0.01705226 0.14635906 0.00004035 0.06636005 0.1827798  0.2616467  0.10459594 0.04765466 0.13361941]
 [0.03580277 0.64163387 0.03274547 0.00000222 0.06498594 0.02423049 0.0204267  0.02203352 0.0122291  0.14590994]
 [0.12662233 0.00124824 0.11489121 0.0010414  0.14168617 0.08912414 0.08006833 0.1453142  0.29676455 0.00323938]
 [0.05553862 0.03165261 0.14711565 0.00004138 0.09328919 0.14642403 0.21007141 0.11380729 0.05977927 0.14228058]
 [0.05953639 0.00690491 0.1332356  0.00012071 0.06793047 0.2681911  0.23071249 0.11413478 0.07215523 0.04707827]
 [0.09847003 0.00098186 0.14981732 0.00222909 0.11487631 0.15788977 0.14269322 0.1442306  0.18572137 0.00309044]
 [0.08788943 0.00986558 0.15290181 0.00010545 0.12476419 0.0693257  0.09609983 0.26381212 0.14426373 0.05097213]
 [0.11893552 0.01127033 0.14294568 0.0001085  0.11973107 0.08369235 0.11237296 0.19957873 0.16329955 0.04806527]
 [0.02969428 0.01722397 0.14216232 0.00002191 0.05401785 0.15803683 0.27703783 0.09871081 0.03805523 0.18503895]
 [0.06982073 0.00100259 0.15295002 0.00134415 0.09710596 0.21407324 0.18084893 0.13191837 0.14693312 0.00400297]
 [0.09216081 0.0021585  0.15344225 0.00066481 0.10101955 0.1501503  0.17294122 0.15959704 0.15628925 0.01157623]
 [0.1242819  0.01041142 0.13925189 0.0001086  0.12145441 0.08259267 0.10700069 0.19328907 0.18003687 0.04157249]
 [0.2858391  0.00009663 0.02350564 0.40996057 0.09417944 0.02066221 0.0066661  0.02251627 0.13656864 0.0000054 ]
 [0.1489143  0.0025704  0.1210184  0.00480982 0.2849244  0.07918711 0.03800695 0.09028333 0.22972561 0.00055977]
 [0.00704535 0.8831087  0.01241402 0.00000058 0.05767303 0.0032455  0.00219411 0.00396592 0.00346706 0.02688588]
 [0.130636   0.45496848 0.0627877  0.00004903 0.16988538 0.05031956 0.02887756 0.0371385  0.03207311 0.03326467]
 [0.04004483 0.02226673 0.18985024 0.00002995 0.06201136 0.09566791 0.17265493 0.13950638 0.04071421 0.23725341]
 [0.18239829 0.1111368  0.11486031 0.00013599 0.12940955 0.12934002 0.11106928 0.08387831 0.05957237 0.07819906]
 [0.18308103 0.00002316 0.01207562 0.6608979  0.04049828 0.01223946 0.00388612 0.01217701 0.07511979 0.00000159]
 [0.02761831 0.00398424 0.12103552 0.00004166 0.04472084 0.15324439 0.24527548 0.24952552 0.05578253 0.09877145]
 [0.28347215 0.00009663 0.02368661 0.41092363 0.09496916 0.02039953 0.00660181 0.02268231 0.13716285 0.00000541]
 [0.01380652 0.8389424  0.01669607 0.00000101 0.06001801 0.00763414 0.00476269 0.00696111 0.00521805 0.04596006]
 [0.00547217 0.03578818 0.0476374  0.00000065 0.01498467 0.02236426 0.08554227 0.03680675 0.00591678 0.74548686]
 [0.04610423 0.00794213 0.14720213 0.00006823 0.06211117 0.16108045 0.25026843 0.16557862 0.06470084 0.0949437 ]
 [0.00128786 0.01389266 0.01681943 0.0000001  0.00407188 0.00435864 0.02626137 0.03251572 0.00162989 0.89916253]
 [0.44118938 0.0007571  0.0398365  0.07485138 0.17029954 0.0255877  0.00929604 0.04489256 0.19325037 0.00003944]
 [0.18737309 0.00002273 0.01335162 0.6474857  0.04047662 0.01365504 0.004672   0.01358099 0.07938033 0.00000196]
 [0.178348   0.00002088 0.01334749 0.6595221  0.03913105 0.01378157 0.00474138 0.01346567 0.07763989 0.0000019 ]
 [0.10767037 0.05830634 0.1296867  0.00003147 0.13801011 0.09702699 0.10690842 0.14853522 0.10118143 0.11264297]
 [0.18705793 0.00003092 0.02443261 0.5680289  0.05415804 0.02210162 0.00918531 0.02515274 0.10984692 0.00000492]
 [0.11567384 0.08340877 0.11728109 0.0000249  0.13603702 0.09205177 0.10063205 0.13278817 0.09223991 0.12986246]
 [0.09342056 0.10301413 0.09367974 0.00001761 0.10096646 0.13252304 0.12570597 0.11206257 0.06229431 0.17631568]
 [0.06733279 0.01953888 0.12171684 0.00007934 0.08295571 0.2826732  0.17884022 0.11344701 0.06241239 0.07100362]
 [0.20265841 0.0000317  0.01780724 0.5806367  0.05559253 0.01483143 0.0051671  0.0186908  0.1045812  0.00000282]
 [0.0650405  0.00512725 0.1333492  0.00019165 0.07002537 0.29550496 0.19223188 0.12125509 0.08050144 0.03677269]
 [0.05452623 0.01017631 0.11640362 0.00008611 0.06748272 0.3640622  0.18005976 0.09735117 0.05841097 0.05144086]
 [0.0600113  0.10190562 0.12552202 0.00002465 0.11926386 0.13709159 0.11742024 0.0984498  0.04762851 0.19268243]
 [0.16614473 0.00001987 0.01973669 0.62267834 0.04599077 0.01729639 0.00683772 0.0209333  0.10035914 0.00000297]
 [0.07640961 0.0319819  0.12124053 0.00006662 0.09350559 0.24163641 0.17553315 0.11132865 0.0627325  0.08556511]
 [0.06438226 0.21806529 0.11251422 0.00001424 0.14614941 0.05292942 0.0687086  0.07911744 0.04571832 0.2124008 ]
 [0.07258426 0.02322876 0.1263802  0.00007504 0.08932433 0.24966894 0.18393332 0.11154071 0.066272   0.07699244]
 [0.21155033 0.00005154 0.03405795 0.47146255 0.06989507 0.03317414 0.01456403 0.03296005 0.13227475 0.00000951]
 [0.15009148 0.00047577 0.12060454 0.00947206 0.1438434  0.10576595 0.06578939 0.14148292 0.2618928  0.00058168]
 [0.07312447 0.02644074 0.14230672 0.00007035 0.10215245 0.20694955 0.15481527 0.13581595 0.06967302 0.08865143]
 [0.10978142 0.03612024 0.139929   0.00006718 0.13335137 0.08935405 0.12000633 0.17291506 0.10560416 0.09287122]
 [0.12040693 0.06994231 0.12191692 0.00004593 0.1312726  0.09375389 0.11836519 0.13692737 0.08764399 0.11972483]
 [0.12116142 0.07454866 0.12020882 0.00004447 0.13151217 0.09272879 0.1165103  0.13462862 0.08587205 0.12278472]
 [0.11958807 0.06578691 0.12401345 0.00004797 0.13294272 0.09135457 0.11713306 0.14240949 0.08993279 0.11679095]
 [0.12040083 0.0625889  0.12425107 0.00004784 0.13188134 0.09350208 0.11837447 0.14255849 0.09230523 0.11408975]
 [0.11007117 0.04306119 0.13860258 0.00006102 0.13213918 0.09254363 0.12140738 0.1601524  0.0984778  0.10348364]
 [0.11125649 0.04508294 0.13573281 0.00005968 0.13392095 0.08691654 0.1187676  0.16449694 0.09894855 0.10481758]
 [0.10651602 0.03400949 0.14158438 0.00006582 0.133635   0.08260702 0.11535834 0.18421227 0.1076421  0.09436955]
 [0.12093939 0.06579833 0.12268811 0.00004616 0.1306874  0.09468063 0.11850754 0.13946456 0.09028058 0.11690734]
 [0.1053231  0.03065718 0.14288849 0.00006888 0.1341767  0.08111528 0.11406951 0.19141443 0.11164276 0.08864372]
 [0.12077605 0.06307213 0.12423085 0.00004734 0.1318627  0.09488013 0.11869679 0.14031966 0.09221458 0.11389976]
 [0.11542666 0.04261304 0.13417402 0.00005854 0.13236138 0.09624347 0.12296308 0.15684763 0.10378879 0.09552336]
 [0.11583529 0.06905831 0.1244638  0.00004471 0.12409397 0.10967803 0.13097136 0.12256163 0.08167961 0.12161332]
 [0.12164944 0.05951471 0.12486835 0.00004749 0.13165136 0.09414962 0.1177803  0.14358835 0.09537487 0.11137559]
 [0.12085243 0.05595195 0.12642585 0.00004907 0.1317492  0.09376771 0.1187976  0.14606555 0.09741662 0.10892407]
 [0.1084431  0.0342707  0.14178398 0.00006693 0.13337214 0.08505046 0.11615049 0.18017985 0.10776713 0.09291521]
 [0.17698978 0.00416483 0.12841435 0.00183912 0.1187299  0.17207606 0.13900216 0.12182327 0.13106944 0.0058911 ]
 [0.1960305  0.00026077 0.10383987 0.04656306 0.15289128 0.06697078 0.04381301 0.10956921 0.2798828  0.00017869]
 [0.17939854 0.00030475 0.11300521 0.03058507 0.15025862 0.08043178 0.0539822  0.11731001 0.27447116 0.00025263]
 [0.07829572 0.06470601 0.17934772 0.00004461 0.13517235 0.08154138 0.12810892 0.11427344 0.06992963 0.14858031]
 [0.11089573 0.10093743 0.1360196  0.00004758 0.13349028 0.08828907 0.1205587  0.10137521 0.06855056 0.1398359 ]
 [0.06268492 0.03598076 0.17354454 0.00003929 0.11358319 0.07619254 0.12413117 0.17704731 0.07190245 0.16489378]
 [0.07485932 0.01256167 0.1673717  0.00013557 0.12807688 0.1263865  0.13764416 0.19183396 0.11285706 0.04827316]
 [0.15616675 0.00217553 0.13935131 0.00228221 0.13724831 0.11060786 0.10299326 0.14901996 0.19595265 0.00420228]
 [0.05497565 0.0336127  0.13184471 0.00003823 0.0778638  0.14060773 0.24102738 0.10357069 0.05050708 0.16595197]
 [0.23329723 0.00009033 0.05755774 0.2707466  0.10727753 0.04509557 0.02261727 0.05831471 0.20497711 0.00002586]
 [0.08823523 0.01434666 0.1549979  0.00008854 0.13074122 0.08371525 0.11004288 0.22581804 0.13170853 0.0603057 ]
 [0.23134863 0.00012942 0.07263324 0.17511758 0.12741163 0.05274753 0.02865246 0.07402944 0.23788251 0.00004748]
 [0.00129976 0.01440004 0.01913302 0.00000007 0.00485762 0.00515325 0.02638649 0.02088403 0.00204458 0.9058412 ]
 [0.19066511 0.00003268 0.02444282 0.5664715  0.05392687 0.02306288 0.00937509 0.02485811 0.10715978 0.00000514]
 [0.01719415 0.00870212 0.11062511 0.00001032 0.03561712 0.04745084 0.1738558  0.25962722 0.03283112 0.31408614]
 [0.04564196 0.01924048 0.12131216 0.00004338 0.06540614 0.28872168 0.2145994  0.09323891 0.04524229 0.10655357]]
        Validation Criterion: 0.12485139
14:21:10      Epoch:   0      Batch:   0      OuterStep:  60      LossModel: 1.10419226     LossTerm2: 0.00000000     LossGates: 0.00000000      Time/Step(s): 54.4489Contributing envs to the losses:  [  1 138 136 132 131   6 141 129 142 130  27  24  26  16  17 140  23   9  19 133 134  20 139  37  21  22  31   5  13  28  30  40  29 128  18  32   0  46  25 143 135  41  14  33   7 137]
Gate kernel values:  [[ 0.01570916 -0.01106874 -0.00427833  0.00429695  0.02257709 -0.00034456 -0.01803756 -0.01334865  0.02524044  0.00705428  0.02446848 -0.01704186  0.02637596  0.0231225   0.06687819 -0.01799434  0.0128996  -0.02564541 -0.01393253 -0.0039278  -0.00361253 -0.02141587 -0.01729889  0.01513266  0.01077811  0.02192539  0.01017063  0.0136979  -0.00296173  0.00095051  0.01527305  0.01039117 -0.02321254  0.01570557  0.02273764  0.01318189  0.01665457 -0.00539433 -0.02493487  0.02285857]
 [ 0.00298561 -0.01376589  0.02222786 -0.03082342  0.00187421 -0.01229901  0.00463458 -0.01773676  0.00914752 -0.02838925  0.0016387  -0.01037113  0.00055143  0.00338775  0.03311112 -0.00079938  0.00428221 -0.01068226 -0.00031357 -0.02961154  0.0209759   0.0022751  -0.01244779  0.01198079  0.02316493 -0.00234951 -0.03207908  0.00998926  0.02479566 -0.02236777  0.01282351 -0.02796346 -0.01408264  0.0128365   0.00723202  0.01239767  0.02551617  0.02024247  0.00218318  0.00562891]
 [ 0.00916562 -0.01608009  0.02112539 -0.01743443  0.00945742  0.02669901 -0.01284691 -0.00882282 -0.00189376 -0.01492105  0.00566387 -0.01094967  0.00443069  0.00758091 -0.0570183  -0.00816553  0.00217609 -0.00739079 -0.02026286 -0.01044745 -0.00494169 -0.00645597  0.00029954  0.01249835  0.00773814  0.01238128  0.02658352  0.00110075  0.02142872  0.01802682  0.01125263 -0.0213601  -0.00936397  0.01054951  0.00269414  0.02242709  0.00992937 -0.02642013 -0.00373221  0.00482802]
 [ 0.05285569 -0.01774501 -0.00678674  0.00131492  0.03364424  0.01843643 -0.03146972 -0.04971717  0.04551518 -0.00394441  0.0367277  -0.04777689  0.02062071  0.03592411  0.02874689 -0.05462162  0.01801142 -0.03175009 -0.02413121 -0.00628436 -0.06809556 -0.05606251 -0.01485261  0.01852417  0.01037113  0.03517956  0.02459829  0.01766187 -0.00347278  0.02931637  0.02067393  0.00306847 -0.02466549  0.04820993  0.02285265  0.01230835  0.00671973 -0.01430312 -0.02778625  0.02777686]
 [ 0.02133483 -0.01969087  0.03554424 -0.04134467  0.00936918  0.02124464 -0.01072262 -0.02525952  0.00437342 -0.0396197   0.00684422 -0.02091098  0.01414961  0.00896296 -0.02801962 -0.02008108  0.02240918 -0.01073365 -0.01769277 -0.03195354  0.01306121 -0.01737539 -0.021824    0.01768371  0.02688154  0.01074639  0.00363437  0.02018032  0.03934813  0.0079783   0.0177878  -0.04575768 -0.01276095  0.02302632  0.01474448  0.02385798  0.0219705  -0.0203901  -0.0126333   0.01216047]
 [ 0.01051074 -0.01996683 -0.02988085  0.00775299  0.00731415  0.00110545 -0.01458544 -0.00719793 -0.00160333  0.00096424  0.01237523 -0.00593072  0.0086424   0.00690947 -0.07055966 -0.01021047  0.0148389  -0.00888001  0.00121484  0.00410467 -0.02063865 -0.01138005 -0.01150815  0.01877886  0.00839909  0.00206137 -0.01791723  0.00976995 -0.02026006 -0.0058647   0.02016129  0.01637103 -0.01560342  0.00916208 -0.00310479  0.00752554  0.00150307 -0.02224232 -0.00913108  0.01296999]
 [-0.00124119 -0.00155778 -0.02060302  0.01581932  0.01000751 -0.00023958 -0.00839272  0.00343141  0.00886445  0.01332936  0.00793859  0.00641958  0.00066274  0.0091519  -0.06655879  0.0006298   0.01164708 -0.00634893 -0.01839081  0.01239758 -0.03748663 -0.00049981 -0.00293208  0.00373724 -0.00493204  0.01609454 -0.00051024  0.00540644 -0.01854937  0.00612041  0.00536018  0.01828614 -0.00313374 -0.00378497  0.01882122  0.0196428  -0.0088779   0.00273825 -0.0041446   0.00361504]
 [ 0.00720688 -0.00728198  0.01520063 -0.01063034  0.00509749  0.03145231 -0.00824917 -0.00554895 -0.00822642 -0.01007641  0.00378334 -0.0059389  -0.00293776  0.00150931 -0.0317129  -0.00522011  0.02145    -0.00126222 -0.00965205 -0.00759554 -0.00422227 -0.0038713  -0.02296757  0.01057708  0.00134472  0.00109783  0.03832019  0.02642475  0.01072219  0.03661039  0.00624829 -0.01081555 -0.00493986  0.00559826  0.02303268  0.00276496  0.00381758 -0.00317413 -0.01551433  0.0119919 ]
 [ 0.01304315 -0.01945131  0.02531437 -0.01983313  0.01430384  0.02600545 -0.01700379 -0.01351223  0.00802069 -0.01900171  0.01146166 -0.01495665  0.01244002  0.01327582 -0.02117828 -0.01322337  0.02614158 -0.0149205  -0.02180912 -0.01728444  0.01310439 -0.01210865 -0.02501634  0.01923477  0.01520705  0.01631111  0.01743671  0.02250478  0.02408278  0.01550614  0.01731963 -0.02372069 -0.01419031  0.01429514  0.02060163  0.0265063   0.01414387 -0.02187498 -0.0205439   0.01622631]
 [-0.03271825 -0.00057057  0.0017037   0.0070586  -0.00122775  0.00283681  0.00185988  0.03024894  0.00580398  0.01503508 -0.00149795  0.02527944 -0.03104222  0.00002998 -0.01369038  0.0323198  -0.0062598   0.00015277  0.00443879  0.00977735 -0.01314284  0.03269559 -0.00100547 -0.00109002 -0.02690061 -0.00233834  0.00758411 -0.0019186   0.00109763 -0.00065768 -0.00167775 -0.00036908 -0.00103758 -0.03021382 -0.00738729 -0.00861487 -0.01688108 -0.00192501 -0.00180217  0.00096753]]
Gate values for each environment (all envs): 
 [[0.09542174 0.06507175 0.133122   0.00003762 0.11037004 0.11535241 0.1442314  0.11762187 0.07384805 0.14492314]
 [0.12015089 0.05110068 0.12697543 0.00004683 0.11743401 0.10564803 0.12906364 0.13751058 0.0967171  0.11535284]
 [0.11934746 0.0854561  0.11464193 0.00004878 0.14999288 0.12285343 0.09122429 0.12243708 0.09078508 0.1032129 ]
 [0.11229421 0.16984814 0.09104846 0.00002517 0.10378478 0.0927195  0.10957399 0.08466096 0.05168167 0.18436307]
 [0.11105051 0.11688677 0.09786945 0.00002397 0.09808407 0.10929423 0.12470296 0.09861215 0.06090253 0.18257333]
 [0.12403749 0.03689662 0.13371155 0.0000517  0.12532437 0.10076594 0.11898947 0.1487428  0.12016809 0.09131204]
 [0.12103447 0.05663079 0.12646863 0.0000427  0.12299114 0.11070909 0.12493604 0.1260443  0.09798512 0.1131577 ]
 [0.12496045 0.03090621 0.13769187 0.00005609 0.1319839  0.09437446 0.11065681 0.15530781 0.13499413 0.0790683 ]
 [0.11234505 0.08566665 0.12277777 0.00003634 0.1081827  0.0917723  0.1275687  0.11117151 0.06909692 0.17138201]
 [0.11948559 0.0695915  0.11867467 0.00003912 0.11311125 0.10675406 0.12971438 0.12412967 0.08355327 0.13494648]
 [0.09636734 0.14524147 0.08611668 0.00001628 0.08252089 0.11299203 0.12417189 0.08062208 0.04699736 0.224954  ]
 [0.11692991 0.17090978 0.09369769 0.00002795 0.10715618 0.0905544  0.10786264 0.0843988  0.05223923 0.17622341]
 [0.09883022 0.01860732 0.14238629 0.00006744 0.1136734  0.12827335 0.14610472 0.1472865  0.13309105 0.07167978]
 [0.12673245 0.07248993 0.11699659 0.00003212 0.12260897 0.0965992  0.10808022 0.1296979  0.09897117 0.1277914 ]
 [0.12064467 0.07905496 0.13211325 0.00005508 0.1744411  0.09915888 0.08326722 0.12235204 0.10428406 0.08462876]
 [0.11437798 0.11525185 0.11395709 0.00003686 0.11361118 0.09944622 0.1240879  0.09800693 0.06257448 0.15864949]
 [0.1200635  0.06456431 0.12149718 0.00004082 0.11512434 0.10450123 0.12783413 0.1282937  0.08713601 0.13094468]
 [0.11950246 0.06379021 0.12173907 0.00004135 0.11453408 0.10456078 0.12818894 0.12971917 0.08667062 0.13125327]
 [0.11652824 0.08299272 0.11354947 0.00003529 0.10851374 0.10960845 0.13099584 0.11381846 0.073876   0.15008186]
 [0.11962157 0.07302159 0.11804748 0.00003839 0.11312474 0.10587691 0.12800531 0.12217488 0.08156598 0.1385232 ]
 [0.11780719 0.07118041 0.11884522 0.00003964 0.11234879 0.10588764 0.12976499 0.12399288 0.08058048 0.13955279]
 [0.11474212 0.06972737 0.12017725 0.00004146 0.1109722  0.11250382 0.13680674 0.11892802 0.07817625 0.13792479]
 [0.11829437 0.07804871 0.11583745 0.00003626 0.11047275 0.10934988 0.13034508 0.11646694 0.07783892 0.14330967]
 [0.11974781 0.06543119 0.12115294 0.00004059 0.11466043 0.10502493 0.12833942 0.12743987 0.08622995 0.13193284]
 [0.120448   0.06385528 0.12190464 0.00004136 0.11593438 0.10532699 0.12819359 0.12752782 0.088081   0.12868701]
 [0.1159887  0.08316527 0.11334278 0.00003672 0.10859144 0.10809825 0.13190663 0.11493091 0.07279672 0.15114258]
 [0.11982003 0.06464327 0.12194562 0.00004091 0.11571255 0.10465785 0.1281612  0.12703522 0.08722797 0.1307554 ]
 [0.11995158 0.06236801 0.12266895 0.00004224 0.11561888 0.10426436 0.1279078  0.13030571 0.08813694 0.12873556]
 [0.11676239 0.07410509 0.11880318 0.00003974 0.1122465  0.10428236 0.12995225 0.12218946 0.07818185 0.1434371 ]
 [0.11536469 0.07553107 0.11772236 0.00003879 0.11020365 0.10990256 0.13379297 0.11717425 0.0761001  0.14416961]
 [0.11733524 0.0786161  0.11561467 0.00003687 0.11029262 0.10732511 0.12993836 0.11800038 0.07657664 0.14626406]
 [0.11728695 0.07597863 0.11688749 0.00003796 0.11098102 0.10655675 0.13013157 0.12009643 0.07771628 0.14432691]
 [0.1017899  0.05872928 0.11414135 0.000027   0.08791965 0.10637829 0.14120963 0.12459214 0.0701599  0.19505289]
 [0.10688693 0.07598222 0.10780583 0.00002433 0.09044918 0.10003544 0.13154276 0.11856801 0.06700009 0.2017052 ]
 [0.12600175 0.00688489 0.13286369 0.00010548 0.16400695 0.06147876 0.0590527  0.15178569 0.27909097 0.01872911]
 [0.08571777 0.02985167 0.14578845 0.00005332 0.11655936 0.19268407 0.1292583  0.12529923 0.09171794 0.08306997]
 [0.08399138 0.02885181 0.12449483 0.00005111 0.09486447 0.25917974 0.14811885 0.10397972 0.07478002 0.08168798]
 [0.13355508 0.0816562  0.12150998 0.00003953 0.15276471 0.08766636 0.09209653 0.12956093 0.10359456 0.09755611]
 [0.07885455 0.02790271 0.12801956 0.00005531 0.09194063 0.2659274  0.15911181 0.09680959 0.07012165 0.08125681]
 [0.10952364 0.09598756 0.10152384 0.00002006 0.09421566 0.09443159 0.1180467  0.11273906 0.06611455 0.20739733]
 [0.12422109 0.09013771 0.11623766 0.00002996 0.13272028 0.09299965 0.10182554 0.12320889 0.08986179 0.12875757]
 [0.12294722 0.10400656 0.11433433 0.00002973 0.13673785 0.1016114  0.10344508 0.109031   0.08448128 0.12337558]
 [0.10993357 0.08177561 0.10715901 0.0000239  0.09393428 0.09580401 0.12527384 0.11822928 0.06798689 0.19987954]
 [0.05972883 0.01468783 0.10535034 0.00005768 0.06820707 0.41003534 0.15142614 0.07945891 0.05778352 0.05326437]
 [0.10622439 0.02611351 0.14448519 0.00006754 0.13831057 0.08850522 0.10047769 0.1973945  0.12636665 0.07205483]
 [0.12293145 0.0064656  0.1316755  0.00010206 0.16580085 0.05354487 0.05333846 0.16004449 0.28677675 0.01931994]
 [0.12550536 0.0989496  0.12079095 0.00003044 0.17469476 0.07747956 0.07563575 0.12557414 0.10826986 0.09306954]
 [0.12582591 0.00747463 0.13617721 0.00010501 0.16178025 0.0648758  0.06350374 0.1539532  0.26545718 0.02084705]
 [0.0401192  0.00000051 0.0006572  0.9417428  0.00468067 0.00087595 0.00014854 0.00074514 0.01102995 0.00000001]
 [0.05979788 0.00000126 0.00121575 0.91155267 0.0077866  0.00142467 0.00027814 0.0013024  0.01664062 0.00000002]
 [0.0858667  0.00000316 0.00200215 0.8685986  0.01372198 0.0019997  0.00040004 0.00215913 0.02524864 0.00000005]
 [0.13575178 0.00070428 0.12139891 0.00570934 0.19644511 0.06289542 0.04471841 0.12123575 0.31051362 0.00062734]
 [0.026031   0.85760874 0.01238982 0.00000163 0.05364146 0.01116284 0.00437195 0.0072127  0.00583726 0.02174257]
 [0.13450341 0.00065885 0.11576833 0.00845855 0.23129964 0.04786384 0.03017988 0.11229609 0.31860334 0.00036806]
 [0.06037822 0.00000317 0.00288269 0.89907444 0.0113933  0.00300838 0.00079266 0.00271843 0.01974854 0.00000012]
 [0.02464154 0.8598626  0.01230691 0.00000146 0.05225648 0.00991708 0.0042476  0.00722854 0.00569234 0.02384548]
 [0.07264926 0.00000203 0.0015928  0.8895415  0.01089216 0.00169372 0.00033199 0.00171901 0.02157746 0.00000003]
 [0.02964932 0.00277516 0.08550449 0.00006705 0.01976977 0.27256545 0.42136946 0.07334029 0.02786813 0.06709082]
 [0.14068648 0.0000098  0.00361354 0.76664853 0.03232    0.00280031 0.00055238 0.00378011 0.04958863 0.0000001 ]
 [0.07159323 0.00000235 0.00175927 0.89328396 0.01004564 0.00174389 0.00039079 0.0018804  0.01930064 0.00000005]
 [0.07616341 0.00000267 0.00129964 0.88298327 0.01407373 0.0009725  0.00016917 0.00144062 0.02289492 0.00000002]
 [0.10287367 0.00000533 0.00189646 0.8357579  0.02272166 0.00120562 0.0002149  0.00208873 0.03323577 0.00000003]
 [0.05041069 0.00000101 0.00119137 0.9261548  0.00587736 0.00161207 0.00034294 0.00126551 0.01314432 0.00000003]
 [0.02616449 0.8421     0.01414934 0.00000143 0.05039412 0.00932158 0.00518842 0.00865648 0.00610517 0.03791892]
 [0.04394147 0.13597865 0.11226952 0.00000832 0.11140922 0.04371694 0.07542983 0.09233856 0.04478625 0.34012124]
 [0.15540013 0.00214397 0.13841036 0.00245425 0.15299878 0.108539   0.0872103  0.13909301 0.21057712 0.00317305]
 [0.03581048 0.00392717 0.12807249 0.00006515 0.03529204 0.231689   0.3509511  0.09930587 0.04611223 0.06877445]
 [0.04048708 0.14911757 0.10810915 0.00000707 0.11026187 0.04224962 0.07209564 0.08736985 0.04177853 0.34852356]
 [0.10605861 0.00692415 0.12483083 0.0004988  0.12556684 0.19684426 0.15263121 0.14284937 0.13058405 0.01321183]
 [0.01078241 0.8795258  0.01193533 0.00000055 0.04398338 0.00485717 0.00297594 0.00470608 0.00370413 0.03752925]
 [0.03436337 0.00925594 0.1666985  0.00003703 0.06320067 0.12546839 0.18452697 0.21363647 0.06029773 0.14251497]
 [0.13387974 0.02896298 0.13011311 0.00011534 0.14817572 0.10447058 0.07842343 0.1854933  0.12758732 0.06277854]
 [0.06532269 0.03347383 0.18290418 0.00003819 0.12492052 0.08007883 0.11357463 0.16385144 0.08601817 0.14981738]
 [0.1732335  0.00032432 0.11709929 0.03290374 0.11981816 0.15998025 0.09168012 0.10135495 0.20328425 0.00032139]
 [0.12365389 0.00065299 0.12412459 0.00594785 0.10146905 0.23738603 0.1358565  0.10425331 0.16534384 0.00131196]
 [0.04278152 0.69932497 0.02895079 0.00000322 0.06082187 0.02439189 0.01590182 0.01604941 0.01037758 0.10139693]
 [0.05556984 0.6345875  0.03497581 0.00000474 0.0654259  0.03010673 0.02292112 0.02225407 0.01312992 0.12102432]
 [0.00893087 0.8813941  0.01314168 0.00000052 0.04722379 0.00502842 0.00279385 0.00441275 0.0035713  0.03350278]
 [0.00960669 0.8842803  0.01129418 0.00000039 0.04382317 0.0040304  0.00236837 0.00474881 0.00366871 0.0361788 ]
 [0.01129617 0.00712567 0.10710201 0.00000575 0.0183154  0.12622027 0.32178724 0.07929447 0.01691229 0.31194067]
 [0.00981146 0.7930835  0.01957309 0.00000062 0.10604133 0.00313001 0.00296939 0.00887011 0.00893327 0.04758715]
 [0.09663191 0.00061562 0.06804232 0.00019942 0.15966359 0.01506125 0.01331747 0.08590433 0.5591943  0.00136968]
 [0.02511108 0.00207473 0.11127635 0.00012239 0.04808925 0.4472641  0.22301482 0.0713146  0.05411253 0.01762009]
 [0.03177506 0.00260707 0.10694633 0.00013795 0.0504643  0.4093849  0.24319781 0.07576486 0.05880345 0.02091821]
 [0.04389583 0.01396081 0.13725248 0.0000498  0.05701705 0.19974162 0.28286    0.09404328 0.04749834 0.12368087]
 [0.02990287 0.6949947  0.02600352 0.00000152 0.05241094 0.01987391 0.01569111 0.01654976 0.00968263 0.13488907]
 [0.11250829 0.00053768 0.09020388 0.00121545 0.1676423  0.04636958 0.03454654 0.11187455 0.4341989  0.00090285]
 [0.04633401 0.02818868 0.14786914 0.00002743 0.07603519 0.14778978 0.21132337 0.10818385 0.05333208 0.18091647]
 [0.06408212 0.00466486 0.11800884 0.0001604  0.0588314  0.32885197 0.2277379  0.09068528 0.07457728 0.03239994]
 [0.08788668 0.00067238 0.15440743 0.00224047 0.13503227 0.12884904 0.10714543 0.14283934 0.23897392 0.00195303]
 [0.10687436 0.00775834 0.15647459 0.00014632 0.13947144 0.06694068 0.0794783  0.22298786 0.18689796 0.03297011]
 [0.13131994 0.00761029 0.14123517 0.00014255 0.14519754 0.0692274  0.07683748 0.17067997 0.23370849 0.02404113]
 [0.03051764 0.0154739  0.14363164 0.00002453 0.05124573 0.17549981 0.28579447 0.0911515  0.03884805 0.16781278]
 [0.07498364 0.00082954 0.16104583 0.0016564  0.13933037 0.15012543 0.11449785 0.13718422 0.21815918 0.00218751]
 [0.09220133 0.00164858 0.15826611 0.00077881 0.13473663 0.11639057 0.11401462 0.1557048  0.22001146 0.00624714]
 [0.13470098 0.00652991 0.13210253 0.00014241 0.15086862 0.06296442 0.06609068 0.16027561 0.2683454  0.01797942]
 [0.27778625 0.00006489 0.01834516 0.4739877  0.07417788 0.01668768 0.00531292 0.01866243 0.11497143 0.00000366]
 [0.15350094 0.00250215 0.12038952 0.00480316 0.28066447 0.07728352 0.03777315 0.09109371 0.231436   0.00055336]
 [0.006168   0.8981762  0.01061495 0.00000044 0.04690259 0.00289605 0.00192029 0.00328333 0.00288753 0.02715065]
 [0.1061195  0.5523647  0.05050233 0.00002752 0.13251689 0.04258981 0.02407829 0.02902837 0.02404741 0.03872506]
 [0.02995975 0.02412948 0.21930863 0.00001626 0.06862243 0.07159714 0.11665475 0.14115277 0.04239418 0.28616455]
 [0.1852627  0.12138323 0.09681887 0.00008735 0.08294498 0.12554798 0.12472434 0.07206753 0.04451783 0.14664513]
 [0.1978913  0.00003959 0.01700757 0.56430787 0.07503331 0.01229781 0.00371733 0.01694439 0.11275887 0.00000194]
 [0.0271172  0.00301917 0.10761514 0.00004415 0.03241488 0.17430201 0.30128503 0.20856917 0.04769272 0.09794054]
 [0.2791362  0.000068   0.0189019  0.46616855 0.07677015 0.01673197 0.00535562 0.01920434 0.11765952 0.00000383]
 [0.01281231 0.85288024 0.014618   0.00000082 0.04886657 0.00719588 0.00442941 0.00592975 0.00447264 0.04879439]
 [0.00522646 0.03626967 0.04650071 0.00000061 0.01404454 0.02225717 0.08197267 0.03462255 0.00575377 0.7533518 ]
 [0.03876219 0.00619867 0.14627895 0.00005942 0.05740171 0.14783962 0.2544222  0.19189367 0.06592204 0.09122153]
 [0.00103918 0.0119307  0.01415368 0.00000007 0.00302381 0.00385388 0.0233737  0.02707393 0.00130871 0.9142424 ]
 [0.35566756 0.00045766 0.04350449 0.11606596 0.19195876 0.0250704  0.0085263  0.04648964 0.21223778 0.00002154]
 [0.18767849 0.00003279 0.01713248 0.5804036  0.06987254 0.01216817 0.00391397 0.01718435 0.11161176 0.0000019 ]
 [0.18852882 0.0000332  0.01744403 0.57766867 0.0700857  0.01232416 0.00401896 0.0175248  0.11236966 0.00000199]
 [0.08909051 0.03589019 0.1364458  0.00002708 0.12920357 0.08816197 0.10046948 0.19761683 0.11882321 0.10427123]
 [0.12851705 0.00002212 0.0233293  0.61488575 0.07161563 0.01364334 0.00505598 0.02267785 0.1202508  0.00000209]
 [0.11581546 0.0735572  0.12602279 0.00003031 0.20716496 0.07215561 0.05865968 0.14335547 0.1400145  0.06322395]
 [0.13806777 0.08755358 0.09969821 0.0000507  0.16372772 0.14999832 0.09667569 0.10636458 0.10453939 0.05332403]
 [0.05520725 0.01862579 0.1308702  0.00005421 0.07856736 0.3049189  0.16818349 0.10683033 0.06006346 0.076679  ]
 [0.20390141 0.00004303 0.02092549 0.51417017 0.08591277 0.01255856 0.00416347 0.02216775 0.13615464 0.00000267]
 [0.0377275  0.00684106 0.17498592 0.00005679 0.07881726 0.24828771 0.15324068 0.15361576 0.07903764 0.06738967]
 [0.0448059  0.01135819 0.13858192 0.00005598 0.07667878 0.35307175 0.15569887 0.10053732 0.06257987 0.05663145]
 [0.06583231 0.14040932 0.11781679 0.0000237  0.1331441  0.1393608  0.10235393 0.085075   0.04993213 0.1660519 ]
 [0.16058148 0.00003488 0.02925267 0.49372733 0.10080373 0.01479252 0.00543801 0.0299308  0.1654356  0.00000311]
 [0.06557111 0.0293797  0.12484607 0.00005154 0.08879678 0.28489396 0.16237736 0.10128013 0.06117712 0.08162617]
 [0.07218031 0.21116853 0.11425435 0.00001678 0.14097247 0.05927927 0.07300995 0.07830767 0.04842019 0.20239046]
 [0.05550385 0.0228741  0.1388611  0.00004427 0.08378292 0.26866657 0.17217122 0.10646483 0.0619401  0.08969097]
 [0.14456151 0.0000301  0.02775693 0.56556606 0.07989874 0.017793   0.0068933  0.02610332 0.13139388 0.00000316]
 [0.16295713 0.00034398 0.11636076 0.01251592 0.11668212 0.1342796  0.07887483 0.13407066 0.24340363 0.00051137]
 [0.062413   0.02289755 0.14317115 0.00005413 0.08731313 0.24627782 0.15892705 0.12303514 0.06355067 0.09236036]
 [0.11528356 0.02867734 0.14473784 0.00007358 0.12957841 0.09275784 0.11736184 0.16971977 0.11996958 0.08184019]
 [0.11877503 0.0564831  0.12501967 0.00004443 0.11642692 0.10369747 0.12838611 0.13640542 0.09161023 0.12315158]
 [0.11960548 0.06071088 0.12296552 0.00004285 0.11586148 0.10311928 0.12733287 0.13358726 0.08903364 0.12774086]
 [0.1190214  0.05296713 0.1273462  0.00004723 0.11878294 0.10077719 0.12630089 0.14166522 0.09473087 0.11836089]
 [0.11925791 0.04975739 0.12808272 0.00004703 0.11877208 0.10245173 0.1265482  0.14246193 0.09834038 0.11428056]
 [0.11580005 0.03441934 0.14297667 0.0000671  0.124218   0.10009614 0.12442178 0.15445232 0.10860828 0.09494025]
 [0.11562177 0.03603264 0.13999082 0.00006395 0.12512366 0.09377659 0.12228537 0.16081452 0.1085625  0.09772821]
 [0.11421309 0.02747423 0.14647824 0.00007403 0.13342582 0.08421516 0.10955019 0.17949595 0.12469883 0.08037442]
 [0.119427   0.05262971 0.12630838 0.00004497 0.11707215 0.10418057 0.12743008 0.13892618 0.09557144 0.11840944]
 [0.11323591 0.02429241 0.14814784 0.00007891 0.13438013 0.08296382 0.1080247  0.18476954 0.13028431 0.0738225 ]
 [0.12117869 0.05046844 0.12784387 0.00004739 0.11874117 0.10463252 0.12724857 0.13804042 0.09820842 0.11359048]
 [0.11547055 0.03238315 0.13911387 0.00006003 0.1237909  0.10140564 0.12475801 0.15887186 0.11568423 0.08846182]
 [0.11160976 0.05675414 0.12811427 0.00004151 0.11160159 0.12038463 0.13808742 0.12236188 0.08524641 0.12579842]
 [0.12395924 0.04734154 0.12864766 0.00004884 0.11939669 0.1039112  0.12573494 0.13921079 0.10276291 0.1089862 ]
 [0.12117802 0.04378859 0.13066173 0.00004955 0.12041395 0.10179135 0.12507033 0.1453235  0.1059696  0.10575338]
 [0.11554606 0.02711556 0.14690274 0.00007536 0.13016474 0.08885706 0.11368541 0.1738807  0.12325419 0.08051815]
 [0.17553592 0.00407312 0.12944458 0.00182235 0.11937582 0.1714258  0.13715738 0.12179863 0.13362809 0.00573835]
 [0.22118393 0.00005488 0.05458139 0.2674486  0.10392825 0.03399192 0.01875119 0.05981687 0.24022342 0.00001958]
 [0.18782753 0.00010161 0.08951832 0.09845429 0.13786772 0.0561859  0.034066   0.09338067 0.30253652 0.00006154]
 [0.08230428 0.07109971 0.18740454 0.00003929 0.15789562 0.06974896 0.09194215 0.11688882 0.08348586 0.13919075]
 [0.08989474 0.10313483 0.12717727 0.00002296 0.10148887 0.07803752 0.10649379 0.10001212 0.05795582 0.23578203]
 [0.0643035  0.03391087 0.19125195 0.00004059 0.12512498 0.07369302 0.10783392 0.17443924 0.083376   0.1460259 ]
 [0.09194394 0.01069629 0.17366366 0.0001935  0.14608066 0.11024977 0.11280983 0.17650889 0.14388236 0.03397109]
 [0.12884279 0.00130825 0.14013773 0.00214984 0.16227548 0.08132438 0.07131544 0.1470014  0.26322445 0.00242039]
 [0.05190001 0.0266067  0.12041099 0.00003659 0.05798786 0.15620293 0.27837098 0.09007933 0.04356958 0.17483503]
 [0.15336125 0.00002579 0.02767087 0.55625033 0.07336233 0.01700464 0.00709823 0.02803577 0.13718736 0.00000347]
 [0.11208485 0.01169977 0.15846877 0.00013237 0.14502467 0.08378718 0.09403366 0.18642063 0.16828802 0.04006003]
 [0.15199925 0.00002219 0.02549489 0.5817163  0.06404065 0.01632417 0.00702979 0.0262516  0.12711778 0.00000332]
 [0.00133737 0.01555726 0.01986369 0.00000008 0.00501812 0.00533512 0.02567552 0.02071384 0.00218258 0.9043164 ]
 [0.17380899 0.0000459  0.03332535 0.4679942  0.10251293 0.01899131 0.00725211 0.0330921  0.16297227 0.00000476]
 [0.01723116 0.00870649 0.11719502 0.00000999 0.03497485 0.05055712 0.17275132 0.23456188 0.03373162 0.3302805 ]
 [0.03975363 0.01718844 0.11447632 0.00003532 0.05664766 0.3520567  0.20527829 0.07751103 0.04039597 0.09665664]]
        Validation Criterion: 0.11480835
14:30:20      Epoch:   0      Batch:   0      OuterStep:  70      LossModel: 0.71159351     LossTerm2: 0.00000000     LossGates: 0.00000000      Time/Step(s): 55.0654Contributing envs to the losses:  [142 141 138 132   1 136   6 139   5 131 134 133 129 130  24  27 128  16 140  26  17  23 143 112   9 135   7  13  19  37 137  20  32  44  22  21 114  31  28  30  40  29  33  39  18   0]
Gate kernel values:  [[ 0.01566283 -0.01105905 -0.00427724  0.00429124  0.02257297 -0.00035002 -0.0180335  -0.01331962  0.02523517  0.00706125  0.0244646  -0.01700317  0.02637208  0.02311852  0.06687454 -0.01795916  0.01289472 -0.02564075 -0.01392889 -0.00391987 -0.00360812 -0.02136157 -0.01729288  0.01512604  0.01077323  0.02192206  0.01016469  0.01369009 -0.00295756  0.00094418  0.01526702  0.01038862 -0.02320511  0.01567246  0.02273227  0.01317794  0.01665721 -0.00538617 -0.02493092  0.02285415]
 [ 0.00298427 -0.01374806  0.02222859 -0.03082385  0.00187336 -0.01230043  0.0046354  -0.01773595  0.00914803 -0.02838923  0.00163803 -0.0103706   0.00054915  0.00338703  0.03311174 -0.0007978   0.00428032 -0.01068195 -0.00031239 -0.02961224  0.02097635  0.00227699 -0.01244468  0.01197861  0.02316441 -0.00235036 -0.03208009  0.00998493  0.02479627 -0.02236902  0.0128208  -0.02796396 -0.01408159  0.01283569  0.00723007  0.01239323  0.02551657  0.02025808  0.00218404  0.00562806]
 [ 0.00914045 -0.01607895  0.02112848 -0.01743438  0.00945379  0.02669651 -0.01284407 -0.00880892 -0.00189389 -0.01491965  0.00565984 -0.01093702  0.00441637  0.00757753 -0.05701602 -0.00814316  0.00217313 -0.0073886  -0.02026013 -0.01044904 -0.00493127 -0.00642432  0.00030179  0.01249586  0.00773124  0.01237802  0.02657971  0.00109687  0.0214307   0.0180223   0.01124916 -0.02136075 -0.00936011  0.01053441  0.00268929  0.0224249   0.00992859 -0.02641458 -0.00372925  0.00482475]
 [ 0.05287012 -0.01774646 -0.00678837  0.00131848  0.03364483  0.01843723 -0.0314703  -0.04974172  0.04551584 -0.00394733  0.03672827 -0.04780059  0.02062265  0.03592468  0.02874712 -0.05468212  0.01801217 -0.0317507  -0.02413179 -0.0062874  -0.06809622 -0.05608365 -0.0148535   0.01852509  0.01037526  0.03518008  0.02459909  0.01766308 -0.00347826  0.02931727  0.02067484  0.0030702  -0.02466661  0.0482324   0.02285353  0.01230906  0.00671571 -0.01430476 -0.02778682  0.02777749]
 [ 0.02135415 -0.01968982  0.03553979 -0.04134492  0.0093711   0.02124525 -0.01072383 -0.02526795  0.00437224 -0.03961989  0.00684637 -0.02091622  0.01416107  0.00896471 -0.02802227 -0.02009732  0.0224103  -0.01073405 -0.01769404 -0.03195049  0.01305481 -0.01740033 -0.02182423  0.01768421  0.02688634  0.01074817  0.00363546  0.02018171  0.03934528  0.00798013  0.01778947 -0.04575674 -0.01276181  0.02303511  0.01474696  0.02385873  0.02197013 -0.02039262 -0.01263454  0.01216195]
 [ 0.01047146 -0.01996802 -0.02987964  0.00775244  0.00730919  0.00110217 -0.01458256 -0.00717738 -0.00160613  0.00096543  0.01237084 -0.00591138  0.00862328  0.00690452 -0.07055784 -0.01017851  0.01483514 -0.00887668  0.00121895  0.00410222 -0.02063231 -0.01133098 -0.01150539  0.01877784  0.00838946  0.00205666 -0.01792272  0.00976464 -0.02025916 -0.005871    0.02015875  0.01637129 -0.01560031  0.00914058 -0.00311177  0.00752147  0.00150348 -0.02223861 -0.00912732  0.01296676]
 [-0.00118877 -0.00155834 -0.02061416  0.01582658  0.0100166  -0.00023182 -0.00839985  0.00340529  0.00886141  0.01333178  0.00794755  0.00639843  0.00068877  0.00916011 -0.0665679   0.0005836   0.01165722 -0.00635234 -0.01839868  0.0124112  -0.03751253 -0.00056634 -0.002939    0.00374265 -0.00492186  0.0161036  -0.00049975  0.00541927 -0.01856041  0.00613413  0.00536835  0.01829193 -0.00313817 -0.00375735  0.01883502  0.01965005 -0.00888904  0.00272592 -0.00415279  0.00362272]
 [ 0.00720031 -0.0072823   0.01520317 -0.01063194  0.00509648  0.03145117 -0.00824817 -0.0055454  -0.0082265  -0.01007643  0.00378231 -0.0059368  -0.00293994  0.00150824 -0.03171098 -0.0052141   0.02144908 -0.00126185 -0.00965123 -0.00759743 -0.00421692 -0.00386288 -0.02296729  0.01057699  0.00134374  0.0010966   0.03832005  0.02642397  0.01072472  0.03660974  0.00624774 -0.01081677 -0.00493988  0.00559522  0.02303206  0.00276382  0.00382172 -0.00317172 -0.01551331  0.0119913 ]
 [ 0.01303021 -0.01945164  0.02531863 -0.01983412  0.01430212  0.0260047  -0.01700258 -0.01350515  0.00802056 -0.01900151  0.01145944 -0.01495071  0.01243237  0.01327425 -0.02117618 -0.01321143  0.02614096 -0.0149199  -0.02180815 -0.01728624  0.0131173  -0.01209214 -0.02501667  0.01923437  0.01520449  0.01630954  0.01743519  0.02250388  0.02408594  0.01550385  0.01731816 -0.02372226 -0.0141886   0.01428755  0.02059985  0.02650636  0.0141448  -0.02187269 -0.02054298  0.01622492]
 [-0.03270714 -0.00057319  0.00169762  0.00706119 -0.00122478  0.00284136  0.00185721  0.03024016  0.00580333  0.01503427 -0.0014953   0.02527339 -0.03099346  0.00003287 -0.01369244  0.03230643 -0.00625725  0.00015117  0.00443568  0.00978232 -0.01314583  0.03268101 -0.00100689 -0.00108791 -0.02689419 -0.00233534  0.00758896 -0.00191399  0.00109384 -0.00065257 -0.00167376 -0.0003657  -0.00104242 -0.03020553 -0.00738376 -0.00861009 -0.0168826  -0.00195035 -0.00180456  0.00096937]]
Gate values for each environment (all envs): 
 [[0.09432961 0.06399577 0.13315687 0.00003547 0.10583869 0.11483297 0.14405665 0.11790968 0.07227047 0.15357383]
 [0.11898576 0.04850421 0.12972938 0.00004711 0.11735878 0.10526077 0.12781928 0.14113471 0.09845901 0.11270105]
 [0.12622069 0.08626635 0.11723255 0.00005467 0.1739867  0.111651   0.07352243 0.12562549 0.10247191 0.08296819]
 [0.11329269 0.16641733 0.09381505 0.00002626 0.10688599 0.09472643 0.10921317 0.08658168 0.05343038 0.17561106]
 [0.1143781  0.11378413 0.10096189 0.00002609 0.10211723 0.1118556  0.1235356  0.10066031 0.06385714 0.1688239 ]
 [0.122054   0.03450677 0.1368401  0.00005205 0.1248886  0.10050683 0.11781659 0.15231101 0.12237378 0.08865029]
 [0.11590946 0.05282024 0.12876926 0.00004043 0.12053007 0.10985052 0.12487368 0.13414748 0.09854024 0.11451857]
 [0.12312683 0.0287442  0.1407554  0.00005662 0.13110474 0.0939075  0.10952689 0.15862976 0.1374333  0.07671481]
 [0.1105941  0.08353975 0.120483   0.00003363 0.09963177 0.09211867 0.13082205 0.11016674 0.06558643 0.18702386]
 [0.11890697 0.06601586 0.12177949 0.00004021 0.1143768  0.10758299 0.12865232 0.12765995 0.08580727 0.12917812]
 [0.10151441 0.1445167  0.08970374 0.00001842 0.08845352 0.11681672 0.12271077 0.08272025 0.05033606 0.20320946]
 [0.11853766 0.16923732 0.09540969 0.00002881 0.10926003 0.09104168 0.10697427 0.08586158 0.05354631 0.17010266]
 [0.09835403 0.0175796  0.14592117 0.00006909 0.11747361 0.12403119 0.13813882 0.1523591  0.13946164 0.06661176]
 [0.1233298  0.06773856 0.11873082 0.00003141 0.12094907 0.09717613 0.10854907 0.13654952 0.10025711 0.1266885 ]
 [0.12288721 0.07782963 0.13423863 0.00005687 0.18609484 0.09338729 0.07343973 0.12474142 0.11088289 0.07644148]
 [0.11317135 0.11108195 0.11618265 0.00003671 0.1123837  0.10108323 0.1252106  0.09961208 0.06282376 0.15841395]
 [0.12005855 0.06148347 0.12442361 0.00004207 0.11583687 0.10549056 0.12711784 0.1304388  0.08908189 0.12602636]
 [0.119684   0.06104597 0.12448158 0.00004245 0.11531027 0.10498645 0.12703872 0.13201587 0.0886104  0.12678435]
 [0.11718107 0.07954919 0.11629575 0.00003665 0.10962792 0.11109918 0.13047807 0.11584246 0.07571571 0.14417401]
 [0.12020043 0.06960933 0.12109227 0.00004007 0.11465413 0.10719589 0.12713939 0.12446423 0.08386594 0.13173832]
 [0.11802905 0.0682685  0.1216512  0.00004073 0.11342426 0.10652433 0.12840034 0.12628445 0.08252865 0.13484854]
 [0.11540226 0.0683891  0.12365954 0.00004236 0.11505003 0.11125629 0.13131852 0.12179335 0.08132935 0.13175927]
 [0.11959472 0.07471456 0.1190151  0.00003832 0.11296906 0.11074993 0.12894881 0.11867806 0.08056148 0.13472994]
 [0.11962919 0.06234569 0.12400856 0.00004168 0.11510374 0.10608302 0.12781753 0.12948179 0.08797823 0.12751058]
 [0.12131972 0.06129729 0.12485195 0.00004294 0.11744758 0.10616663 0.12653886 0.12887324 0.09042311 0.12303864]
 [0.11620612 0.07970563 0.11590243 0.00003776 0.10904679 0.10953542 0.13173565 0.11693881 0.07423153 0.14665984]
 [0.1203654  0.06199267 0.1249964  0.00004232 0.11740864 0.10519247 0.12622043 0.12903592 0.08966651 0.12507921]
 [0.11999927 0.05964693 0.12561402 0.00004337 0.11656705 0.10497036 0.12662734 0.13229977 0.09016135 0.12407065]
 [0.11636127 0.07114544 0.12034638 0.00003974 0.11011233 0.10553279 0.13088809 0.12358598 0.07827399 0.14371401]
 [0.11466312 0.07219188 0.12034065 0.00003926 0.10990773 0.1111619  0.13384968 0.11928562 0.07713456 0.14142568]
 [0.1171557  0.07520225 0.11832973 0.00003773 0.11067066 0.10862815 0.129714   0.12016647 0.07802347 0.14207183]
 [0.11688571 0.07260466 0.11957784 0.00003869 0.11108706 0.1077849  0.1300027  0.12229701 0.07903581 0.14068568]
 [0.10836199 0.05691928 0.11681358 0.00003086 0.09207416 0.10697549 0.13805565 0.12650588 0.07493929 0.1793238 ]
 [0.11527273 0.07387277 0.11126749 0.00002892 0.09698854 0.10179743 0.12853016 0.12067795 0.0728669  0.17869714]
 [0.1208775  0.00759719 0.13820545 0.00009594 0.1643312  0.06792559 0.06059172 0.1580705  0.26327136 0.01903353]
 [0.063996   0.0240365  0.15050747 0.00003737 0.10995991 0.1898741  0.12346151 0.16258699 0.08851518 0.08702501]
 [0.08351927 0.02682321 0.12487635 0.00005268 0.0926481  0.26728567 0.14821695 0.10358086 0.07480526 0.07819169]
 [0.13038084 0.07703849 0.12564032 0.00004017 0.1591845  0.08553654 0.08777181 0.13533437 0.10854873 0.09052425]
 [0.07518288 0.02645711 0.13034885 0.00005248 0.08946688 0.27372643 0.15853554 0.09664509 0.06875879 0.08082593]
 [0.12998956 0.09411206 0.10574907 0.00002919 0.11012071 0.09729932 0.11201649 0.11452366 0.07815389 0.1580061 ]
 [0.11922012 0.0887481  0.12148263 0.00002945 0.14195032 0.09012526 0.09615815 0.12647256 0.09446158 0.12135174]
 [0.11756023 0.10541493 0.12163871 0.00003053 0.1606624  0.09545238 0.09078675 0.11167613 0.09373461 0.10304329]
 [0.11598099 0.07898773 0.10958619 0.00002701 0.09743315 0.09721565 0.1238777  0.11977822 0.07192352 0.1851899 ]
 [0.06129117 0.01407332 0.10697336 0.00006199 0.06961683 0.40898645 0.14853613 0.08035713 0.05996068 0.05014293]
 [0.10628325 0.02398987 0.14750549 0.00007119 0.13694444 0.08829609 0.09977252 0.199536   0.12869143 0.06890977]
 [0.11950886 0.00718972 0.13647003 0.00009453 0.16685142 0.05948585 0.05453113 0.16554391 0.27103263 0.01929191]
 [0.1173115  0.09738282 0.12648086 0.0000309  0.20418745 0.07020472 0.06395629 0.12680413 0.11936025 0.0742811 ]
 [0.11820774 0.00924022 0.14351629 0.00008941 0.16201577 0.07730838 0.06747258 0.16364618 0.236328   0.02217539]
 [0.03578319 0.00000047 0.00054415 0.94824266 0.00438497 0.00066706 0.00010779 0.0006193  0.00965024 0.        ]
 [0.06038421 0.00000147 0.00123038 0.9090311  0.00896371 0.00129097 0.00024268 0.00130523 0.01755024 0.00000002]
 [0.0894163  0.00000399 0.00205794 0.8601596  0.01661849 0.00177358 0.00034008 0.0022014  0.02742856 0.00000005]
 [0.12985238 0.0005907  0.11911684 0.00555384 0.19575001 0.055146   0.04071589 0.12190818 0.33080027 0.00056586]
 [0.02562517 0.8595743  0.01223195 0.00000158 0.05276142 0.01102778 0.00428661 0.00711275 0.00573538 0.02164317]
 [0.13149528 0.00053488 0.11142733 0.00838318 0.22608535 0.04151666 0.02727301 0.11208443 0.34087542 0.00032451]
 [0.07326817 0.00000664 0.00338036 0.87113214 0.01992824 0.00236666 0.00055816 0.00316586 0.02619351 0.00000012]
 [0.02449061 0.8609095  0.01223182 0.00000143 0.05150218 0.00989829 0.00421597 0.0071828  0.00562915 0.02393813]
 [0.07740195 0.00000271 0.0017164  0.8788436  0.0138676  0.00156451 0.00029448 0.00182891 0.02447984 0.00000003]
 [0.02388713 0.00209917 0.06938677 0.00005168 0.01288591 0.26046368 0.48108158 0.05824962 0.01987548 0.072019  ]
 [0.12993315 0.0000088  0.0032044  0.78552234 0.0301105  0.00241584 0.00046291 0.00335596 0.04498608 0.00000008]
 [0.08232532 0.00000378 0.00199246 0.8736669  0.01440876 0.00157332 0.0003348  0.00211468 0.0235799  0.00000006]
 [0.08081624 0.00000348 0.00130897 0.8735365  0.01714247 0.00082037 0.00013728 0.001451   0.02478368 0.00000002]
 [0.10044536 0.00000567 0.00171952 0.8392368  0.02363131 0.00097857 0.00016751 0.00190362 0.03191165 0.00000003]
 [0.06787273 0.00000258 0.00171898 0.8932433  0.01244513 0.00157083 0.00030843 0.00176511 0.02107301 0.00000003]
 [0.02663806 0.83949697 0.01437678 0.00000143 0.04952021 0.00965152 0.00541128 0.00885114 0.00611956 0.03993309]
 [0.04937248 0.19922566 0.11457501 0.00000914 0.16282454 0.03898636 0.0562344  0.08807506 0.05474927 0.23594801]
 [0.15758829 0.0020273  0.13772216 0.00242341 0.1382992  0.12023744 0.09716638 0.14088039 0.20024806 0.0034074 ]
 [0.03532323 0.00353261 0.11830284 0.00006594 0.0289151  0.23168334 0.39060822 0.08166873 0.03974362 0.07015628]
 [0.04563823 0.21601261 0.11128518 0.00000797 0.16290154 0.03800218 0.05386251 0.08386908 0.0516223  0.23679848]
 [0.11464117 0.00578705 0.11635195 0.00066172 0.11276019 0.20546463 0.16818205 0.13736902 0.12720282 0.0115794 ]
 [0.01089893 0.87903404 0.01200692 0.00000055 0.04359424 0.00492659 0.00300673 0.00473334 0.00371078 0.03808799]
 [0.0280422  0.00772411 0.15095517 0.00002654 0.04467257 0.12675728 0.22084059 0.19100712 0.04626986 0.18370456]
 [0.13631593 0.02898523 0.1366699  0.00012082 0.14436701 0.12381361 0.08725785 0.15355901 0.12532507 0.06358561]
 [0.0653769  0.03079406 0.15997076 0.00003299 0.09553955 0.07862418 0.12768997 0.16910803 0.07405914 0.19880436]
 [0.1804798  0.00026257 0.09984875 0.03479826 0.071184   0.24029459 0.14035133 0.09054776 0.14178602 0.00044694]
 [0.12381357 0.00057125 0.11516268 0.00581301 0.07285079 0.27302817 0.1735785  0.10108864 0.13230562 0.0017878 ]
 [0.04585717 0.6663729  0.0311904  0.00000344 0.05829464 0.02768423 0.01908078 0.01769176 0.0107213  0.12310332]
 [0.06434269 0.5542235  0.0405946  0.00000574 0.06106596 0.03882729 0.03280887 0.02705021 0.0142421  0.16683915]
 [0.00904212 0.88077635 0.01324548 0.00000052 0.04681125 0.00511164 0.00283337 0.0044477  0.00358194 0.03414976]
 [0.0099305  0.88178444 0.01155949 0.0000004  0.0435053  0.00420178 0.00247881 0.00487529 0.00372946 0.0379347 ]
 [0.00984296 0.00548573 0.08758134 0.00000535 0.01253214 0.12944895 0.38089612 0.06418626 0.01252331 0.29749784]
 [0.00976315 0.79608506 0.01929411 0.0000006  0.10371694 0.00311292 0.00293437 0.00873562 0.00876792 0.04758943]
 [0.09619327 0.00054864 0.06756119 0.00019539 0.15141027 0.01480001 0.01345665 0.08706482 0.5673863  0.00138346]
 [0.02801249 0.00233822 0.12933248 0.00013842 0.06061872 0.39932904 0.21158537 0.0841528  0.06681643 0.01767615]
 [0.02912066 0.00277091 0.1162839  0.00011918 0.05449457 0.40797547 0.22877726 0.07847261 0.06027883 0.02170666]
 [0.05539203 0.01778777 0.14490485 0.00006559 0.0711471  0.20508964 0.25707638 0.08195309 0.05566357 0.11092003]
 [0.03023615 0.6962609  0.02602751 0.00000154 0.05210464 0.02008473 0.01565296 0.0165106  0.0096736  0.13344729]
 [0.11174247 0.00046186 0.08979563 0.00119772 0.15731114 0.04467194 0.03519981 0.11348067 0.4452032  0.00093557]
 [0.04026148 0.02730094 0.15118544 0.00002105 0.07146464 0.14766656 0.2058745  0.10810138 0.04962321 0.19850081]
 [0.06878709 0.00339433 0.1256455  0.00028481 0.07660466 0.29655516 0.21503282 0.09207717 0.1033366  0.01828192]
 [0.08707745 0.00053157 0.1539665  0.0019973  0.11480003 0.12521589 0.12132616 0.14852782 0.24401596 0.00254135]
 [0.10724626 0.00717214 0.1583984  0.00015213 0.1447728  0.06309296 0.07321545 0.2184297  0.19816504 0.02935511]
 [0.13171493 0.00643044 0.13387126 0.00015809 0.16846344 0.05482166 0.0555677  0.15763016 0.27625668 0.01508563]
 [0.03040637 0.01535342 0.15559125 0.00002521 0.05640646 0.17513618 0.27086586 0.09687218 0.04204984 0.15729326]
 [0.07425815 0.00060805 0.15987968 0.00150704 0.122215   0.1326979  0.12215018 0.14581957 0.23814468 0.00271974]
 [0.08739668 0.00133782 0.16328628 0.00068414 0.12352248 0.10457402 0.11835827 0.16199061 0.23121922 0.00763056]
 [0.13307945 0.00562117 0.12814756 0.00014823 0.1585275  0.05532115 0.05614936 0.15529114 0.29355627 0.01415817]
 [0.26422468 0.00005139 0.01550314 0.522656   0.06231129 0.01452929 0.00456563 0.01603286 0.10012273 0.00000287]
 [0.15205231 0.00256036 0.11785273 0.00481739 0.29491305 0.06918663 0.03360937 0.0889331  0.23557359 0.00050155]
 [0.0061671  0.89859647 0.01060189 0.00000043 0.0463547  0.00290417 0.00191507 0.00327576 0.00287015 0.02731433]
 [0.10071467 0.569657   0.04859275 0.00002432 0.12675266 0.04096248 0.02310706 0.02786178 0.02266115 0.03966602]
 [0.01275638 0.0153785  0.13550317 0.00000351 0.02455855 0.04380202 0.09715131 0.09017871 0.01682428 0.56384355]
 [0.18385632 0.23114409 0.07463101 0.00005208 0.08363796 0.09526508 0.08568778 0.05370615 0.03657085 0.1554487 ]
 [0.2070113  0.00004769 0.01695435 0.54265416 0.08410854 0.01096332 0.00323407 0.01706408 0.11796059 0.00000194]
 [0.024623   0.00268979 0.10483    0.00004011 0.02937402 0.17014997 0.30973566 0.21542455 0.04444693 0.09868594]
 [0.26450166 0.00005279 0.01588355 0.51844436 0.06373166 0.01457577 0.00460675 0.01640867 0.10179176 0.00000297]
 [0.01286896 0.85311747 0.01462398 0.00000082 0.04844952 0.00723223 0.00442096 0.00592098 0.00446214 0.04890284]
 [0.00526626 0.03768324 0.04683472 0.00000061 0.01428065 0.02240534 0.08123006 0.03464117 0.00579445 0.7518634 ]
 [0.04015472 0.00551466 0.14640635 0.00007014 0.05917047 0.13904615 0.2506517  0.20964716 0.07047561 0.07886303]
 [0.00092309 0.01078534 0.01292179 0.00000006 0.00260042 0.00357745 0.02215978 0.02505277 0.00114973 0.92082953]
 [0.31685948 0.00045768 0.04606233 0.11358294 0.21899176 0.02303175 0.00765799 0.04767462 0.22566228 0.0000192 ]
 [0.19620487 0.00003934 0.01663353 0.56454676 0.07741302 0.01050466 0.00327118 0.01689158 0.11449333 0.00000182]
 [0.19771133 0.00003957 0.01661825 0.5643708  0.07668342 0.01040892 0.00328457 0.01696878 0.11391252 0.00000187]
 [0.09613235 0.03530854 0.14109893 0.00003132 0.1327968  0.09174178 0.10047774 0.1833789  0.12349009 0.09554359]
 [0.13604803 0.00002601 0.02266743 0.6032678  0.07685406 0.01211724 0.004406   0.02252563 0.12208573 0.00000207]
 [0.113242   0.06208579 0.1280255  0.00002876 0.1787434  0.07595613 0.0670227  0.16462064 0.13487694 0.07539815]
 [0.14227007 0.07286541 0.09649371 0.00005118 0.13093661 0.16829537 0.11676972 0.11179947 0.09591418 0.06460441]
 [0.05314243 0.01812371 0.13397396 0.00005202 0.07865503 0.31172335 0.16355897 0.10643349 0.05974354 0.07459352]
 [0.21332018 0.00005072 0.02009269 0.49986765 0.09289476 0.01085535 0.00350744 0.0216356  0.137773   0.00000257]
 [0.03320469 0.0059614  0.16164462 0.00004947 0.0653745  0.29827467 0.15723331 0.14353113 0.06686417 0.0678621 ]
 [0.04146801 0.011184   0.1425699  0.00004999 0.07562347 0.36141887 0.15109749 0.09915277 0.06054992 0.05688567]
 [0.06588687 0.20255741 0.10899937 0.00002028 0.16025104 0.12053664 0.07875104 0.07464659 0.05098494 0.13736592]
 [0.17844859 0.00004618 0.0278685  0.46500558 0.11257724 0.0122578  0.00438061 0.02952898 0.1698834  0.00000314]
 [0.06111713 0.02947241 0.13041122 0.0000461  0.09028359 0.28762993 0.15587938 0.10239784 0.06067845 0.08208393]
 [0.07236118 0.22628975 0.12172499 0.00001853 0.17915842 0.05396829 0.05978368 0.07954372 0.05633602 0.1508154 ]
 [0.04971601 0.02321991 0.14555298 0.00003685 0.08377203 0.2747239  0.1648658  0.10600904 0.0595601  0.09254336]
 [0.15642148 0.00003862 0.02792431 0.5369574  0.09103749 0.01587079 0.00599345 0.02689837 0.13885486 0.00000329]
 [0.16547748 0.00050232 0.12648825 0.01287791 0.16958307 0.07877638 0.04560781 0.13286835 0.2674612  0.00035715]
 [0.05655635 0.02250707 0.15182164 0.00004694 0.09116763 0.2396016  0.14856313 0.13261443 0.06473075 0.09239051]
 [0.10894771 0.02570046 0.1477041  0.00007038 0.12173266 0.09582954 0.12290764 0.17561378 0.11715628 0.08433744]
 [0.11735472 0.05367726 0.12788941 0.00004462 0.11661099 0.10365523 0.12721555 0.14016362 0.09330727 0.12008142]
 [0.11939491 0.05799651 0.12572001 0.00004372 0.11643577 0.10332552 0.12611164 0.13622867 0.09091479 0.12382861]
 [0.1166632  0.04921466 0.12981911 0.00004733 0.11701356 0.10177982 0.12687288 0.14691857 0.09570765 0.11596314]
 [0.11732384 0.04704772 0.13088213 0.00004686 0.11845046 0.10197754 0.12535603 0.14699732 0.0999588  0.11195925]
 [0.10859744 0.0307886  0.14658616 0.00006406 0.1200926  0.0997811  0.12546666 0.16509563 0.10838953 0.09513829]
 [0.10820785 0.03201653 0.14280778 0.00006075 0.11791417 0.09601594 0.12703058 0.16950627 0.10631976 0.1001204 ]
 [0.11272629 0.02564709 0.1493812  0.00007468 0.13141774 0.08445993 0.10947061 0.18213126 0.1258604  0.07883079]
 [0.11836063 0.04986776 0.12922363 0.00004554 0.11697102 0.10464571 0.12673703 0.14172046 0.09722692 0.1152013 ]
 [0.11159755 0.0224723  0.15134023 0.00008009 0.1314516  0.08424209 0.10922386 0.18611304 0.13097142 0.07250782]
 [0.12139603 0.04801225 0.13065663 0.00004879 0.1187995  0.10542676 0.12658407 0.13917485 0.10002737 0.10987385]
 [0.10882738 0.02992907 0.14254579 0.00005621 0.12198763 0.09966786 0.12323979 0.16875248 0.11648566 0.08850815]
 [0.11083723 0.05605625 0.13199425 0.00004142 0.11623165 0.11870407 0.13181543 0.12537846 0.08861925 0.12032202]
 [0.12508444 0.04500367 0.1312404  0.00005081 0.11917567 0.1047871  0.12526336 0.13951232 0.10464161 0.10524063]
 [0.12017241 0.04100703 0.13317028 0.00005024 0.118151   0.10315321 0.12621436 0.1472015  0.10668565 0.10419441]
 [0.11326781 0.02523122 0.15029643 0.00007587 0.13048528 0.08735709 0.11095938 0.17900231 0.12601683 0.07730781]
 [0.17544387 0.00408273 0.13021317 0.00180493 0.11955972 0.16969767 0.13672641 0.12238634 0.13426629 0.00581882]
 [0.2267299  0.00006619 0.05765465 0.23093773 0.1139694  0.03376947 0.01866514 0.06385137 0.25433344 0.00002275]
 [0.22063829 0.00005303 0.05695537 0.27842394 0.09483881 0.04263656 0.02318868 0.06033576 0.2229084  0.00002116]
 [0.06627565 0.06416766 0.16490707 0.00002184 0.09850024 0.06983878 0.11214314 0.11053241 0.0585012  0.25511202]
 [0.08891558 0.107186   0.12559496 0.0000214  0.10053322 0.07642547 0.1035011  0.09905556 0.05702006 0.24174666]
 [0.05511189 0.03001872 0.19213419 0.00003128 0.10246249 0.07304758 0.11854108 0.17231262 0.07174979 0.18459032]
 [0.09146106 0.00940517 0.16985539 0.00019214 0.129509   0.11459664 0.12280153 0.1874588  0.13783361 0.03688667]
 [0.13415009 0.00126926 0.144296   0.00209803 0.12520593 0.11091296 0.10269429 0.15384728 0.22198467 0.00354139]
 [0.04755154 0.02380171 0.11560012 0.0000326  0.04986344 0.15713751 0.29454717 0.08648565 0.03893737 0.1860429 ]
 [0.15925366 0.00003143 0.02797961 0.5350873  0.0833694  0.01526505 0.00618514 0.02863862 0.14418644 0.00000344]
 [0.11156892 0.01062021 0.16049957 0.0001375  0.14222266 0.08232708 0.09268399 0.19049469 0.17082968 0.03861574]
 [0.15295191 0.00002711 0.02587422 0.5644275  0.07543886 0.01423362 0.0058392  0.02660006 0.13460448 0.00000309]
 [0.00152704 0.01774409 0.022432   0.00000009 0.00602767 0.00584295 0.02678445 0.02294985 0.00255949 0.8941324 ]
 [0.18669254 0.00005896 0.03341734 0.4331869  0.11706385 0.01677966 0.00627108 0.03388012 0.17264457 0.00000496]
 [0.01478757 0.00851001 0.11672428 0.00000743 0.03137081 0.04784152 0.16363245 0.20465897 0.02979041 0.38267663]
 [0.03318312 0.0161368  0.10743999 0.00002692 0.04879321 0.396722   0.20155735 0.06731384 0.03380031 0.09502643]]
        Validation Criterion: 0.08554825
        Saving best model so far ...
14:39:38      Epoch:   0      Batch:   0      OuterStep:  80      LossModel: 1.12518382     LossTerm2: 0.00000000     LossGates: 0.00000000      Time/Step(s): 55.9868Contributing envs to the losses:  [ 45  34  47  91  95  90  12 154   7 150  94   5 137 112  44  65 143 135 151 139 128  88  71 114 142 133 134 141  82 144  68 138 132   1   6 107 136  13 131  35  66 129  83 118  32 130]
Gate kernel values:  [[ 0.01557267 -0.01104327 -0.00427223  0.00428218  0.02256596 -0.00035906 -0.01802678 -0.01326313  0.02522591  0.0070749   0.02445778 -0.01693406  0.02636086  0.02311156  0.0668689  -0.01789092  0.01288694 -0.02563277 -0.01392241 -0.00390668 -0.00359832 -0.02125735 -0.01728404  0.01511564  0.01076049  0.02191603  0.01015493  0.01367737 -0.00294774  0.00093359  0.01525724  0.01038406 -0.023193    0.01560948  0.0227224   0.01317194  0.01666338 -0.00537218 -0.02492463  0.02284671]
 [ 0.0029836  -0.01373937  0.02222941 -0.03082425  0.00187302 -0.01230114  0.00463584 -0.0177348   0.00914828 -0.028389    0.00163779 -0.01037006  0.00054796  0.0033868   0.03311187 -0.00079704  0.00427924 -0.01068177 -0.00031184 -0.02961264  0.02097646  0.00227794 -0.01244358  0.01197754  0.02316323 -0.00235068 -0.03208057  0.00998291  0.02479704 -0.02236965  0.01281957 -0.02796477 -0.01407861  0.01283479  0.00722919  0.01239099  0.02551615  0.02026783  0.0021844   0.00562778]
 [ 0.00912276 -0.01607784  0.02113073 -0.01743458  0.00945106  0.02669472 -0.01284205 -0.00879935 -0.00189437 -0.01491885  0.00565689 -0.01092798  0.00440689  0.00757492 -0.0570146  -0.00812737  0.00217092 -0.007387   -0.02025815 -0.01045015 -0.00492378 -0.00640179  0.00030356  0.01249399  0.00772703  0.01237558  0.02657734  0.00109389  0.02143226  0.0180192   0.01124658 -0.02136116 -0.00935792  0.010524    0.00268583  0.02242309  0.00992921 -0.02641104 -0.00372714  0.00482245]
 [ 0.05289587 -0.017749   -0.00679116  0.00132382  0.03364579  0.01843858 -0.03147122 -0.04978689  0.04551693 -0.00395337  0.0367292  -0.0478421   0.02062584  0.0359256   0.02874764 -0.05478888  0.01801337 -0.03175172 -0.02413277 -0.0062938  -0.06809734 -0.0561206  -0.01485486  0.01852662  0.01038367  0.03518096  0.02460045  0.01766513 -0.00348771  0.02931879  0.02067634  0.00307269 -0.02466844  0.04827292  0.02285504  0.01231011  0.0067078  -0.01430756 -0.02778771  0.02777851]
 [ 0.02136144 -0.01968808  0.03553708 -0.04134557  0.00937178  0.02124497 -0.0107241  -0.02527085  0.00437102 -0.0396196   0.00684723 -0.0209163   0.01416765  0.00896527 -0.02802419 -0.02010352  0.02241046 -0.0107338  -0.0176943  -0.03194813  0.01305152 -0.01741035 -0.02182374  0.01768378  0.02688931  0.01074879  0.00363543  0.02018167  0.03934383  0.0079805   0.01778985 -0.04575622 -0.01276209  0.02303777  0.01474771  0.02385867  0.02197087 -0.02039325 -0.01263487  0.01216233]
 [ 0.01045587 -0.01996955 -0.02987592  0.00775092  0.00730755  0.00110144 -0.01458164 -0.00717303 -0.00160683  0.00096422  0.01236982 -0.00590596  0.00861824  0.006903   -0.07055492 -0.01016492  0.01483495 -0.00887586  0.00122099  0.00409897 -0.02062608 -0.01131196 -0.0115061   0.01877834  0.00839081  0.00205437 -0.01792403  0.00976512 -0.02025644 -0.00587144  0.02015883  0.01637017 -0.01560043  0.00913438 -0.00311358  0.00751976  0.00150751 -0.02223492 -0.00912638  0.01296616]
 [-0.00120031 -0.00155919 -0.02062368  0.01583398  0.01001633 -0.00023154 -0.00840028  0.00341426  0.00885651  0.01333588  0.00794658  0.00640782  0.000679    0.00915973 -0.06657353  0.00059424  0.01165916 -0.00635136 -0.01839883  0.01242061 -0.03751831 -0.00055095 -0.00294059  0.00374371 -0.00492725  0.01610367 -0.00050093  0.00542043 -0.01857121  0.00613248  0.00536897  0.01830007 -0.00313819 -0.00376664  0.01883467  0.01965124 -0.00889693  0.00272265 -0.0041536   0.00362305]
 [ 0.00722844 -0.00728135  0.01519732 -0.0106322   0.00509906  0.03145099 -0.00824952 -0.00556171 -0.0082266  -0.01007751  0.00378511 -0.00594757 -0.00292132  0.00151058 -0.03171303 -0.00523854  0.02144991 -0.00126294 -0.00965315 -0.00759501 -0.00422506 -0.00389911 -0.02296685  0.01057779  0.00135388  0.00109916  0.03832034  0.02642488  0.01072057  0.03661104  0.00625014 -0.01081486 -0.0049429   0.00561144  0.02303552  0.00276574  0.00382499 -0.00317391 -0.01551402  0.01199281]
 [ 0.01301378 -0.01945073  0.0253227  -0.01983522  0.01429963  0.02600313 -0.01700068 -0.01349526  0.00801964 -0.01900047  0.01145645 -0.01494207  0.01242394  0.01327188 -0.02117475 -0.01319633  0.02613948 -0.01491858 -0.02180648 -0.01728718  0.013132   -0.01207158 -0.02501612  0.01923299  0.01520077  0.0163073   0.01743283  0.02250171  0.02408921  0.01550053  0.01731578 -0.02372381 -0.01418599  0.01427719  0.0205969   0.02650565  0.0141458  -0.02186935 -0.02054148  0.01622281]
 [-0.03270701 -0.00057036  0.00169567  0.00706185 -0.00122524  0.00284247  0.00185719  0.03023717  0.00580305  0.01503367 -0.00149586  0.02527323 -0.0310027   0.00003233 -0.01369217  0.03230672 -0.00625824  0.00015165  0.00443564  0.00978324 -0.01314567  0.03268156 -0.0010038  -0.00108978 -0.02689128 -0.00233554  0.00759042 -0.00191611  0.00109248 -0.0006514  -0.00167569 -0.0003637  -0.0010447  -0.03020372 -0.00738476 -0.00861133 -0.01688169 -0.00195703 -0.00180419  0.00096826]]
Gate values for each environment (all envs): 
 [[0.09326666 0.05978663 0.1344243  0.00003543 0.10113252 0.11718082 0.14927918 0.11717349 0.07107791 0.15664305]
 [0.11758822 0.0451188  0.13173118 0.00004766 0.11413533 0.10748442 0.13161893 0.14196269 0.09833694 0.11197581]
 [0.13226014 0.0840568  0.11782809 0.00005925 0.18333337 0.10677779 0.06668866 0.12556733 0.10867132 0.07475726]
 [0.11412682 0.15382816 0.09578492 0.00002744 0.10321705 0.09917521 0.11566651 0.08761209 0.05345051 0.17711127]
 [0.11730088 0.1056721  0.10335749 0.00002858 0.10160125 0.11676608 0.12825266 0.10105653 0.06531192 0.16065256]
 [0.12105529 0.03215978 0.13890578 0.00005279 0.1219722  0.10199263 0.12052719 0.15287317 0.12276277 0.08769847]
 [0.10808402 0.04793876 0.13142276 0.00003734 0.11534465 0.11039989 0.12888564 0.14241701 0.09718136 0.11828855]
 [0.12219063 0.0268003  0.14296316 0.00005749 0.12875596 0.09474599 0.1112131  0.15933985 0.13851604 0.0754175 ]
 [0.10577797 0.0775906  0.11905143 0.00003085 0.08970232 0.09359016 0.1382526  0.10861406 0.06133752 0.2060525 ]
 [0.11801017 0.06586573 0.12680168 0.00004006 0.12684865 0.10061663 0.11418486 0.13637245 0.09355487 0.11770497]
 [0.10750797 0.13537009 0.093087   0.00002159 0.09130644 0.12364537 0.12721741 0.08389876 0.05319458 0.18475084]
 [0.11955132 0.15466449 0.09769879 0.00003042 0.10513744 0.09612985 0.11444663 0.08727513 0.0536203  0.17144576]
 [0.09292035 0.01618495 0.14754896 0.00006375 0.11144356 0.12415376 0.14291167 0.15798098 0.13682985 0.06996214]
 [0.11484052 0.06117857 0.12127711 0.00002911 0.11675308 0.097371   0.11186975 0.14684813 0.09985182 0.12998098]
 [0.12756123 0.07283451 0.13443743 0.00006156 0.18444474 0.09504791 0.0739741  0.12473195 0.11364821 0.07325832]
 [0.11098125 0.10263079 0.11695039 0.00003605 0.1048248  0.1046339  0.13284437 0.09953993 0.060808   0.16675048]
 [0.12116025 0.0581929  0.12656733 0.0000438  0.11488184 0.10746039 0.12887663 0.12982477 0.09019196 0.1228002 ]
 [0.12036184 0.05750975 0.12643099 0.00004395 0.11336895 0.10730611 0.12981446 0.13138907 0.0891784  0.12459654]
 [0.1178015  0.07407153 0.11801054 0.00003826 0.10673545 0.11471575 0.13531558 0.1154974  0.07582167 0.14199232]
 [0.12420959 0.06828915 0.12442757 0.00004312 0.12141102 0.10579404 0.12071028 0.12518233 0.08887879 0.12105403]
 [0.1196134  0.06512465 0.12400693 0.00004255 0.11391684 0.10767993 0.12838037 0.12637362 0.08431767 0.13054398]
 [0.11968505 0.0689313  0.12767854 0.00004516 0.1257652  0.10706006 0.11992561 0.1232627  0.08786279 0.11978363]
 [0.12520726 0.07400192 0.12262257 0.00004222 0.12241509 0.10865223 0.12010376 0.11965692 0.08687699 0.1204211 ]
 [0.12154634 0.05990514 0.12649043 0.00004356 0.11635203 0.10683059 0.12675151 0.12903847 0.09018552 0.12285648]
 [0.12262801 0.05842688 0.12717201 0.00004464 0.11739375 0.1075997  0.12699927 0.12827714 0.09197621 0.11948245]
 [0.11609875 0.07418335 0.11738554 0.00003883 0.10527464 0.11304675 0.1370996  0.11658605 0.07379299 0.14649354]
 [0.12294578 0.06067912 0.12857938 0.0000445  0.12376072 0.10331137 0.11936193 0.1301634  0.09460485 0.11654898]
 [0.12065563 0.05620288 0.12751018 0.00004486 0.11441796 0.10737541 0.12954861 0.13149673 0.09061476 0.12213302]
 [0.11603546 0.06625537 0.12229294 0.00004092 0.10710558 0.10854553 0.135459   0.12349075 0.07820687 0.14256755]
 [0.11440677 0.06730738 0.12179027 0.0000402  0.10603426 0.11443981 0.13902193 0.11878881 0.07658519 0.14158538]
 [0.11751712 0.07005645 0.11996768 0.00003915 0.10743091 0.11202981 0.13458005 0.11972816 0.07793193 0.14071882]
 [0.1168186  0.0676325  0.1211166  0.00003979 0.10734934 0.11109074 0.13510181 0.12180119 0.07862736 0.14042208]
 [0.11463553 0.05505204 0.12116244 0.00003537 0.10080092 0.10470168 0.13013372 0.13219316 0.08268681 0.15859842]
 [0.12336771 0.06984588 0.11271807 0.00003371 0.09900656 0.10477801 0.12990041 0.11947759 0.07660054 0.1642715 ]
 [0.11895315 0.00808413 0.14274383 0.00009012 0.15989023 0.07519211 0.06483347 0.16035126 0.24964656 0.02021511]
 [0.06074708 0.01970385 0.1493643  0.00003868 0.10352903 0.18199793 0.12914354 0.18026112 0.08970043 0.08551408]
 [0.0743881  0.02208733 0.11726949 0.00004711 0.0727798  0.3046821  0.16917163 0.09329399 0.06255762 0.08372286]
 [0.12649243 0.07108422 0.12977526 0.0000409  0.16387475 0.08398911 0.08554228 0.14120984 0.11309665 0.08489464]
 [0.06671185 0.02252639 0.12450856 0.00004626 0.07413147 0.3085572  0.17256568 0.08816165 0.05922826 0.08356279]
 [0.13511063 0.09379628 0.10886586 0.00003254 0.12131638 0.09450906 0.10503823 0.11368789 0.08548278 0.14216033]
 [0.11335318 0.08436599 0.12637885 0.00002841 0.14517404 0.08879928 0.09498817 0.12940876 0.09682959 0.1206737 ]
 [0.11240283 0.10076478 0.12544845 0.00002878 0.15824151 0.09546752 0.09246626 0.11281697 0.09356043 0.10880242]
 [0.12245102 0.07406556 0.11107278 0.00003088 0.09801132 0.10080491 0.12710325 0.11879824 0.07464792 0.17301415]
 [0.06611236 0.01377329 0.10977357 0.00007049 0.07233651 0.3928437  0.15000038 0.08238298 0.06406848 0.04863825]
 [0.10625847 0.02227656 0.15129961 0.00007479 0.13488072 0.09040736 0.10264763 0.19522937 0.1297378  0.06718769]
 [0.12040246 0.00742983 0.1419226  0.00009179 0.15548337 0.06807009 0.06242906 0.16823465 0.25384164 0.02209446]
 [0.11376378 0.09169394 0.13065766 0.00003201 0.21669154 0.06802841 0.06045087 0.12695637 0.12557746 0.06614795]
 [0.11233934 0.00992774 0.14722486 0.00007963 0.15884495 0.08398506 0.07023035 0.171701   0.22239435 0.02327277]
 [0.03072946 0.00000042 0.00041101 0.9559237  0.00400289 0.00044385 0.00006598 0.00047356 0.007949   0.        ]
 [0.06105093 0.00000183 0.00125195 0.9052136  0.01092849 0.00112505 0.0001983  0.0013123  0.01891762 0.00000002]
 [0.09404012 0.0000057  0.00217764 0.8458189  0.02248793 0.00149645 0.00026602 0.0022934  0.031414   0.00000004]
 [0.12620986 0.00053282 0.11691508 0.00538262 0.19691822 0.04986161 0.0375946  0.120255   0.3458131  0.00051713]
 [0.02658812 0.85623974 0.01256126 0.00000163 0.0526247  0.01153715 0.00453088 0.00732611 0.00584518 0.02274528]
 [0.12173644 0.00045815 0.10705482 0.00784386 0.23328376 0.03374865 0.02273083 0.10880004 0.36407247 0.000271  ]
 [0.08296924 0.00001255 0.00347445 0.84589934 0.03143793 0.00163263 0.00033382 0.00326079 0.03097925 0.00000011]
 [0.02550834 0.8572232  0.01259182 0.00000149 0.05141902 0.01039403 0.00447499 0.00741713 0.00575155 0.02521847]
 [0.08362755 0.00000409 0.00191567 0.86173093 0.01970567 0.00139312 0.00024417 0.00200106 0.02937782 0.00000003]
 [0.02466462 0.0020627  0.07286879 0.00005632 0.01397818 0.25763464 0.47361445 0.06480768 0.02166843 0.06864423]
 [0.11900855 0.00000839 0.00283817 0.8019135  0.02955401 0.00198812 0.00035949 0.00296442 0.04136525 0.00000007]
 [0.09334037 0.00000656 0.00227338 0.84845376 0.02235097 0.00133279 0.00026048 0.00237905 0.02960263 0.00000006]
 [0.08749266 0.0000052  0.00134221 0.8573354  0.02339002 0.00064184 0.00010002 0.00148276 0.02820988 0.00000002]
 [0.09826366 0.00000659 0.00153119 0.84038347 0.02624665 0.00072432 0.00011513 0.0017049  0.03102406 0.00000002]
 [0.10963686 0.00001176 0.00333918 0.7931033  0.04183392 0.00170137 0.00029878 0.00323783 0.04683702 0.00000007]
 [0.02834622 0.83094627 0.01511181 0.00000152 0.04921325 0.01049584 0.00603005 0.00939362 0.00632587 0.0441356 ]
 [0.04914101 0.30070165 0.09621944 0.00000758 0.20080824 0.02980047 0.0368447  0.06924152 0.05492811 0.16230714]
 [0.18202843 0.00266114 0.12958185 0.00266477 0.1409619  0.1356415  0.09615377 0.12293605 0.18423797 0.00313252]
 [0.06564172 0.00501911 0.1327339  0.00014643 0.04243402 0.20713185 0.37141663 0.06506975 0.05695954 0.05344709]
 [0.04456514 0.31469333 0.09700848 0.00000722 0.23329736 0.02649947 0.03012669 0.06647903 0.05750223 0.12982091]
 [0.10964361 0.00507714 0.09890308 0.00065593 0.08292702 0.27783737 0.20039715 0.11374119 0.09812392 0.01269364]
 [0.01136424 0.8747914  0.01243636 0.00000057 0.0435496  0.00519334 0.00321687 0.00491619 0.00380537 0.04072593]
 [0.02896945 0.0072015  0.14739946 0.00002916 0.04114255 0.13852708 0.24608335 0.17221397 0.0439107  0.17452279]
 [0.12724388 0.02455007 0.12812993 0.00011271 0.11258019 0.17901191 0.10566066 0.14426553 0.10500239 0.07344273]
 [0.06454235 0.02855542 0.16553403 0.00003463 0.10117649 0.07547799 0.12072238 0.18450238 0.07908538 0.18036903]
 [0.18704775 0.00023245 0.08969171 0.04051292 0.05542323 0.27395892 0.15609281 0.08106797 0.11552098 0.00045131]
 [0.12515739 0.00053554 0.10167463 0.0062971  0.05531026 0.3140072  0.20178454 0.09024932 0.10306541 0.00191858]
 [0.05152271 0.5919195  0.03551744 0.00000389 0.05355097 0.03469558 0.02686433 0.02106    0.01129501 0.17357057]
 [0.0711823  0.43684652 0.04606271 0.00000654 0.0516073  0.05025573 0.04962609 0.03262676 0.01455881 0.2472272 ]
 [0.0094202  0.87699205 0.01371275 0.00000054 0.04687067 0.0053734  0.00301871 0.00461315 0.00367573 0.03632267]
 [0.01059637 0.8760094  0.01214115 0.00000043 0.04362019 0.00453745 0.00272644 0.00514458 0.00387879 0.04134535]
 [0.00953143 0.00510761 0.08333554 0.00000525 0.01137221 0.1305504  0.39686382 0.06015395 0.01159694 0.29148287]
 [0.00986287 0.7955581  0.01942556 0.0000006  0.10319719 0.00314559 0.00296921 0.00876515 0.00878561 0.04829023]
 [0.0967672  0.00049705 0.06703568 0.00019546 0.1449763  0.01456642 0.01361137 0.08609851 0.57486576 0.00138622]
 [0.02873121 0.00203557 0.13805866 0.00017841 0.06695885 0.37406993 0.22104387 0.07898179 0.07576475 0.01417697]
 [0.03586762 0.00316253 0.11847791 0.0001632  0.06191973 0.43829498 0.20302494 0.05917928 0.0638111  0.01609873]
 [0.05852349 0.01866717 0.14675547 0.0000687  0.07268298 0.20186692 0.2551139  0.07663538 0.05665478 0.11303128]
 [0.03132404 0.68056244 0.02686583 0.00000157 0.05077481 0.02138092 0.01705967 0.01717439 0.00975566 0.14510074]
 [0.10956051 0.00042996 0.08732027 0.00119379 0.16012178 0.04147469 0.03194019 0.10910101 0.45805082 0.00080699]
 [0.03965854 0.0274253  0.15703999 0.00002011 0.07409752 0.1437875  0.19686069 0.11015434 0.05101974 0.19993636]
 [0.05119554 0.00217936 0.13153602 0.00028329 0.07848708 0.27195868 0.2308161  0.10249031 0.11564229 0.01541134]
 [0.08445811 0.00048001 0.15574059 0.00190075 0.1184659  0.11051721 0.11276104 0.14929312 0.2638959  0.00248741]
 [0.1119016  0.00668189 0.15558247 0.00017076 0.17708625 0.04966699 0.05245385 0.18880227 0.23842111 0.01923285]
 [0.13511077 0.00572066 0.12748776 0.00017517 0.18085675 0.04821299 0.04582415 0.14396231 0.30168974 0.01095976]
 [0.03168052 0.01621348 0.16566072 0.00002648 0.06313883 0.17809665 0.2540774  0.09686468 0.04567036 0.14857084]
 [0.07354797 0.00048281 0.1596606  0.00149814 0.11157068 0.12479424 0.12904926 0.14772053 0.24865699 0.00301867]
 [0.08737679 0.00113459 0.1629591  0.0006995  0.12282058 0.0937071  0.11275835 0.16219585 0.24894756 0.00740057]
 [0.13592714 0.00507808 0.1263754  0.00015865 0.1588911  0.05336725 0.05342021 0.14895539 0.30530342 0.01252344]
 [0.2566749  0.00004871 0.01443836 0.5403412  0.06039271 0.01318618 0.00404156 0.0150077  0.09586604 0.00000252]
 [0.1575233  0.00264263 0.11442661 0.00496731 0.3002687  0.06462198 0.03115823 0.08696619 0.23695274 0.00047228]
 [0.00627739 0.89741236 0.01076507 0.00000044 0.04622785 0.0029661  0.00196694 0.00332135 0.00289665 0.02816576]
 [0.10129484 0.5610061  0.05026402 0.00002374 0.1213368  0.04338487 0.02560759 0.02912441 0.02236618 0.04559145]
 [0.00987008 0.01277748 0.10980454 0.00000227 0.01708475 0.03722795 0.09060698 0.07391436 0.01221193 0.63649964]
 [0.13958302 0.41654223 0.05396276 0.00002427 0.08682155 0.06233546 0.04805955 0.03645515 0.0280747  0.12814118]
 [0.21658096 0.00005318 0.01472789 0.54614866 0.08471497 0.00853872 0.00240944 0.01529605 0.11152849 0.00000165]
 [0.02310749 0.00287436 0.11521913 0.00003592 0.03647896 0.15125088 0.2568641  0.26970434 0.05195153 0.09251325]
 [0.25576264 0.00004915 0.0147696  0.5384937  0.06113366 0.01331536 0.00411276 0.01533442 0.09702616 0.00000261]
 [0.01318032 0.8504207  0.01490296 0.00000084 0.04838389 0.00742876 0.00457119 0.00602503 0.00452233 0.05056381]
 [0.00600372 0.05371925 0.04705828 0.00000062 0.01695071 0.02335781 0.07885188 0.03350787 0.00621987 0.73433006]
 [0.03573419 0.0046264  0.14482793 0.0000671  0.0617543  0.1159012  0.22126628 0.26793507 0.07585327 0.07203424]
 [0.00092257 0.0107164  0.01296591 0.00000006 0.00258714 0.00357949 0.02218051 0.02495733 0.00114646 0.9209442 ]
 [0.29214972 0.00051384 0.05032884 0.08914892 0.2431597  0.02185956 0.00754846 0.05178876 0.24347934 0.00002302]
 [0.20240955 0.00004295 0.01452269 0.57234794 0.07721353 0.00836807 0.00249357 0.01514789 0.10745226 0.00000154]
 [0.20498157 0.00004363 0.01441283 0.57128006 0.0766817  0.00816913 0.00246428 0.01515194 0.10681327 0.00000157]
 [0.09826654 0.03323357 0.14437577 0.00003379 0.13393825 0.09261822 0.10071126 0.17996079 0.12698515 0.08987653]
 [0.14114901 0.00002972 0.02072768 0.6045704  0.0801447  0.00999944 0.00349099 0.02110165 0.11878448 0.00000184]
 [0.1142301  0.05437018 0.12892643 0.00002871 0.15762791 0.08073808 0.07574827 0.17335396 0.12987813 0.08509832]
 [0.13677998 0.0679069  0.09017566 0.00004398 0.10828453 0.19450362 0.13025051 0.11116505 0.0843197  0.07657003]
 [0.05401255 0.01772774 0.14323199 0.0000546  0.0837223  0.28691435 0.16256618 0.11379334 0.06412397 0.07385305]
 [0.22059648 0.00005611 0.01779142 0.505462   0.09405147 0.00872243 0.00270236 0.01964337 0.13097215 0.00000221]
 [0.03137108 0.00610399 0.17681223 0.00004562 0.06955168 0.27246544 0.15135485 0.1526517  0.06897411 0.07066929]
 [0.03738565 0.011607   0.15290287 0.00004067 0.0754426  0.35076985 0.14962833 0.1003807  0.05835748 0.06348494]
 [0.06060546 0.28106388 0.09485289 0.00001501 0.17379759 0.10077026 0.06045718 0.06176856 0.04709487 0.11957424]
 [0.19590092 0.00005605 0.02395177 0.46502775 0.11519402 0.00930389 0.0031731  0.02653825 0.16085151 0.00000274]
 [0.05982659 0.02935742 0.1400101  0.00004484 0.09496011 0.26668108 0.15354438 0.10787889 0.06341486 0.08428168]
 [0.07536795 0.2490202  0.11882219 0.00002003 0.20672178 0.04884822 0.04968881 0.0744471  0.06050782 0.11655592]
 [0.04564895 0.02319033 0.1539989  0.00003181 0.08332002 0.26746404 0.16287391 0.10692939 0.05801805 0.09852472]
 [0.16323602 0.0000444  0.02536852 0.5392726  0.09472606 0.01296801 0.00467777 0.0251326  0.13457108 0.00000291]
 [0.19441536 0.00051725 0.12214152 0.01553267 0.14185719 0.10255826 0.0576099  0.1295612  0.23540805 0.00039856]
 [0.05447793 0.0219888  0.16170156 0.00004486 0.09629745 0.21651249 0.14246468 0.14517286 0.06809234 0.093247  ]
 [0.10860368 0.02496856 0.1489789  0.00006946 0.12429962 0.09072793 0.11672235 0.18316725 0.12080467 0.08165755]
 [0.1150794  0.04982241 0.12974748 0.00004447 0.11223871 0.10629446 0.1321904  0.14104262 0.09238175 0.12115834]
 [0.1198627  0.05443568 0.12734377 0.00004508 0.1135306  0.10564534 0.12978843 0.13572447 0.09101173 0.12261227]
 [0.11577341 0.04594276 0.131474   0.00004797 0.11296909 0.10464135 0.13165033 0.1463546  0.09499012 0.11615634]
 [0.11586194 0.04397139 0.13279581 0.00004711 0.11512572 0.1041016  0.12905176 0.14767738 0.09967133 0.11169592]
 [0.08593085 0.0213482  0.14555116 0.00005305 0.0927626  0.10965752 0.15195984 0.19060352 0.09380108 0.1083321 ]
 [0.10591678 0.02946911 0.14464837 0.00006102 0.11442579 0.09749153 0.13013028 0.17268117 0.10607024 0.09910573]
 [0.11279554 0.0240604  0.15127467 0.00007652 0.12757128 0.08669589 0.11303907 0.18042202 0.12550892 0.07855577]
 [0.11774356 0.04652562 0.13110693 0.0000465  0.11372812 0.10723185 0.13076429 0.14149624 0.09708668 0.11427029]
 [0.11287826 0.02163718 0.15230097 0.00008078 0.12760776 0.08490353 0.11167773 0.18446359 0.13040805 0.0740421 ]
 [0.1214302  0.04486148 0.1325362  0.0000503  0.11588345 0.10792423 0.13023435 0.1384956  0.10017323 0.10841095]
 [0.10279314 0.02784949 0.14462332 0.00005205 0.11785744 0.09907096 0.12527269 0.17654133 0.11521204 0.09072756]
 [0.11245483 0.05669372 0.13882728 0.00004316 0.1280309  0.11488612 0.12015716 0.12523097 0.09533606 0.10833976]
 [0.12511998 0.04196976 0.13327706 0.00005254 0.11668673 0.10695156 0.12840255 0.13908035 0.1051588  0.10330059]
 [0.1201976  0.03834928 0.13520613 0.00005184 0.1156745  0.10542946 0.12944771 0.14628556 0.10710146 0.10225654]
 [0.11083961 0.02355007 0.15169212 0.00007431 0.12470165 0.08885342 0.11504804 0.18159921 0.12414395 0.07949763]
 [0.17898843 0.00399963 0.128388   0.0018203  0.11511269 0.17157434 0.13995156 0.12175385 0.13244519 0.00596602]
 [0.23694383 0.00006433 0.0496711  0.2754129  0.10737254 0.0293147  0.01525806 0.0550908  0.23085463 0.0000172 ]
 [0.22353515 0.00005796 0.05156029 0.29799315 0.10172862 0.03536658 0.01771135 0.05427239 0.21775858 0.00001593]
 [0.05372626 0.05602522 0.14627422 0.00001419 0.0704634  0.06548799 0.11879215 0.10156709 0.0446008  0.34304875]
 [0.08295055 0.10125018 0.12491838 0.0000188  0.09213858 0.07595075 0.10650886 0.09787728 0.05339163 0.26499492]
 [0.0392172  0.02695074 0.1650536  0.00001433 0.06666178 0.06117585 0.11722399 0.16138978 0.04976331 0.31254944]
 [0.07240539 0.00683154 0.1604532  0.00014394 0.09597797 0.11754515 0.15074174 0.23020317 0.11679933 0.04889864]
 [0.14416786 0.00132004 0.14001507 0.00236297 0.12880775 0.11613907 0.09838911 0.14350794 0.22230156 0.00298866]
 [0.04736836 0.0235669  0.11948533 0.00003257 0.05138468 0.15762709 0.28955954 0.0876958  0.03998596 0.18329383]
 [0.16142438 0.00003527 0.02626545 0.53721654 0.087929   0.01302509 0.00505671 0.02726723 0.14177723 0.00000307]
 [0.09043256 0.01009169 0.15996592 0.00010364 0.14825444 0.07030295 0.07935061 0.23380135 0.17112696 0.03656993]
 [0.15218252 0.00003103 0.0241694  0.56747246 0.08209112 0.01174269 0.00453221 0.0250202  0.13275583 0.0000026 ]
 [0.00208912 0.02472243 0.02916597 0.00000014 0.00931638 0.00713721 0.02959163 0.02846405 0.00368402 0.86582905]
 [0.2002126  0.00006704 0.03055006 0.4302009  0.11882726 0.01425292 0.005212   0.03209799 0.16857444 0.00000469]
 [0.01343106 0.0081793  0.11012919 0.00000602 0.02796815 0.04467265 0.15761212 0.19364017 0.02686192 0.4174994 ]
 [0.02961122 0.01690375 0.1158893  0.0000216  0.04981747 0.38733336 0.19566174 0.06867261 0.03281863 0.10327031]]
        Validation Criterion: 0.07055263
        Saving best model so far ...
14:49:04      Epoch:   0      Batch:   0      OuterStep:  90      LossModel: 0.28722501     LossTerm2: 0.00000000     LossGates: 0.00000000      Time/Step(s): 55.7502Contributing envs to the losses:  [ 33  42  39  32  29  20  31  19  28  21  30  22  40  18  25  23  26  16  17  24  27   9  41 130 140   0 129 131 136   1 132   6 138   4   8  37 141 142  13  46  14 114 134  15 133 139]
Gate kernel values:  [[ 0.01540442 -0.01101431 -0.00426035  0.00426589  0.02255388 -0.00037529 -0.01801502 -0.01315712  0.02521051  0.00710185  0.0244458  -0.01681047  0.02634215  0.02309937  0.06685814 -0.0177644   0.01287352 -0.0256193  -0.01391098 -0.00388331 -0.00357838 -0.02106443 -0.01726905  0.0150972   0.01073404  0.0219054   0.01013762  0.01365454 -0.0029265   0.00091439  0.01524043  0.01037544 -0.02317244  0.0154928   0.02270451  0.01316195  0.01667759 -0.00534508 -0.02491428  0.02283382]
 [ 0.00298315 -0.01373138  0.02223015 -0.03082479  0.00187268 -0.0123019   0.00463628 -0.01773409  0.00914855 -0.02838899  0.00163754 -0.01036972  0.00054702  0.00338656  0.03311212 -0.00079648  0.00427827 -0.0106816  -0.00031133 -0.02961322  0.02097667  0.00227869 -0.01244242  0.01197653  0.02316254 -0.00235102 -0.0320812   0.0099811   0.02479776 -0.02237029  0.01281852 -0.02796553 -0.01407651  0.01283421  0.00722842  0.01238901  0.02551608  0.02027833  0.00218483  0.00562744]
 [ 0.00911139 -0.0160769   0.021133   -0.01743573  0.00944941  0.02669319 -0.01284066 -0.00879346 -0.0018944  -0.01491887  0.00565526 -0.01092192  0.00440271  0.00757331 -0.05701366 -0.00811733  0.00216916 -0.00738603 -0.02025677 -0.01045163 -0.00491796 -0.00638787  0.00030509  0.01249254  0.00772555  0.01237392  0.02657584  0.00109159  0.0214344   0.0180172   0.01124504 -0.02136228 -0.00935693  0.01051731  0.00268377  0.02242168  0.00993122 -0.02640833 -0.00372556  0.00482093]
 [ 0.05294131 -0.01775373 -0.00679527  0.00133139  0.03364739  0.0184409  -0.0314728  -0.04986849  0.04551873 -0.00396707  0.03673077 -0.04791406  0.0206312   0.03592721  0.02874885 -0.05497549  0.01801537 -0.03175342 -0.02413443 -0.00630895 -0.0680993  -0.05618473 -0.01485722  0.01852931  0.01040286  0.0351824   0.02460277  0.01766873 -0.00350291  0.02932138  0.02067886  0.00307585 -0.02467141  0.04834494  0.02285773  0.01231185  0.00669595 -0.01431263 -0.02778909  0.02778024]
 [ 0.02136102 -0.01968509  0.03553485 -0.04134606  0.00937192  0.02124402 -0.01072388 -0.02526858  0.00436946 -0.0396177   0.00684752 -0.02091165  0.0141724   0.00896524 -0.02802668 -0.02010353  0.02241007 -0.01073302 -0.01769393 -0.03194425  0.0130496  -0.01741175 -0.02182264  0.01768252  0.02688987  0.01074882  0.00363472  0.02018061  0.03934285  0.00798009  0.01778953 -0.04575577 -0.01276154  0.02303512  0.01474736  0.02385805  0.02197113 -0.02039248 -0.01263482  0.01216211]
 [ 0.01046183 -0.01997175 -0.0298774   0.00775004  0.00730741  0.00110038 -0.01458223 -0.0071768  -0.0016069   0.00096462  0.01237132 -0.00591091  0.00862512  0.00690303 -0.07055401 -0.01016958  0.01483395 -0.0088765   0.00122193  0.00409894 -0.02062595 -0.01132256 -0.01150539  0.01878056  0.00839437  0.00205399 -0.01792438  0.00976384 -0.02025713 -0.00587171  0.02016112  0.01637087 -0.01560467  0.00914043 -0.00311539  0.00751871  0.0015146  -0.02223699 -0.00912575  0.01296699]
 [-0.0011556  -0.00156208 -0.02063142  0.01583344  0.01002242 -0.00022455 -0.00840561  0.00338875  0.0088531   0.01333268  0.00795277  0.00639086  0.00070173  0.00916556 -0.06657914  0.00055595  0.01166686 -0.00635452 -0.01840354  0.01242375 -0.0375371  -0.00060293 -0.00294759  0.00374909 -0.00491115  0.01610865 -0.00049392  0.00543111 -0.01857582  0.00614219  0.00537586  0.01830131 -0.00314462 -0.00374193  0.01884646  0.01965439 -0.00889788  0.00271001 -0.00416103  0.00362999]
 [ 0.00720721 -0.00727569  0.01519127 -0.01062876  0.00509556  0.03144707 -0.00824609 -0.00554919 -0.00823076 -0.01007258  0.0037807  -0.00593195 -0.00293097  0.00150712 -0.03171458 -0.00522029  0.02144651 -0.00125911 -0.00965085 -0.00758872 -0.00422671 -0.00387137 -0.02296273  0.01057384  0.00134732  0.0010971   0.03831492  0.02641965  0.01071397  0.03660507  0.00624493 -0.01080941 -0.00493699  0.00559718  0.02303052  0.00276411  0.00382139 -0.00316658 -0.01551083  0.01198897]
 [ 0.01299047 -0.01944806  0.02532697 -0.01983626  0.01429607  0.02600033 -0.01699786 -0.01348024  0.00801774 -0.01899776  0.01145234 -0.01492844  0.01241331  0.01326842 -0.02117436 -0.01317495  0.02613695 -0.01491622 -0.02180376 -0.0172867   0.01315051 -0.01204294 -0.02501441  0.01923024  0.01519481  0.01630403  0.01742888  0.02249778  0.02409286  0.01549553  0.01731222 -0.02372529 -0.01418185  0.01426153  0.02059211  0.02650415  0.01414648 -0.02186404 -0.0205391   0.01621956]
 [-0.0327022  -0.00057081  0.00169329  0.00706294 -0.00122417  0.00284445  0.001856    0.03023286  0.00580286  0.01503287 -0.00149487  0.02527081 -0.0309812   0.00003328 -0.01369286  0.03230079 -0.00625696  0.00015093  0.00443416  0.00978509 -0.01314644  0.03267482 -0.00100413 -0.00108906 -0.02688826 -0.00233437  0.00759272 -0.00191422  0.00109095 -0.00064921 -0.00167422 -0.00036202 -0.00104799 -0.03019967 -0.00738275 -0.00860942 -0.01688219 -0.00197047 -0.00180526  0.00096902]]
Gate values for each environment (all envs): 
 [[0.09694465 0.05986429 0.13875884 0.00003754 0.10931546 0.11293735 0.13868833 0.12107024 0.07655368 0.1458296 ]
 [0.11457162 0.04137777 0.13412285 0.00004764 0.11240425 0.10788354 0.1334022  0.14725617 0.09936745 0.10956652]
 [0.13729487 0.07764643 0.11795207 0.00006306 0.17700069 0.10855453 0.0689102  0.12808605 0.10997976 0.07451234]
 [0.11699812 0.14141111 0.09818128 0.00002974 0.10198802 0.1033071  0.12095625 0.09017739 0.05471255 0.17223854]
 [0.11851877 0.09732433 0.10577727 0.00003032 0.10095689 0.11987567 0.13178112 0.10372236 0.06686402 0.15514925]
 [0.11957458 0.03007839 0.14118733 0.00005337 0.12259716 0.10064889 0.1192128  0.15677051 0.12572794 0.08414899]
 [0.10303518 0.04387433 0.13413571 0.00003592 0.11417659 0.10898065 0.12901707 0.1520941  0.09842701 0.11622344]
 [0.12003046 0.02484581 0.14505516 0.0000577  0.12836118 0.09354687 0.11046948 0.16361842 0.14124523 0.07276977]
 [0.10295971 0.07270438 0.11921173 0.00002943 0.0848741  0.0937539  0.14178714 0.10978191 0.05968122 0.21521643]
 [0.11284335 0.06019141 0.12961045 0.00003839 0.12376583 0.10013672 0.11622388 0.14470512 0.0939365  0.11854832]
 [0.11454889 0.12692113 0.09691004 0.00002562 0.09678175 0.12856151 0.12856585 0.08691739 0.05749327 0.1632746 ]
 [0.12217622 0.1400119  0.09944344 0.00003269 0.10109551 0.10108306 0.12192956 0.08950683 0.05398008 0.17074075]
 [0.09002212 0.01509965 0.14963533 0.00006198 0.111372   0.1203949  0.14137506 0.16430293 0.13961676 0.06811929]
 [0.10847724 0.0551599  0.12380663 0.00002791 0.11592091 0.09580569 0.11218981 0.15976566 0.10180084 0.12704541]
 [0.1330948  0.06710646 0.13410144 0.00006624 0.17820245 0.0968421  0.07631533 0.12682323 0.11524529 0.07220271]
 [0.1094903  0.09478091 0.11841364 0.00003601 0.10041563 0.10700089 0.13820922 0.10142417 0.06016416 0.1700651 ]
 [0.12173248 0.05461355 0.12895083 0.00004551 0.11538779 0.10776935 0.12884593 0.13228966 0.09245587 0.11790902]
 [0.12070398 0.05382699 0.12875608 0.00004559 0.11346769 0.10786199 0.1303212  0.13391794 0.09118783 0.11991085]
 [0.12099848 0.0717881  0.12132049 0.00004082 0.11247345 0.11295986 0.1296238  0.11866407 0.08037972 0.1317511 ]
 [0.12735194 0.06562515 0.12656307 0.00004566 0.1255268  0.10420757 0.11649586 0.12774774 0.093029   0.11340719]
 [0.120891   0.06161406 0.12639816 0.00004439 0.11526895 0.10761946 0.12732759 0.12895341 0.08688261 0.12500043]
 [0.12198014 0.06576714 0.13041188 0.00004758 0.12979351 0.10547863 0.11591688 0.12619089 0.0919172  0.11249622]
 [0.12918004 0.07075519 0.1242564  0.00004509 0.12558451 0.10767999 0.11678118 0.121897   0.09068391 0.11313666]
 [0.12229662 0.05617735 0.12880442 0.00004532 0.11666834 0.10724541 0.12687957 0.13137968 0.09238495 0.11811838]
 [0.12159204 0.05422578 0.1300343  0.00004577 0.11773175 0.1078922  0.12690485 0.1321802  0.09425788 0.1151352 ]
 [0.11999182 0.07368604 0.12131616 0.00004125 0.11411731 0.10905945 0.12700145 0.12046649 0.07963309 0.13468695]
 [0.12316871 0.05652367 0.1307726  0.00004592 0.12316879 0.10372257 0.11981263 0.13319807 0.09653781 0.11304927]
 [0.12049611 0.0524956  0.12993185 0.00004627 0.11441559 0.10786529 0.12999853 0.13437559 0.09258232 0.11779281]
 [0.11839953 0.06423481 0.12718746 0.00004385 0.11579819 0.10559385 0.12719958 0.12811328 0.08437032 0.12905912]
 [0.11992657 0.06918682 0.12664498 0.00004313 0.12048792 0.10717898 0.1221937  0.12321412 0.0852102  0.12591356]
 [0.11972223 0.06709846 0.12288574 0.00004129 0.11100434 0.11109617 0.13118    0.12267063 0.08150365 0.1327975 ]
 [0.11889851 0.06499736 0.1241138  0.00004179 0.11117656 0.10982055 0.13115972 0.12484343 0.08229589 0.13265248]
 [0.10872497 0.04920176 0.12389091 0.00003405 0.09970683 0.10129796 0.1289454  0.14538018 0.08465043 0.1581675 ]
 [0.12201291 0.06848364 0.11650465 0.00003333 0.10559714 0.09982645 0.12062901 0.12586157 0.08182563 0.15922572]
 [0.12037518 0.00779835 0.14408623 0.00009159 0.15020896 0.08163775 0.07021736 0.16374654 0.24062064 0.02121752]
 [0.04465247 0.0194049  0.15425241 0.00002235 0.08609509 0.20734845 0.13660865 0.17052242 0.07106101 0.1100324 ]
 [0.06562905 0.01730149 0.10444274 0.00004295 0.05497185 0.3489527  0.19156861 0.08132194 0.0509804  0.08478821]
 [0.11967606 0.06215403 0.1333015  0.0000398  0.1605085  0.08273307 0.08637565 0.15578769 0.11538378 0.08403996]
 [0.06404418 0.0225437  0.1304195  0.00004268 0.07549397 0.29850978 0.17055282 0.0916498  0.05980773 0.08693588]
 [0.12528989 0.08804349 0.11285544 0.00003026 0.12269024 0.09412248 0.10563886 0.11807661 0.08737733 0.14587544]
 [0.10590991 0.07611941 0.1292494  0.00002584 0.13849528 0.08681034 0.09710456 0.13984893 0.0960352  0.13040112]
 [0.11986863 0.09478375 0.12420093 0.00003047 0.148664   0.09537594 0.09583821 0.11356296 0.09297922 0.11469586]
 [0.12839583 0.07148731 0.11216337 0.00003355 0.10033932 0.09960922 0.12435683 0.12007518 0.07820057 0.16533877]
 [0.05478869 0.01308674 0.11610192 0.00005182 0.06375486 0.38589853 0.16583574 0.08269101 0.05663591 0.06115476]
 [0.09458679 0.01859561 0.15451635 0.00006833 0.1251839  0.0898253  0.1069728  0.21459009 0.1264366  0.06922428]
 [0.12288899 0.00682577 0.14425798 0.00009512 0.13822827 0.07560325 0.07271862 0.17357315 0.2403295  0.02547939]
 [0.11319987 0.08343304 0.1338705  0.00003309 0.21448387 0.06862357 0.06153349 0.13156429 0.12866938 0.06458891]
 [0.10972743 0.00926976 0.14770876 0.0000774  0.15302615 0.08452261 0.07155103 0.17998698 0.22057682 0.02355303]
 [0.02574076 0.00000037 0.00029245 0.96338874 0.00362257 0.00026814 0.00003608 0.00034082 0.00631008 0.        ]
 [0.05661714 0.00000197 0.00113948 0.90983623 0.01188386 0.0008892  0.00014564 0.00117965 0.0183069  0.00000001]
 [0.09024114 0.00000694 0.00202879 0.8454591  0.02691355 0.00112447 0.00018267 0.00210453 0.03193888 0.00000003]
 [0.12386075 0.000499   0.11679824 0.00530952 0.19491605 0.04756253 0.03688138 0.12134723 0.35231835 0.00050693]
 [0.0267723  0.8559924  0.01258608 0.00000162 0.05234228 0.01159193 0.00454844 0.00735729 0.00584548 0.02296228]
 [0.13298225 0.00046084 0.10945657 0.00875389 0.21670096 0.03854876 0.02657789 0.1131229  0.3530886  0.00030738]
 [0.1263299  0.00006043 0.00588875 0.6985478  0.10073618 0.00141495 0.0002435  0.00542287 0.06135551 0.00000017]
 [0.02600752 0.8557311  0.01273238 0.0000015  0.05122849 0.01059684 0.004572   0.00752931 0.00579633 0.02580446]
 [0.08137418 0.00000507 0.0018382  0.8592111  0.02391441 0.00109323 0.00017619 0.00188862 0.03049906 0.00000003]
 [0.01436371 0.00173494 0.07740991 0.00002579 0.01661196 0.15090667 0.39655486 0.21421514 0.02655618 0.10162085]
 [0.10567461 0.00000819 0.002493   0.8191465  0.03014884 0.00155153 0.00025957 0.00256477 0.03815311 0.00000005]
 [0.08940926 0.00000825 0.00207795 0.8479598  0.027332   0.00093877 0.00016532 0.00214455 0.02996408 0.00000004]
 [0.08625319 0.00000655 0.00117577 0.8554602  0.02749487 0.00043564 0.00006222 0.00130184 0.02780966 0.00000001]
 [0.09055618 0.00000699 0.0012253  0.8519035  0.02685056 0.0004783  0.00006952 0.0013756  0.02753392 0.00000001]
 [0.1375774  0.00002677 0.00420436 0.71157175 0.07532324 0.00151713 0.00024545 0.00401328 0.06552047 0.00000008]
 [0.02957545 0.8256227  0.01555432 0.00000158 0.04904669 0.01101558 0.00639248 0.00974639 0.00646069 0.04658402]
 [0.04660385 0.3700283  0.08234936 0.00000653 0.2302438  0.02270394 0.02487017 0.05667996 0.05435682 0.11215716]
 [0.19659208 0.00148309 0.07506062 0.00339219 0.0644144  0.2987318  0.16395994 0.07711796 0.11660474 0.00264322]
 [0.06440463 0.00494232 0.11656537 0.00011973 0.02956285 0.18498798 0.4493099  0.04262592 0.04198005 0.06550129]
 [0.040185   0.40504488 0.07648964 0.000005   0.22204882 0.02082536 0.02248543 0.05153284 0.04849843 0.1128846 ]
 [0.1162693  0.0056165  0.10636185 0.00064962 0.08887848 0.24245155 0.20199789 0.11977988 0.10443343 0.0135615 ]
 [0.01180756 0.871352   0.01278209 0.00000059 0.04350839 0.00541344 0.00337871 0.00508085 0.00388349 0.04279277]
 [0.03014697 0.00609175 0.13545921 0.00003283 0.03359651 0.14857939 0.29422003 0.14491346 0.03900208 0.16795778]
 [0.13719647 0.01257548 0.0770492  0.00021315 0.07161285 0.36818483 0.11588607 0.10107755 0.08022985 0.03597438]
 [0.06902629 0.02700185 0.16948135 0.00004093 0.10464739 0.07892113 0.12223674 0.18274523 0.08326616 0.16263287]
 [0.17897949 0.00021408 0.08934367 0.05420855 0.05817191 0.28282496 0.14454582 0.07852798 0.11284992 0.00033366]
 [0.11852325 0.00059973 0.11668897 0.00675744 0.06643384 0.27302164 0.20032929 0.1028628  0.11286629 0.00191683]
 [0.05577233 0.54021025 0.03818383 0.00000427 0.05051833 0.03972517 0.03273166 0.02329551 0.01163503 0.20792359]
 [0.11525861 0.46545413 0.05046991 0.00001646 0.07420626 0.05799835 0.04608357 0.03370339 0.02082886 0.13598046]
 [0.00979783 0.8737197  0.01411531 0.00000056 0.04691372 0.00560398 0.00317225 0.00477191 0.00375765 0.0381472 ]
 [0.01136156 0.86954886 0.0127667  0.00000046 0.04360357 0.0049174  0.00300428 0.00546151 0.00402875 0.04530688]
 [0.00690726 0.00351225 0.059191   0.00000345 0.00617719 0.1265601  0.44660458 0.04237026 0.00692974 0.3017442 ]
 [0.01013013 0.79284877 0.01983115 0.00000061 0.10299683 0.00323925 0.0030678  0.0089813  0.00890234 0.05000197]
 [0.09434333 0.00046484 0.06627467 0.00018448 0.14221567 0.01396894 0.01324731 0.08630128 0.5816383  0.00136115]
 [0.03076305 0.00162413 0.14388768 0.00024409 0.07113025 0.3194757  0.24863301 0.08265261 0.08941584 0.01217364]
 [0.03746932 0.00251127 0.12385322 0.00022949 0.06857903 0.39964536 0.21882385 0.06027918 0.07615458 0.01245473]
 [0.05963586 0.02080712 0.14872944 0.00006224 0.07362337 0.19965588 0.24524285 0.07092734 0.05601831 0.12529767]
 [0.03220084 0.6629569  0.02771021 0.00000158 0.04945006 0.02257001 0.01847422 0.01799388 0.00983613 0.15880615]
 [0.10533907 0.00039371 0.08385964 0.0011573  0.16334207 0.03719369 0.02821269 0.10609307 0.47372362 0.00068507]
 [0.04250127 0.0286021  0.16546369 0.00002221 0.08327834 0.14108212 0.18347082 0.11286849 0.05645735 0.18625362]
 [0.0555842  0.00157187 0.13325037 0.00039406 0.0844721  0.23299941 0.23037226 0.10417951 0.14449874 0.01267753]
 [0.08255589 0.00042949 0.15681934 0.00188683 0.12063517 0.09684455 0.10495761 0.15232456 0.28109726 0.00244926]
 [0.10248564 0.00655375 0.14622456 0.00014987 0.21716072 0.03638409 0.0334944  0.17369072 0.27178162 0.01207461]
 [0.1400904  0.00509624 0.12451014 0.00019123 0.17649959 0.04744902 0.04486008 0.1412739  0.31003925 0.00999019]
 [0.03041164 0.01535421 0.16218571 0.00002403 0.05772105 0.17515297 0.26125154 0.09556512 0.04287038 0.15946342]
 [0.07607118 0.00047039 0.15779944 0.00164106 0.1239528  0.10793435 0.10911516 0.14723125 0.27330297 0.00248139]
 [0.08650128 0.00109249 0.16115956 0.0007199  0.13838099 0.07712307 0.09138447 0.16265292 0.27504125 0.00594402]
 [0.1394901  0.00458644 0.12581201 0.0001707  0.15222874 0.05455344 0.05505479 0.14867993 0.30717614 0.01224769]
 [0.24831153 0.00004739 0.01319975 0.5587356  0.05956579 0.01140497 0.00336574 0.01376281 0.09160423 0.00000214]
 [0.1878288  0.00273497 0.10767948 0.00574557 0.27804497 0.06829975 0.03259457 0.08515366 0.23143478 0.00048343]
 [0.0064365  0.89596266 0.01095825 0.00000044 0.04622855 0.00303778 0.00202059 0.00339146 0.0029357  0.02902808]
 [0.10143488 0.55418575 0.0515395  0.00002325 0.11832276 0.0449992  0.02730549 0.03016853 0.02224645 0.04977423]
 [0.008289   0.01126973 0.09364296 0.00000166 0.01323159 0.03270838 0.08416899 0.06357598 0.00972088 0.6833908 ]
 [0.12011716 0.5062736  0.04460137 0.00001735 0.08583982 0.04938539 0.03502733 0.02939559 0.02431892 0.10502354]
 [0.21834956 0.00005361 0.01096338 0.5799407  0.07741152 0.00554104 0.00145187 0.01188207 0.09440525 0.00000112]
 [0.03031884 0.00312329 0.11909255 0.00005396 0.03647499 0.1911878  0.29753998 0.18552108 0.05222858 0.08445887]
 [0.24875653 0.00004821 0.01355637 0.5549617  0.06046995 0.01157684 0.00344796 0.01412713 0.09305309 0.00000223]
 [0.01370595 0.8464255  0.01531578 0.00000086 0.0484953  0.00772353 0.00478096 0.00621837 0.00462446 0.0527093 ]
 [0.00709417 0.08918688 0.04929842 0.00000064 0.02294296 0.02429988 0.07316677 0.0335566  0.00716572 0.69328797]
 [0.05544692 0.00592991 0.17487215 0.00015205 0.10760447 0.11067794 0.16795096 0.22534366 0.1144527  0.03756923]
 [0.00091357 0.01048751 0.01281719 0.00000006 0.00251959 0.00353631 0.02194975 0.02475481 0.00112357 0.92189765]
 [0.23515007 0.000494   0.05973733 0.07627094 0.2734734  0.02261272 0.00820888 0.05867631 0.26534924 0.00002711]
 [0.20407686 0.0000437  0.01133379 0.6012754  0.07092344 0.00592418 0.00166352 0.01226224 0.09249591 0.00000113]
 [0.20472775 0.00004422 0.01086536 0.6048173  0.07034998 0.00543828 0.00152606 0.01186174 0.09036829 0.00000108]
 [0.11198223 0.03292901 0.14671756 0.00004219 0.13996615 0.09646989 0.09966823 0.15948807 0.13426746 0.07846916]
 [0.14205348 0.00003164 0.01606119 0.6373585  0.0760161  0.00678771 0.00220519 0.01699347 0.10249141 0.00000129]
 [0.12560107 0.05082631 0.12916937 0.00003254 0.14637788 0.08732357 0.08296268 0.1622763  0.12836471 0.08706558]
 [0.11686781 0.06336486 0.09459689 0.000037   0.108358   0.21367054 0.12753934 0.11874786 0.08202177 0.07479588]
 [0.04350954 0.0206121  0.15933059 0.00003395 0.08458313 0.2751596  0.15093046 0.11520962 0.05837595 0.09225509]
 [0.22730438 0.00005988 0.01323101 0.5382694  0.08759605 0.00563785 0.00161485 0.0152716  0.11101357 0.00000151]
 [0.02490617 0.00667937 0.18199478 0.00002867 0.06385037 0.29291382 0.14211147 0.14339812 0.05823549 0.08588178]
 [0.03185882 0.0123903  0.16483147 0.00002962 0.07486846 0.34276727 0.14469953 0.10174044 0.05445081 0.07236328]
 [0.0586297  0.29632315 0.09047276 0.00001306 0.16260532 0.1005993  0.06065139 0.05898701 0.0436939  0.12802446]
 [0.20989843 0.00006265 0.01738209 0.5024859  0.10710546 0.00575433 0.00180882 0.02045111 0.13504943 0.00000186]
 [0.04557078 0.03339927 0.15493052 0.00002568 0.09259187 0.26066    0.1428287  0.10804185 0.05537783 0.10657347]
 [0.07660659 0.26630738 0.11365567 0.0000191  0.20434445 0.04748847 0.0476289  0.07098061 0.05883143 0.11413734]
 [0.03375192 0.02652256 0.1725002  0.00001738 0.08217966 0.25264087 0.14862931 0.10857994 0.05064855 0.12452967]
 [0.16647951 0.00005037 0.01989082 0.567733   0.09486458 0.00854472 0.00280969 0.02047454 0.11915082 0.00000201]
 [0.20113161 0.00059056 0.14392921 0.01354136 0.12007091 0.10238211 0.06868801 0.14659171 0.20238233 0.0006922 ]
 [0.04206679 0.02508338 0.1756059  0.00002625 0.09430538 0.21991813 0.13072245 0.14024264 0.0593854  0.11264373]
 [0.10551051 0.02329689 0.15066475 0.00006774 0.12255157 0.08947979 0.11632889 0.19001792 0.12164925 0.08043277]
 [0.11395137 0.0464182  0.1319208  0.00004516 0.11126579 0.10680072 0.13351423 0.1444928  0.09367433 0.11791664]
 [0.11982851 0.05068041 0.1295586  0.00004668 0.11316928 0.10634686 0.13081707 0.13865289 0.09283521 0.11806447]
 [0.11509506 0.0427866  0.1334081  0.00004906 0.11243806 0.10474291 0.13216121 0.15049863 0.09671538 0.11210497]
 [0.11421803 0.04093679 0.13495894 0.00004747 0.11414015 0.10418382 0.12994371 0.15175554 0.1010474  0.10876823]
 [0.09074782 0.02329322 0.15361843 0.00005623 0.11268862 0.09432043 0.12527668 0.19783461 0.10828172 0.09388217]
 [0.1111165  0.03094146 0.15022771 0.0000673  0.14382534 0.07960576 0.0995539  0.18224663 0.12594327 0.0764721 ]
 [0.10421491 0.02079602 0.1530483  0.00007318 0.12749445 0.08012274 0.10673001 0.20485044 0.12915546 0.07351445]
 [0.1166789  0.04325201 0.13329306 0.00004737 0.1128668  0.10758045 0.131869   0.14495555 0.09861288 0.11084399]
 [0.10333242 0.01811805 0.15333086 0.00007576 0.11281536 0.09033388 0.12464909 0.19519925 0.12286119 0.07928411]
 [0.11896271 0.0411688  0.13494861 0.00005077 0.11423294 0.10848743 0.13204472 0.14287381 0.10135756 0.10587275]
 [0.09567476 0.02571071 0.14642844 0.00004733 0.11431717 0.0973368  0.12592818 0.18839517 0.11415076 0.09201065]
 [0.10865263 0.05286556 0.14228559 0.00004175 0.12541947 0.11561248 0.12238982 0.12920393 0.0953721  0.1081567 ]
 [0.12061843 0.03716302 0.13605872 0.00005306 0.11423823 0.1073045  0.13075942 0.1468963  0.10659851 0.1003098 ]
 [0.11196903 0.03266911 0.13761203 0.00005042 0.10947471 0.10695178 0.13531478 0.15805548 0.10621381 0.10168883]
 [0.10679194 0.02165057 0.15352252 0.00007239 0.12311712 0.08682594 0.11388993 0.19081798 0.1254614  0.07785023]
 [0.17738326 0.00388044 0.12779091 0.00182122 0.11301283 0.17469952 0.14231648 0.12138777 0.13174559 0.00596197]
 [0.2300124  0.00007914 0.04729351 0.26706815 0.12982428 0.02304301 0.0109365  0.05145625 0.24027334 0.00001346]
 [0.2250474  0.00006888 0.04808369 0.2946995  0.1167123  0.02791356 0.01307412 0.05093208 0.22345561 0.00001285]
 [0.0471135  0.05034785 0.13784999 0.00001112 0.05944658 0.06173756 0.11883933 0.09934174 0.03893486 0.3863775 ]
 [0.08586872 0.09729519 0.13036802 0.00002061 0.09648311 0.07801126 0.10727391 0.10168246 0.05638123 0.24661548]
 [0.0274051  0.02194241 0.13373919 0.00000714 0.04228031 0.04912353 0.11100901 0.1437469  0.03365825 0.43708825]
 [0.07868998 0.00619381 0.16565143 0.00019233 0.10934049 0.11221619 0.13527402 0.22317994 0.13275097 0.0365109 ]
 [0.17245866 0.00109384 0.11631984 0.00353033 0.10932704 0.16314232 0.10709101 0.11938937 0.20545003 0.00219747]
 [0.0448337  0.02209371 0.12020998 0.00002983 0.04888414 0.1566025  0.2920114  0.08849122 0.03856676 0.18827686]
 [0.1610812  0.00003894 0.02232418 0.55956155 0.08944906 0.00972987 0.00352763 0.02370709 0.1305782  0.00000234]
 [0.09850731 0.00969025 0.16214645 0.00012342 0.14888404 0.07644984 0.08172079 0.21458857 0.17462388 0.0332655 ]
 [0.1507423  0.00003467 0.02082246 0.5875417  0.08416519 0.00894939 0.0032158  0.02200659 0.12251985 0.00000201]
 [0.00245782 0.02833451 0.03323673 0.00000017 0.01141    0.00790968 0.03120022 0.03185058 0.00440299 0.84919727]
 [0.22486283 0.00011391 0.03293554 0.33740637 0.15713404 0.01245372 0.00442708 0.03569499 0.19496562 0.00000588]
 [0.00855518 0.00474183 0.06819288 0.00000315 0.01116964 0.03837182 0.18201768 0.13281317 0.01287179 0.54126287]
 [0.02318767 0.019084   0.12335416 0.00001317 0.04840925 0.39339617 0.18021634 0.06468534 0.02842616 0.11922761]]
        Validation Criterion: 0.06482302
        Saving best model so far ...
14:58:28      Epoch:   0      Batch:   0      OuterStep: 100      LossModel: 0.96052414     LossTerm2: 0.00000000     LossGates: 0.00000000      Time/Step(s): 55.3894Contributing envs to the losses:  [ 59  50  62  58  61  56  60  49 102 111 110 117  96 104 121 113  48  54 125 155 153 157 146 145 109  53  73  51 126  86 151  97  89  93  74  81  65  94  82  88  91 144  95  83  68  90]
Gate kernel values:  [[ 0.01527762 -0.0109925  -0.00425462  0.00425825  0.0225451  -0.00038719 -0.01800663 -0.01307475  0.02520043  0.00712945  0.02443694 -0.01672196  0.02632146  0.02309044  0.06684875 -0.0176701   0.01286344 -0.0256097  -0.01390249 -0.00385882 -0.00356481 -0.02092102 -0.01725783  0.01508328  0.01070297  0.02189777  0.01012535  0.01363684 -0.00291363  0.0009002   0.0152272   0.01037244 -0.02315663  0.01540564  0.02269021  0.01315411  0.01668261 -0.00532417 -0.02490712  0.02282432]
 [ 0.00298346 -0.0137312   0.02223031 -0.030825    0.00187267 -0.01230209  0.00463634 -0.01773393  0.00914866 -0.02838893  0.00163759 -0.01036978  0.0005476   0.00338659  0.03311222 -0.00079677  0.00427816 -0.01068166 -0.00031124 -0.02961341  0.02097671  0.00227846 -0.01244261  0.0119765   0.02316232 -0.00235105 -0.03208145  0.00998111  0.02479795 -0.02237044  0.0128186  -0.0279658  -0.01407595  0.0128342   0.00722838  0.01238881  0.02551595  0.02028235  0.00218488  0.00562749]
 [ 0.00908982 -0.01607528  0.02113419 -0.01743488  0.00944631  0.02669098 -0.01283829 -0.00878144 -0.00189458 -0.01491673  0.0056518  -0.0109113   0.00439026  0.00757033 -0.05701304 -0.00809838  0.00216621 -0.00738408 -0.02025428 -0.01045148 -0.00491047 -0.00636055  0.00030766  0.01248999  0.00771838  0.01237109  0.02657301  0.00108755  0.02143494  0.01801359  0.01124166 -0.02136184 -0.00935385  0.01050458  0.00267915  0.02241902  0.00993    -0.02640348 -0.00372314  0.00481818]
 [ 0.05296939 -0.01775682 -0.00679911  0.00133559  0.03364839  0.01844231 -0.03147376 -0.04991948  0.04551987 -0.00397902  0.03673176 -0.04795782  0.02063554  0.03592821  0.02874973 -0.05509032  0.01801654 -0.03175452 -0.02413546 -0.00632223 -0.0681006  -0.05622412 -0.01485861  0.01853103  0.01041943  0.03518329  0.02460419  0.01767098 -0.00351448  0.02932297  0.02068051  0.00307791 -0.02467342  0.04838957  0.02285944  0.01231278  0.00669051 -0.01431587 -0.02778992  0.02778135]
 [ 0.02136049 -0.01968256  0.03553301 -0.04134625  0.0093721   0.02124334 -0.01072376 -0.02526674  0.00436845 -0.03961567  0.00684775 -0.0209083   0.01417554  0.0089653  -0.02802895 -0.02010357  0.02240981 -0.01073249 -0.0176937  -0.03194069  0.0130478  -0.01741276 -0.02182181  0.01768145  0.02688945  0.01074896  0.0036342   0.02017972  0.03934213  0.00797976  0.01778921 -0.04575531 -0.01276105  0.0230331   0.01474697  0.02385766  0.02197085 -0.02039185 -0.01263492  0.01216197]
 [ 0.0104927  -0.01998468 -0.02983447  0.00772895  0.00730845  0.00110698 -0.01458412 -0.00721004 -0.00161061  0.0009409   0.01237322 -0.00593723  0.00863617  0.00690421 -0.07053813 -0.01018888  0.01484407 -0.00887834  0.00121898  0.00406727 -0.02061443 -0.01135555 -0.01151946  0.01879037  0.0084316   0.00205403 -0.01791947  0.00978047 -0.02022275 -0.0058656   0.02016792  0.01634463 -0.01560907  0.0091664  -0.0031033   0.00752831  0.00154007 -0.02224763 -0.0091278   0.01297071]
 [-0.00112367 -0.00156245 -0.02066595  0.01586111  0.01002408 -0.00022491 -0.00840777  0.00337294  0.00886259  0.01335431  0.00795459  0.00636907  0.00068705  0.00916759 -0.06659338  0.00052577  0.0116581  -0.00635632 -0.0184028   0.01245067 -0.03756198 -0.00063747 -0.0029348   0.00374684 -0.00494914  0.01611084 -0.00049165  0.00541753 -0.01861076  0.00614343  0.0053755   0.01832683 -0.00314776 -0.00371902  0.01883447  0.01964629 -0.00892884  0.00270443 -0.00415947  0.00362984]
 [ 0.00719264 -0.00727257  0.01519044 -0.01062741  0.00509323  0.03144494 -0.0082438  -0.00554107 -0.00823125 -0.01006964  0.00377774 -0.00592337 -0.00293778  0.00150465 -0.03171423 -0.00520796  0.02144326 -0.00125715 -0.00964966 -0.00758624 -0.00422249 -0.00385221 -0.02295928  0.01057091  0.00134204  0.00109557  0.03831339  0.02641561  0.01071271  0.03660298  0.00624148 -0.01080776 -0.00493347  0.00558849  0.02302784  0.00276235  0.00382082 -0.00316072 -0.01550819  0.01198593]
 [ 0.01297769 -0.01944526  0.02532846 -0.01983743  0.01429427  0.02599829 -0.01699629 -0.01347093  0.00801562 -0.01899569  0.01145042 -0.01491928  0.01241002  0.01326669 -0.02117563 -0.01316338  0.02613565 -0.01491454 -0.02180228 -0.01728557  0.01315725 -0.01202801 -0.02501326  0.01922819  0.01519262  0.01630252  0.01742615  0.02249537  0.02409504  0.01549225  0.01731017 -0.02372604 -0.01417911  0.01425182  0.0205897   0.0265036   0.01414766 -0.02186134 -0.02053797  0.01621781]
 [-0.03269163 -0.00057686  0.0016883   0.00706335 -0.00122126  0.00284741  0.00185354  0.03022308  0.00580301  0.01502976 -0.00149213  0.02526363 -0.03092608  0.00003595 -0.01369358  0.03228775 -0.00625266  0.00014848  0.00443159  0.00978669 -0.01314795  0.03266006 -0.00100932 -0.0010847  -0.02687924 -0.00233212  0.00759511 -0.00190664  0.00108767 -0.00064562 -0.00166844 -0.0003592  -0.00105645 -0.03019044 -0.00737766 -0.00860461 -0.01688065 -0.00198655 -0.00180812  0.000972  ]]
Gate values for each environment (all envs): 
 [[0.09848332 0.059212   0.14313066 0.00003903 0.11471568 0.10886075 0.13269342 0.12445292 0.08000212 0.13840999]
 [0.11378295 0.03946748 0.13742734 0.00004892 0.11406306 0.10570243 0.13173676 0.1516581  0.10145599 0.10465706]
 [0.14252387 0.07441626 0.11838084 0.00006762 0.17515258 0.10787264 0.06929009 0.1288104  0.11122163 0.07226407]
 [0.12108258 0.13416913 0.10024665 0.00003233 0.10208387 0.10463621 0.12363364 0.09192417 0.05598021 0.16621113]
 [0.12442522 0.10741746 0.11298022 0.00003378 0.1281678  0.10820714 0.10695352 0.10868409 0.07882936 0.12430144]
 [0.11657382 0.0286289  0.1443481  0.000053   0.12401904 0.09698668 0.11642323 0.16396989 0.12778847 0.08120877]
 [0.09715952 0.04101453 0.13803706 0.00003421 0.1150177  0.10510755 0.12680581 0.16423789 0.09966676 0.11291898]
 [0.11634172 0.02346485 0.14778154 0.00005666 0.12791297 0.09050978 0.1090152  0.17137352 0.14215629 0.07138748]
 [0.10033116 0.07118098 0.11944133 0.00002736 0.08168726 0.09033304 0.14097552 0.11073827 0.05803882 0.22724627]
 [0.10881408 0.05630723 0.13246396 0.00003741 0.12295415 0.09790479 0.11607575 0.15460482 0.09462773 0.11621004]
 [0.12303331 0.12394871 0.10024428 0.00003031 0.10388462 0.1289023  0.12643522 0.08865714 0.06179569 0.14306842]
 [0.12661923 0.13305457 0.10143444 0.00003562 0.10133939 0.10233813 0.1244254  0.09109527 0.05528601 0.16437203]
 [0.0827158  0.01435392 0.15305884 0.00005547 0.10962661 0.11418577 0.14022525 0.17822674 0.13779633 0.06975517]
 [0.10018511 0.05072536 0.12701358 0.00002614 0.11710428 0.09144957 0.10979564 0.17789222 0.10340796 0.12240013]
 [0.16112074 0.06349967 0.12757076 0.00008594 0.16903836 0.09566956 0.07678965 0.12222078 0.11708357 0.06692096]
 [0.10717547 0.08999429 0.11894288 0.00003448 0.09488807 0.10619126 0.14214915 0.10235865 0.05825505 0.18001066]
 [0.12307572 0.05237436 0.1318633  0.0000479  0.11708676 0.10654275 0.12791999 0.13432641 0.09456228 0.11220051]
 [0.12198959 0.05165125 0.13174659 0.000048   0.11528237 0.10666839 0.12934758 0.13595283 0.09332043 0.11399294]
 [0.11854232 0.07208236 0.12724118 0.00004106 0.12291831 0.10811719 0.12076072 0.1230595  0.08548664 0.12175069]
 [0.13076718 0.06328203 0.12800582 0.0000484  0.12535574 0.10345954 0.11680269 0.12853417 0.09419861 0.10954589]
 [0.11897934 0.05797038 0.13020477 0.00004536 0.11665971 0.10637584 0.12664391 0.13427095 0.08878415 0.12006551]
 [0.12402414 0.06295108 0.13313718 0.00005038 0.13116658 0.10446965 0.11523605 0.12781908 0.09389995 0.10724597]
 [0.13535632 0.06946331 0.12466394 0.00004866 0.12699766 0.10566916 0.11507684 0.12216221 0.09272942 0.10783249]
 [0.12396215 0.05390283 0.13163401 0.00004786 0.1183206  0.10612538 0.12604997 0.13311064 0.09447807 0.11236855]
 [0.12262197 0.0516602  0.13268623 0.00004794 0.11821589 0.10707442 0.12697643 0.13428056 0.09578943 0.11064689]
 [0.12476242 0.07434198 0.12489679 0.00004442 0.12370239 0.10391534 0.11748171 0.12307448 0.08518367 0.12259673]
 [0.12337673 0.05307863 0.13280591 0.00004743 0.12051775 0.10415264 0.12244713 0.13557419 0.09652742 0.11147223]
 [0.1217097  0.05039086 0.13290858 0.00004863 0.11613893 0.10666154 0.12904625 0.1363158  0.09465767 0.11212202]
 [0.11098865 0.05894376 0.13161206 0.00004173 0.1130451  0.10568076 0.13016927 0.13474095 0.08366465 0.13111305]
 [0.12261394 0.0678281  0.13012843 0.00004582 0.12616262 0.10411254 0.11724831 0.12551577 0.08902308 0.11732143]
 [0.12292257 0.06600426 0.12617756 0.00004418 0.11642335 0.10849164 0.12645847 0.12480554 0.08525149 0.12342092]
 [0.12062821 0.06302632 0.12746349 0.00004408 0.11459129 0.10808867 0.12862608 0.12720828 0.08504745 0.12527607]
 [0.10826328 0.04760345 0.12208445 0.00003239 0.09235858 0.09970162 0.13264053 0.14294638 0.08096223 0.17340712]
 [0.1226235  0.06538229 0.11207504 0.00003154 0.09342588 0.09816825 0.12683755 0.1222593  0.07639001 0.18280669]
 [0.12600447 0.00713856 0.14618094 0.00010201 0.13332182 0.09019654 0.08134363 0.16565315 0.22639114 0.02366779]
 [0.04149039 0.01897076 0.15663898 0.00002033 0.08357556 0.2240694  0.13566557 0.16456655 0.06734575 0.1076568 ]
 [0.05563289 0.01567674 0.09976371 0.0000343  0.04604689 0.38098034 0.1987737  0.07260426 0.04247067 0.08801638]
 [0.12002826 0.05810118 0.13549344 0.00004101 0.15614799 0.08324502 0.08861231 0.15931478 0.11526545 0.08375054]
 [0.05858519 0.02206858 0.13497284 0.00003749 0.07408356 0.301109   0.16929173 0.09298706 0.05757291 0.08929174]
 [0.1090271  0.07553241 0.10876365 0.00002285 0.10009236 0.08891508 0.11362887 0.13236696 0.07791085 0.19373988]
 [0.08624352 0.06516019 0.12531999 0.00001717 0.10145733 0.08763996 0.11491261 0.14182593 0.0769072  0.20051609]
 [0.09422882 0.08325909 0.11694748 0.00001716 0.10075039 0.09233273 0.11462235 0.11795585 0.0700757  0.20981054]
 [0.13216615 0.06803827 0.1084252  0.00003407 0.09136573 0.09778725 0.13037029 0.11743774 0.07491792 0.1794574 ]
 [0.04494311 0.01277465 0.11942956 0.00003831 0.05866825 0.4017632  0.16476467 0.08053942 0.04995679 0.06712206]
 [0.10296518 0.0187207  0.15938272 0.0000824  0.13742721 0.08855204 0.10009072 0.19828686 0.13597012 0.05852208]
 [0.13028625 0.00594215 0.14578642 0.00011132 0.11839297 0.08447409 0.08719512 0.17484987 0.22386938 0.02909234]
 [0.10200115 0.07149599 0.13838    0.00003032 0.20973936 0.06481081 0.06106415 0.15681674 0.1305627  0.06509892]
 [0.10999624 0.0086231  0.14993577 0.00008012 0.14324269 0.08729996 0.07652276 0.18569246 0.2137731  0.02483378]
 [0.02285408 0.00000035 0.00022891 0.9676732  0.00339424 0.00018726 0.00002336 0.00026973 0.00536887 0.        ]
 [0.05128163 0.00000184 0.00098823 0.91806644 0.01129511 0.00073206 0.00011416 0.00102326 0.01649726 0.00000001]
 [0.08435586 0.0000071  0.00176058 0.8541695  0.02730896 0.00087532 0.00013286 0.00182872 0.02956124 0.00000003]
 [0.11304679 0.00049559 0.1297022  0.00428286 0.18164729 0.06094429 0.04506179 0.12457492 0.33954442 0.00069986]
 [0.02575502 0.8602063  0.01220094 0.00000153 0.05199429 0.01098338 0.00425929 0.00708952 0.00569454 0.02181522]
 [0.15003762 0.00051638 0.10246538 0.01018113 0.22322166 0.03718137 0.02392311 0.10599251 0.3462221  0.00025875]
 [0.17642653 0.00017343 0.00897755 0.5123312  0.19453244 0.00162728 0.00027478 0.00847591 0.09718049 0.00000036]
 [0.02566549 0.8575454  0.01257749 0.00000146 0.05104048 0.01035178 0.00444195 0.00741837 0.00573404 0.02522356]
 [0.0758141  0.00000516 0.00162043 0.86708564 0.02434793 0.00087249 0.00013179 0.00166268 0.02845975 0.00000002]
 [0.0113674  0.00136892 0.06672709 0.00001834 0.01209184 0.13626215 0.42418778 0.20890395 0.02097377 0.11809879]
 [0.09647906 0.00000787 0.00220267 0.83283764 0.02967783 0.0012773  0.000201   0.00225387 0.03506275 0.00000004]
 [0.08262996 0.00000839 0.0017376  0.85856164 0.02742266 0.00068626 0.00011178 0.00179969 0.02704211 0.00000003]
 [0.08179052 0.00000679 0.00098497 0.86304224 0.02745739 0.00032168 0.00004308 0.001104   0.02524924 0.00000001]
 [0.08361389 0.00000681 0.00100073 0.86410415 0.02558194 0.00035327 0.00004811 0.00113767 0.02415337 0.00000001]
 [0.13986191 0.00002834 0.00362252 0.71950644 0.07219069 0.00124818 0.00019323 0.00355469 0.05979387 0.00000007]
 [0.03033557 0.8222403  0.01584916 0.00000161 0.04882759 0.01132546 0.00663615 0.00998079 0.00652974 0.04827375]
 [0.04350546 0.42914036 0.0701567  0.00000524 0.22392532 0.01909247 0.02007636 0.04757077 0.04870695 0.0978204 ]
 [0.19803973 0.00117449 0.05925537 0.00309319 0.05157806 0.34679925 0.1688673  0.06086507 0.10800435 0.00232315]
 [0.07562982 0.00613912 0.12450457 0.0001311  0.03353708 0.17050199 0.4367195  0.04040374 0.04565669 0.06677637]
 [0.03639749 0.4714075  0.06338362 0.00000391 0.21981904 0.01656453 0.01680795 0.04164336 0.04317944 0.09079304]
 [0.12171258 0.00636023 0.11095166 0.00063312 0.09369756 0.24717386 0.20455314 0.09704373 0.10475252 0.01312171]
 [0.01227665 0.86819744 0.01314915 0.00000062 0.04369689 0.00562636 0.00353239 0.00523781 0.00396878 0.04431397]
 [0.02723412 0.00512106 0.12650284 0.00003003 0.02773656 0.15204844 0.32433438 0.13323234 0.03383185 0.16992833]
 [0.14137895 0.01304479 0.08178453 0.0002235  0.07774192 0.34650034 0.11334681 0.10560942 0.08553348 0.03483625]
 [0.06309733 0.01842636 0.13828345 0.00003866 0.05595372 0.09606668 0.19729678 0.14946556 0.05487269 0.22649871]
 [0.18544608 0.00022269 0.08601037 0.08929414 0.06765137 0.2700053  0.11830873 0.07180234 0.11106673 0.00019228]
 [0.11201859 0.00066293 0.12266953 0.00806437 0.07735909 0.27801737 0.18631984 0.09972033 0.1136056  0.0015623 ]
 [0.05729102 0.5586605  0.03819368 0.0000045  0.05330569 0.03882761 0.03083623 0.02288838 0.01198145 0.18801084]
 [0.11469631 0.48292732 0.04936329 0.00001626 0.07619746 0.05532505 0.04281253 0.03248999 0.02077986 0.12539187]
 [0.01021816 0.8703206  0.01456787 0.00000058 0.04710132 0.00584875 0.00333925 0.00493773 0.00384702 0.03981872]
 [0.01252613 0.8593009  0.01375637 0.00000051 0.04357264 0.00553083 0.00347583 0.00594903 0.00424168 0.05164593]
 [0.00639078 0.00287666 0.05256789 0.00000344 0.00499049 0.12955992 0.48848566 0.03733586 0.00587507 0.27191427]
 [0.01026068 0.79176486 0.02004077 0.00000062 0.1032214  0.00326871 0.00309023 0.00907707 0.0089653  0.05031043]
 [0.09709779 0.00046545 0.06861808 0.00018254 0.13658772 0.01471986 0.01453161 0.08987859 0.5763614  0.001557  ]
 [0.0486117  0.00199394 0.15685208 0.0005725  0.14119123 0.24298474 0.14872871 0.09536896 0.15830107 0.00539512]
 [0.04799583 0.00282025 0.13506317 0.00035382 0.0982147  0.3586488  0.17691329 0.06725229 0.10392458 0.00881329]
 [0.06331807 0.02195652 0.14977191 0.00006679 0.07504915 0.2019788  0.24471991 0.06479025 0.05621805 0.12213058]
 [0.03248084 0.6597995  0.02820826 0.00000158 0.04990264 0.02277672 0.01871246 0.01837902 0.00997134 0.15976764]
 [0.10483085 0.00038831 0.08475963 0.00112322 0.16132134 0.03664833 0.02840571 0.10761292 0.47420454 0.00070512]
 [0.0540933  0.03218173 0.14973043 0.00003122 0.07575031 0.16521367 0.21587022 0.07895149 0.05196821 0.17620945]
 [0.0676517  0.00129091 0.1300111  0.00063048 0.09667052 0.20393047 0.20497376 0.10482573 0.18093279 0.00908262]
 [0.08309221 0.00039966 0.15660274 0.00195915 0.12368701 0.08684611 0.09716652 0.15259452 0.29533675 0.00231535]
 [0.09877126 0.0068432  0.14332038 0.00013652 0.23584737 0.03287459 0.02779353 0.16457272 0.27989164 0.0099488 ]
 [0.14185312 0.00510728 0.12650266 0.00019613 0.17375873 0.04963696 0.04601191 0.14306341 0.30395517 0.00991461]
 [0.03009654 0.01461508 0.16366489 0.00002448 0.05530164 0.17219973 0.26982293 0.09237882 0.04158278 0.16031311]
 [0.07743083 0.00044881 0.1568839  0.0017565  0.13203737 0.09470984 0.09618714 0.1467536  0.29161948 0.00217251]
 [0.08440964 0.00097311 0.15987602 0.00072041 0.1436942  0.06547405 0.08077674 0.16335645 0.295333   0.00538627]
 [0.1438867  0.00448548 0.1290695  0.00018209 0.1439165  0.0588652  0.06013452 0.15084156 0.29555652 0.01306191]
 [0.24614108 0.00004785 0.01224978 0.5679552  0.0592448  0.01012244 0.00289962 0.01285652 0.08848086 0.00000191]
 [0.18902919 0.00286822 0.10498109 0.00571262 0.290347   0.06103314 0.02895136 0.08286341 0.23376642 0.0004477 ]
 [0.00662998 0.8940941  0.01122845 0.00000046 0.04643814 0.00312868 0.00209174 0.00348188 0.00298888 0.02991776]
 [0.0953979  0.5748077  0.04908818 0.00002068 0.11739413 0.04166647 0.02481817 0.0285042  0.02130003 0.04700252]
 [0.00802897 0.01114001 0.09174257 0.00000154 0.01276719 0.03148216 0.08224681 0.06214372 0.00936629 0.6910808 ]
 [0.10161672 0.5874094  0.03660485 0.00001263 0.08440661 0.03843974 0.02508656 0.0235     0.0210257  0.08189788]
 [0.22142585 0.00005875 0.00955007 0.5852183  0.0786876  0.00431125 0.00107017 0.01056031 0.08911679 0.00000093]
 [0.03423984 0.00308857 0.11880944 0.00006707 0.03608096 0.20465755 0.31283396 0.16079783 0.05238811 0.07703665]
 [0.24721919 0.00004872 0.01257986 0.5637855  0.06002364 0.01029691 0.00298004 0.0132041  0.08986003 0.000002  ]
 [0.01434676 0.8419101  0.01584335 0.00000091 0.0488667  0.00806707 0.00503269 0.00644229 0.0047523  0.05473765]
 [0.00800426 0.10090147 0.05351986 0.00000074 0.02662396 0.02604178 0.07534781 0.0359024  0.0080764  0.6655813 ]
 [0.05878709 0.00576595 0.17867401 0.00018318 0.12363307 0.09955624 0.1445472  0.23057656 0.12833875 0.02993789]
 [0.00102521 0.01174988 0.01433997 0.00000007 0.00296786 0.00380239 0.02288527 0.02720321 0.00129034 0.91473573]
 [0.25190684 0.00050806 0.06207451 0.0728603  0.25121924 0.02441366 0.0097116  0.06348981 0.26377842 0.00003756]
 [0.2104063  0.00004849 0.01011095 0.6027954  0.07144896 0.00488493 0.00131833 0.01118406 0.08780167 0.00000099]
 [0.21171653 0.00004988 0.00979378 0.6032014  0.07190502 0.00449282 0.00121193 0.01092882 0.08669891 0.00000096]
 [0.14641732 0.0341218  0.13721392 0.00005992 0.1390333  0.10167431 0.09994804 0.13524808 0.13854416 0.06773916]
 [0.14890467 0.00003827 0.01411332 0.6366858  0.08027926 0.00521641 0.0015955  0.01536061 0.09780509 0.0000011 ]
 [0.13740891 0.05075871 0.13110413 0.0000372  0.13921492 0.09847438 0.09186041 0.13825819 0.12491281 0.08797026]
 [0.11397453 0.05736873 0.08977164 0.00003563 0.09126224 0.25368434 0.13615496 0.10948146 0.07158507 0.07668138]
 [0.04103093 0.0191157  0.1545792  0.00003289 0.07766072 0.3089043  0.15307331 0.105525   0.0534216  0.08665634]
 [0.22907506 0.00006915 0.0111657  0.5455928  0.09222328 0.00404494 0.00106906 0.01308675 0.10367206 0.00000114]
 [0.02436735 0.0061553  0.17413253 0.0000306  0.05972537 0.33491844 0.14250822 0.12918398 0.05413027 0.07484786]
 [0.03064523 0.01171771 0.16541862 0.00002954 0.07309389 0.35841528 0.14306723 0.09761394 0.05271436 0.06728423]
 [0.05589555 0.29482648 0.08841304 0.00001117 0.14437264 0.10241302 0.06492545 0.05829924 0.03973465 0.15110874]
 [0.21569069 0.00007061 0.01307615 0.5294443  0.10476121 0.003641   0.00103852 0.01593146 0.11634485 0.00000124]
 [0.05369093 0.03176536 0.147225   0.00003309 0.08861455 0.28368717 0.14532228 0.10050696 0.05544792 0.09370679]
 [0.07719636 0.2717113  0.1125669  0.00001866 0.20166394 0.04710391 0.04726708 0.07012795 0.0578878  0.11445621]
 [0.03448797 0.02506379 0.17718649 0.00001934 0.08481629 0.25629517 0.14783648 0.10912112 0.05256895 0.11260445]
 [0.1699596  0.00005881 0.01655932 0.5791652  0.09881125 0.00609222 0.0018392  0.01746496 0.11004784 0.0000015 ]
 [0.17621388 0.00054723 0.15857346 0.01183784 0.11252531 0.1133495  0.07825673 0.15478392 0.19307658 0.00083561]
 [0.04240601 0.02283031 0.17004336 0.00002854 0.0887168  0.24523146 0.13651872 0.13304962 0.05737174 0.1038034 ]
 [0.0970035  0.021883   0.15313208 0.00006035 0.11883017 0.0863198  0.11613844 0.20535219 0.11903917 0.08224132]
 [0.11318166 0.04449231 0.13511628 0.00004614 0.11256567 0.10524398 0.1325759  0.14823586 0.09529635 0.11324586]
 [0.12073734 0.04859275 0.13252868 0.00004888 0.11479087 0.10508744 0.12985888 0.1409607  0.094859   0.11253552]
 [0.11384491 0.04083005 0.13657169 0.00004988 0.11336097 0.10305773 0.13127594 0.15470584 0.0981821  0.10812083]
 [0.11224812 0.03906336 0.138149   0.00004769 0.11486672 0.10232436 0.12907118 0.15676992 0.10231966 0.10514008]
 [0.08102276 0.02106603 0.15632161 0.00004958 0.11020259 0.08743893 0.12119827 0.22126606 0.1070727  0.0943614 ]
 [0.10785003 0.02898294 0.1528437  0.00006656 0.14285684 0.07719226 0.09820083 0.19051327 0.12669364 0.07479995]
 [0.09967618 0.0191934  0.15614182 0.00007199 0.12548046 0.07910839 0.10693716 0.21277356 0.12884706 0.07177003]
 [0.11704251 0.04173723 0.13653858 0.00004909 0.11541772 0.10505944 0.12943919 0.1483415  0.1011605  0.10521423]
 [0.09652987 0.01625902 0.15668003 0.00007344 0.11055834 0.08795463 0.12421909 0.20790282 0.12249807 0.07732475]
 [0.11037814 0.03459601 0.13810931 0.00005003 0.10806403 0.10730048 0.13720666 0.15860413 0.10045388 0.10523735]
 [0.08265883 0.0240022  0.1485998  0.00003797 0.10887196 0.09254978 0.12583119 0.21131177 0.10911078 0.09702581]
 [0.0983784  0.05114901 0.1474437  0.00003576 0.12148578 0.11456282 0.12551567 0.13634072 0.0919717  0.1131164 ]
 [0.11062099 0.03105673 0.13930802 0.00005179 0.1087434  0.1052409  0.13444266 0.16529608 0.10606848 0.09917091]
 [0.11061528 0.03109057 0.14088607 0.00005144 0.11129794 0.10396346 0.13269472 0.16383293 0.10857055 0.09699701]
 [0.09604762 0.01977536 0.15633455 0.00006391 0.12048039 0.08148553 0.11096217 0.21258824 0.12403597 0.07822622]
 [0.17013311 0.00343929 0.12210613 0.00180566 0.10082407 0.19494441 0.15669276 0.12054417 0.12352427 0.00598617]
 [0.23512274 0.00008853 0.04461933 0.2695905  0.1360152  0.02042264 0.00931799 0.04858477 0.23622617 0.00001211]
 [0.2327752  0.00007983 0.0448861  0.29305845 0.12493641 0.02370033 0.01063729 0.04803851 0.2218764  0.00001139]
 [0.04198321 0.04681386 0.13516298 0.00000922 0.05370094 0.05874993 0.11785149 0.0976823  0.03542136 0.41262472]
 [0.07996453 0.0913438  0.13293609 0.00001853 0.09134657 0.07692631 0.1091987  0.10399077 0.05392236 0.2603523 ]
 [0.02299973 0.01967013 0.12219822 0.00000523 0.0343907  0.04412955 0.10681345 0.13191952 0.02790744 0.489966  ]
 [0.08563963 0.00583191 0.1730039  0.00023917 0.11549031 0.11293563 0.1315092  0.20141868 0.14141987 0.03251174]
 [0.1454754  0.00093796 0.11511032 0.00420571 0.1370197  0.17058219 0.08358957 0.11129506 0.2305673  0.00121673]
 [0.03839407 0.01874715 0.11333598 0.00002382 0.03923241 0.1523648  0.31119475 0.08461654 0.03237599 0.2097145 ]
 [0.16556151 0.00004431 0.01976595 0.5677536  0.09159366 0.00782943 0.00269387 0.02146095 0.12329476 0.00000198]
 [0.10346368 0.00855959 0.16494896 0.0001545  0.15587926 0.074463   0.07662524 0.20254819 0.18513224 0.02822532]
 [0.15479048 0.0000404  0.01728443 0.6033782  0.08566112 0.00660663 0.00219251 0.01873306 0.11131169 0.00000153]
 [0.00313527 0.03601781 0.04086437 0.00000024 0.01600561 0.00917496 0.03349465 0.03788486 0.00585829 0.8175639 ]
 [0.24071115 0.00011803 0.03046199 0.3466768  0.14706348 0.01169294 0.00417997 0.03421073 0.18487903 0.00000591]
 [0.00850254 0.0047068  0.06966439 0.00000312 0.01134079 0.03781617 0.1814538  0.13571824 0.01301794 0.5377762 ]
 [0.02181362 0.0163725  0.11628351 0.00001288 0.04085616 0.40276268 0.19675842 0.06039783 0.02517365 0.11956885]]
        Validation Criterion: 0.05772331
        Saving best model so far ...
15:07:44      Epoch:   0      Batch:   0      OuterStep: 110      LossModel: 0.90280414     LossTerm2: 0.00000000     LossGates: 0.00000000      Time/Step(s): 55.3368Contributing envs to the losses:  [  0  29  31  18  21  25  30  28  20  19  22  17  23  16  26  27  24 130   9 140 129 131   4 136  37 132   1  32   6  33  42  15 138  39  46  10  40 141   3   8  41   2 134 142  13  11]
Gate kernel values:  [[ 0.01517473 -0.01096836 -0.00424973  0.00424941  0.02253909 -0.00039777 -0.01800033 -0.01300063  0.02518943  0.00715887  0.02443128 -0.01664     0.02632025  0.02308374  0.06683511 -0.01759507  0.01285672 -0.0256011  -0.01389525 -0.00382973 -0.00355546 -0.0208116  -0.01724902  0.01507125  0.01067737  0.021892    0.01011461  0.01362235 -0.00290023  0.00088898  0.01521825  0.01036863 -0.02314506  0.01532714  0.02267832  0.01314839  0.01669111 -0.00530614 -0.02490286  0.02281757]
 [ 0.00298297 -0.013714    0.02223093 -0.03082541  0.00187222 -0.01230291  0.00463703 -0.01773328  0.00914871 -0.02838897  0.00163715 -0.01036942  0.00054624  0.00338623  0.03311237 -0.00079611  0.00427685 -0.01068104 -0.00031072 -0.02961381  0.02097678  0.00227936 -0.01244085  0.01197477  0.0231617  -0.00235138 -0.03208205  0.00997879  0.02479856 -0.02237121  0.01281656 -0.02796648 -0.01407348  0.0128336   0.00722762  0.01238669  0.02551586  0.02029377  0.00218549  0.00562688]
 [ 0.00909163 -0.0160748   0.02113454 -0.01743638  0.00944697  0.02669045 -0.01283861 -0.00878329 -0.00189363 -0.01491762  0.00565257 -0.01091231  0.00439354  0.00757107 -0.05701336 -0.00810034  0.00216567 -0.00738467 -0.0202544  -0.01045238 -0.00491125 -0.00636401  0.00030862  0.01248967  0.00772029  0.0123716   0.02657255  0.00108654  0.02143624  0.01801309  0.01124217 -0.02136323 -0.00935475  0.01050606  0.00267865  0.02241919  0.00993156 -0.0264039  -0.00372301  0.00481832]
 [ 0.05300435 -0.0177607  -0.006802    0.0013389   0.03364944  0.01844398 -0.0314748  -0.04998472  0.04552113 -0.00399424  0.03673283 -0.04801144  0.02063957  0.03592933  0.02875102 -0.05523152  0.0180178  -0.03175572 -0.02413662 -0.00633959 -0.06810204 -0.05627198 -0.01486021  0.01853299  0.01044082  0.03518426  0.02460582  0.01767366 -0.00352538  0.02932482  0.02068224  0.00307892 -0.02467541  0.04844567  0.02286149  0.0123138   0.00668418 -0.01431983 -0.02779073  0.02778256]
 [ 0.02135617 -0.01967984  0.03553203 -0.04134672  0.009372    0.02124234 -0.01072346 -0.02526276  0.00436754 -0.03961315  0.00684771 -0.0209033   0.01417765  0.00896507 -0.02803106 -0.02010052  0.02240925 -0.01073195 -0.01769315 -0.03193742  0.0130475  -0.0174093  -0.02182067  0.01768024  0.02688785  0.01074877  0.00363329  0.0201782   0.03934224  0.00797896  0.01778877 -0.04575516 -0.01276059  0.0230289   0.01474587  0.02385711  0.02197114 -0.02039051 -0.01263479  0.01216158]
 [ 0.01048213 -0.01998722 -0.02983872  0.00773176  0.00730718  0.00110446 -0.0145837  -0.00720503 -0.00161148  0.00094082  0.01237301 -0.00593265  0.00863515  0.00690305 -0.07053782 -0.01018017  0.01484452 -0.00887785  0.0012194   0.00406755 -0.02061198 -0.01134707 -0.01152058  0.01879209  0.00843355  0.0020535  -0.0179236   0.00978087 -0.02022843 -0.00586901  0.02016948  0.01634854 -0.01561045  0.00916011 -0.00310423  0.00753054  0.00154245 -0.02224608 -0.00912715  0.0129711 ]
 [-0.00131285 -0.0015481  -0.02063265  0.01585472  0.00999298 -0.00024475 -0.00838512  0.00348422  0.00885459  0.0133678   0.00792231  0.00646948  0.00057477  0.00913881 -0.06657696  0.00069474  0.0116141  -0.00633475 -0.01837751  0.01243937 -0.03749555 -0.00039518 -0.00288999  0.00371796 -0.00501187  0.01608457 -0.00050634  0.00536081 -0.01857949  0.00611105  0.00534166  0.0183118  -0.00311288 -0.00383448  0.01877503  0.01961813 -0.00893628  0.00272985 -0.00412551  0.00359359]
 [ 0.00719331 -0.00727101  0.01519059 -0.0106265   0.00509225  0.03144368 -0.00824248 -0.00554326 -0.00823151 -0.01006799  0.00377654 -0.00592436 -0.00293411  0.00150312 -0.03171203 -0.00520932  0.02144156 -0.00125627 -0.00965005 -0.00758528 -0.00421877 -0.00385384 -0.02295735  0.01057014  0.00134416  0.00109536  0.03831292  0.02641384  0.01071116  0.03660257  0.00624011 -0.01080587 -0.00493241  0.00559065  0.02302891  0.0027629   0.00382523 -0.00315659 -0.01550617  0.01198416]
 [ 0.01296498 -0.01944371  0.0253306  -0.01983799  0.01429274  0.02599681 -0.01699517 -0.01346217  0.00801448 -0.01899346  0.0114486  -0.01491172  0.01240535  0.01326524 -0.02117644 -0.01315184  0.02613466 -0.01491361 -0.02180096 -0.01728473  0.01316689 -0.01201286 -0.02501263  0.01922692  0.01518935  0.01630107  0.01742388  0.02249325  0.0240973   0.01548932  0.01730874 -0.0237266  -0.01417737  0.01424291  0.02058688  0.02650345  0.01414866 -0.02185917 -0.02053718  0.01621639]
 [-0.03266606 -0.00059027  0.00166573  0.00707534 -0.00121422  0.00285935  0.00184692  0.03020439  0.00580092  0.01503173 -0.00148613  0.02525075 -0.0308318   0.00004208 -0.01369868  0.03225713 -0.00622887  0.00014282  0.00442372  0.0098017  -0.01315427  0.03262763 -0.00104268 -0.00106987 -0.0268674  -0.00232688  0.00760207 -0.00186717  0.0010684  -0.00063314 -0.00165556 -0.00034086 -0.0010702  -0.0301721  -0.00735248 -0.00859178 -0.01688997 -0.00201397 -0.0018212   0.00098395]]
Gate values for each environment (all envs): 
 [[0.10103824 0.05857809 0.14929266 0.00004389 0.1306952  0.10455784 0.12296919 0.12956527 0.08871238 0.11454727]
 [0.10786963 0.03506174 0.13931414 0.00005001 0.11241627 0.10862183 0.13852347 0.15847243 0.10200121 0.09766924]
 [0.15287709 0.07090393 0.11532608 0.00007605 0.17057951 0.1100916  0.07221933 0.12759188 0.11201598 0.06831855]
 [0.12109502 0.11721296 0.10076548 0.00003429 0.09358967 0.11258353 0.13989824 0.09335674 0.05428118 0.16718286]
 [0.12342772 0.10635521 0.11561926 0.00003444 0.13219622 0.11035882 0.1077622  0.10921912 0.07989061 0.11513645]
 [0.1117139  0.02626714 0.14532731 0.00005342 0.12362639 0.09745462 0.1196558  0.1708033  0.12902544 0.07607266]
 [0.09577997 0.03789202 0.13985758 0.00003647 0.11727273 0.10651231 0.12971973 0.1686231  0.1025173  0.10178877]
 [0.11122231 0.02152911 0.14874046 0.00005671 0.12671222 0.09116962 0.11261558 0.17756334 0.14282297 0.06756762]
 [0.0931436  0.06862775 0.11364659 0.00002263 0.07191639 0.08608805 0.14587893 0.10830196 0.05240401 0.25997016]
 [0.10687938 0.05175529 0.13391428 0.00003951 0.12469456 0.09944165 0.11937216 0.16091843 0.09721792 0.10576688]
 [0.12057785 0.11684997 0.103485   0.00003178 0.10574853 0.13657519 0.13254471 0.09006868 0.06278491 0.13133338]
 [0.12808579 0.11672352 0.10184588 0.00003856 0.0937137  0.10984354 0.14011575 0.09236645 0.0540462  0.16322064]
 [0.08062311 0.01323335 0.15207173 0.00005698 0.10780189 0.11523143 0.14629076 0.18189146 0.13782488 0.06497449]
 [0.09915329 0.04622414 0.12898664 0.00002864 0.12076866 0.09292983 0.11235624 0.18466216 0.10771519 0.10717525]
 [0.22695832 0.05773587 0.11046804 0.00013365 0.14166892 0.09858906 0.08364902 0.10745866 0.1121007  0.06123783]
 [0.10588638 0.08486526 0.11638361 0.00003359 0.08793268 0.10695207 0.15185392 0.10140474 0.05582025 0.18886751]
 [0.12124725 0.04813829 0.13360801 0.00005095 0.11736209 0.10985391 0.13369492 0.13654941 0.09613349 0.10336171]
 [0.11578737 0.04641867 0.13419324 0.00004879 0.11310951 0.11112825 0.13802204 0.13998553 0.09318955 0.10811715]
 [0.1190197  0.06797428 0.1288104  0.00004431 0.12606709 0.11075401 0.1236566  0.12503774 0.08830196 0.11033385]
 [0.12970063 0.0590365  0.12919182 0.00005127 0.1254881  0.10672756 0.12229601 0.13012618 0.09545153 0.10193032]
 [0.11864202 0.05457365 0.13191754 0.00004827 0.11893181 0.1084305  0.1296296  0.13665114 0.09120664 0.10996888]
 [0.12293865 0.05869374 0.13569005 0.0000536  0.13342877 0.10636771 0.11829124 0.13001609 0.09632307 0.09819721]
 [0.13855782 0.06727032 0.12482907 0.00005271 0.13109466 0.1060323  0.11537836 0.12299807 0.09597586 0.09781084]
 [0.10901562 0.04543982 0.13521735 0.00004464 0.11164247 0.11148855 0.13875255 0.14497411 0.09194555 0.11147928]
 [0.11878429 0.04662772 0.13490626 0.00005033 0.11818849 0.11012348 0.13279174 0.1389499  0.09740186 0.10217594]
 [0.12624294 0.07025925 0.12644331 0.00004839 0.12747546 0.10602394 0.11947375 0.12507693 0.08844208 0.11051393]
 [0.12206943 0.04909853 0.1347402  0.0000507  0.12182143 0.10694931 0.12696749 0.137639   0.09867726 0.10198667]
 [0.11989468 0.0463718  0.1345865  0.00005167 0.11630215 0.11000197 0.13491645 0.13837397 0.09611394 0.10338687]
 [0.10286778 0.05276736 0.13609116 0.00004135 0.11290815 0.10972268 0.13649687 0.1412276  0.08437882 0.12349834]
 [0.12269468 0.06339677 0.13217357 0.00004939 0.12867008 0.10658014 0.12040833 0.12755242 0.09168988 0.10678481]
 [0.1248991  0.06352852 0.12808257 0.00004835 0.12298922 0.10922381 0.12545995 0.12694205 0.08980335 0.109023  ]
 [0.12045963 0.0601938  0.1303185  0.00004724 0.12046526 0.10897143 0.12841994 0.13010623 0.08908966 0.11192831]
 [0.10040556 0.04606333 0.10889625 0.00002454 0.07031907 0.09874374 0.1485459  0.12579195 0.06560882 0.23560074]
 [0.1092367  0.05996023 0.10231105 0.00002395 0.07290646 0.09647496 0.14125603 0.11462007 0.06372286 0.2394876 ]
 [0.12554789 0.00648936 0.14633536 0.00010882 0.12031805 0.10059106 0.09460074 0.16734669 0.21342072 0.0252414 ]
 [0.04425904 0.01656123 0.14906727 0.00002529 0.08039913 0.24513319 0.14610007 0.15925694 0.06813067 0.09106711]
 [0.05154824 0.01456807 0.09846665 0.00003187 0.04268283 0.38525102 0.20922129 0.07063573 0.03963715 0.0879572 ]
 [0.12866431 0.05608492 0.13502465 0.00004709 0.15186681 0.09028997 0.09645999 0.14696103 0.11483741 0.07976393]
 [0.05218225 0.0192953  0.12841883 0.00003386 0.06456821 0.32753938 0.18187752 0.08762625 0.05117344 0.087285  ]
 [0.09545722 0.06757003 0.09724434 0.00001664 0.07436448 0.08714783 0.128556   0.12248646 0.06283429 0.26432276]
 [0.07297789 0.05657319 0.11343335 0.00001218 0.07474925 0.08611913 0.13070637 0.13323957 0.06127972 0.27090943]
 [0.07942201 0.07241452 0.10554808 0.00001205 0.07393212 0.09036374 0.12970486 0.11018338 0.05545416 0.28296512]
 [0.1138249  0.06097081 0.09719545 0.0000241  0.06708849 0.09578893 0.14808342 0.10915694 0.05941301 0.24845387]
 [0.03809217 0.01094774 0.11547557 0.00003132 0.04789371 0.40506643 0.18743253 0.0764518  0.0425063  0.07610246]
 [0.11140389 0.01797354 0.16193451 0.00010204 0.14221033 0.09589517 0.10435417 0.17436688 0.141046   0.05071339]
 [0.12889053 0.00552401 0.14593671 0.00011984 0.1107533  0.09340747 0.09723277 0.17607346 0.21308061 0.02898126]
 [0.10315911 0.06696886 0.13971195 0.00003216 0.20628372 0.06736719 0.0647097  0.15726146 0.1315889  0.06291696]
 [0.11034892 0.00806201 0.14968649 0.00008627 0.14049494 0.09096975 0.07997087 0.1838707  0.2130767  0.02343326]
 [0.02021686 0.00000034 0.00017515 0.97146714 0.00325186 0.00012219 0.0000135  0.00020878 0.00454407 0.        ]
 [0.0457417  0.00000167 0.00084166 0.92670506 0.01055922 0.00058742 0.00008469 0.00087219 0.01460646 0.00000001]
 [0.07948466 0.0000078  0.00154833 0.85907966 0.02942293 0.00065532 0.00008939 0.0016036  0.02810832 0.00000002]
 [0.10627098 0.00051504 0.12933663 0.00416444 0.19872414 0.05594285 0.0386515  0.11987928 0.34591278 0.00060247]
 [0.02547341 0.86152875 0.01207902 0.0000015  0.05214198 0.01078022 0.00423946 0.00700541 0.00566726 0.02108283]
 [0.20942256 0.00054748 0.08855739 0.01425796 0.19863471 0.03795991 0.02369666 0.09730758 0.3293817  0.00023411]
 [0.18910012 0.0001781  0.00746581 0.5381557  0.17087774 0.00135131 0.00021952 0.00750663 0.08514486 0.00000033]
 [0.02565573 0.8580195  0.01254261 0.00000146 0.05126511 0.01028106 0.00448507 0.0073915  0.00574225 0.02461584]
 [0.07059397 0.00000553 0.00145263 0.87235576 0.02611177 0.00067766 0.0000925  0.00147969 0.0272305  0.00000002]
 [0.00735358 0.00150787 0.04687278 0.00000501 0.0063767  0.09136727 0.36626807 0.17652461 0.01158577 0.2921384 ]
 [0.08911987 0.00000818 0.00200309 0.8410269  0.03120778 0.00103531 0.00014783 0.00202794 0.03342327 0.00000003]
 [0.07740826 0.00000921 0.00146747 0.8649878  0.02906114 0.00048191 0.00006992 0.0015237  0.0249905  0.00000002]
 [0.07802932 0.00000749 0.00083422 0.86752427 0.02893135 0.00022798 0.00002762 0.0009433  0.02347461 0.00000001]
 [0.07887304 0.00000738 0.00085022 0.8699462  0.02672839 0.0002543  0.00003127 0.00097261 0.02233656 0.00000001]
 [0.1409138  0.00003198 0.00326575 0.71909744 0.07500517 0.00101701 0.00014592 0.00325244 0.05727046 0.00000006]
 [0.03084526 0.82104695 0.01600166 0.00000164 0.04916821 0.01147827 0.00687277 0.01009142 0.00660674 0.04788706]
 [0.04130229 0.46309897 0.0633007  0.00000465 0.22644743 0.0167441  0.01723322 0.04234205 0.04631098 0.08321567]
 [0.16952823 0.0011514  0.05293315 0.00225484 0.04686958 0.41020197 0.16643175 0.05147345 0.09697904 0.00217657]
 [0.04058493 0.00499691 0.12321668 0.00005898 0.028388   0.15547231 0.47712514 0.04418436 0.03804023 0.08793253]
 [0.03361966 0.50855166 0.05581463 0.00000341 0.2272916  0.01373999 0.01334972 0.03578855 0.04100423 0.07083651]
 [0.12811494 0.00649053 0.11069046 0.00070436 0.09682205 0.25164384 0.20343752 0.0845849  0.10591765 0.01159375]
 [0.01252135 0.8678126  0.01326983 0.00000063 0.04409872 0.00568917 0.00364966 0.00528013 0.00401971 0.0436582 ]
 [0.02617267 0.00584424 0.13110039 0.00002477 0.02954953 0.14810987 0.29612824 0.13562755 0.03438687 0.19305587]
 [0.15174845 0.01339689 0.0825667  0.00026472 0.08239385 0.3599828  0.10674811 0.08858685 0.0863528  0.02795879]
 [0.05426756 0.01947356 0.11591306 0.00002285 0.04239457 0.07660046 0.18412255 0.13485958 0.04294669 0.32939923]
 [0.19728386 0.00016477 0.0763219  0.25880727 0.07888694 0.14959644 0.06634148 0.06172897 0.11080474 0.00006363]
 [0.09922642 0.00067348 0.12593058 0.00838767 0.07780819 0.27847916 0.20220943 0.09942658 0.10629589 0.00156265]
 [0.06203779 0.5449637  0.03996714 0.00000517 0.0547472  0.04181922 0.03390666 0.02396862 0.01264666 0.18593776]
 [0.11801543 0.46188498 0.0508491  0.00001696 0.07386427 0.05908623 0.04793438 0.03377003 0.02089033 0.13368829]
 [0.01045484 0.8694085  0.01474857 0.0000006  0.04747944 0.00594288 0.00347436 0.00499732 0.00390207 0.03959133]
 [0.01320395 0.85522866 0.0142231  0.00000054 0.04388254 0.00582806 0.00378515 0.00616292 0.00436362 0.05332152]
 [0.00988145 0.00549586 0.08243193 0.00000495 0.01165652 0.13768877 0.3822712  0.05946896 0.0117179  0.29938248]
 [0.01043992 0.78991216 0.02033809 0.00000063 0.10453061 0.00330835 0.00320277 0.0092172  0.00911862 0.04993144]
 [0.09300524 0.00049836 0.07094895 0.00016372 0.13933893 0.01533081 0.01513239 0.09408393 0.56984925 0.00164843]
 [0.06601758 0.00169982 0.14821868 0.00105862 0.19146909 0.15927225 0.09897186 0.09814587 0.2319094  0.00323691]
 [0.06059305 0.00235338 0.14004503 0.00050684 0.10614072 0.30646306 0.1745664  0.06937653 0.13124068 0.00871442]
 [0.0574225  0.02780587 0.18112728 0.00006369 0.11461755 0.19429722 0.19340679 0.06320707 0.07061419 0.09743778]
 [0.03426455 0.64428365 0.0295785  0.0000017  0.0504876  0.02450605 0.02092239 0.01953238 0.01040024 0.16602291]
 [0.10369396 0.00036585 0.08626705 0.00110772 0.15469262 0.03753507 0.03068972 0.11085917 0.4740165  0.00077245]
 [0.06961776 0.03964575 0.17053857 0.00004773 0.11750583 0.15099698 0.16802445 0.08521666 0.07392104 0.12448514]
 [0.07037535 0.00120748 0.12661728 0.00070927 0.10154756 0.19516736 0.19753957 0.10451694 0.1945479  0.00777117]
 [0.08215071 0.00037318 0.15438415 0.00195962 0.12475206 0.08145292 0.09385478 0.15270439 0.30615297 0.00221531]
 [0.09588518 0.00694826 0.13805158 0.00013006 0.25557107 0.03001771 0.02338188 0.15241884 0.28973305 0.00786231]
 [0.13780068 0.00503316 0.12950966 0.0001935  0.16921598 0.05376017 0.05014231 0.1481313  0.29590997 0.01030328]
 [0.03871018 0.02284678 0.17258762 0.00002784 0.07302442 0.17070664 0.23085424 0.07688856 0.04891918 0.1654346 ]
 [0.07744974 0.0004389  0.15583932 0.00178505 0.13196692 0.09248891 0.09537549 0.14909644 0.2934499  0.00210932]
 [0.0853781  0.00089209 0.15031222 0.00076467 0.14753376 0.06642549 0.07638565 0.1567581  0.31107476 0.00447516]
 [0.14261036 0.0041294  0.13105741 0.00019274 0.13616571 0.06284431 0.06678951 0.15380622 0.28874248 0.01366189]
 [0.24450937 0.00005061 0.01171696 0.5702873  0.06156345 0.00906303 0.00246395 0.01232188 0.08802173 0.00000175]
 [0.18904492 0.00288293 0.10361824 0.00575667 0.29329315 0.06052038 0.02814823 0.08179352 0.23451237 0.00042957]
 [0.00674706 0.89359576 0.01133906 0.00000046 0.04679476 0.00316238 0.00216627 0.00351596 0.00302439 0.02965392]
 [0.08881225 0.5945886  0.04667719 0.00001818 0.11638607 0.03879652 0.02307451 0.02704039 0.0203652  0.04424121]
 [0.00954132 0.01253146 0.10863967 0.00000206 0.01634081 0.03615692 0.0918887  0.072152   0.01166414 0.6410829 ]
 [0.08098224 0.67119145 0.02812868 0.00000846 0.07958408 0.02825987 0.01711998 0.01763329 0.01717434 0.05991761]
 [0.22378673 0.0000651  0.00848347 0.5875093  0.08111754 0.00340159 0.0007868  0.00955948 0.08528919 0.00000079]
 [0.0456473  0.00362484 0.12986627 0.00010629 0.04833413 0.22129834 0.2831409  0.1438898  0.06619875 0.05789344]
 [0.2461546  0.00005156 0.01203213 0.56566256 0.06227367 0.00923613 0.00253909 0.0126608  0.08938767 0.00000184]
 [0.01469917 0.84121734 0.01603666 0.00000094 0.04949274 0.00818308 0.00521102 0.00651054 0.00483312 0.05381543]
 [0.01123156 0.21697219 0.05734765 0.00000095 0.04466266 0.02828539 0.06859993 0.03568782 0.01060346 0.52660847]
 [0.06342142 0.00600645 0.1885158  0.00022034 0.14202765 0.09821263 0.13439983 0.2023284  0.14052899 0.02433841]
 [0.00118956 0.0135444  0.01641673 0.00000008 0.00363242 0.00420818 0.02512018 0.0305573  0.00153397 0.90379715]
 [0.31369716 0.00053132 0.06677199 0.0660742  0.17743109 0.04631887 0.01977227 0.07224297 0.23707145 0.00008874]
 [0.21188504 0.00005383 0.00914703 0.6051836  0.07397926 0.00398161 0.00100464 0.01026819 0.08449592 0.00000086]
 [0.21318303 0.00005526 0.00884854 0.6056368  0.07430866 0.00365037 0.00092184 0.01003248 0.08336223 0.00000083]
 [0.22110146 0.02978017 0.11007589 0.00009249 0.08964887 0.12211203 0.1363376  0.10551201 0.10958811 0.07575142]
 [0.15123172 0.00004504 0.0120225  0.642717   0.08426618 0.0037892  0.00105422 0.0134326  0.09144068 0.00000086]
 [0.14661792 0.04790191 0.13167    0.00004344 0.13306558 0.11105767 0.10287723 0.12066989 0.12282775 0.0832686 ]
 [0.10316519 0.04622409 0.07545858 0.00003464 0.06811037 0.3527211  0.14768226 0.08543555 0.05529447 0.06587379]
 [0.04448183 0.01651589 0.15182218 0.00004253 0.0774862  0.30484927 0.16501057 0.10881354 0.05665781 0.07432016]
 [0.22965467 0.00007906 0.00960782 0.55125505 0.09667877 0.00298389 0.00072088 0.01146604 0.09755289 0.0000009 ]
 [0.02655152 0.00534187 0.16723569 0.00004141 0.05947825 0.34847328 0.1508329  0.12696742 0.05607185 0.05900573]
 [0.0309553  0.01060913 0.15982321 0.00003242 0.06977448 0.37136382 0.14991005 0.09473065 0.05179654 0.06100443]
 [0.05491649 0.293151   0.08973452 0.00001087 0.14794296 0.10311653 0.06460781 0.05890895 0.04030924 0.14730164]
 [0.22012949 0.00008596 0.01073189 0.533165   0.11175106 0.0024322  0.00062018 0.01345419 0.10762922 0.00000092]
 [0.0580766  0.02900629 0.14957403 0.00004093 0.09250481 0.26927203 0.1515777  0.10630517 0.0603064  0.08333611]
 [0.07368164 0.27368793 0.11306737 0.00001647 0.2029492  0.04339297 0.0450981  0.07104881 0.05768618 0.11937134]
 [0.03762308 0.02205904 0.17249884 0.00002441 0.08319058 0.25822923 0.1605004  0.1104104  0.05499802 0.10046598]
 [0.17645617 0.00007677 0.01477677 0.5662646  0.11240583 0.00448013 0.00121285 0.01594117 0.10838459 0.00000124]
 [0.16435392 0.00049076 0.16307409 0.01173645 0.11195628 0.11411557 0.07920855 0.15726037 0.19697818 0.00082586]
 [0.04907053 0.02052478 0.17007862 0.00004009 0.09392507 0.2289331  0.14427169 0.14021905 0.0646048  0.08833214]
 [0.08828874 0.02022193 0.152334   0.00005367 0.11143568 0.08743949 0.12391311 0.21890597 0.11362524 0.08378218]
 [0.10617949 0.03997521 0.13733442 0.00004593 0.10951295 0.10965283 0.14199862 0.15275237 0.0942758  0.10827236]
 [0.11882848 0.04490022 0.13406043 0.00005163 0.11455269 0.10860969 0.1361973  0.1425787  0.09592109 0.10429971]
 [0.11068559 0.03775067 0.13788837 0.00005138 0.11228254 0.10613446 0.13784748 0.15744548 0.09849924 0.10141483]
 [0.10800562 0.03538359 0.13928536 0.00004884 0.1115577  0.10689746 0.13827938 0.15941793 0.10141053 0.09971368]
 [0.07047544 0.018116   0.15334873 0.00004258 0.09888362 0.08676217 0.12998359 0.24444257 0.09980495 0.09814031]
 [0.10205458 0.02651312 0.15368696 0.00006498 0.14087422 0.07647277 0.10023113 0.20152496 0.12688276 0.07169453]
 [0.0918728  0.01657225 0.1543949  0.0000678  0.10915115 0.08740041 0.12578014 0.21942881 0.11839461 0.07693715]
 [0.11438783 0.03876642 0.13836126 0.00005127 0.11732113 0.10630459 0.1325055  0.15278368 0.10355321 0.09596502]
 [0.08946437 0.01496231 0.15593931 0.0000682  0.10422073 0.09011609 0.13294405 0.21700077 0.11770178 0.07758231]
 [0.10338376 0.03037404 0.13987586 0.00005061 0.10643865 0.10914502 0.14335325 0.16826092 0.10106012 0.09805788]
 [0.07723429 0.02541313 0.15094994 0.00003571 0.1396972  0.07120709 0.09195164 0.24613845 0.1272986  0.07007398]
 [0.0876489  0.04983944 0.15031837 0.00003022 0.11984194 0.11484698 0.12953074 0.14627029 0.08937988 0.11229318]
 [0.10602681 0.02765347 0.14075975 0.00005394 0.10899887 0.10572641 0.13787228 0.17396194 0.10828625 0.09066035]
 [0.10618345 0.02809589 0.14227228 0.00005298 0.11155234 0.10444506 0.13612148 0.1715056  0.1104474  0.08932341]
 [0.07416996 0.01672521 0.15342584 0.00004519 0.10813601 0.07473103 0.1127511  0.26320547 0.11398978 0.08282046]
 [0.16500837 0.00325773 0.12040758 0.00174138 0.09551063 0.19866517 0.16374241 0.12498695 0.12044393 0.00623588]
 [0.2319558  0.00010697 0.04595527 0.24745207 0.15273711 0.01985886 0.00851909 0.04949362 0.24390894 0.00001224]
 [0.224833   0.00009882 0.04593498 0.2636905  0.14973779 0.02134847 0.00880223 0.04867301 0.2368706  0.00001048]
 [0.04767606 0.04921723 0.16122365 0.00001285 0.07185668 0.0658825  0.12305912 0.11344551 0.04511574 0.32251075]
 [0.07456727 0.07887872 0.14210616 0.00001877 0.09005724 0.08251311 0.12029996 0.11244188 0.05408894 0.24502805]
 [0.02298608 0.02077887 0.13606545 0.00000529 0.04081065 0.042561   0.102051   0.14729731 0.03154775 0.45589656]
 [0.09024239 0.00555915 0.17366984 0.00028116 0.12685452 0.1123907  0.12028345 0.18966454 0.15403874 0.02701546]
 [0.14265478 0.00093616 0.11128817 0.0051735  0.16569625 0.15432653 0.0639407  0.10559901 0.24965504 0.00072988]
 [0.02464208 0.01789817 0.11249368 0.00000926 0.03198515 0.11989033 0.25517312 0.08995812 0.02556685 0.32238322]
 [0.16808508 0.00005344 0.01810426 0.5641623  0.10039663 0.00620717 0.00196261 0.01998618 0.12104071 0.00000169]
 [0.10922219 0.00771564 0.16486609 0.00019931 0.17061223 0.07356374 0.06939001 0.18295719 0.20009057 0.02138305]
 [0.15772511 0.00005041 0.0153855  0.60090894 0.09475864 0.00501633 0.00150192 0.01697835 0.10767361 0.00000124]
 [0.00439861 0.05252729 0.05521236 0.00000038 0.02692242 0.01133489 0.03759443 0.04867318 0.00894608 0.75439036]
 [0.24442716 0.00014563 0.03125646 0.31278667 0.16636026 0.010785   0.00371643 0.03543673 0.19507942 0.00000628]
 [0.00622905 0.0045281  0.06255332 0.00000173 0.00961119 0.02723081 0.14726806 0.12185927 0.0105207  0.6101977 ]
 [0.02434722 0.01495799 0.12221341 0.00001665 0.04314382 0.3678628  0.21652953 0.06820731 0.0282984  0.1144229 ]]
        Validation Criterion: 0.03517220
        Saving best model so far ...
15:16:56      Epoch:   0      Batch:   0      OuterStep: 120      LossModel: 1.21077251     LossTerm2: 0.00000000     LossGates: 0.00000000      Time/Step(s): 55.2452Contributing envs to the losses:  [ 24  26  16  27 130  17  23 136 129  19  20 131   9 132  21  31   1  30  22  29   6  18  28  37 138  25   0 141  46 142  13 134   5 128 140  32 135 137   4 139  33  44 114 133  39 112]
Gate kernel values:  [[ 0.01512419 -0.01095695 -0.00424781  0.00424526  0.02253655 -0.00040271 -0.01799806 -0.01295899  0.02518299  0.00717765  0.0244294  -0.01659726  0.02632373  0.02308089  0.06682678 -0.01755857  0.01285514 -0.02559718 -0.01389197 -0.00381124 -0.00355169 -0.02076123 -0.01724697  0.01506674  0.01066477  0.02188966  0.01010928  0.01361689 -0.00289248  0.00088348  0.0152153   0.0103677  -0.02313991  0.01528521  0.02267312  0.01314721  0.01669779 -0.00529936 -0.02490218  0.02281539]
 [ 0.00298149 -0.01368968  0.02223181 -0.03082609  0.00187122 -0.01230445  0.00463811 -0.01773264  0.00914895 -0.02838924  0.0016362  -0.01036877  0.00054284  0.00338532  0.03311303 -0.0007943   0.00427475 -0.01068018 -0.00030956 -0.02961477  0.02097734  0.00228157 -0.01243707  0.01197199  0.02316145 -0.00235229 -0.03208324  0.00997421  0.02479931 -0.02237259  0.01281314 -0.02796716 -0.01407184  0.01283277  0.0072257   0.01238223  0.02551649  0.02031181  0.00218667  0.00562565]
 [ 0.00907307 -0.01607372  0.02113842 -0.0174374   0.00944401  0.02668907 -0.01283686 -0.0087729  -0.00189398 -0.01491678  0.00564963 -0.01090344  0.0043823   0.00756826 -0.05701191 -0.00808366  0.00216304 -0.00738271 -0.02025217 -0.01045426 -0.00490352 -0.00633986  0.00031083  0.01248748  0.00771481  0.01236885  0.02657103  0.0010833   0.02143953  0.0180111   0.01123929 -0.02136507 -0.0093517   0.01049502  0.00267434  0.02241638  0.0099313  -0.02640041 -0.00372087  0.00481611]
 [ 0.05302085 -0.01776253 -0.00680362  0.0013404   0.03364994  0.01844477 -0.03147529 -0.05001577  0.04552172 -0.00400302  0.03673334 -0.04803663  0.020642    0.03592987  0.02875166 -0.05529804  0.01801841 -0.0317563  -0.02413718 -0.00634945 -0.06810276 -0.05629456 -0.01486094  0.01853395  0.01045261  0.03518472  0.02460659  0.01767494 -0.00353129  0.0293257   0.02068311  0.00307937 -0.02467646  0.04847218  0.02286246  0.01231425  0.00668126 -0.0143217  -0.02779113  0.02778314]
 [ 0.02136256 -0.01967796  0.03552936 -0.04134652  0.00937291  0.02124222 -0.01072387 -0.02526452  0.00436688 -0.03961141  0.00684871 -0.0209035   0.0141828   0.00896582 -0.02803336 -0.02010644  0.02240937 -0.01073197 -0.01769349 -0.03193354  0.01304414 -0.01741881 -0.02182008  0.01767977  0.02688771  0.01074955  0.00363359  0.02017797  0.03934059  0.00797968  0.01778922 -0.04575448 -0.01276062  0.02303089  0.01474634  0.02385704  0.0219696  -0.02039062 -0.01263529  0.012162  ]
 [ 0.01046355 -0.01999111 -0.02983362  0.00773374  0.00730735  0.00110527 -0.01458431 -0.00719543 -0.00161294  0.00094334  0.0123728  -0.00593018  0.00863034  0.0069024  -0.07053655 -0.01016829  0.01484596 -0.00887806  0.00121921  0.00406828 -0.02060798 -0.01133134 -0.01152197  0.01879456  0.00843097  0.00205326 -0.01792401  0.00978113 -0.02022562 -0.00587038  0.02017062  0.01634801 -0.01560998  0.00915184 -0.00310514  0.00753404  0.00154222 -0.02224816 -0.00912698  0.01297005]
 [-0.00131311 -0.00155069 -0.02063756  0.01585202  0.00999324 -0.00025115 -0.00838578  0.00348307  0.00886038  0.01336391  0.00792328  0.00646921  0.00058017  0.00914038 -0.06657755  0.00069616  0.01160531 -0.00633791 -0.0183791   0.01243197 -0.03749056 -0.00039689 -0.00287902  0.00371731 -0.00500864  0.01608729 -0.00051239  0.00534699 -0.01858176  0.00610216  0.00534396  0.01831334 -0.00311674 -0.00383321  0.01876641  0.01962198 -0.00892595  0.00272834 -0.0041193   0.00359094]
 [ 0.0071938  -0.00727054  0.01519148 -0.01062748  0.00509209  0.03144318 -0.00824189 -0.00554511 -0.00823106 -0.01006869  0.00377606 -0.00592538 -0.0029311   0.00150233 -0.03171069 -0.00521057  0.02144163 -0.00125574 -0.00964969 -0.00758656 -0.00421407 -0.0038564  -0.02295663  0.01056998  0.00134673  0.00109489  0.03831228  0.02641417  0.01071119  0.03660263  0.00623992 -0.01080612 -0.00493164  0.00559229  0.02302986  0.00276289  0.00382744 -0.00315361 -0.01550509  0.01198288]
 [ 0.01295965 -0.019444    0.02533266 -0.0198383   0.0142919   0.02599668 -0.01699475 -0.01345895  0.00801432 -0.01899251  0.01144757 -0.01490926  0.01240124  0.0132646  -0.02117561 -0.01314669  0.02613417 -0.01491337 -0.02180056 -0.01728524  0.01317258 -0.01200555 -0.02501283  0.01922657  0.01518748  0.01630033  0.01742376  0.02249263  0.02409909  0.01548853  0.01730781 -0.02372716 -0.01417647  0.0142396   0.02058592  0.02650342  0.01414954 -0.02185882 -0.02053689  0.01621594]
 [-0.03265733 -0.00059409  0.00165095  0.00708767 -0.00121161  0.0028648   0.00184506  0.03020087  0.005798    0.01503731 -0.00148439  0.02525015 -0.03082251  0.00004467 -0.01370157  0.03224707 -0.00621917  0.00014088  0.00442047  0.00981788 -0.0131591   0.03261792 -0.00105816 -0.00106466 -0.02687105 -0.00232462  0.00760583 -0.00184947  0.00105573 -0.0006282  -0.00165155 -0.00032811 -0.00107314 -0.03016846 -0.00734151 -0.00858663 -0.01690354 -0.00202888 -0.00182731  0.00098909]]
Gate values for each environment (all envs): 
 [[0.09791889 0.05628276 0.15348154 0.00004422 0.13275582 0.10605486 0.12298982 0.13153021 0.08982453 0.10911735]
 [0.09923757 0.03199587 0.1442726  0.00004863 0.11276481 0.11100523 0.13961473 0.16496989 0.10249222 0.09359848]
 [0.18198094 0.07031363 0.10799127 0.00009462 0.16207393 0.10989475 0.07224382 0.11986706 0.11161412 0.06392588]
 [0.14252856 0.12294165 0.1030949  0.00004603 0.11039741 0.10894253 0.12429324 0.09421699 0.06289601 0.13064265]
 [0.11640733 0.1070641  0.11955052 0.00003265 0.13731949 0.11386332 0.10580266 0.11005221 0.08044355 0.10946427]
 [0.10479151 0.02463642 0.14963982 0.00005183 0.12346051 0.09875216 0.12067076 0.17503196 0.12897184 0.07399326]
 [0.09269314 0.03533348 0.14381066 0.00003777 0.11704851 0.11184539 0.13294798 0.16687901 0.1028307  0.0965734 ]
 [0.10406523 0.01989664 0.15479955 0.00006007 0.14656319 0.08184613 0.09441482 0.18794712 0.15848944 0.05191791]
 [0.0845801  0.06103279 0.10964785 0.00002009 0.06173242 0.08918604 0.1579575  0.10526578 0.04688556 0.28369185]
 [0.10526571 0.04972901 0.13793476 0.00004146 0.12979719 0.10012035 0.11704937 0.162235   0.1005194  0.0973077 ]
 [0.12016504 0.11643763 0.10628567 0.00003342 0.11217172 0.1379769  0.12986088 0.09125599 0.06554367 0.12026905]
 [0.13764793 0.10886323 0.10340631 0.00004594 0.09480614 0.11438372 0.14303863 0.09344959 0.05641495 0.1479436 ]
 [0.07334056 0.01246964 0.15569824 0.00005209 0.10532659 0.11568435 0.14854811 0.18947501 0.13442063 0.06498463]
 [0.0999646  0.04433025 0.13299309 0.00003141 0.12507069 0.09575203 0.11199136 0.18103167 0.11126828 0.09756661]
 [0.27659565 0.05310972 0.09932595 0.00017136 0.1223887  0.09925521 0.08648594 0.09861557 0.10623688 0.05781502]
 [0.1274685  0.09789961 0.12345347 0.00004857 0.12165353 0.10277121 0.12460778 0.10275549 0.07131537 0.12802653]
 [0.11599325 0.04575686 0.13776897 0.00005094 0.11930304 0.11174463 0.13403054 0.13943432 0.0974216  0.0984958 ]
 [0.1102424  0.04389885 0.13847214 0.00004863 0.11455142 0.11340304 0.13897216 0.14295495 0.09416711 0.10328931]
 [0.11624676 0.06603754 0.13187402 0.00004474 0.12811081 0.112418   0.12387413 0.1264352  0.08940821 0.10555066]
 [0.12631528 0.05662898 0.131452   0.00005193 0.12642312 0.10963652 0.12370028 0.13163128 0.09634364 0.097817  ]
 [0.11386362 0.05208938 0.13527547 0.00004796 0.11946495 0.11103463 0.13133751 0.13901484 0.09161159 0.10626013]
 [0.11666039 0.05608359 0.13970704 0.00005214 0.13381219 0.10865996 0.11987162 0.13307466 0.09640823 0.09567008]
 [0.14191888 0.0650513  0.12409078 0.00005593 0.12943634 0.10883868 0.11734907 0.12299602 0.09635319 0.09390985]
 [0.10366027 0.04298805 0.13920814 0.00004423 0.11277457 0.11339243 0.13965014 0.14895163 0.09273886 0.10659172]
 [0.11456368 0.04500886 0.13987546 0.00005115 0.12466619 0.10940623 0.1283755  0.14298308 0.10125376 0.09381604]
 [0.12357241 0.06754688 0.12853487 0.00004894 0.12734425 0.10926136 0.12167395 0.12643915 0.08875842 0.10681973]
 [0.11383634 0.04655406 0.14060679 0.00004949 0.12678051 0.10708912 0.12460539 0.14361297 0.10131848 0.09554687]
 [0.11457427 0.04400674 0.13873474 0.00005159 0.11792337 0.11203232 0.13554351 0.14116359 0.09722187 0.09874798]
 [0.09253937 0.04743806 0.14161193 0.00003904 0.111262   0.11461144 0.14089078 0.14878169 0.0835129  0.11931287]
 [0.11865511 0.06092352 0.13553701 0.00004955 0.13015479 0.10908923 0.12141003 0.12932809 0.09254967 0.10230308]
 [0.12183628 0.06140846 0.13041578 0.00004886 0.12435734 0.11208872 0.12656453 0.12841493 0.09068936 0.10417562]
 [0.11619619 0.05790358 0.13360707 0.00004724 0.12216163 0.11145254 0.12928826 0.13241585 0.09002163 0.10690603]
 [0.09692381 0.04702685 0.10340241 0.00002171 0.06366303 0.0969294  0.15039796 0.11295164 0.0602572  0.268426  ]
 [0.10171445 0.05875223 0.09750219 0.00002053 0.0654388  0.0944963  0.1438995  0.10851704 0.05836584 0.2712932 ]
 [0.13378908 0.00542601 0.14462    0.00014183 0.11665402 0.10556381 0.09803955 0.1539498  0.22003113 0.02178488]
 [0.05290781 0.01616812 0.14461166 0.0000358  0.08056838 0.27919543 0.1525166  0.12861916 0.06975467 0.0756224 ]
 [0.05310856 0.01399647 0.09916329 0.00003623 0.04491427 0.39666125 0.20388235 0.07033978 0.04162095 0.07627689]
 [0.1402932  0.05803642 0.13524239 0.00005433 0.15085697 0.09892578 0.10114472 0.12581559 0.11370382 0.07592677]
 [0.05658249 0.01677963 0.12445529 0.00004411 0.06465116 0.33283338 0.18782176 0.0881719  0.05437047 0.0742898 ]
 [0.09366778 0.06810584 0.0908245  0.00001515 0.06781185 0.08478261 0.12900959 0.11369542 0.05878243 0.2933048 ]
 [0.06456686 0.05278208 0.10466988 0.0000095  0.06154008 0.08320138 0.1345108  0.12373591 0.05231918 0.32266426]
 [0.06938952 0.06644978 0.09912559 0.00000947 0.06174154 0.08755522 0.13351817 0.10407044 0.04787354 0.33026677]
 [0.10552793 0.05865024 0.09196436 0.00002053 0.05885399 0.09423853 0.15215689 0.10352734 0.05352079 0.28153947]
 [0.04105492 0.0099465  0.11396033 0.00003995 0.05004178 0.41356754 0.18630747 0.07645521 0.04574009 0.06288625]
 [0.11783163 0.01814918 0.16609827 0.00010891 0.13368568 0.10497388 0.1145447  0.15626948 0.1347874  0.05355078]
 [0.12794836 0.00440679 0.14840457 0.00013964 0.09824901 0.09921242 0.11053216 0.17334366 0.20708226 0.0306812 ]
 [0.1097604  0.06934792 0.14192732 0.0000353  0.20483705 0.07334994 0.06837252 0.13999215 0.13030054 0.06207686]
 [0.11211926 0.00725973 0.15152809 0.00009551 0.13621669 0.09347189 0.08266566 0.17883989 0.21505894 0.02274432]
 [0.01915521 0.00000035 0.00015153 0.97294563 0.00326079 0.00009502 0.00000993 0.00018198 0.00419954 0.        ]
 [0.04308208 0.00000159 0.00076491 0.93097734 0.01016906 0.00051539 0.00007213 0.00079474 0.01362276 0.00000001]
 [0.07699602 0.00000817 0.00141835 0.86200744 0.0304226  0.00054763 0.00007119 0.00147169 0.02705695 0.00000002]
 [0.16710857 0.00056423 0.11207552 0.00584619 0.16824795 0.05838377 0.04189559 0.11169324 0.33354053 0.00064442]
 [0.02339759 0.8683576  0.01146976 0.00000133 0.05150649 0.00987539 0.0038326  0.00661126 0.00540803 0.01953998]
 [0.31052166 0.00056137 0.06780124 0.01763936 0.16573748 0.02871603 0.0189952  0.08087154 0.30894962 0.00020657]
 [0.19361061 0.00017776 0.00662882 0.5543264  0.15869136 0.00118242 0.00018868 0.00689277 0.078301   0.0000003 ]
 [0.02420428 0.8628649  0.01212826 0.00000134 0.05080517 0.00970749 0.00419934 0.00711977 0.00556328 0.02340626]
 [0.06751724 0.00000562 0.0013377  0.87640154 0.02661446 0.00057837 0.00007558 0.00136213 0.02610746 0.00000001]
 [0.00446655 0.00149748 0.03095447 0.00000147 0.00346212 0.05458048 0.26008362 0.12393524 0.00633319 0.51468545]
 [0.08567233 0.00000842 0.00188864 0.8447004  0.03226003 0.00090973 0.00012429 0.00190439 0.03253194 0.00000003]
 [0.07447004 0.00000951 0.00130375 0.86955065 0.02939638 0.00038751 0.00005336 0.00136184 0.02346697 0.00000002]
 [0.07659109 0.00000804 0.00075524 0.86886346 0.03012609 0.00018435 0.00002134 0.00086024 0.02259018 0.00000001]
 [0.07703312 0.00000788 0.00077172 0.87187    0.02774597 0.00020755 0.00002435 0.00088811 0.02145134 0.00000001]
 [0.13848563 0.00003147 0.00293737 0.7296473  0.07165921 0.00088721 0.00012382 0.00296842 0.05325956 0.00000005]
 [0.0305308  0.8213777  0.01601262 0.0000016  0.04881608 0.01149134 0.00690372 0.01011388 0.0065664  0.04818595]
 [0.0403367  0.4909706  0.05845136 0.0000042  0.21442589 0.0160488  0.0163841  0.03907112 0.04301921 0.081288  ]
 [0.16825865 0.00124532 0.05151371 0.00198058 0.04358045 0.4274138  0.16677567 0.04840559 0.08847685 0.00234947]
 [0.06186258 0.00474973 0.09757311 0.00009744 0.02430636 0.15487257 0.50565577 0.03861194 0.03792454 0.07434598]
 [0.03268178 0.533258   0.05170402 0.00000312 0.21790273 0.01300523 0.01247237 0.03301495 0.03843992 0.06751777]
 [0.14116414 0.00509755 0.09498491 0.00129927 0.09930529 0.2785139  0.18460028 0.07879908 0.10983617 0.00639935]
 [0.01278529 0.86696047 0.01342826 0.00000065 0.04406095 0.00581496 0.00372576 0.00532156 0.0040506  0.04385153]
 [0.01774038 0.00528921 0.109901   0.00001102 0.01954553 0.12176611 0.27831104 0.11754104 0.02365512 0.30623955]
 [0.1762389  0.01225894 0.07794768 0.00035614 0.08663209 0.33919993 0.1032406  0.08596789 0.09596819 0.02218966]
 [0.04760813 0.01772987 0.10841923 0.00001836 0.03569202 0.07242831 0.18685181 0.12861712 0.03714845 0.36548662]
 [0.16484174 0.00014176 0.08012868 0.29554075 0.09285941 0.12779307 0.05455101 0.06286697 0.1212303  0.00004632]
 [0.08462077 0.00075221 0.13152727 0.00837176 0.08156254 0.27792552 0.21713388 0.09945333 0.09710931 0.00154334]
 [0.07166224 0.52569383 0.04282745 0.00000683 0.05734659 0.04696278 0.0373402  0.02527453 0.01381993 0.17906561]
 [0.12823421 0.40355784 0.05525571 0.00002013 0.06867643 0.06916021 0.05994987 0.03703671 0.0214207  0.15668821]
 [0.01081295 0.867614   0.01503493 0.00000063 0.04734845 0.00614636 0.00360665 0.00507064 0.00394784 0.04041751]
 [0.01477156 0.84546924 0.01517384 0.00000064 0.04334126 0.00658417 0.00435573 0.00653715 0.00453627 0.05923019]
 [0.01323343 0.00522913 0.09838516 0.00001079 0.0164601  0.17636025 0.42734182 0.07000985 0.01636682 0.17660262]
 [0.010607   0.7881261  0.02067878 0.00000064 0.10494845 0.00338305 0.00327787 0.00936898 0.00923233 0.05037684]
 [0.08923298 0.00052185 0.07521605 0.00014807 0.13865073 0.01642888 0.01640808 0.10054875 0.5609705  0.0018741 ]
 [0.07247163 0.00132083 0.13690777 0.00144661 0.1785432  0.16415629 0.10387751 0.09530797 0.24315669 0.00281146]
 [0.07832971 0.00208379 0.15102634 0.00079734 0.1459616  0.24567413 0.11564223 0.06211348 0.19209123 0.00628019]
 [0.05660013 0.02427724 0.1802408  0.00007197 0.1089633  0.19574462 0.2097862  0.06056981 0.07025666 0.09348924]
 [0.03884705 0.6386599  0.03173949 0.00000215 0.05500299 0.02717174 0.02243825 0.02091244 0.0115923  0.1536337 ]
 [0.09799093 0.00040113 0.09156085 0.00098664 0.15721232 0.04022999 0.03237484 0.11802077 0.46037373 0.00084884]
 [0.07503366 0.03598977 0.16087873 0.00005942 0.10631928 0.16005595 0.19256224 0.07935527 0.07146996 0.11827575]
 [0.06969184 0.00118793 0.12274185 0.00072596 0.10159705 0.19900998 0.20049042 0.10418994 0.1934432  0.00692185]
 [0.0805262  0.00038106 0.15579906 0.00194263 0.12966155 0.0795737  0.08896904 0.15221833 0.3088588  0.00206963]
 [0.09618809 0.00733809 0.13705367 0.00013387 0.26677927 0.02976486 0.02188822 0.14555456 0.28821918 0.00708022]
 [0.14469132 0.00398264 0.14051817 0.00023354 0.12668276 0.07042193 0.0792491  0.15575227 0.26186424 0.01660409]
 [0.03340349 0.0195046  0.14948136 0.00002125 0.05050632 0.15901746 0.26769787 0.0664279  0.03693353 0.21700612]
 [0.07648537 0.00041882 0.1562598  0.00185437 0.12947182 0.09691034 0.09738042 0.14914796 0.29001927 0.00205186]
 [0.0835103  0.00080389 0.15267931 0.00075874 0.13975824 0.06607577 0.08023419 0.16034406 0.31097886 0.00485665]
 [0.1423385  0.00352248 0.13958102 0.00021486 0.11259627 0.07548467 0.08887044 0.15747719 0.26162687 0.01828771]
 [0.24673334 0.0000546  0.01160297 0.5640698  0.06501599 0.00850101 0.00225756 0.01220748 0.08955565 0.0000017 ]
 [0.18820827 0.00311135 0.1048606  0.00536492 0.30166298 0.05568145 0.02600297 0.08116422 0.2334963  0.0004469 ]
 [0.00686419 0.8927105  0.01150956 0.00000048 0.04678822 0.0032327  0.00222227 0.00356369 0.00305177 0.03005666]
 [0.07568584 0.62682366 0.04314928 0.00001317 0.10746516 0.03518916 0.02140846 0.02542144 0.0180224  0.04682145]
 [0.01172519 0.01430798 0.13954785 0.00000307 0.02330377 0.04320636 0.1005642  0.08964262 0.0159464  0.56175256]
 [0.07293627 0.6971555  0.02566327 0.00000701 0.0753481  0.02557612 0.01520239 0.01593992 0.01557445 0.05659704]
 [0.22664452 0.00007002 0.00790267 0.58620477 0.08320418 0.00293226 0.0006563  0.00901931 0.08336522 0.00000071]
 [0.04641705 0.00486417 0.16825727 0.00010957 0.08733001 0.18689601 0.17778425 0.18456572 0.09777219 0.04600384]
 [0.24856578 0.0000555  0.01190387 0.55952615 0.0655762  0.00867351 0.00233055 0.01253529 0.09083136 0.0000018 ]
 [0.01499265 0.84091413 0.01619267 0.00000098 0.04969    0.00830132 0.00526352 0.00652639 0.00487429 0.05324401]
 [0.00920048 0.27666527 0.04423662 0.00000056 0.03855269 0.02237184 0.05386988 0.02728814 0.00811109 0.51970345]
 [0.05207035 0.0047674  0.18773784 0.0002013  0.19172378 0.07539428 0.08574385 0.2067601  0.18281943 0.01278165]
 [0.00155021 0.01849544 0.02102463 0.00000011 0.00546334 0.00495378 0.02706768 0.03748546 0.00214492 0.8818144 ]
 [0.3170224  0.00054592 0.06570891 0.06714429 0.17935628 0.04629073 0.01910339 0.06990974 0.23483421 0.00008405]
 [0.21482512 0.00005836 0.00866997 0.6025566  0.07641079 0.00352458 0.00086359 0.00983381 0.08325643 0.0000008 ]
 [0.21618254 0.00005986 0.00837781 0.60297924 0.07667808 0.00322261 0.0007909  0.00960541 0.08210275 0.00000077]
 [0.18064465 0.03706217 0.11889053 0.00006919 0.12050108 0.12047404 0.11569715 0.11233725 0.12545577 0.06886817]
 [0.15776984 0.00005533 0.01143115 0.62749535 0.09378408 0.0031458  0.00083122 0.01298694 0.09249945 0.00000079]
 [0.18003333 0.04408985 0.1191882  0.0000536  0.10604654 0.12397365 0.11962231 0.1070995  0.11018488 0.08970822]
 [0.09860209 0.04109816 0.07168142 0.00003605 0.063581   0.3832906  0.14987181 0.08030684 0.05261869 0.05891334]
 [0.04590189 0.01529485 0.15330644 0.00004925 0.0796764  0.30237064 0.16630189 0.1109831  0.05951209 0.06660344]
 [0.22938561 0.00008193 0.00856385 0.56127226 0.09557661 0.00246774 0.00057305 0.01038767 0.09169056 0.00000076]
 [0.02763989 0.00466479 0.1622734  0.00004895 0.05589141 0.3497843  0.16469786 0.1249825  0.05581867 0.05419821]
 [0.03568297 0.00904217 0.15369019 0.00004668 0.06995797 0.37108818 0.15808232 0.09517194 0.0564827  0.05075489]
 [0.04997404 0.24988659 0.09772412 0.00000957 0.13589466 0.10595146 0.07085965 0.06558146 0.03961858 0.18449983]
 [0.22073852 0.0000911  0.00931086 0.5444531  0.11113835 0.00190392 0.00046115 0.01192325 0.09997912 0.00000075]
 [0.06093657 0.0244085  0.1533327  0.0000498  0.09014085 0.25765142 0.15985036 0.11140379 0.06339396 0.07883202]
 [0.07084662 0.24932371 0.11871298 0.00001503 0.18426493 0.04595776 0.0509086  0.07639218 0.05579891 0.14777921]
 [0.04374343 0.01977988 0.17789531 0.00003603 0.09324995 0.24146257 0.16045737 0.11722557 0.06493882 0.08121108]
 [0.1823906  0.00008914 0.01320149 0.5639576  0.11747872 0.00355817 0.00090758 0.0145772  0.10383843 0.00000106]
 [0.1501726  0.00048605 0.16930977 0.01063235 0.10188143 0.14062665 0.09516148 0.15172644 0.17901406 0.00098922]
 [0.05554241 0.02170821 0.16951346 0.00004841 0.09530245 0.24741241 0.14927123 0.1146773  0.06487562 0.08164849]
 [0.08038893 0.01932862 0.15444365 0.00004751 0.10654523 0.08890519 0.12820594 0.22728711 0.10882244 0.08602531]
 [0.10142333 0.03809973 0.14131019 0.00004563 0.11068536 0.11178727 0.1429286  0.15526702 0.09494829 0.10350471]
 [0.11366323 0.04279456 0.13803571 0.00005141 0.11577889 0.11096652 0.1373468  0.14471643 0.09666439 0.09998205]
 [0.10475256 0.03591839 0.14179529 0.00005012 0.11268718 0.10811385 0.13926123 0.16074629 0.0985859  0.09808926]
 [0.10237247 0.03384183 0.14332056 0.00004766 0.11257236 0.10837615 0.13886236 0.16269855 0.10181041 0.09609757]
 [0.06385206 0.01679247 0.15467687 0.00003849 0.09520684 0.08583771 0.13096815 0.2579407  0.0966863  0.09800044]
 [0.09422482 0.02487284 0.15713541 0.00006035 0.13885942 0.075872   0.10044092 0.21162549 0.12550914 0.07139958]
 [0.08511586 0.01595255 0.15794359 0.00006268 0.10953293 0.08595176 0.12400671 0.22819734 0.11780991 0.07542668]
 [0.10761627 0.0366354  0.14262299 0.00004988 0.11805862 0.10783287 0.13337484 0.15716507 0.10396684 0.09267718]
 [0.08134056 0.01534592 0.16043273 0.0000582  0.10778429 0.08457273 0.12588167 0.22990073 0.11772734 0.07695594]
 [0.09550556 0.02746764 0.14510305 0.00005023 0.10975421 0.10812759 0.13935071 0.17945714 0.10419901 0.09098486]
 [0.06961793 0.02428308 0.1530027  0.00003094 0.13312069 0.07167542 0.09488638 0.258904   0.12155125 0.07292755]
 [0.06376121 0.04253097 0.15418944 0.00001991 0.10481336 0.11882579 0.14103465 0.1742688  0.07846948 0.12208645]
 [0.09894302 0.02552537 0.14500245 0.0000529  0.11110996 0.10459176 0.13519174 0.18362063 0.11040545 0.08555675]
 [0.08846932 0.02331776 0.14475228 0.00004492 0.10087404 0.10614327 0.14585225 0.19261241 0.10359256 0.0943412 ]
 [0.05919962 0.01485475 0.1515173  0.00003315 0.09818455 0.06968215 0.11172392 0.30349335 0.10433544 0.08697582]
 [0.16235793 0.0031246  0.11865148 0.00175577 0.09340516 0.20259629 0.16641249 0.12616414 0.11941464 0.00611752]
 [0.24310482 0.00013305 0.04799451 0.2282415  0.15824851 0.02181741 0.00906469 0.05162286 0.23975834 0.00001434]
 [0.22079396 0.00010053 0.04577767 0.27072528 0.15163893 0.02150046 0.00848916 0.04837249 0.23259178 0.0000098 ]
 [0.03764422 0.0428372  0.15046655 0.00000872 0.05660251 0.06112043 0.1238267  0.10758316 0.03648775 0.38342285]
 [0.0573937  0.07137738 0.13249367 0.00001131 0.06968217 0.07503837 0.11875916 0.10844337 0.04288178 0.32391903]
 [0.02192703 0.01801399 0.13787033 0.00000547 0.0372207  0.04703131 0.11404423 0.14752343 0.02986803 0.44649553]
 [0.07216982 0.00460515 0.19224845 0.00020584 0.10202557 0.11786301 0.17483875 0.16854684 0.13314964 0.03434693]
 [0.18449397 0.00097098 0.09949505 0.00751944 0.1658369  0.13907784 0.05354667 0.10009611 0.24845123 0.00051176]
 [0.01940305 0.01577482 0.10451691 0.0000061  0.0255395  0.1087761  0.24459054 0.08523329 0.02076571 0.37539402]
 [0.1703893  0.00005968 0.0165283  0.56672823 0.10436728 0.00512872 0.00154369 0.01854259 0.11671071 0.00000146]
 [0.11926688 0.01024413 0.13816608 0.00017423 0.23531102 0.04736476 0.03343051 0.1707298  0.23439108 0.0109215 ]
 [0.15998071 0.00005724 0.01392907 0.6027294  0.09907047 0.00409671 0.00115923 0.0156271  0.10334895 0.00000105]
 [0.00754436 0.12081641 0.09172849 0.00000074 0.07831758 0.01441473 0.03533365 0.07154587 0.01981347 0.56048465]
 [0.21262468 0.00013631 0.03470159 0.29443637 0.18840764 0.01066125 0.00365901 0.03866601 0.21670103 0.0000062 ]
 [0.00704643 0.00565857 0.08194351 0.0000021  0.0146708  0.0280631  0.1380056  0.1490224  0.01451699 0.56107044]
 [0.02513926 0.01144477 0.10852706 0.00001993 0.03548193 0.37572894 0.24210152 0.06545598 0.02653637 0.10956433]]
        Validation Criterion: 0.05479562
15:26:17      Epoch:   0      Batch:   0      OuterStep: 130      LossModel: 0.05202790     LossTerm2: 0.00000000     LossGates: 0.00000000      Time/Step(s): 55.1814Contributing envs to the losses:  [ 68 144  65  71  74 150 103  47  34  44  12 107  97   7  45 126 151 112   5  36  91 154  43  88  66  90 141 114  95 135 115  14   1  38  82 138 142 119  37  35   6 136 132  84 124  13]
Gate kernel values:  [[ 0.01503965 -0.01093729 -0.00424731  0.00424282  0.02253274 -0.00041069 -0.01799363 -0.01289146  0.02517373  0.00721114  0.02442564 -0.01653015  0.02632603  0.02307639  0.0668139  -0.01749916  0.01285093 -0.02559125 -0.01388747 -0.00377911 -0.00354579 -0.0206757  -0.01724182  0.01505833  0.01063635  0.02188655  0.01010159  0.01360617 -0.00288382  0.00087455  0.01520908  0.01036957 -0.02313173  0.01521792  0.02266562  0.01314539  0.01670448 -0.00528612 -0.02490085  0.02281117]
 [ 0.00298005 -0.01366584  0.02223233 -0.03082658  0.0018703  -0.01230575  0.00463902 -0.01773223  0.00914923 -0.02838942  0.00163537 -0.01036817  0.00053957  0.00338448  0.03311371 -0.00079256  0.0042729  -0.01067943 -0.00030846 -0.02961559  0.02097789  0.00228364 -0.01243318  0.01196923  0.02316145 -0.00235313 -0.03208422  0.00996966  0.0247997  -0.02237373  0.01280969 -0.02796748 -0.01407092  0.0128321   0.00722379  0.01237771  0.02551717  0.02032647  0.00218768  0.00562452]
 [ 0.00907061 -0.01607245  0.02113848 -0.01743823  0.00944336  0.02668868 -0.01283658 -0.00877072 -0.00189452 -0.01491683  0.00564932 -0.01090063  0.0043803   0.00756764 -0.0570127  -0.00808086  0.00216262 -0.00738178 -0.02025126 -0.01045402 -0.00490411 -0.00633626  0.00031176  0.01248649  0.00771345  0.0123681   0.02657086  0.00108272  0.02144019  0.018011    0.01123861 -0.02136613 -0.00935057  0.01049249  0.0026733   0.02241467  0.00992987 -0.02639977 -0.00372059  0.00481575]
 [ 0.05304269 -0.01776515 -0.00680533  0.0013416   0.03365063  0.01844584 -0.03147597 -0.05005733  0.04552251 -0.00401651  0.03673403 -0.04807013  0.02064528  0.03593057  0.02875266 -0.05538583  0.01801922 -0.03175707 -0.02413793 -0.0063649  -0.06810368 -0.05632436 -0.01486198  0.01853527  0.01047088  0.03518535  0.02460762  0.01767673 -0.00353837  0.02932686  0.02068427  0.00307935 -0.02467781  0.04850758  0.02286383  0.01231484  0.00667848 -0.01432436 -0.02779164  0.02778393]
 [ 0.02136389 -0.01967568  0.03552742 -0.04134628  0.00937329  0.02124147 -0.01072373 -0.02526344  0.00436589 -0.03960875  0.00684923 -0.02090111  0.01418722  0.00896603 -0.02803545 -0.02010827  0.02240916 -0.01073169 -0.01769318 -0.03192917  0.01304243 -0.01742259 -0.02181934  0.01767911  0.02688685  0.01074976  0.00363295  0.02017728  0.03933938  0.00797938  0.0177894  -0.04575375 -0.01276051  0.02302989  0.01474603  0.02385677  0.02196903 -0.02038959 -0.0126354   0.01216195]
 [ 0.01045122 -0.0199904  -0.02983208  0.00773244  0.007308    0.00110826 -0.0145863  -0.00717958 -0.00161626  0.00094459  0.01237176 -0.00591855  0.00861759  0.00690141 -0.07054014 -0.01015603  0.01484864 -0.00887532  0.00121654  0.00406883 -0.02060668 -0.01130975 -0.01152226  0.01879425  0.0084213   0.00205368 -0.01791899  0.00978192 -0.02022282 -0.00586655  0.02016829  0.01634585 -0.01560408  0.00913751 -0.00310178  0.00753449  0.00153823 -0.02225357 -0.00912795  0.01296946]
 [-0.00135052 -0.00154524 -0.02063681  0.01585469  0.0099864  -0.0002542  -0.00838136  0.00350697  0.00885708  0.01336824  0.00791679  0.00649532  0.00055025  0.00913413 -0.066579    0.00073123  0.01160013 -0.00633187 -0.01837226  0.0124374  -0.03748515 -0.0003482  -0.00287165  0.00370995 -0.00502753  0.01608074 -0.00051737  0.00533955 -0.01858227  0.00609763  0.00533769  0.01831196 -0.00310546 -0.00385988  0.01875545  0.01961354 -0.00894528  0.00273748 -0.0041143   0.00358471]
 [ 0.00721736 -0.00727086  0.01519238 -0.01062984  0.0050939   0.03144145 -0.00824169 -0.0055632  -0.0082287  -0.01007106  0.00377806 -0.00593882 -0.0029122   0.00150513 -0.03170871 -0.00523188  0.02143785 -0.00125886 -0.00965202 -0.0075894  -0.00421754 -0.00388623 -0.02295517  0.0105705   0.00135749  0.00109802  0.03831265  0.02641181  0.01071297  0.03660279  0.00624207 -0.01080662 -0.004936    0.00560936  0.02303026  0.002766    0.00383802 -0.00315206 -0.01550405  0.01198419]
 [ 0.01294925 -0.01944525  0.02533555 -0.01983728  0.01429008  0.0259968  -0.01699401 -0.01345275  0.008014   -0.01899065  0.01144523 -0.01490506  0.01239102  0.01326286 -0.0211741  -0.01313687  0.02613406 -0.01491247 -0.02179966 -0.0172851   0.01318282 -0.01199195 -0.02501326  0.01922622  0.01518276  0.01629869  0.01742294  0.02249208  0.02410065  0.01548701  0.0173063  -0.02372724 -0.01417372  0.01423344  0.02058384  0.0265038   0.01414789 -0.02185781 -0.02053592  0.01621434]
 [-0.03265061 -0.00060799  0.00164517  0.0070893  -0.00120923  0.00286591  0.00184301  0.03019576  0.00579896  0.0150355  -0.00148171  0.02524453 -0.03077431  0.00004697 -0.01370176  0.03223823 -0.00621332  0.00013722  0.00441932  0.00981874 -0.01315954  0.03260763 -0.00106857 -0.00105648 -0.02686523 -0.00232371  0.00760472 -0.00183958  0.00105159 -0.00062785 -0.00164325 -0.00032409 -0.00108382 -0.03016249 -0.00733593 -0.00858218 -0.01690059 -0.00203657 -0.00183059  0.00099352]]
Gate values for each environment (all envs): 
 [[0.09454083 0.05585728 0.1552548  0.00004192 0.13679455 0.10213716 0.11935004 0.13581173 0.09205329 0.1081585 ]
 [0.09614293 0.0307094  0.14623035 0.00004812 0.11483337 0.1099609  0.1381746  0.16739582 0.1048274  0.09167719]
 [0.19895305 0.06887724 0.10284132 0.00010419 0.15491816 0.1092746  0.07335913 0.11705684 0.11141808 0.06319738]
 [0.09366973 0.1175763  0.11709706 0.00002745 0.11636903 0.10644859 0.12603386 0.10700883 0.0612468  0.15452239]
 [0.11499146 0.114058   0.11782502 0.00002998 0.13849339 0.11257228 0.10272972 0.1079808  0.07966949 0.1116498 ]
 [0.10102873 0.02392721 0.15051559 0.00004947 0.12385962 0.09752228 0.12017881 0.17810105 0.1303125  0.07450475]
 [0.09278759 0.03493903 0.14498007 0.00003838 0.11886641 0.11228745 0.13290453 0.16340287 0.10472549 0.09506816]
 [0.09991174 0.01904117 0.15406556 0.00006024 0.16295946 0.07181297 0.08014716 0.19660163 0.17244792 0.04295214]
 [0.06284725 0.04533862 0.09789757 0.00001384 0.04214993 0.0924109  0.18373154 0.09502085 0.03474743 0.3458421 ]
 [0.1038479  0.04928051 0.13908054 0.00004105 0.13240486 0.09922649 0.11577911 0.1620312  0.10246644 0.0958418 ]
 [0.11117546 0.12269891 0.10703085 0.00002755 0.11029141 0.1362852  0.12714182 0.09053385 0.06291687 0.13189805]
 [0.14202735 0.10829226 0.10245151 0.00004733 0.09487438 0.10963646 0.14213662 0.09424162 0.05745437 0.14883818]
 [0.06952795 0.01235217 0.15583204 0.00004708 0.10441384 0.1133243  0.14980379 0.19413833 0.13382816 0.06673236]
 [0.10092582 0.04404823 0.13450608 0.0000323  0.12803358 0.09646903 0.11157057 0.1750588  0.11416284 0.09519272]
 [0.33373886 0.04795078 0.08613084 0.00021332 0.10111823 0.09843159 0.09031955 0.08780682 0.09803025 0.05625978]
 [0.1999005  0.08512865 0.10853233 0.00009277 0.11358505 0.10117138 0.1200832  0.09668215 0.07745889 0.09736512]
 [0.10901743 0.0441452  0.14001563 0.00004746 0.12022834 0.11031621 0.13370028 0.14484356 0.09830304 0.09938274]
 [0.10563862 0.04313099 0.1401553  0.00004612 0.11515584 0.112914   0.13943765 0.14455491 0.09459942 0.10436717]
 [0.1153358  0.06732884 0.12989196 0.00004308 0.12791234 0.11300097 0.12474568 0.12580231 0.0892989  0.10664016]
 [0.12565611 0.05845069 0.12966712 0.00005013 0.12769091 0.10996111 0.12346531 0.13017337 0.09680738 0.09807786]
 [0.1090776  0.05168091 0.13628866 0.00004489 0.11926718 0.11095189 0.13254675 0.14031415 0.09133709 0.10849094]
 [0.10928989 0.05463389 0.14318615 0.00004804 0.13570344 0.10670136 0.11907167 0.13738492 0.09727229 0.09670834]
 [0.14526817 0.06663609 0.12058216 0.00005571 0.1279827  0.10948615 0.11838326 0.1209364  0.09613962 0.09452973]
 [0.09947909 0.04236462 0.14054792 0.00004178 0.11326929 0.11243504 0.13980986 0.1513033  0.09309708 0.10765205]
 [0.10964905 0.04464294 0.14256266 0.0000488  0.13006121 0.10613986 0.12406079 0.14698267 0.10439029 0.09146164]
 [0.12182022 0.06684459 0.12653993 0.000047   0.12482595 0.11058751 0.12440698 0.12749952 0.08807912 0.10934921]
 [0.10910714 0.04635191 0.14300776 0.00004703 0.1311226  0.10468242 0.12157363 0.14648329 0.10364464 0.09397954]
 [0.10757555 0.04262939 0.14103293 0.00004791 0.11840771 0.11114466 0.13598637 0.14541487 0.09762198 0.10013869]
 [0.08934143 0.04757744 0.14326106 0.00003661 0.11129173 0.11389536 0.14090149 0.14704369 0.08321624 0.12343497]
 [0.11289932 0.06036272 0.13833116 0.00004642 0.13418964 0.10616007 0.11870172 0.13329358 0.09445051 0.101565  ]
 [0.11720381 0.06104212 0.13141455 0.00004632 0.12624022 0.11160544 0.12625298 0.13054505 0.09159823 0.10405137]
 [0.10944598 0.05676128 0.13547122 0.00004336 0.12148099 0.11118356 0.13094075 0.13504376 0.08945023 0.11017882]
 [0.09479254 0.0538096  0.10597225 0.00002022 0.06728258 0.09534209 0.14625211 0.10132188 0.06035886 0.2748479 ]
 [0.09951989 0.06278835 0.09692428 0.00001926 0.06679496 0.09267637 0.14149445 0.10318024 0.05823704 0.27836508]
 [0.14046118 0.00374941 0.14348747 0.00018746 0.09614559 0.10799034 0.1189878  0.14599471 0.21819004 0.02480611]
 [0.04418573 0.01687903 0.14485952 0.00002529 0.07369509 0.30766186 0.15007557 0.11802994 0.06036161 0.08422634]
 [0.04803421 0.01329057 0.09315965 0.00003154 0.04072597 0.42653474 0.2019818  0.06411745 0.03744715 0.0746769 ]
 [0.13669556 0.06139215 0.13824308 0.00005356 0.16110179 0.10060007 0.09893135 0.11516308 0.11610393 0.07171545]
 [0.04860383 0.01884367 0.12959136 0.00003165 0.06495949 0.34679073 0.17590402 0.08440346 0.05014323 0.08072857]
 [0.0926774  0.07082578 0.09054549 0.00001469 0.06973369 0.08352703 0.12721668 0.11166164 0.05965939 0.29413825]
 [0.06360596 0.05380908 0.10451719 0.00000909 0.06204595 0.08205808 0.13285208 0.12245218 0.05240123 0.3262492 ]
 [0.06579842 0.06497015 0.09797683 0.00000869 0.05946968 0.08649906 0.134745   0.10266623 0.04629428 0.34157163]
 [0.09867487 0.05781866 0.09074886 0.00001839 0.05666133 0.09335041 0.15398918 0.10206251 0.05153269 0.29514313]
 [0.03805795 0.01091069 0.12004276 0.00003269 0.05115196 0.40623558 0.18197207 0.07718913 0.04463624 0.06977092]
 [0.20420235 0.02702142 0.11425157 0.0001486  0.12314308 0.10559037 0.10881677 0.13700125 0.1323025  0.04752208]
 [0.11163372 0.0075721  0.15242721 0.00010038 0.1512236  0.08188751 0.0675998  0.18501143 0.22308184 0.01946248]
 [0.11222935 0.07403782 0.14217198 0.00003557 0.21029678 0.07510671 0.06826707 0.12643442 0.13075285 0.0606675 ]
 [0.11542691 0.00709971 0.14900474 0.0000988  0.13570778 0.0968395  0.08268313 0.17325987 0.21840842 0.02147107]
 [0.01813467 0.00000039 0.00012701 0.9741203  0.00349053 0.00006587 0.00000627 0.00015392 0.00390109 0.        ]
 [0.03904305 0.00000142 0.0006594  0.93778324 0.00926576 0.00043186 0.00005814 0.0006907  0.01206647 0.00000001]
 [0.07436194 0.00000939 0.00127363 0.86225957 0.0339186  0.00041256 0.00004915 0.00132148 0.02639367 0.00000001]
 [0.3414251  0.00053305 0.07296616 0.01022533 0.11207005 0.0517228  0.03897518 0.0833137  0.2882151  0.00055345]
 [0.02175394 0.8735291  0.01099715 0.00000119 0.05074447 0.00919235 0.00356081 0.00632516 0.005194   0.01870189]
 [0.35797158 0.00051889 0.05401146 0.02236965 0.1622197  0.02085981 0.01307667 0.06635148 0.30249128 0.00012945]
 [0.19471774 0.00018808 0.00581057 0.5636607  0.15562843 0.00095566 0.00014526 0.00624893 0.07264432 0.00000025]
 [0.022917   0.86685187 0.01176906 0.00000123 0.0501383  0.00922185 0.00399481 0.00690277 0.00539564 0.02280744]
 [0.06373736 0.00000603 0.00120981 0.87969095 0.02847902 0.00045706 0.00005546 0.00122907 0.02513529 0.00000001]
 [0.00433291 0.00147857 0.0301297  0.00000136 0.00331844 0.05294245 0.25586116 0.1204714  0.00608929 0.52537465]
 [0.08160555 0.00000935 0.0017703  0.84618634 0.03567296 0.00074466 0.00009389 0.00177029 0.03214668 0.00000002]
 [0.07121203 0.00001058 0.00111107 0.8730596  0.03125256 0.0002762  0.00003473 0.00117112 0.0218719  0.00000001]
 [0.07613657 0.00000974 0.00067757 0.8655229  0.0343845  0.00013429 0.00001436 0.00077772 0.02234235 0.        ]
 [0.07690368 0.00000978 0.00070787 0.8673714  0.03243664 0.00015432 0.00001666 0.000818   0.02158184 0.00000001]
 [0.13497692 0.00003258 0.00265939 0.73626655 0.07204263 0.0007438  0.00009897 0.00271798 0.05046117 0.00000005]
 [0.02990141 0.8218878  0.01592803 0.00000153 0.04806132 0.01139809 0.00693324 0.01009192 0.00647152 0.049325  ]
 [0.04242025 0.49284792 0.05802152 0.00000427 0.20001319 0.01719232 0.01811278 0.03930771 0.04174123 0.09033876]
 [0.16017652 0.00133616 0.05472483 0.00173415 0.0458342  0.42788082 0.16603695 0.04937026 0.09036087 0.00254528]
 [0.07754495 0.00503625 0.09362558 0.00012746 0.02626847 0.1611521  0.48376572 0.04049608 0.04275026 0.06923316]
 [0.03357218 0.53193754 0.05174611 0.00000325 0.21880357 0.01311422 0.0125517  0.0328776  0.03889191 0.06650191]
 [0.13450752 0.005321   0.0928832  0.00112667 0.09073065 0.29965582 0.19914132 0.07031351 0.09919706 0.00712326]
 [0.01304426 0.86545104 0.01354404 0.00000067 0.04351619 0.00593925 0.00384384 0.00535656 0.00405447 0.04524979]
 [0.01804527 0.00505315 0.11289219 0.00001212 0.01997734 0.1268608  0.29031864 0.11933105 0.02427448 0.28323498]
 [0.18240945 0.0115622  0.0736033  0.00039937 0.08960504 0.34392592 0.09732518 0.08262528 0.10022823 0.01831605]
 [0.04284306 0.01619595 0.10541794 0.00001612 0.03221017 0.07151368 0.19275834 0.12546329 0.03405517 0.37952626]
 [0.16238715 0.00014693 0.08352213 0.28125226 0.09450878 0.13022733 0.05758569 0.06627624 0.12404167 0.00005185]
 [0.07137776 0.00068406 0.13040963 0.00625103 0.0642776  0.2865524  0.26168594 0.0959921  0.08063167 0.00213785]
 [0.07781854 0.497068   0.04484563 0.00000792 0.05619857 0.05125723 0.04174287 0.02634206 0.01426899 0.1904502 ]
 [0.13195923 0.36137238 0.05915223 0.00002218 0.06606236 0.0759083  0.06944112 0.03982763 0.02195762 0.17429695]
 [0.0111725  0.86560696 0.01525062 0.00000065 0.04674843 0.00633062 0.003762   0.00512063 0.00396622 0.04204135]
 [0.01623217 0.8367158  0.01586553 0.00000073 0.04232657 0.0072342  0.00489275 0.00677857 0.00463496 0.0653189 ]
 [0.01304371 0.00529403 0.09618433 0.00000998 0.01583271 0.17577231 0.42554435 0.06867559 0.01576799 0.1838749 ]
 [0.01084119 0.78567374 0.02104643 0.00000065 0.10415915 0.00349315 0.00342657 0.00955799 0.00931075 0.05249043]
 [0.09165451 0.00044396 0.07703639 0.00016154 0.12605748 0.0175806  0.01893374 0.10151487 0.564473   0.00214397]
 [0.07655469 0.00118094 0.12699914 0.00168208 0.1786406  0.1570087  0.10325146 0.09522665 0.25707594 0.00237976]
 [0.07973409 0.00199457 0.14858118 0.00079491 0.15764287 0.23177306 0.10007895 0.06089859 0.21275377 0.00574801]
 [0.0643295  0.0235385  0.1797969  0.00009027 0.11236706 0.17839588 0.21462129 0.06070102 0.07604022 0.09011938]
 [0.04233303 0.65106773 0.03225478 0.00000258 0.05999652 0.02769143 0.02169361 0.02087976 0.0125012  0.1315794 ]
 [0.1032205  0.00033405 0.09501091 0.00113287 0.13739704 0.04469674 0.04013468 0.12055054 0.4564679  0.00105473]
 [0.04031698 0.03415118 0.189231   0.00003122 0.10907991 0.1450177  0.19476603 0.08084752 0.06409074 0.1424678 ]
 [0.06982969 0.0011794  0.12327064 0.00072513 0.11835487 0.17576207 0.17482151 0.10742944 0.22298987 0.00563739]
 [0.08457973 0.0003431  0.15188922 0.00208996 0.12765385 0.07396643 0.08559236 0.14964697 0.32223627 0.00200209]
 [0.08909537 0.00880844 0.13503046 0.00011818 0.29565465 0.02737546 0.01872165 0.1383115  0.28050315 0.00638123]
 [0.13917656 0.0035435  0.14458047 0.0002569  0.12251918 0.07471977 0.08533019 0.15333463 0.25972003 0.0168187 ]
 [0.03973892 0.02462907 0.16275944 0.0000262  0.06802041 0.15532559 0.23799592 0.07075397 0.04640944 0.19434105]
 [0.08258975 0.00036597 0.14982447 0.00220015 0.13008533 0.08952618 0.09047361 0.14412636 0.30901182 0.00179631]
 [0.08546973 0.00065182 0.15124753 0.00085335 0.12648107 0.06754679 0.08815613 0.16002782 0.31437033 0.00519532]
 [0.13786018 0.00317256 0.14358264 0.0002412  0.11006027 0.07908511 0.09448506 0.15322769 0.25990617 0.01837912]
 [0.24790613 0.00006073 0.01157685 0.55489534 0.07096367 0.00783556 0.00200577 0.01216482 0.09258951 0.00000163]
 [0.16765468 0.00326675 0.10491814 0.00461398 0.33747432 0.04303905 0.0202349  0.07772525 0.24066971 0.00040317]
 [0.00692702 0.89219564 0.01157337 0.00000048 0.04640739 0.00326846 0.00226907 0.00358326 0.00305342 0.0307219 ]
 [0.06860902 0.6388103  0.04187289 0.00001058 0.0993419  0.03422997 0.02192389 0.02528573 0.01658077 0.05333497]
 [0.01284578 0.01455916 0.15639758 0.00000376 0.02695402 0.04764555 0.10715074 0.09955835 0.01831687 0.5165682 ]
 [0.07441362 0.6823415  0.02734285 0.00000719 0.07467651 0.02736691 0.01688226 0.0169515  0.01591478 0.06410296]
 [0.22754925 0.00007878 0.0073878  0.58086956 0.08960464 0.00242267 0.00051409 0.00852401 0.08304863 0.00000063]
 [0.03685565 0.00297895 0.14016928 0.00008835 0.04993501 0.24943528 0.23647286 0.16024835 0.06749186 0.05632449]
 [0.24986209 0.00006153 0.01186253 0.5505636  0.07132449 0.00800499 0.00207436 0.01247946 0.09376524 0.00000172]
 [0.01517729 0.8400717  0.01624393 0.00000099 0.04914813 0.00837426 0.00535586 0.00651956 0.0048615  0.05424682]
 [0.00904792 0.2899173  0.04338689 0.00000053 0.03888454 0.02177959 0.05207185 0.02665693 0.00799758 0.5102569 ]
 [0.03831386 0.00212517 0.19343519 0.00018358 0.13844126 0.10134469 0.12738363 0.2099605  0.17575863 0.0130536 ]
 [0.00163563 0.01992252 0.02168649 0.00000012 0.00586272 0.00503944 0.02716614 0.03828149 0.00226672 0.8781387 ]
 [0.2799973  0.00052422 0.07020567 0.07402615 0.19811675 0.04712098 0.01842101 0.07152617 0.23998949 0.00007226]
 [0.21652897 0.00006698 0.00834107 0.59373283 0.08372623 0.00302021 0.00070517 0.00953218 0.08434574 0.00000072]
 [0.21772157 0.0000685  0.00804623 0.5945006  0.08387396 0.00275074 0.00064399 0.00930198 0.08309174 0.0000007 ]
 [0.15695456 0.04050952 0.11941582 0.00005076 0.11778436 0.12915953 0.12349602 0.11093157 0.11919402 0.08250386]
 [0.15733671 0.00006244 0.0099079  0.6328729  0.09814544 0.00234576 0.00057566 0.01152287 0.08722979 0.00000062]
 [0.1611778  0.04867983 0.12644197 0.0000435  0.11298789 0.12477125 0.11709466 0.10309081 0.1101294  0.09558288]
 [0.11128113 0.04754492 0.08698834 0.0000391  0.0830811  0.27274722 0.15239929 0.10719269 0.06924748 0.06947874]
 [0.0411385  0.01823929 0.16987048 0.00003719 0.08918279 0.2834751  0.1486576  0.114769   0.06042734 0.07420264]
 [0.23262912 0.00010047 0.00812181 0.5443958  0.10895166 0.00198294 0.00043214 0.00995815 0.09342724 0.00000068]
 [0.02491166 0.00582425 0.18817908 0.00003288 0.06283855 0.29316074 0.15170947 0.1407705  0.05853889 0.074034  ]
 [0.03209771 0.00991784 0.16483319 0.00003617 0.07141969 0.3538143  0.15519634 0.098708   0.05502287 0.05895384]
 [0.06552241 0.2709193  0.07939426 0.00001046 0.10690061 0.09834688 0.07165684 0.05605723 0.03468155 0.21651039]
 [0.2238323  0.00011232 0.00844179 0.5305161  0.12513328 0.00142659 0.00031956 0.01102586 0.09919164 0.00000062]
 [0.05175706 0.02546878 0.15731707 0.00003737 0.08790936 0.27043903 0.15330328 0.11053427 0.05847457 0.08475915]
 [0.06792285 0.26627812 0.11249394 0.00001263 0.17335494 0.04379932 0.04966789 0.07291126 0.05193232 0.16162685]
 [0.03823938 0.01864613 0.17160611 0.00002988 0.0867264  0.26814538 0.15778345 0.11855403 0.05969974 0.08056954]
 [0.1834092  0.00010402 0.01138207 0.5658058  0.12502705 0.00260132 0.00060734 0.01288511 0.09817735 0.00000082]
 [0.13921475 0.00047694 0.1666867  0.01064369 0.10899921 0.16777514 0.08929108 0.1347906  0.18131265 0.00080927]
 [0.05758571 0.02520715 0.17443915 0.00004621 0.10075467 0.24603109 0.14407037 0.10271789 0.06515923 0.08398847]
 [0.07656406 0.02036851 0.15327278 0.00004067 0.10291944 0.0882662  0.1319337  0.22891223 0.10434626 0.09337608]
 [0.09636832 0.03759962 0.14244159 0.00004215 0.11022484 0.11083017 0.14386663 0.15849085 0.09450168 0.1056342 ]
 [0.10837986 0.04228232 0.13965775 0.00004806 0.11571532 0.11095199 0.13871954 0.14587419 0.09641967 0.1019513 ]
 [0.09937298 0.03550941 0.14313543 0.00004621 0.11186601 0.10798445 0.14107078 0.16263345 0.09773424 0.10064705]
 [0.09688202 0.0334695  0.14468914 0.00004373 0.11181448 0.10803213 0.14051054 0.16495113 0.10095714 0.09865014]
 [0.05922179 0.01649102 0.15303107 0.00003355 0.09124232 0.08419636 0.1328933  0.2670245  0.09309588 0.10277022]
 [0.08783256 0.0243576  0.15782768 0.0000539  0.137277   0.07413103 0.10027603 0.22082756 0.12417302 0.07324362]
 [0.09191773 0.0186562  0.15620309 0.00005954 0.10848661 0.08802685 0.12828006 0.20724714 0.11538254 0.08574025]
 [0.10133293 0.03585111 0.14439552 0.00004588 0.11827279 0.10653181 0.13355976 0.16164583 0.1040663  0.09429804]
 [0.07531822 0.01693292 0.16034517 0.00004599 0.10805232 0.07848343 0.12247878 0.24013919 0.11452232 0.08368175]
 [0.08822976 0.0257466  0.1468214  0.00004629 0.10759071 0.10841776 0.1420349  0.1853496  0.10316237 0.09260066]
 [0.06478573 0.02435264 0.15232635 0.0000267  0.12878244 0.07087272 0.09679086 0.26750317 0.11754033 0.07701913]
 [0.05063912 0.03838615 0.15241852 0.00001417 0.09701151 0.11093091 0.14051227 0.20654254 0.07310633 0.13043842]
 [0.09384981 0.02387114 0.14704488 0.00005139 0.11100142 0.10468307 0.13599142 0.18712005 0.11154693 0.08483992]
 [0.0829599  0.0224519  0.14585061 0.00004143 0.10086547 0.1036273  0.14470558 0.20059934 0.10391351 0.09498502]
 [0.05107519 0.01427232 0.14710984 0.00002547 0.09037504 0.06584139 0.11209691 0.32896867 0.09664501 0.09359019]
 [0.16420652 0.00293783 0.11139308 0.00184323 0.08733616 0.21571423 0.17316811 0.12251477 0.11510532 0.00578078]
 [0.21760942 0.00013841 0.05389443 0.21222405 0.17351413 0.02345314 0.00965902 0.05688946 0.25260222 0.00001571]
 [0.20629667 0.00009088 0.04517872 0.2939464  0.15037435 0.02123527 0.00802174 0.04747473 0.22737293 0.00000837]
 [0.03575626 0.0410671  0.15280154 0.00000822 0.05551623 0.06198219 0.12605435 0.109501   0.03581167 0.38150153]
 [0.05510787 0.07133626 0.13529223 0.00001055 0.07066947 0.07457983 0.11685309 0.11106098 0.04291916 0.32217053]
 [0.02220517 0.01708183 0.14366846 0.00000593 0.03788115 0.05029108 0.12096812 0.15332289 0.03075846 0.42381698]
 [0.07480515 0.00432748 0.18759958 0.00023019 0.10815335 0.1073158  0.16359226 0.18035416 0.14464657 0.02897548]
 [0.20669591 0.00090867 0.09152739 0.00929003 0.16966683 0.12120235 0.04491171 0.09665961 0.2587574  0.00038008]
 [0.01910686 0.0157876  0.11730152 0.00000613 0.02902577 0.10839907 0.23665184 0.09672705 0.02296297 0.35403115]
 [0.16944847 0.00007107 0.01544682 0.5581376  0.11732305 0.00407177 0.00113893 0.01753245 0.11682866 0.00000123]
 [0.158544   0.00776025 0.12397352 0.00020417 0.1789847  0.04854506 0.04046531 0.18374403 0.2438998  0.01387917]
 [0.16070458 0.00006904 0.01259496 0.59761065 0.10961913 0.00316268 0.0008246  0.01438196 0.10103153 0.00000085]
 [0.008504   0.20178512 0.09636349 0.00000072 0.11990783 0.01324606 0.02736707 0.07052505 0.0248211  0.4374796 ]
 [0.17022455 0.00010567 0.0356228  0.29154515 0.21066445 0.0093868  0.0030863  0.03936484 0.23999491 0.00000451]
 [0.00920504 0.00674547 0.10821515 0.00000348 0.02267947 0.03417289 0.14917105 0.18442824 0.02117307 0.46420613]
 [0.01772956 0.01188958 0.09003534 0.00001068 0.02659906 0.47285962 0.21039695 0.04386946 0.01763434 0.1089754 ]]
        Validation Criterion: 0.02585861
        Saving best model so far ...
15:35:36      Epoch:   0      Batch:   0      OuterStep: 140      LossModel: 0.77077782     LossTerm2: 0.00000000     LossGates: 0.00000000      Time/Step(s): 55.2246Contributing envs to the losses:  [  5   7 141 142 135   1 138   6 134 136 112  13 132  24  12  26 131  44  27  16  17  37  23 114 128   9 137 130 129  20  19  21 139 133  46  30  29  31  22  25   0  18  28   2 150  14]
Gate kernel values:  [[ 0.01500311 -0.01092102 -0.00425149  0.00423898  0.02253062 -0.00041743 -0.01799056 -0.01285911  0.02516831  0.00723072  0.02442395 -0.01649117  0.02633673  0.0230739   0.06680418 -0.01747303  0.01284727 -0.02558732 -0.01388443 -0.00375943 -0.00354639 -0.02064001 -0.01723636  0.01505135  0.01062444  0.02188503  0.01009553  0.01359781 -0.00287995  0.00086832  0.01520541  0.01037107 -0.02312725  0.01518337  0.02266044  0.01314325  0.01671371 -0.0052756  -0.02489949  0.0228083 ]
 [ 0.00297917 -0.01364083  0.02223284 -0.03082714  0.00186954 -0.0123068   0.00463992 -0.01773168  0.00914906 -0.02838964  0.00163459 -0.01036772  0.00053711  0.00338376  0.03311402 -0.0007914   0.00427124 -0.01067832 -0.00030765 -0.02961628  0.02097818  0.00228504 -0.01243019  0.01196682  0.02316111 -0.00235376 -0.03208495  0.0099664   0.02480016 -0.02237468  0.01280664 -0.02796794 -0.01406799  0.01283145  0.0072224   0.01237426  0.02551743  0.02033858  0.00218858  0.00562354]
 [ 0.00906301 -0.01607123  0.02113953 -0.01743885  0.00944187  0.02668723 -0.0128351  -0.00876712 -0.00189405 -0.01491707  0.00564828 -0.01089756  0.00437726  0.00756628 -0.05701185 -0.00807416  0.00216071 -0.00738092 -0.02025029 -0.01045497 -0.00490187 -0.00632759  0.00031333  0.01248516  0.00771213  0.01236718  0.02656953  0.00108079  0.02144075  0.01800918  0.0112368  -0.02136638 -0.00934971  0.01048842  0.00267133  0.022414    0.00993174 -0.0263971  -0.00371909  0.00481441]
 [ 0.05305903 -0.01776714 -0.00680615  0.00134215  0.03365107  0.01844662 -0.03147643 -0.05008863  0.04552307 -0.00402599  0.03673448 -0.04809483  0.02064695  0.03593108  0.02875344 -0.05545104  0.01801978 -0.0317576  -0.02413846 -0.00637577 -0.06810436 -0.05634628 -0.01486273  0.01853619  0.01048368  0.03518578  0.02460836  0.01767803 -0.00354263  0.02932769  0.02068502  0.00307903 -0.02467862  0.04853407  0.02286484  0.01231527  0.0066757  -0.01432637 -0.02779195  0.02778445]
 [ 0.02137578 -0.01967332  0.03552352 -0.04134567  0.00937507  0.02124137 -0.01072457 -0.02526782  0.00436543 -0.0396065   0.00685124 -0.02090335  0.01419613  0.00896761 -0.02803857 -0.02011899  0.02240983 -0.01073225 -0.01769397 -0.0319237   0.01303705 -0.01743985 -0.02181894  0.01767895  0.0268877   0.01075129  0.00363347  0.02017752  0.03933666  0.00798056  0.01779067 -0.04575257 -0.01276156  0.02303449  0.01474725  0.02385733  0.02196754 -0.02039021 -0.01263647  0.01216295]
 [ 0.01050271 -0.02000312 -0.02983963  0.00773966  0.00731086  0.00111619 -0.01459291 -0.00720771 -0.00161842  0.00094774  0.01237522 -0.00594378  0.00862723  0.00690304 -0.07054408 -0.01019546  0.01485691 -0.00887833  0.00121479  0.00407599 -0.02061108 -0.01136053 -0.01153082  0.01880436  0.00842846  0.00205352 -0.0179131   0.00979121 -0.02023233 -0.00585598  0.02017713  0.01635165 -0.01561475  0.0091722  -0.00309451  0.00753357  0.00153112 -0.02226721 -0.0091328   0.01297591]
 [-0.00154994 -0.00153059 -0.02061358  0.01585569  0.00995787 -0.00027391 -0.00836162  0.0036294   0.00884561  0.01337668  0.00788594  0.00660475  0.00043587  0.00910757 -0.06657106  0.00091249  0.01157389 -0.00631209 -0.0183569   0.01242724 -0.03742598 -0.00009622 -0.00284514  0.0036855  -0.00508287  0.01606194 -0.00053853  0.00530101 -0.01856419  0.00605948  0.00530799  0.01830661 -0.00306257 -0.00399079  0.01871233  0.01960452 -0.008951    0.00276428 -0.00408987  0.00355635]
 [ 0.00727435 -0.0072741   0.0151838  -0.01063211  0.00510171  0.0314418  -0.00824501 -0.00560156 -0.00822519 -0.01007678  0.00378617 -0.00597048 -0.00287412  0.00151156 -0.03170884 -0.00528433  0.02144199 -0.001264   -0.00965516 -0.00758825 -0.00423192 -0.00396577 -0.02295696  0.01057572  0.00138041  0.00110312  0.03831126  0.02641704  0.01070558  0.03660521  0.0062503  -0.01080494 -0.00494568  0.00564799  0.02303811  0.00277102  0.00384702 -0.00315527 -0.01550581  0.01198681]
 [ 0.01292819 -0.01944607  0.02534124 -0.01983683  0.01428704  0.02599678 -0.01699255 -0.01343948  0.00801396 -0.0189889   0.01144113 -0.01489566  0.01237601  0.01326037 -0.0211711  -0.0131173   0.02613328 -0.01491169 -0.0217985  -0.01728688  0.01320511 -0.01196489 -0.02501454  0.01922519  0.01517516  0.01629624  0.01742257  0.02249115  0.02410464  0.01548493  0.01730346 -0.0237282  -0.0141708   0.0142203   0.020581    0.02650355  0.01414672 -0.0218548  -0.02053561  0.01621329]
 [-0.03264035 -0.00061377  0.00164365  0.00709102 -0.00120739  0.00286977  0.00184089  0.03018798  0.00579924  0.01503757 -0.00147939  0.02523866 -0.03072956  0.00004876 -0.01370251  0.03222575 -0.00620948  0.00013551  0.00441883  0.00982264 -0.01316226  0.03259489 -0.00107362 -0.00105212 -0.02686007 -0.00232308  0.00760813 -0.00183255  0.00105151 -0.0006232  -0.00163891 -0.00032401 -0.00109109 -0.0301543  -0.00733144 -0.00858421 -0.01690244 -0.00205569 -0.00183342  0.00099633]]
Gate values for each environment (all envs): 
 [[0.08842868 0.04984766 0.16114579 0.00004092 0.13407865 0.10188871 0.12523144 0.1396575  0.0924666  0.10721407]
 [0.09374776 0.02843128 0.1477425  0.00004902 0.11153703 0.11260141 0.14721367 0.16377144 0.10446359 0.09044219]
 [0.20258653 0.06322512 0.10377524 0.0001095  0.15172462 0.10776443 0.07561481 0.11941709 0.1137391  0.06204358]
 [0.09448475 0.11430039 0.11238869 0.00002503 0.1042261  0.10224571 0.13272671 0.10559396 0.05774492 0.17626378]
 [0.10812555 0.11171784 0.12124959 0.00002723 0.13702504 0.11447065 0.10449757 0.10928804 0.07886123 0.1147372 ]
 [0.10190544 0.0219262  0.15959218 0.0000598  0.14417304 0.09188926 0.10805601 0.16527657 0.14880455 0.05831689]
 [0.0906914  0.03237839 0.14627545 0.00003908 0.11633593 0.11365559 0.14001353 0.1627256  0.10516231 0.09272274]
 [0.08675894 0.01708044 0.16199408 0.00004931 0.13763016 0.0838545  0.10496885 0.1980883  0.15428293 0.0552925 ]
 [0.06023382 0.0386714  0.09564371 0.00001537 0.03811435 0.10292479 0.21587375 0.08853915 0.03290859 0.3270751 ]
 [0.10129898 0.04588754 0.14051355 0.00004137 0.12990984 0.10028619 0.1216841  0.16332376 0.10307448 0.09398022]
 [0.10384826 0.1252076  0.10980242 0.00002413 0.11045235 0.14503269 0.12529965 0.08872151 0.06111868 0.13049279]
 [0.17467183 0.10984553 0.09827293 0.0000637  0.10023288 0.10275673 0.13555485 0.09039132 0.06257615 0.12563412]
 [0.06746048 0.01254633 0.15837453 0.00004484 0.10980739 0.10530451 0.14763409 0.19747885 0.13912185 0.06222717]
 [0.09800096 0.0404985  0.13620469 0.00003272 0.126754   0.09681062 0.11663735 0.17710929 0.11612142 0.09183046]
 [0.31021586 0.04635978 0.09110671 0.00019848 0.10242651 0.1021295  0.09734529 0.09153171 0.09967161 0.05901452]
 [0.26264635 0.07926771 0.10055083 0.00013995 0.12483743 0.08263694 0.09432699 0.09617405 0.08988191 0.0695378 ]
 [0.0997713  0.03900799 0.14334922 0.0000454  0.11839513 0.10956962 0.13874108 0.15462887 0.09934888 0.09714261]
 [0.10544476 0.04153311 0.1425586  0.00004826 0.11920812 0.11151565 0.13916562 0.14431311 0.09859756 0.09761519]
 [0.11965153 0.06581305 0.12775466 0.00004587 0.12720066 0.11466685 0.12836307 0.1236353  0.09089507 0.1019739 ]
 [0.12697385 0.0576854  0.12842175 0.00005114 0.12600087 0.11261163 0.12904115 0.12634382 0.09699018 0.0958803 ]
 [0.1066151  0.04909444 0.13794096 0.00004512 0.11815427 0.11211298 0.13823666 0.1396306  0.09192277 0.10624719]
 [0.10287715 0.05049146 0.14768957 0.00004625 0.13542235 0.10557971 0.12234297 0.14156397 0.09848444 0.09550209]
 [0.15956028 0.06576049 0.11623339 0.00006262 0.12519476 0.10988958 0.12106223 0.11548459 0.09741371 0.08933828]
 [0.09878198 0.04026513 0.14235541 0.00004338 0.11471389 0.1122002  0.14257605 0.1511834  0.09562682 0.1022538 ]
 [0.11079954 0.04440593 0.14719534 0.00005227 0.14126685 0.10271142 0.11719754 0.14247058 0.11187778 0.0820228 ]
 [0.12268677 0.06302964 0.12736246 0.00004916 0.12482306 0.11133964 0.12705815 0.1277746  0.09030546 0.10557102]
 [0.11216673 0.04666078 0.1452261  0.00005042 0.14003113 0.10214711 0.1164703  0.1417497  0.10993379 0.08556408]
 [0.09832302 0.03769925 0.14424524 0.0000457  0.11578619 0.11100148 0.14232281 0.15412372 0.09799331 0.09845924]
 [0.07491916 0.03904686 0.14084326 0.00002973 0.09040834 0.12093899 0.16578035 0.14956555 0.07245769 0.14601013]
 [0.10372921 0.05339507 0.14382288 0.00004412 0.13051507 0.10650638 0.12593792 0.13895288 0.09431585 0.10278057]
 [0.11227291 0.05697475 0.13488269 0.00004591 0.12623036 0.11191234 0.13086294 0.13235918 0.09288377 0.10157517]
 [0.10355017 0.05238182 0.1391812  0.00004229 0.11993131 0.11169316 0.137027   0.13730854 0.08981457 0.10907001]
 [0.09702379 0.05754422 0.1114721  0.00002159 0.07471625 0.09419855 0.1448312  0.09811853 0.06495872 0.25711504]
 [0.10278025 0.06597722 0.09964645 0.0000208  0.07240162 0.09216979 0.14207797 0.09988281 0.06203955 0.26300353]
 [0.1491157  0.00368209 0.14041457 0.00019668 0.1083372  0.0862484  0.09819583 0.14529772 0.24762957 0.02088232]
 [0.03947088 0.01892449 0.15754353 0.00001978 0.07832584 0.29922646 0.14058584 0.1168852  0.05933361 0.08968448]
 [0.0504016  0.01481171 0.10489337 0.00003267 0.04730361 0.3906879  0.20193787 0.07061482 0.04215036 0.0771661 ]
 [0.13700488 0.06418332 0.13346975 0.00005194 0.16578393 0.09810721 0.09752411 0.11690378 0.11902927 0.06794182]
 [0.04288405 0.02012861 0.14182869 0.00002411 0.06451952 0.31736663 0.18070051 0.087457   0.04800589 0.09708497]
 [0.09507991 0.07098471 0.08966418 0.00001557 0.06995898 0.08447008 0.13363661 0.10683589 0.06058644 0.28876755]
 [0.06576613 0.05452878 0.10454088 0.00000959 0.06249306 0.08361437 0.13855158 0.11679801 0.05312669 0.32057083]
 [0.06715706 0.0637511  0.09938478 0.00000929 0.06044579 0.08860728 0.1420197  0.10181323 0.04759693 0.32921493]
 [0.10136014 0.06075325 0.09367661 0.00001935 0.06224794 0.09130197 0.15121104 0.10324912 0.05562131 0.28055933]
 [0.03789207 0.0130143  0.13930431 0.00002995 0.06164864 0.3686687  0.17199387 0.08474447 0.04979369 0.07290994]
 [0.20152688 0.02583713 0.10946694 0.00013424 0.12909043 0.08340058 0.09117029 0.17273617 0.1422446  0.04439281]
 [0.13360749 0.01166111 0.13970765 0.00011081 0.18476962 0.07828449 0.05006568 0.16717023 0.22170635 0.01291657]
 [0.10654895 0.07376629 0.14268804 0.00003336 0.21848804 0.07167649 0.06613746 0.1293408  0.13449854 0.05682203]
 [0.15581313 0.01078313 0.12985355 0.00012297 0.16962773 0.07894222 0.05497089 0.15448768 0.23199084 0.01340783]
 [0.01765822 0.00000042 0.000116   0.9745558  0.00369193 0.00005396 0.0000047  0.00014224 0.00377685 0.        ]
 [0.03663247 0.00000129 0.00060228 0.94194067 0.00861374 0.0003955  0.00005074 0.00063901 0.01112425 0.        ]
 [0.07209146 0.00000983 0.00118307 0.8643664  0.03515122 0.00035355 0.00003908 0.00123767 0.02556779 0.00000001]
 [0.42517287 0.00045913 0.06079881 0.01227274 0.07864772 0.05612199 0.04769296 0.07412717 0.24406719 0.00063948]
 [0.01946595 0.87912536 0.01053285 0.000001   0.04998329 0.00841422 0.00336133 0.00609648 0.00495204 0.01806751]
 [0.36165154 0.00049066 0.05354172 0.0242639  0.15854274 0.02120847 0.01324361 0.06594235 0.30099127 0.00012373]
 [0.19587971 0.00020133 0.0055287  0.56033283 0.15956026 0.00085625 0.00012347 0.00608746 0.07142976 0.00000023]
 [0.02115636 0.87083626 0.01145248 0.00000108 0.04949589 0.00869116 0.0038929  0.00675352 0.00521936 0.02250105]
 [0.06105593 0.00000611 0.00112239 0.8831892  0.02890995 0.00039812 0.00004502 0.00114908 0.02412421 0.00000001]
 [0.00325458 0.00126107 0.02311712 0.0000008  0.00222685 0.04130427 0.22832748 0.09393658 0.0042285  0.60234284]
 [0.07847535 0.00000952 0.00167178 0.84984535 0.0364237  0.00066586 0.00007838 0.00167998 0.03114997 0.00000002]
 [0.06796981 0.00001057 0.00098482 0.87868464 0.03076375 0.00022763 0.00002652 0.00105406 0.02027814 0.00000001]
 [0.07503957 0.00001046 0.00062049 0.8661983  0.03570679 0.00011163 0.0000111  0.00072331 0.02157836 0.        ]
 [0.0760747  0.00001085 0.00066108 0.86630636 0.03477849 0.00012909 0.00001288 0.0007728  0.02125375 0.        ]
 [0.131011   0.00003188 0.00248277 0.7446817  0.07035449 0.00067682 0.0000857  0.00257131 0.04810441 0.00000004]
 [0.02885408 0.8202617  0.01600891 0.00000141 0.04702777 0.01139764 0.00731656 0.01026883 0.00637833 0.05248468]
 [0.04880981 0.43809623 0.06778309 0.00000597 0.21826863 0.01981759 0.02148284 0.0451582  0.0489346  0.09164304]
 [0.18005541 0.00151694 0.06047426 0.00182693 0.04855947 0.3661248  0.18340214 0.05742633 0.09751133 0.00310228]
 [0.10162611 0.00666029 0.09017145 0.00019556 0.03405784 0.18125832 0.4528397  0.03319259 0.05109888 0.04889922]
 [0.040461   0.46804768 0.06304932 0.00000481 0.23514006 0.01626017 0.01644002 0.03968059 0.04636172 0.0745547 ]
 [0.13680536 0.00524599 0.09454676 0.00112147 0.08986115 0.2807905  0.20912592 0.07356723 0.10132444 0.00761123]
 [0.01321231 0.86373407 0.01361822 0.00000066 0.0425037  0.00603546 0.00406603 0.00535613 0.00403062 0.04744281]
 [0.01972355 0.00713559 0.1315526  0.00001134 0.0288774  0.11111196 0.22020335 0.14358056 0.03135391 0.30644974]
 [0.18513764 0.01077289 0.0736402  0.00040935 0.08636997 0.3290235  0.10731871 0.08544835 0.10251027 0.01936922]
 [0.0386997  0.01968409 0.09698727 0.00001035 0.03226642 0.05385312 0.14319544 0.1185481  0.03223751 0.464518  ]
 [0.175711   0.00015188 0.07867682 0.28728658 0.08695004 0.13233082 0.05814032 0.06393295 0.11676537 0.00005422]
 [0.06811696 0.00066847 0.12704666 0.00607625 0.06321555 0.3041238  0.26010805 0.09029862 0.07830067 0.00204498]
 [0.08290024 0.48412377 0.04562426 0.00000887 0.05524769 0.05354214 0.04486572 0.0261723  0.01447359 0.1930414 ]
 [0.13627948 0.36193213 0.05996883 0.00002438 0.06753182 0.07605232 0.07053995 0.03887505 0.02240148 0.16639459]
 [0.01155896 0.86493087 0.01532031 0.00000069 0.04612406 0.0064275  0.00392773 0.0050626  0.00397543 0.04267186]
 [0.01789597 0.8342849  0.01608832 0.00000085 0.04164639 0.00758773 0.00523903 0.00663303 0.00470349 0.06592025]
 [0.01956045 0.00576294 0.11535619 0.00001429 0.02307959 0.10993514 0.36253032 0.10757711 0.02654897 0.22963499]
 [0.0115049  0.7788754  0.02202668 0.00000072 0.10589807 0.00369488 0.00375513 0.00991099 0.00972502 0.05460812]
 [0.08983273 0.00042935 0.08000041 0.0001574  0.12192884 0.01908484 0.02102852 0.1039528  0.56126964 0.00231551]
 [0.08026724 0.00105106 0.12307722 0.00186418 0.1793196  0.14372055 0.1028031  0.0913725  0.2744214  0.00210325]
 [0.08001677 0.00171379 0.14756969 0.00077656 0.14631602 0.22732921 0.10877987 0.06174482 0.21942884 0.00632447]
 [0.04711352 0.02287712 0.19517769 0.00006603 0.11385646 0.18237129 0.21886393 0.0546862  0.07054036 0.09444734]
 [0.04837199 0.6627693  0.03283111 0.00000343 0.06720549 0.02834121 0.02111379 0.02055191 0.0138756  0.10493624]
 [0.10375936 0.00031467 0.09962158 0.00115937 0.12745965 0.04945    0.04704765 0.1235842  0.44636884 0.00123459]
 [0.04646276 0.03867609 0.1884269  0.00003841 0.12161344 0.15203515 0.1898952  0.07347244 0.06969866 0.11968093]
 [0.07311517 0.00103284 0.12075507 0.00080944 0.12632082 0.15357512 0.1597133  0.10661383 0.25330135 0.00476299]
 [0.07063601 0.00028208 0.15624996 0.00183041 0.13744624 0.06292687 0.07323202 0.1476197  0.34804058 0.00173608]
 [0.14639017 0.00967313 0.14647299 0.00022734 0.20763882 0.05396108 0.04295235 0.14015862 0.23986451 0.01266089]
 [0.12867567 0.00353892 0.1525817  0.00024628 0.11626666 0.08512594 0.09822047 0.15462847 0.24216606 0.01854988]
 [0.03942251 0.02364952 0.18507023 0.00002894 0.08175672 0.14320447 0.21699324 0.07822589 0.05455358 0.17709492]
 [0.06894384 0.00028513 0.15153114 0.00206847 0.1428019  0.07599699 0.07471225 0.14021583 0.34205753 0.00138692]
 [0.08625915 0.00057458 0.1452488  0.00095282 0.13332012 0.06066289 0.07722147 0.15201724 0.3396819  0.00406107]
 [0.12666644 0.00310987 0.15086442 0.00022601 0.10472441 0.08720002 0.10728855 0.15391144 0.24573468 0.02027411]
 [0.24707885 0.00006535 0.01166848 0.54791933 0.07623803 0.00747141 0.00182493 0.01226616 0.09546587 0.00000159]
 [0.18579763 0.00346665 0.10452896 0.00495803 0.31861335 0.04901588 0.02243294 0.07846352 0.23228247 0.00044058]
 [0.00676361 0.8926969  0.01149946 0.00000045 0.04612137 0.00322692 0.00230945 0.00357216 0.00303424 0.03077535]
 [0.05598905 0.67103547 0.03809493 0.00000724 0.09362284 0.03004825 0.01982071 0.02371147 0.01473819 0.05293171]
 [0.01258796 0.01362758 0.16075797 0.00000384 0.02643904 0.04946195 0.11447949 0.10021996 0.01823172 0.5041905 ]
 [0.06825045 0.6864895  0.02718095 0.00000608 0.07184144 0.02694489 0.01746656 0.01706779 0.01524451 0.06950787]
 [0.22623606 0.00008338 0.00714987 0.5787466  0.09367213 0.00219343 0.00044225 0.00833296 0.08314276 0.00000058]
 [0.03161155 0.0018906  0.10210308 0.00007069 0.02844537 0.27389425 0.28017652 0.16520053 0.04865427 0.06795314]
 [0.2481882  0.00006628 0.0120762  0.5428515  0.07718898 0.00770832 0.00190547 0.01267746 0.09733594 0.00000169]
 [0.01476148 0.8406118  0.01615704 0.00000094 0.04879862 0.00826198 0.00546087 0.00650886 0.00482372 0.05461466]
 [0.00791625 0.33270434 0.03672621 0.00000038 0.03541981 0.01893186 0.04618643 0.0223897  0.00677002 0.49295503]
 [0.02807525 0.00150178 0.15015973 0.00013466 0.12817761 0.12587558 0.13422379 0.24783017 0.17551112 0.00851035]
 [0.00174454 0.02191785 0.02228251 0.00000012 0.00634147 0.00509505 0.02793123 0.03864564 0.00241158 0.87363005]
 [0.2822165  0.00062341 0.07117858 0.07233482 0.20300016 0.05250943 0.01884851 0.07180776 0.22740673 0.00007405]
 [0.21868402 0.00007568 0.00843434 0.57975876 0.09213525 0.00281826 0.00062623 0.00970156 0.08776533 0.00000071]
 [0.2191792  0.00007755 0.00818276 0.5800129  0.09298797 0.00256769 0.00057192 0.00950795 0.0869113  0.00000069]
 [0.13448608 0.0409697  0.12615286 0.00004067 0.12583436 0.12265823 0.12181549 0.12000408 0.12271125 0.08532733]
 [0.15473975 0.00006536 0.00930276 0.63596135 0.10114988 0.0020366  0.00047044 0.01098951 0.08528379 0.00000054]
 [0.13900132 0.05314317 0.13087252 0.00003619 0.12998325 0.11806931 0.11088178 0.11237665 0.11759981 0.08803599]
 [0.08887697 0.05650925 0.10129477 0.00002487 0.08819617 0.26470715 0.1434461  0.10766963 0.06511505 0.08416003]
 [0.03447414 0.01650643 0.15545282 0.00002754 0.06806384 0.33314693 0.16382577 0.09659263 0.04709148 0.08481834]
 [0.22951716 0.00010411 0.00767519 0.5479728  0.11149887 0.00175396 0.00036265 0.00954231 0.09157239 0.00000061]
 [0.02309086 0.00595571 0.18013923 0.00002802 0.05687649 0.33445293 0.15143168 0.12161042 0.05145639 0.07495817]
 [0.02625087 0.00989228 0.1627252  0.00002518 0.06119222 0.38365793 0.15801078 0.08699815 0.04523237 0.06601489]
 [0.06521128 0.2851797  0.08115529 0.00001052 0.11749971 0.09233949 0.06748991 0.05611938 0.03673036 0.19826442]
 [0.21833283 0.00011175 0.00761637 0.5450734  0.12349506 0.00120011 0.00025305 0.01015003 0.09376699 0.00000052]
 [0.04448415 0.02329071 0.14573781 0.00002958 0.07039963 0.31672272 0.16639526 0.09443018 0.04729817 0.09121183]
 [0.0713481  0.2925468  0.10839669 0.00001401 0.20631137 0.03844951 0.04030279 0.06812628 0.05736756 0.11713684]
 [0.01763654 0.00954563 0.1064635  0.00000839 0.02469695 0.33284363 0.23747505 0.06983944 0.02188558 0.17960532]
 [0.1835211  0.00011298 0.01049898 0.56584173 0.12972681 0.00218212 0.00047439 0.01216366 0.09547751 0.00000071]
 [0.11872095 0.00050811 0.16739583 0.00899101 0.09826232 0.23796095 0.10091737 0.11634734 0.1500042  0.00089197]
 [0.05218511 0.02540072 0.1684569  0.0000375  0.08877515 0.28506944 0.14492527 0.09005602 0.05626586 0.08882797]
 [0.07399944 0.02004498 0.15273298 0.00003824 0.09793995 0.09066593 0.14267333 0.22586572 0.10066561 0.09537382]
 [0.08183128 0.03110442 0.13911025 0.00003456 0.08705023 0.12093806 0.17770512 0.15509886 0.08036038 0.12676688]
 [0.09941028 0.03629148 0.1382985  0.00004533 0.0994386  0.1196945  0.16649222 0.14237803 0.08785887 0.11009221]
 [0.09550107 0.03333015 0.14389066 0.00004513 0.10735971 0.11040891 0.15130942 0.161412   0.09589948 0.1008435 ]
 [0.09273813 0.03139264 0.14546347 0.00004237 0.10717769 0.11020748 0.15079549 0.16421783 0.09896262 0.09900223]
 [0.05945197 0.01634666 0.1545368  0.00003451 0.09357625 0.08363593 0.13479581 0.26601094 0.09548979 0.09612127]
 [0.08458786 0.02298885 0.15879622 0.00005209 0.13372587 0.0740767  0.10458242 0.22450462 0.12357704 0.07310833]
 [0.08819674 0.016642   0.15585378 0.00005962 0.10486124 0.08677618 0.132306   0.2145887  0.11582264 0.08489307]
 [0.09696744 0.03329792 0.14581037 0.0000449  0.11491902 0.10744374 0.14125751 0.16326019 0.1034971  0.09350177]
 [0.06891316 0.01703331 0.15945457 0.00003832 0.10232691 0.07677294 0.12924393 0.24884132 0.10871466 0.08866092]
 [0.08538163 0.02372566 0.14775911 0.00004654 0.10502013 0.10904624 0.14897752 0.18637067 0.10330342 0.090369  ]
 [0.06247554 0.02366831 0.15245244 0.00002509 0.12385594 0.07148477 0.10290051 0.2697195  0.11503211 0.07838586]
 [0.04306565 0.03501882 0.14817923 0.00001099 0.08786218 0.10449722 0.14404735 0.23066619 0.06788453 0.13876788]
 [0.09726059 0.02561353 0.15128629 0.00005409 0.12955567 0.091243   0.11878029 0.18703145 0.12509264 0.0740824 ]
 [0.0915259  0.02612251 0.14972524 0.00004502 0.12192304 0.08888244 0.123572   0.19645226 0.11904369 0.0827079 ]
 [0.04924245 0.01363635 0.14627972 0.00002435 0.08656809 0.06620346 0.11834566 0.33139232 0.09444425 0.09386332]
 [0.16288704 0.00291948 0.11151513 0.0017985  0.08726283 0.20977046 0.17398675 0.1274138  0.11651448 0.00593156]
 [0.21359986 0.00013829 0.05315109 0.21340634 0.1777836  0.02269279 0.00892668 0.0565699  0.2537171  0.00001426]
 [0.20241031 0.00009373 0.04903165 0.27373227 0.15431996 0.02364702 0.00885655 0.0516411  0.23625772 0.00000965]
 [0.03408422 0.0376115  0.15106574 0.0000079  0.05106336 0.06349713 0.13576221 0.10717623 0.03387865 0.385853  ]
 [0.05226079 0.06295253 0.13070111 0.00001013 0.06134252 0.07774061 0.13154468 0.1062813  0.03923886 0.3379275 ]
 [0.02182632 0.01602344 0.14669727 0.00000606 0.03708343 0.05216028 0.12916712 0.15383805 0.03059984 0.4125982 ]
 [0.06470037 0.00439518 0.183871   0.00016565 0.12563404 0.07919329 0.12903458 0.2210171  0.1650737  0.02691505]
 [0.21309173 0.00098738 0.08281492 0.01127079 0.19000462 0.1281391  0.03520819 0.08391648 0.25433752 0.00022919]
 [0.01912625 0.01692303 0.12000614 0.00000586 0.03078947 0.10090697 0.22770579 0.09788385 0.02383199 0.3628207 ]
 [0.1681589  0.00007889 0.01504081 0.5494061  0.12715642 0.0035736  0.00093846 0.01733044 0.1183152  0.00000112]
 [0.16977952 0.00979956 0.11498257 0.00021203 0.19550893 0.05063995 0.0338331  0.18107526 0.23415762 0.01001147]
 [0.16225816 0.00007988 0.01216139 0.5855307  0.12015897 0.00274087 0.00066558 0.01415194 0.10225172 0.00000078]
 [0.0082705  0.26036835 0.08559825 0.00000056 0.12467267 0.01178955 0.02374619 0.06135347 0.02358295 0.40061757]
 [0.17839304 0.00010283 0.03283491 0.31107786 0.19871557 0.00876286 0.00279829 0.03756642 0.22974399 0.00000414]
 [0.00967061 0.00693562 0.11576685 0.00000387 0.02495907 0.03536308 0.15449525 0.18987398 0.02302109 0.43991062]
 [0.01614168 0.01272351 0.08845884 0.00000929 0.02702486 0.51447296 0.18900976 0.03841243 0.01646242 0.09728419]]
        Validation Criterion: 0.04259724
15:44:58      Epoch:   0      Batch:   0      OuterStep: 150      LossModel: 0.79885817     LossTerm2: 0.00000000     LossGates: 0.00000000      Time/Step(s): 57.5823Contributing envs to the losses:  [153 155 113 125 121 157 117 111 110 102  54 145 104  96 146  62  59  58  50  53 109  56  73  61  60  49  51 151  48  97  89  93  86  94 126  74  82  88  65  95  91  34  81 144 107  83]
Gate kernel values:  [[ 0.0149376  -0.01089681 -0.00425415  0.0042329   0.02252803 -0.00042663 -0.01798635 -0.01280005  0.02515731  0.00726331  0.02442124 -0.01642337  0.02634994  0.02307028  0.06678684 -0.01742733  0.01284318 -0.02558051 -0.01387946 -0.00372485 -0.00354454 -0.02057801 -0.01722892  0.01504146  0.01059926  0.0218822   0.0100858   0.01358598 -0.00287119  0.00085899  0.01520126  0.01037055 -0.02311783  0.01512156  0.02265135  0.01314087  0.01671883 -0.00526048 -0.02489759  0.02280357]
 [ 0.00297474 -0.01360041  0.02223469 -0.03082826  0.00186711 -0.01231013  0.00464224 -0.0177299   0.00914965 -0.02839002  0.00163233 -0.01036575  0.00052756  0.00338149  0.03311573 -0.00078615  0.00426674 -0.01067668 -0.0003049  -0.0296183   0.02097981  0.00229127 -0.01242203  0.01196123  0.02316052 -0.00235605 -0.03208747  0.00995598  0.02480146 -0.0223777   0.01279927 -0.02796887 -0.01406496  0.0128291   0.00721784  0.01236436  0.02551906  0.02037974  0.00219122  0.00562069]
 [ 0.00905776 -0.01607169  0.0211408  -0.01743871  0.00944124  0.02668722 -0.01283492 -0.00876344 -0.00189443 -0.01491627  0.00564803 -0.01089553  0.00437554  0.00756545 -0.05701168 -0.00806947  0.00216078 -0.00738055 -0.02024955 -0.01045461 -0.00489942 -0.00632162  0.00031287  0.01248567  0.00771082  0.0123663   0.02656949  0.00108101  0.02144136  0.01800927  0.01123647 -0.02136658 -0.0093502   0.01048527  0.00267077  0.02241331  0.00993212 -0.02639614 -0.00371901  0.00481434]
 [ 0.05308862 -0.01777082 -0.00680756  0.00134285  0.03365181  0.01844803 -0.03147723 -0.05014551  0.04552406 -0.0040437   0.0367353  -0.04813935  0.02064971  0.03593196  0.02875491 -0.05556899  0.01802075 -0.03175856 -0.02413942 -0.00639607 -0.06810553 -0.05638581 -0.01486405  0.01853782  0.0105075   0.03518652  0.0246097   0.0176804  -0.00355007  0.02932919  0.02068633  0.0030783  -0.02468001  0.04858204  0.02286666  0.01231603  0.00667091 -0.01433004 -0.02779247  0.02778537]
 [ 0.02140057 -0.01966926  0.03551471 -0.04134361  0.0093791   0.02124217 -0.01072699 -0.02527503  0.00436337 -0.03960131  0.00685556 -0.02090731  0.01421504  0.00897102 -0.02804559 -0.02014117  0.02241229 -0.0107333  -0.01769591 -0.03191167  0.01302573 -0.01747508 -0.02181956  0.01767961  0.02688929  0.01075458  0.00363523  0.02017932  0.03933062  0.00798362  0.01779413 -0.04574933 -0.01276389  0.02304313  0.0147503   0.02385896  0.02196355 -0.0203934  -0.01263961  0.0121657 ]
 [ 0.0104625  -0.0200072  -0.02984197  0.00774648  0.00730666  0.00111537 -0.01459083 -0.00718136 -0.00162156  0.000955    0.01237128 -0.00591967  0.00860358  0.00689935 -0.07054283 -0.0101622   0.01485444 -0.00887625  0.00121751  0.00408    -0.02060254 -0.01130699 -0.01153005  0.01880489  0.00841317  0.00204993 -0.01791509  0.00978761 -0.02023717 -0.00585907  0.02017511  0.01635817 -0.01561216  0.00914706 -0.00309841  0.00753035  0.00152433 -0.02226788 -0.0091308   0.01297444]
 [-0.00151224 -0.00153865 -0.02061713  0.01584601  0.00997082 -0.00027421 -0.00836861  0.00360158  0.00886123  0.01336285  0.00789689  0.00658004  0.0004741   0.00911989 -0.06657461  0.00087403  0.0115763  -0.00632322 -0.01836506  0.01241647 -0.0374332  -0.00015593 -0.00284226  0.00369134 -0.00506386  0.01607173 -0.00054425  0.00529894 -0.01856502  0.00605732  0.00531981  0.01830257 -0.00307515 -0.00396283  0.01871727  0.0196191  -0.0089383   0.00275863 -0.00409029  0.00355959]
 [ 0.00728413 -0.00727304  0.01518466 -0.01063214  0.00510135  0.03144263 -0.00824579 -0.00560569 -0.00822724 -0.01007641  0.00378731 -0.0059758  -0.002867    0.00151083 -0.03170926 -0.0052908   0.02144313 -0.00126319 -0.00965549 -0.00758761 -0.00423375 -0.00397684 -0.02295894  0.01057662  0.00138473  0.00110317  0.03831372  0.02641947  0.01070621  0.03660818  0.00625049 -0.01080548 -0.00494629  0.0056528   0.02303979  0.00277059  0.00385091 -0.00315447 -0.01550725  0.01198855]
 [ 0.01290894 -0.01944805  0.02534707 -0.01983583  0.01428404  0.02599687 -0.01699121 -0.01342801  0.00801408 -0.01898642  0.01143693 -0.01488843  0.01236099  0.0132577  -0.02116742 -0.01309946  0.02613288 -0.0149111  -0.02179747 -0.01728839  0.01322731 -0.01193997 -0.02501599  0.01922491  0.01516776  0.01629381  0.01742194  0.02249041  0.02410819  0.01548245  0.01730079 -0.02372846 -0.01416794  0.01420919  0.02057852  0.02650398  0.01414642 -0.02185246 -0.02053489  0.01621165]
 [-0.03266528 -0.00059994  0.00165504  0.00709163 -0.00121396  0.00286384  0.00184661  0.0302058   0.0057979   0.01504136 -0.00148617  0.02525478 -0.03086614  0.0000426  -0.01369944  0.03225656 -0.00621888  0.00014035  0.00442427  0.0098216  -0.01315812  0.03262923 -0.00106193 -0.0010624  -0.0268767  -0.00232828  0.00760409 -0.001848    0.00105805 -0.00063005 -0.0016524  -0.00032843 -0.00107762 -0.03017301 -0.00734217 -0.00859485 -0.0169052  -0.00201821 -0.00182728  0.00098918]]
Gate values for each environment (all envs): 
 [[0.08385065 0.04800026 0.16395384 0.00003768 0.12931788 0.10320824 0.12850215 0.14072923 0.09048064 0.11191948]
 [0.0906349  0.02404438 0.1476187  0.00005142 0.11282328 0.10682148 0.13831343 0.18401335 0.11130366 0.08437525]
 [0.21239494 0.06274849 0.10057885 0.00010691 0.14174084 0.10765275 0.07716503 0.11971046 0.11113336 0.06676827]
 [0.09812119 0.1121606  0.10395695 0.00002356 0.09038237 0.10461729 0.13904631 0.10164821 0.05312287 0.19692063]
 [0.11137668 0.14190902 0.11436528 0.00002267 0.14845748 0.09887395 0.08235327 0.10641772 0.08008024 0.11614373]
 [0.08521742 0.0164575  0.16219762 0.00005377 0.13853133 0.08405747 0.10298145 0.20226069 0.15291381 0.05532901]
 [0.08900128 0.03154507 0.14655527 0.00003777 0.11444484 0.11509109 0.14112219 0.16356966 0.10525902 0.09337375]
 [0.0771267  0.01391268 0.16174735 0.00004368 0.11783353 0.09011304 0.11922234 0.2145448  0.14379033 0.06166554]
 [0.07323062 0.05148571 0.1071641  0.00001968 0.05427657 0.10207696 0.19078094 0.09563755 0.04288391 0.282444  ]
 [0.09937869 0.04541384 0.14051995 0.00003942 0.1275525  0.10156229 0.12287087 0.1640024  0.10262778 0.09603231]
 [0.10774063 0.14927822 0.1036765  0.00002197 0.11468372 0.13828617 0.11368074 0.08340175 0.06065234 0.12857796]
 [0.13110024 0.10440759 0.1039781  0.00004303 0.09079204 0.11350186 0.15073031 0.09450614 0.05560897 0.15533172]
 [0.06418797 0.01230201 0.15989597 0.00004107 0.11211291 0.09916112 0.14209227 0.2074413  0.14308816 0.05967726]
 [0.09566277 0.03965623 0.13652948 0.00003105 0.12498888 0.09744728 0.11712877 0.17873305 0.11655896 0.09326347]
 [0.28902838 0.04835002 0.09487306 0.00017075 0.10462123 0.10438234 0.0992689  0.09512186 0.10030459 0.06387895]
 [0.2656573  0.08161931 0.09845881 0.00013259 0.12155724 0.08185368 0.09383914 0.09622352 0.08857795 0.07208046]
 [0.09751035 0.03839364 0.14378597 0.00004343 0.11630317 0.111307   0.1404758  0.15452908 0.09886719 0.09878437]
 [0.1030329  0.04116726 0.14316742 0.00004606 0.11796357 0.11290833 0.13996084 0.14428134 0.09848683 0.09898537]
 [0.12262149 0.06868356 0.12449046 0.00004329 0.12386101 0.11231274 0.12537205 0.12406432 0.09001403 0.10853709]
 [0.13709237 0.06756987 0.12474961 0.00005029 0.13826387 0.1052765  0.11135338 0.122517   0.10292296 0.09020419]
 [0.10222727 0.04902039 0.13947888 0.00004177 0.11724132 0.11269265 0.13884494 0.14035046 0.09131582 0.1087866 ]
 [0.09850533 0.05084833 0.15208875 0.00004262 0.14294839 0.0993431  0.11237488 0.14734696 0.10254872 0.09395297]
 [0.16868116 0.07403966 0.11367916 0.00006012 0.13518906 0.10079869 0.10373891 0.11504037 0.10282819 0.08594456]
 [0.09669222 0.03993423 0.14271922 0.00004148 0.11303817 0.11397211 0.14404014 0.15063094 0.09516702 0.10376445]
 [0.10657299 0.04392254 0.15001225 0.00004878 0.13708371 0.1063509  0.12076756 0.14018129 0.10981666 0.08524333]
 [0.11970516 0.06411381 0.13327053 0.00004674 0.13945809 0.10006488 0.10880924 0.13642663 0.09838239 0.09972248]
 [0.11025437 0.04657807 0.14466721 0.0000474  0.13359208 0.10645889 0.12157018 0.13944618 0.10700335 0.09038221]
 [0.09620707 0.03706329 0.14481202 0.00004394 0.11416937 0.11256794 0.14360489 0.15411095 0.09782086 0.09959972]
 [0.07771595 0.04720382 0.14959072 0.00002859 0.11255773 0.10587718 0.13179506 0.15420845 0.08341561 0.13760696]
 [0.09839219 0.05359589 0.14778054 0.00004013 0.13571    0.10166523 0.11860629 0.14450818 0.09690448 0.10279707]
 [0.11065339 0.05942602 0.13500613 0.00004276 0.12895223 0.10988419 0.12579116 0.1335371  0.09414985 0.10255712]
 [0.09814276 0.05223259 0.14277948 0.00003874 0.12234812 0.10929266 0.13315739 0.14089109 0.09093706 0.11018006]
 [0.09731906 0.06315888 0.10782275 0.00002022 0.0753204  0.09170361 0.14061333 0.09422769 0.06446718 0.26534688]
 [0.10407189 0.07466106 0.09728871 0.00001989 0.07601904 0.08930447 0.13516256 0.09590904 0.06313778 0.26442564]
 [0.13224536 0.00458877 0.1428794  0.00016323 0.13701959 0.08371559 0.07767516 0.14383759 0.26273027 0.01514495]
 [0.04068219 0.01721879 0.14820032 0.00002136 0.07121892 0.31761372 0.14962277 0.11140379 0.05710154 0.08691666]
 [0.04925622 0.01616225 0.11357994 0.0000302  0.05163151 0.37630528 0.19459882 0.07401996 0.04423226 0.08018354]
 [0.13965026 0.06759311 0.1288073  0.00004566 0.13774207 0.11225049 0.11593378 0.10799783 0.10466948 0.08530992]
 [0.04194351 0.02010003 0.14202584 0.00002272 0.06257893 0.31582955 0.18290369 0.08675925 0.04693189 0.10090459]
 [0.10037682 0.0828087  0.08725752 0.00001581 0.07557482 0.08232892 0.12623587 0.10130771 0.06309602 0.2809978 ]
 [0.06915492 0.06166925 0.10523675 0.00000977 0.06806929 0.08320431 0.13155586 0.11511837 0.05610006 0.30988145]
 [0.06852654 0.07040896 0.10010751 0.0000092  0.06439219 0.08851657 0.13743533 0.10035028 0.04917545 0.32107794]
 [0.10237854 0.07405134 0.09591798 0.00001804 0.07457101 0.0816457  0.12806986 0.10736074 0.0620714  0.27391532]
 [0.03674964 0.01296052 0.14272146 0.00002811 0.06108989 0.36287534 0.17279291 0.08549917 0.0495529  0.07573009]
 [0.1862093  0.02578448 0.11816214 0.00012837 0.13801438 0.09001528 0.09244866 0.15845819 0.14715071 0.04362845]
 [0.15929857 0.01174236 0.13589503 0.00012795 0.15887278 0.09146847 0.05924222 0.16072145 0.20758437 0.01504679]
 [0.15269588 0.0782939  0.13036123 0.00004336 0.16812113 0.08437999 0.0822777  0.11272579 0.12086347 0.07023755]
 [0.15783253 0.0112638  0.13149801 0.00011438 0.15971988 0.0858063  0.05955177 0.15753631 0.22176906 0.01490804]
 [0.01709857 0.00000048 0.00010208 0.9749264  0.00406515 0.00003972 0.00000322 0.00012571 0.00363852 0.        ]
 [0.03337746 0.00000111 0.00052845 0.9476384  0.007636   0.00034974 0.00004442 0.00056576 0.0098587  0.        ]
 [0.06814388 0.00000993 0.00102363 0.8710405  0.034909   0.000277   0.00002902 0.00108048 0.02348647 0.00000001]
 [0.4190422  0.00047281 0.0589705  0.01271238 0.09252562 0.04475006 0.03534852 0.07107881 0.26463693 0.00046217]
 [0.01691835 0.8868084  0.00985245 0.00000079 0.04779499 0.00757896 0.00305489 0.00577927 0.00457128 0.01764057]
 [0.43534496 0.00017022 0.03818834 0.11640634 0.09783951 0.02008918 0.01224824 0.04848681 0.2311833  0.00004319]
 [0.19418499 0.00020137 0.00462276 0.5818154  0.14942911 0.00066388 0.00009139 0.00529469 0.0636961  0.00000018]
 [0.0185953  0.87828296 0.01078591 0.00000087 0.04755742 0.00790096 0.00356917 0.00643899 0.00485519 0.02201322]
 [0.05669641 0.00000596 0.0009689  0.8907846  0.02824298 0.00031518 0.00003384 0.00099887 0.02195312 0.00000001]
 [0.00332389 0.00124897 0.02341577 0.00000083 0.00223547 0.0426889  0.2338384  0.09477115 0.00428771 0.5941889 ]
 [0.07496195 0.00001003 0.00154537 0.85316604 0.03810037 0.00055942 0.0000624  0.00155058 0.03004379 0.00000002]
 [0.06326246 0.00001024 0.00081243 0.8878824  0.02912179 0.00017038 0.00001877 0.00088346 0.01783811 0.00000001]
 [0.07322076 0.00001127 0.00052433 0.8694637  0.03621839 0.00008201 0.00000772 0.00062356 0.01984845 0.        ]
 [0.07493249 0.00001262 0.00058524 0.8649837  0.03816847 0.00009579 0.00000893 0.00069125 0.0205215  0.        ]
 [0.12607233 0.00003035 0.0022387  0.7575834  0.06649637 0.00059429 0.00007383 0.00235015 0.04456063 0.00000004]
 [0.02888375 0.7947977  0.0175837  0.00000127 0.04394738 0.01340159 0.00961964 0.01220559 0.00645022 0.07310931]
 [0.05746369 0.3931213  0.07510435 0.00000736 0.190181   0.02538232 0.0302242  0.05118467 0.04948817 0.12784299]
 [0.20615105 0.00158128 0.06000328 0.00217696 0.04696463 0.32047153 0.19925214 0.0623876  0.09769659 0.00331486]
 [0.10557298 0.00492124 0.06300062 0.00020742 0.02366935 0.15984006 0.52381575 0.03129891 0.04321961 0.04445404]
 [0.05073854 0.4316363  0.06948571 0.00000686 0.22541846 0.02028205 0.02130415 0.04400868 0.05023742 0.08688184]
 [0.13016343 0.00417215 0.08088948 0.00107455 0.06140129 0.30202904 0.2633648  0.0685474  0.07890127 0.00945656]
 [0.01373608 0.8675676  0.01315093 0.0000007  0.04097149 0.0059722  0.00392173 0.0050245  0.00393056 0.04572418]
 [0.01603419 0.00574535 0.11500646 0.00000837 0.02098485 0.10693094 0.23690099 0.12773791 0.02443633 0.34621453]
 [0.19090316 0.00887168 0.06792408 0.00044942 0.0748868  0.32598776 0.12513725 0.08537976 0.10053032 0.01992985]
 [0.03559913 0.01794261 0.09344701 0.0000094  0.02877061 0.05491814 0.14920177 0.11311235 0.02952476 0.47747418]
 [0.17268158 0.00014388 0.08036783 0.27638632 0.08042074 0.14402983 0.06610429 0.06548799 0.11431203 0.00006551]
 [0.05862139 0.00074324 0.13931186 0.00623809 0.08349052 0.2899763  0.2380099  0.09305795 0.08891854 0.00163232]
 [0.10767491 0.4496212  0.04700983 0.00001434 0.05246845 0.06007043 0.05022819 0.0247298  0.01512895 0.19305384]
 [0.15575594 0.29914498 0.06246946 0.00003285 0.05835506 0.08654116 0.0861934  0.03861513 0.02203516 0.19085702]
 [0.01248635 0.86790824 0.01489951 0.00000077 0.04435055 0.00643864 0.00385218 0.00472143 0.00390789 0.04143459]
 [0.02087599 0.8390201  0.01571747 0.00000114 0.0406862  0.00774518 0.00512942 0.00601195 0.00472069 0.06009204]
 [0.01841996 0.0045363  0.11446225 0.00001626 0.02061024 0.1178552  0.3988442  0.10469772 0.02480103 0.19575681]
 [0.01218071 0.7856349  0.02075084 0.0000007  0.0900633  0.00388067 0.00412938 0.00932102 0.00877852 0.06525996]
 [0.0832234  0.00047795 0.08663542 0.0001307  0.12284565 0.0217898  0.02331936 0.11449061 0.5444291  0.00265799]
 [0.07636081 0.00108722 0.12555696 0.00164225 0.18645911 0.1390287  0.09884469 0.09057748 0.27845624 0.00198655]
 [0.07489539 0.00181154 0.15135145 0.0006527  0.16475818 0.20142464 0.09520831 0.06597239 0.23817216 0.00575333]
 [0.04586786 0.02132562 0.19277957 0.00006374 0.10546653 0.18449807 0.2287175  0.05494996 0.06779568 0.09853541]
 [0.05409585 0.64925015 0.03391362 0.00000406 0.06727657 0.03099597 0.0229784  0.02124665 0.01455369 0.10568521]
 [0.09439321 0.00036995 0.11340492 0.00093784 0.12301054 0.06058177 0.05822439 0.13953395 0.40784913 0.00169425]
 [0.05217739 0.04532088 0.1713516  0.00003845 0.11406829 0.16090383 0.19700648 0.06572326 0.06647497 0.12693487]
 [0.06878427 0.00105539 0.12097535 0.00072072 0.15136655 0.12981    0.1255811  0.10924868 0.2887908  0.00366718]
 [0.05951296 0.00028037 0.16014437 0.00153595 0.15149793 0.05768025 0.06352814 0.1480093  0.35632312 0.00148762]
 [0.15539813 0.01185005 0.1397479  0.00023966 0.22760448 0.05476406 0.03699467 0.1273674  0.23588185 0.01015175]
 [0.1070812  0.00400864 0.16131306 0.00021818 0.14720859 0.07861956 0.07814615 0.15036596 0.25898457 0.01405403]
 [0.04049279 0.02222729 0.1760982  0.00003156 0.07496681 0.14636013 0.23489608 0.07406259 0.05224703 0.17861746]
 [0.06091553 0.00028787 0.15468192 0.00183389 0.1536658  0.07249797 0.06752428 0.1413973  0.3459664  0.00122898]
 [0.08648512 0.00060246 0.14037512 0.00100004 0.14809765 0.05679594 0.06399257 0.14629883 0.35332924 0.00302302]
 [0.11751186 0.00278126 0.14979684 0.00023053 0.12558086 0.07201911 0.08196063 0.14766046 0.28844333 0.014015  ]
 [0.2454257  0.00006844 0.01131437 0.5475822  0.07945856 0.00681633 0.00161879 0.01191909 0.09579493 0.00000148]
 [0.20476112 0.00390562 0.10249576 0.00522341 0.31096146 0.05102203 0.02243797 0.07665019 0.2220827  0.00045981]
 [0.00655008 0.8947023  0.01121475 0.00000042 0.04482928 0.00316739 0.00226494 0.00351099 0.00295243 0.03080726]
 [0.05395513 0.6798581  0.03642319 0.00000639 0.08516867 0.02950523 0.02007394 0.02279736 0.01358881 0.05862315]
 [0.01181495 0.01231604 0.16639054 0.00000368 0.02528936 0.05157227 0.11779066 0.10186803 0.01772672 0.49522766]
 [0.06804835 0.6539048  0.03111942 0.00000607 0.07192716 0.0306708  0.02111465 0.01971608 0.01608061 0.08741219]
 [0.22594284 0.00008822 0.00653597 0.5812118  0.09572209 0.00182584 0.00035478 0.0077466  0.08057154 0.00000051]
 [0.03731336 0.0014797  0.0849502  0.0001123  0.0250448  0.3445622  0.2843847  0.12923749 0.04681794 0.04609735]
 [0.2391762  0.00006834 0.01240226 0.54002684 0.08407893 0.00739527 0.00177322 0.01290157 0.10217573 0.00000162]
 [0.01431768 0.8467312  0.01547842 0.00000089 0.04764446 0.00791042 0.00514203 0.00619873 0.00466138 0.05191485]
 [0.00721189 0.3473934  0.03311436 0.00000031 0.03244672 0.01736    0.04253414 0.02038437 0.0060506  0.4935043 ]
 [0.02790841 0.00149697 0.14215498 0.00014019 0.14505032 0.1212824  0.11391326 0.25049293 0.19128615 0.0062743 ]
 [0.00378689 0.08703888 0.03447079 0.00000025 0.02049185 0.00653647 0.02547873 0.05324288 0.00535623 0.763597  ]
 [0.27585164 0.00079803 0.07379505 0.05505324 0.21967195 0.05348472 0.01850369 0.07412972 0.22862625 0.00008572]
 [0.2161352  0.00007802 0.0076673  0.5877537  0.09254767 0.00235996 0.00050609 0.00896178 0.08398966 0.00000061]
 [0.21637082 0.00007869 0.00742655 0.5896376  0.09226193 0.00216608 0.00046795 0.00877864 0.08281137 0.0000006 ]
 [0.11381005 0.05528232 0.12348161 0.00002619 0.1204417  0.17609286 0.11738427 0.09349032 0.10250904 0.09748174]
 [0.15710351 0.00007412 0.0082513  0.63522756 0.105641   0.00158387 0.00034668 0.01003121 0.08174035 0.00000045]
 [0.10466487 0.06229754 0.1376548  0.0000213  0.12587088 0.14466515 0.11087856 0.10359871 0.10147212 0.10887613]
 [0.09818075 0.06178234 0.10267103 0.00002752 0.09951078 0.23101063 0.13859352 0.11389036 0.07364208 0.080691  ]
 [0.03461576 0.01530777 0.15428688 0.00002678 0.06256514 0.30990243 0.17929119 0.10128199 0.04647151 0.09625059]
 [0.23357674 0.0001163  0.00708627 0.54220575 0.11645775 0.00145533 0.00029066 0.0090234  0.08978721 0.00000055]
 [0.02431626 0.00543432 0.17843217 0.00003086 0.05495758 0.31367984 0.16477147 0.12845181 0.05338507 0.07654067]
 [0.02722749 0.00895193 0.15661104 0.00002652 0.05491859 0.37544623 0.17484969 0.08687729 0.04407196 0.07101928]
 [0.11080072 0.26754242 0.08067123 0.00002265 0.13153265 0.09188566 0.06437447 0.05785046 0.0469441  0.1483756 ]
 [0.2202302  0.00012188 0.00664376 0.54902613 0.12528089 0.00092402 0.0001856  0.00914551 0.0884415  0.00000043]
 [0.04515191 0.02193216 0.14518932 0.00003339 0.07291203 0.3171396  0.17018506 0.09523159 0.04981855 0.08240641]
 [0.07895197 0.28811878 0.10051237 0.00001315 0.15907465 0.04195005 0.04906387 0.06650933 0.04997912 0.16582663]
 [0.01785393 0.00980977 0.10828561 0.0000079  0.02477922 0.29571632 0.2429894  0.07467721 0.0225647  0.20331608]
 [0.18594489 0.00012484 0.00907993 0.5710993  0.13149245 0.00166509 0.00034116 0.0108956  0.08935621 0.00000058]
 [0.07751888 0.00061331 0.19427793 0.00566818 0.12052682 0.277645   0.08343616 0.09940973 0.14006528 0.00083881]
 [0.05378418 0.02249481 0.16464762 0.00004065 0.08260819 0.26812017 0.16096792 0.09690687 0.05694017 0.0934894 ]
 [0.07099148 0.01980523 0.151877   0.00003478 0.09296992 0.09253426 0.1483529  0.2270758  0.09711158 0.09924698]
 [0.0838251  0.03143379 0.1383795  0.00003579 0.08752695 0.1231458  0.18004343 0.15185641 0.081315   0.12243828]
 [0.09691512 0.03709136 0.14027104 0.00004299 0.10224023 0.11881065 0.16188131 0.14344002 0.08955754 0.10974964]
 [0.09232537 0.03307318 0.14423993 0.00004213 0.10468248 0.11241566 0.15443449 0.16110586 0.09438547 0.10329544]
 [0.09347625 0.0271979  0.14725786 0.00004753 0.09264488 0.12861174 0.18046016 0.13563871 0.09075319 0.10391176]
 [0.05602974 0.01569708 0.15319294 0.00003129 0.08978873 0.08228493 0.13548143 0.27704066 0.09321832 0.09723491]
 [0.0812625  0.02190602 0.15891881 0.00004853 0.12824701 0.07423961 0.10674775 0.23143248 0.12179253 0.0754048 ]
 [0.08679875 0.01607162 0.16269654 0.00006247 0.12032363 0.07820928 0.11265042 0.22092536 0.1300618  0.07220007]
 [0.09338652 0.03252413 0.14646833 0.00004201 0.11226951 0.10870237 0.1434301  0.16507994 0.10256359 0.09553357]
 [0.06336939 0.0168869  0.15682045 0.00003173 0.09346921 0.07731191 0.13692401 0.25773716 0.1012019  0.09624737]
 [0.08268498 0.02265332 0.14853239 0.00004479 0.10302591 0.10986257 0.15007938 0.1891708  0.10335783 0.09058805]
 [0.06087095 0.02356211 0.15165211 0.00002307 0.11816739 0.07250029 0.10668515 0.27268884 0.11192773 0.08192237]
 [0.04329197 0.03683076 0.14888684 0.00001064 0.0926374  0.10074357 0.13467146 0.23866354 0.07064144 0.13362238]
 [0.09429203 0.02422345 0.15150176 0.00005181 0.12740211 0.09028207 0.11804236 0.19402395 0.12628849 0.07389189]
 [0.08915351 0.02515198 0.1496757  0.00004305 0.12025613 0.08794732 0.1229016  0.2026989  0.11988405 0.08228777]
 [0.04575977 0.01304861 0.14355002 0.00002132 0.0811361  0.06485493 0.11970299 0.34513733 0.09039851 0.09639055]
 [0.15520532 0.00282328 0.11084935 0.0017648  0.08634851 0.22060515 0.17646796 0.12549934 0.11469568 0.00574056]
 [0.19788796 0.0001867  0.06361698 0.15107311 0.21045081 0.02552249 0.00997904 0.06607705 0.2751865  0.0000194 ]
 [0.22654058 0.0001436  0.0598597  0.1928516  0.16344228 0.03310007 0.01293739 0.06269304 0.24841306 0.0000186 ]
 [0.03522053 0.03838617 0.15789464 0.00000845 0.05424267 0.06723075 0.13815503 0.11052725 0.03568797 0.36264655]
 [0.05567748 0.07518839 0.13740732 0.00001021 0.07492131 0.07156102 0.10814134 0.11187617 0.04513847 0.32007828]
 [0.02190993 0.01568418 0.15071198 0.0000062  0.03745669 0.05425367 0.13166651 0.15647966 0.03110705 0.4007242 ]
 [0.07046197 0.00440218 0.18788002 0.00019097 0.13346957 0.08369515 0.12376902 0.19709906 0.17470062 0.0243315 ]
 [0.2228841  0.00099735 0.08099872 0.01212928 0.1755869  0.15883899 0.03674544 0.07852574 0.23306979 0.00022357]
 [0.01821392 0.01732316 0.1181286  0.00000513 0.02986316 0.09470248 0.21707228 0.09621411 0.02297321 0.38550398]
 [0.16856876 0.00008181 0.01253264 0.57079613 0.12271459 0.00268659 0.0006686  0.0150041  0.10694598 0.00000087]
 [0.17075928 0.00877067 0.12020264 0.0002416  0.18482506 0.05933387 0.0388817  0.17567672 0.23112653 0.0101819 ]
 [0.16087657 0.00008412 0.01048802 0.5999291  0.11899816 0.00213458 0.00049183 0.01259895 0.09439802 0.00000062]
 [0.0087725  0.34932026 0.0984331  0.00000077 0.26992115 0.009111   0.01307861 0.0633093  0.03886778 0.14918557]
 [0.2011833  0.00012121 0.03035572 0.29850134 0.19733225 0.00797105 0.00252448 0.0365475  0.22545876 0.00000426]
 [0.00958381 0.00665754 0.11418635 0.00000382 0.02371871 0.03612397 0.15811095 0.18674476 0.02234172 0.4425284 ]
 [0.01675635 0.01217437 0.08792153 0.00001044 0.02743102 0.517792   0.19180378 0.03891274 0.01704655 0.09015121]]
        Validation Criterion: 0.02370541
        Saving best model so far ...
15:54:50      Epoch:   0      Batch:   0      OuterStep: 160      LossModel: 1.04706037     LossTerm2: 0.00000000     LossGates: 0.00000000      Time/Step(s): 59.5314Contributing envs to the losses:  [151 126  97 109  65 144 146  51 145  68  34  74  53 103  73  47  91  45  93  94  89  86 154 107  82 157 104 150  96  95  90  71  83  88 110  44 111  12 153   7 102   5 155  81 117 125]
Gate kernel values:  [[ 0.01484668 -0.01087796 -0.00425314  0.00422554  0.02252084 -0.00043865 -0.01797876 -0.01274259  0.02515032  0.00728977  0.0244146  -0.01636047  0.02634309  0.02306231  0.06677717 -0.01736092  0.01283267 -0.02557318 -0.01387288 -0.00370512 -0.00353316 -0.02047377 -0.01721825  0.01503183  0.01057386  0.02187618  0.01007436  0.01356853 -0.00286189  0.00084581  0.01519184  0.01037039 -0.02311275  0.0150611   0.02263986  0.01313438  0.01673598 -0.00524199 -0.02489215  0.02279731]
 [ 0.00297406 -0.0135192   0.02223963 -0.03083104  0.00186515 -0.01230859  0.00464378 -0.01772791  0.00914877 -0.02839044  0.00163069 -0.01036492  0.00052347  0.00337983  0.03311533 -0.00078536  0.00426644 -0.01067358 -0.0003031  -0.02962079  0.02097935  0.00229225 -0.01242128  0.01195527  0.02315791 -0.00235756 -0.03208516  0.00995857  0.02480654 -0.02237533  0.01279184 -0.02797425 -0.01404955  0.01282718  0.00721831  0.01235351  0.02551767  0.02040866  0.00219257  0.0056188 ]
 [ 0.0090513  -0.01607568  0.02113826 -0.01743637  0.00944226  0.02668633 -0.01283583 -0.00876206 -0.00189384 -0.01491525  0.00564866 -0.01089293  0.00437465  0.00756644 -0.05701053 -0.00806395  0.00216024 -0.00738279 -0.02025055 -0.01045309 -0.00489478 -0.00631413  0.00031288  0.01248789  0.00771173  0.01236701  0.02656762  0.00107956  0.02143728  0.01800724  0.01123832 -0.0213618  -0.00935556  0.01048335  0.00266984  0.02241558  0.00993504 -0.02639749 -0.00371939  0.00481545]
 [ 0.05310976 -0.01777337 -0.00680875  0.00134314  0.03365234  0.018449   -0.03147776 -0.05018643  0.04552471 -0.00405691  0.03673584 -0.0481703   0.02065174  0.03593256  0.02875592 -0.05565272  0.01802137 -0.0317592  -0.02414007 -0.00641114 -0.06810634 -0.05641356 -0.0148649   0.01853895  0.01052483  0.03518705  0.02461063  0.017682   -0.0035559   0.02933023  0.02068724  0.00307783 -0.02468095  0.04861617  0.0228679   0.01231648  0.0066674  -0.01433256 -0.0277928   0.027786  ]
 [ 0.02142367 -0.01966697  0.03550268 -0.04133836  0.00938335  0.02124246 -0.0107297  -0.02528374  0.00436177 -0.0395962   0.00685994 -0.02091027  0.01423343  0.0089748  -0.02805185 -0.02016119  0.0224148  -0.01073546 -0.01769846 -0.031898    0.01301621 -0.01750749 -0.0218206   0.01768097  0.02689306  0.01075824  0.00363562  0.02018098  0.0393195   0.00798538  0.01779849 -0.04574224 -0.01276906  0.02305238  0.01475315  0.02386199  0.02196004 -0.02039713 -0.01264308  0.01216909]
 [ 0.01036232 -0.02000316 -0.029827    0.00775045  0.00729879  0.00111353 -0.01458664 -0.00712796 -0.00162215  0.00095968  0.01236262 -0.00587211  0.00855526  0.00689304 -0.07053589 -0.01007649  0.01485119 -0.00887265  0.00122349  0.00407738 -0.02057681 -0.01117174 -0.01152942  0.01879867  0.00839138  0.00204286 -0.01791586  0.00978312 -0.02022917 -0.00586368  0.02016638  0.01635699 -0.01559889  0.00909113 -0.00310813  0.00752268  0.00151769 -0.02225355 -0.00912926  0.01296997]
 [-0.00135228 -0.00155272 -0.02064222  0.01583865  0.00999818 -0.0002698  -0.00838511  0.00350329  0.00887821  0.01334533  0.00792529  0.00649383  0.00057622  0.00914766 -0.06658539  0.00073161  0.01158911 -0.00634585 -0.01838432  0.01241098 -0.03748847 -0.00036304 -0.00285068  0.0037083  -0.00500952  0.01609597 -0.00054222  0.00531244 -0.01857948  0.00606617  0.00534892  0.01830691 -0.00310935 -0.00386105  0.01873982  0.0196428  -0.0089113   0.00272606 -0.00410317  0.00357897]
 [ 0.00735969 -0.0072799   0.0151644  -0.01062598  0.00511291  0.03144398 -0.00825255 -0.00565102 -0.00822721 -0.01007836  0.00379937 -0.00601486 -0.00281435  0.0015185  -0.03171283 -0.00536197  0.02145006 -0.00126934 -0.00965859 -0.00757409 -0.00425182 -0.00408925 -0.02296201  0.01058658  0.00141081  0.00110986  0.03831347  0.0264273   0.01068448  0.03661113  0.00626442 -0.0107921  -0.00496283  0.0057039   0.02304668  0.00277718  0.00385436 -0.00316745 -0.01551088  0.01199375]
 [ 0.01288534 -0.01945211  0.02535369 -0.0198349   0.01428128  0.02599761 -0.01699067 -0.01341463  0.00801564 -0.01898501  0.01143304 -0.01488117  0.01234101  0.0132553  -0.02116232 -0.01307732  0.02613251 -0.01491105 -0.02179705 -0.01729135  0.01324952 -0.01190896 -0.02501745  0.01922531  0.01516021  0.01629165  0.01742119  0.02248928  0.02411217  0.01547994  0.0172982  -0.02372881 -0.01416553  0.01419603  0.02057558  0.02650501  0.01414618 -0.02185178 -0.02053455  0.01621001]
 [-0.03272255 -0.00056808  0.0016781   0.00708531 -0.00123214  0.00284742  0.00186192  0.03023851  0.00579633  0.01504523 -0.00150337  0.02528885 -0.03119075  0.0000255  -0.0136906   0.03232957 -0.00624214  0.00015285  0.00444106  0.00980812 -0.01314612  0.03271202 -0.0010328  -0.00108723 -0.02690239 -0.00234454  0.00758993 -0.00188678  0.00107114 -0.00064855 -0.00168643 -0.00033575 -0.0010556  -0.03021041 -0.00736894 -0.00862823 -0.01689965 -0.00191224 -0.00181047  0.00097077]]
Gate values for each environment (all envs): 
 [[0.08451913 0.04572372 0.16305771 0.00003592 0.12002377 0.10727026 0.13034205 0.13738602 0.08851494 0.12312648]
 [0.08880875 0.02251836 0.14948386 0.00004862 0.11072692 0.10499872 0.13299894 0.18900622 0.11341865 0.08799087]
 [0.23799638 0.05403415 0.09712154 0.00012358 0.12732907 0.10823782 0.07830897 0.11749311 0.11114018 0.06821524]
 [0.11544213 0.11735617 0.10180461 0.00002842 0.10053345 0.10045875 0.11650102 0.10205125 0.06098938 0.18483478]
 [0.11038671 0.13071875 0.1168206  0.0000212  0.14327683 0.09692631 0.07904885 0.11175362 0.08195131 0.12909581]
 [0.0819653  0.015141   0.16609427 0.00005106 0.1399139  0.08095239 0.09650722 0.20617828 0.15921137 0.05398516]
 [0.08666721 0.02924334 0.14930291 0.00003558 0.1107844  0.11574648 0.1379878  0.16521503 0.1060999  0.0989173 ]
 [0.0787699  0.01322493 0.16727471 0.00004679 0.1330228  0.08169881 0.09888585 0.21185459 0.16245094 0.0527707 ]
 [0.07231765 0.05560355 0.10333458 0.00001749 0.05414843 0.09378915 0.17125522 0.09000447 0.04256626 0.31696317]
 [0.09667272 0.04100444 0.14226262 0.00003722 0.11921953 0.10443354 0.1244262  0.1657737  0.10150579 0.10466435]
 [0.11183846 0.13696346 0.10315656 0.00002283 0.10969264 0.14320654 0.1130285  0.0844226  0.06192886 0.13573955]
 [0.12033406 0.10329052 0.12027349 0.00004681 0.12382908 0.10939422 0.12163697 0.1078615  0.07042757 0.12290586]
 [0.06200372 0.01208242 0.16291545 0.00003622 0.11073238 0.09732259 0.13738361 0.2099469  0.1451372  0.06243953]
 [0.09309295 0.03592552 0.13870586 0.00002903 0.11844358 0.09849484 0.11641043 0.18046708 0.11703783 0.10139292]
 [0.2956582  0.04325249 0.09506208 0.00017723 0.09919748 0.1054384  0.09910186 0.09541064 0.10129401 0.06540752]
 [0.29511026 0.07263113 0.09339745 0.00015006 0.10879264 0.08295013 0.09446205 0.09279928 0.08691966 0.07278737]
 [0.09457517 0.03534309 0.14637743 0.00004079 0.11154857 0.11244503 0.13859366 0.15619689 0.09902733 0.10585202]
 [0.09852432 0.03737048 0.14613922 0.00004266 0.1125583  0.11399901 0.13857658 0.1476792  0.09839647 0.10671373]
 [0.12170901 0.06440313 0.12650585 0.00004181 0.12179007 0.11303077 0.1200901  0.1260318  0.09211401 0.1142834 ]
 [0.1436615  0.06271201 0.12448057 0.00005111 0.13194169 0.10552976 0.10867636 0.12320006 0.10470094 0.09504596]
 [0.09795893 0.04481489 0.14156647 0.00003831 0.10967205 0.11494582 0.13988954 0.1416513  0.08962931 0.11983337]
 [0.09641703 0.04632916 0.15355091 0.00003989 0.13145405 0.10289261 0.11578786 0.14873664 0.1002443  0.10454765]
 [0.15911098 0.06643158 0.11937638 0.00005569 0.13230495 0.10105333 0.10257725 0.12107397 0.10528029 0.09273553]
 [0.09344064 0.03679373 0.14493284 0.00003863 0.10774881 0.11560135 0.1426336  0.15217091 0.09473176 0.11190774]
 [0.10735204 0.04065897 0.14929692 0.0000476  0.12908782 0.11043446 0.12179718 0.14039873 0.10976519 0.09116118]
 [0.11224578 0.05551083 0.13727812 0.00004239 0.12555468 0.10418289 0.11525325 0.14063345 0.09487657 0.11442216]
 [0.10839896 0.04251289 0.14611933 0.00004524 0.12596172 0.10948598 0.1225697  0.14076446 0.10663941 0.09750234]
 [0.09339296 0.03422576 0.14757451 0.00004136 0.11025628 0.11326648 0.1407035  0.15603113 0.09840801 0.10610004]
 [0.0771032  0.04529797 0.15383527 0.00002769 0.1137275  0.10245498 0.12381755 0.15576208 0.08606781 0.14190605]
 [0.09458636 0.04854548 0.14977784 0.00003679 0.12453637 0.10481256 0.12216108 0.1462126  0.09419606 0.1151349 ]
 [0.10596349 0.05359093 0.13748126 0.00003932 0.12020578 0.1123459  0.1275249  0.13649341 0.09270502 0.11364994]
 [0.09348501 0.04724644 0.14506152 0.00003527 0.11332227 0.11158171 0.13513428 0.1427553  0.0887396  0.1226386 ]
 [0.09303423 0.05726781 0.10723124 0.00001849 0.06954151 0.09103509 0.13711432 0.09330031 0.06243281 0.28902423]
 [0.09902682 0.06916191 0.09594607 0.00001828 0.07111154 0.08820567 0.1318898  0.09400105 0.06151891 0.28912   ]
 [0.1870575  0.00822874 0.12112606 0.00021954 0.17191176 0.08533879 0.0520272  0.11397293 0.25154886 0.00856861]
 [0.03976954 0.01731628 0.15430251 0.00001931 0.07162524 0.30449972 0.14364228 0.11455342 0.05809161 0.09618004]
 [0.05051561 0.01601562 0.11856563 0.00003062 0.05400179 0.36068913 0.18960825 0.07871994 0.04736638 0.08448704]
 [0.16008817 0.06200526 0.12404844 0.00005121 0.12222391 0.11734363 0.11950465 0.10190993 0.10248228 0.09034249]
 [0.04355702 0.02113027 0.15480813 0.00002292 0.07005714 0.2867249  0.17062388 0.09449004 0.05240439 0.1061813 ]
 [0.09524722 0.07556164 0.08458217 0.00001432 0.06837243 0.0812493  0.12443318 0.097991   0.06007138 0.3124773 ]
 [0.06578669 0.05538833 0.10294351 0.00000906 0.06171137 0.08303227 0.13013205 0.11139616 0.05349171 0.33610883]
 [0.0609623  0.05949917 0.09759149 0.0000079  0.05555736 0.08764699 0.13759787 0.09796099 0.04504079 0.3581351 ]
 [0.10028034 0.06901167 0.09254326 0.00001677 0.06791278 0.07972407 0.12470973 0.10333532 0.0594621  0.30300403]
 [0.03945372 0.01144471 0.1380538  0.00003156 0.05786084 0.3557438  0.17954111 0.08803734 0.05158847 0.0782446 ]
 [0.1927986  0.02360553 0.11761254 0.00013882 0.14539388 0.08182351 0.07996652 0.1613118  0.15978421 0.0375645 ]
 [0.17080735 0.01038388 0.13561025 0.000139   0.14197582 0.10035918 0.06426522 0.15585878 0.20429899 0.01630163]
 [0.17722528 0.06734898 0.128115   0.00005283 0.14864093 0.0881229  0.08693958 0.10982997 0.12085872 0.07286581]
 [0.18199551 0.009427   0.12867133 0.00014259 0.13165833 0.10200984 0.07200229 0.14645408 0.21080956 0.01682946]
 [0.01664954 0.00000059 0.00008865 0.97490615 0.00468169 0.00002725 0.00000208 0.00011056 0.0035336  0.        ]
 [0.03062344 0.00000096 0.00047618 0.952322   0.006818   0.00031904 0.00004157 0.00051777 0.00888114 0.        ]
 [0.06439457 0.00001004 0.00087065 0.87783355 0.03440487 0.00021102 0.00002137 0.00093719 0.02131666 0.00000001]
 [0.40599656 0.00047164 0.05883934 0.01415681 0.10530937 0.03938497 0.02861826 0.06901939 0.27785978 0.00034395]
 [0.01627813 0.8855282  0.01003541 0.00000072 0.04685583 0.00777124 0.00317598 0.00602864 0.00453856 0.01978726]
 [0.3997929  0.00013344 0.03498537 0.12305524 0.11218946 0.01345627 0.00796091 0.04556939 0.26283175 0.00002532]
 [0.19194998 0.00020241 0.00396324 0.59870666 0.14202544 0.00052711 0.00007102 0.00472712 0.05782681 0.00000015]
 [0.01826314 0.8752453  0.01109538 0.00000081 0.04653559 0.00826328 0.00379512 0.00677822 0.00485685 0.0251664 ]
 [0.05266559 0.00000591 0.00083917 0.8973122  0.02794491 0.00024635 0.00002564 0.00087684 0.02008327 0.        ]
 [0.00328876 0.0011101  0.02197335 0.00000088 0.00195737 0.04506358 0.25046915 0.08776878 0.00393343 0.5844347 ]
 [0.06976236 0.00000968 0.00135299 0.8628508  0.03680224 0.00045602 0.00004955 0.00137487 0.02734159 0.00000001]
 [0.05941987 0.00001024 0.00067354 0.89502335 0.02814135 0.00012551 0.00001334 0.00075033 0.0158425  0.00000001]
 [0.07294328 0.00001314 0.00045228 0.8680169  0.03908482 0.00005863 0.00000529 0.00055154 0.01887403 0.        ]
 [0.07407477 0.00001531 0.00051524 0.8615443  0.04320711 0.000068   0.00000599 0.00061939 0.01994998 0.        ]
 [0.12144926 0.00002876 0.00205723 0.7689926  0.0629531  0.00053483 0.00006711 0.00219888 0.04171821 0.00000003]
 [0.02834944 0.77890676 0.01821105 0.00000116 0.04192121 0.01429045 0.010569   0.01301123 0.00639627 0.08834346]
 [0.07198595 0.36061475 0.07323159 0.00000893 0.14926115 0.03184982 0.04037869 0.05188663 0.04614856 0.17463388]
 [0.13140178 0.00360626 0.09453455 0.00164664 0.11189505 0.25626892 0.18940017 0.07843886 0.13005511 0.00275272]
 [0.12155947 0.00479153 0.06425516 0.0002719  0.02876649 0.14579415 0.50810313 0.03693384 0.05439037 0.03513396]
 [0.06664263 0.41099763 0.06972575 0.00000913 0.191974   0.02579673 0.0280583  0.04542272 0.04998669 0.11138638]
 [0.16345409 0.00479865 0.08750065 0.00169008 0.09231569 0.2557876  0.20043169 0.07749024 0.11041996 0.0061114 ]
 [0.01473758 0.85921156 0.01357269 0.00000074 0.03910129 0.00652077 0.00428648 0.00516333 0.00395841 0.0534471 ]
 [0.0170078  0.00525851 0.10493509 0.00000939 0.01914991 0.14378048 0.24412914 0.11721065 0.02333524 0.32518375]
 [0.17105009 0.00747642 0.07069459 0.00037408 0.06905866 0.28939    0.1542605  0.10453191 0.10620051 0.02696336]
 [0.03492009 0.01578462 0.10646985 0.00001062 0.0310858  0.06149835 0.15633266 0.12599821 0.03226797 0.4356319 ]
 [0.16793823 0.00015212 0.0814504  0.2803039  0.08462299 0.14151742 0.06524851 0.06375936 0.11494201 0.00006506]
 [0.05755375 0.00060013 0.13656664 0.00675416 0.07204969 0.24614824 0.28809506 0.10346838 0.08692659 0.0018373 ]
 [0.09048676 0.52971965 0.04213728 0.00001058 0.05604526 0.04874044 0.03623235 0.02137445 0.01412626 0.161127  ]
 [0.13518217 0.39693558 0.05722554 0.00002447 0.06748033 0.07021198 0.06022597 0.03352506 0.02137273 0.15781622]
 [0.01353885 0.8610589  0.01538646 0.00000084 0.04256936 0.0069845  0.00417428 0.00480179 0.00394601 0.04753908]
 [0.02296428 0.82632476 0.0162742  0.00000126 0.03845949 0.00856018 0.00571155 0.0061424  0.00475285 0.07080884]
 [0.01598483 0.00341147 0.1229514  0.00001594 0.01863299 0.11586457 0.40054    0.11203682 0.02350112 0.18706095]
 [0.01215732 0.7954857  0.01956274 0.00000072 0.0912188  0.00357643 0.00355214 0.00844033 0.0086524  0.05735362]
 [0.08245175 0.00051892 0.09334318 0.0001188  0.11913043 0.02581954 0.02672368 0.12246426 0.5262443  0.00318521]
 [0.0761696  0.00107076 0.12541692 0.00160308 0.19286346 0.13351847 0.08982092 0.09030757 0.2874125  0.00181674]
 [0.07304964 0.00181158 0.14913692 0.00061358 0.19101222 0.17189986 0.0738913  0.06678335 0.26737058 0.00443095]
 [0.03723843 0.015744   0.17481253 0.0000506  0.07169028 0.19803543 0.28074688 0.04928718 0.05156398 0.12083077]
 [0.05013211 0.6710969  0.03308124 0.00000379 0.07244121 0.0278163  0.01904023 0.02009093 0.01474994 0.09154741]
 [0.09324425 0.00040289 0.13041955 0.00084645 0.10262824 0.08181354 0.08473123 0.1527761  0.35020542 0.00293235]
 [0.04809133 0.04150166 0.15464999 0.00003914 0.09710191 0.18097836 0.23460105 0.0578304  0.05885917 0.126347  ]
 [0.04464451 0.00111349 0.15255153 0.00046361 0.15200351 0.15632525 0.15107507 0.09319153 0.24378808 0.00484343]
 [0.06430845 0.00028365 0.15434726 0.00160974 0.15467115 0.05473897 0.05763136 0.14373666 0.3673329  0.00134   ]
 [0.099645   0.00800144 0.17570981 0.00019176 0.21781744 0.05998208 0.04699426 0.13797115 0.2408281  0.01285896]
 [0.15140635 0.00529867 0.14628793 0.00028748 0.12795824 0.09948066 0.0867359  0.14256944 0.22468853 0.01528675]
 [0.04424817 0.01809907 0.14423588 0.00004244 0.05528217 0.16605331 0.30131084 0.05856307 0.04346936 0.16869569]
 [0.06527048 0.00027667 0.14456931 0.00197787 0.16291808 0.06367616 0.05527429 0.13421762 0.37086338 0.00095607]
 [0.09208608 0.0005959  0.13561209 0.00112821 0.15233392 0.05460634 0.05625199 0.14323594 0.36162883 0.00252069]
 [0.11915375 0.00246409 0.15087672 0.00023392 0.11973247 0.07147755 0.08171909 0.14462335 0.29517713 0.01454193]
 [0.23408075 0.00007308 0.0121589  0.5367807  0.09131426 0.00671164 0.00156178 0.01263478 0.10468259 0.00000145]
 [0.24013847 0.00347184 0.10685649 0.00557863 0.24446043 0.07241508 0.03270344 0.08309012 0.21063027 0.00065522]
 [0.00637749 0.8917812  0.01138121 0.00000039 0.04387689 0.00326645 0.00233258 0.00363472 0.00294284 0.03440624]
 [0.04863125 0.67008686 0.0371607  0.00000498 0.07666586 0.03082127 0.02235703 0.02422324 0.01259167 0.07745719]
 [0.01216357 0.01197883 0.18033078 0.00000405 0.02739822 0.05518879 0.11745021 0.10749304 0.01920923 0.46878323]
 [0.06098256 0.66338485 0.03009034 0.0000049  0.06923226 0.02940151 0.01980048 0.01932825 0.01524571 0.09252926]
 [0.22625518 0.00009331 0.00611246 0.58099294 0.0981721  0.00156852 0.00030132 0.0073962  0.07910743 0.00000045]
 [0.0601918  0.00243959 0.1007377  0.00024522 0.06506429 0.34147802 0.16835961 0.14853662 0.09510785 0.01783925]
 [0.22886966 0.00007199 0.01306706 0.5310074  0.09468091 0.00718815 0.00168865 0.01346281 0.10996178 0.00000156]
 [0.01383401 0.8372446  0.01590724 0.00000078 0.04568741 0.00834362 0.00553401 0.00658624 0.00461917 0.06224296]
 [0.00634411 0.31106648 0.02763122 0.00000024 0.02450682 0.01601757 0.04060639 0.01685618 0.00479594 0.55217505]
 [0.02592233 0.00116035 0.13176858 0.00012629 0.15047616 0.09219576 0.09348226 0.27745703 0.22206949 0.00534178]
 [0.01124596 0.30282944 0.09868532 0.00000167 0.21511985 0.00908664 0.01649434 0.11665826 0.03355792 0.19632055]
 [0.25617504 0.00085601 0.07285532 0.05387954 0.25501394 0.04235245 0.01385802 0.06927449 0.23566979 0.00006542]
 [0.2166648  0.00008417 0.007406   0.5830389  0.09717895 0.00209691 0.00044646 0.00880129 0.08428182 0.00000057]
 [0.21754222 0.00008541 0.00718582 0.5837     0.09718073 0.00192267 0.00041288 0.00864341 0.08332635 0.00000056]
 [0.10488273 0.05286657 0.12265912 0.00002236 0.108373   0.21507692 0.11400198 0.08413316 0.09222597 0.10575828]
 [0.16143541 0.00008597 0.00762423 0.6260739  0.11281362 0.00128549 0.00027451 0.00958899 0.08081749 0.0000004 ]
 [0.11113334 0.0604447  0.12993589 0.00002032 0.10666075 0.18917337 0.10869281 0.08922196 0.08904414 0.11567274]
 [0.11764754 0.06001545 0.096768   0.0000295  0.08738336 0.22083776 0.13860177 0.10759865 0.07259273 0.09852529]
 [0.03494278 0.01419157 0.15288712 0.0000281  0.06105968 0.31686544 0.178272   0.10045494 0.04693251 0.0943658 ]
 [0.23627016 0.00012686 0.00661166 0.5380226  0.12054105 0.00123246 0.00024333 0.00865448 0.08829689 0.00000049]
 [0.02431391 0.00515746 0.17457716 0.00002972 0.05166858 0.3168629  0.167051   0.12599464 0.05239112 0.08195349]
 [0.0274506  0.00829637 0.15327549 0.00002573 0.05037146 0.3705098  0.18089116 0.08651898 0.04316599 0.07949449]
 [0.11490017 0.27657816 0.06370345 0.00001584 0.08868864 0.08121338 0.06505128 0.04854165 0.03543705 0.22587052]
 [0.2211789  0.00012878 0.00596212 0.553269   0.12566377 0.00075054 0.0001484  0.00849906 0.08439898 0.00000036]
 [0.04007772 0.01778755 0.12724441 0.00002661 0.05240717 0.34579057 0.18856373 0.08509104 0.04002204 0.10298914]
 [0.09539255 0.21814252 0.10843609 0.00001857 0.1380263  0.05417901 0.06563636 0.07499951 0.05264818 0.19252093]
 [0.01364996 0.00879355 0.09044595 0.00000415 0.01674452 0.23137738 0.23992816 0.06531867 0.01665313 0.31708455]
 [0.18940856 0.00013909 0.00821303 0.5684268  0.13568208 0.00134205 0.00026762 0.01023043 0.08628999 0.0000005 ]
 [0.08883958 0.00050575 0.1771463  0.00597439 0.09818833 0.31391928 0.08899336 0.09108047 0.13444948 0.00090314]
 [0.05503082 0.01851186 0.15282655 0.00004612 0.0723106  0.28476584 0.176041   0.09546875 0.05468411 0.09031437]
 [0.06846888 0.01960703 0.15295473 0.0000306  0.08845836 0.09341636 0.14809078 0.22586624 0.09452567 0.10858141]
 [0.06503189 0.02112217 0.119946   0.00002596 0.05077324 0.13988705 0.25333577 0.12917371 0.05545492 0.16524929]
 [0.09520138 0.03611244 0.14402424 0.00004023 0.10346137 0.11695279 0.1512977  0.14557302 0.0923675  0.11496931]
 [0.08874168 0.03115384 0.14652514 0.00003836 0.0999697  0.11360729 0.15294874 0.16173472 0.09333122 0.11194935]
 [0.07999119 0.02221228 0.14289849 0.00003828 0.07256764 0.13582246 0.20963328 0.13220634 0.07736298 0.12726706]
 [0.05311537 0.01527229 0.15360248 0.00002727 0.08572043 0.08092659 0.13257939 0.2826599  0.09100581 0.10509053]
 [0.07873949 0.02037623 0.16084039 0.00004516 0.12318914 0.07380545 0.1050445  0.236616   0.1217804  0.07956322]
 [0.08500794 0.01590977 0.16250996 0.00005468 0.1109178  0.07998949 0.11664818 0.22047189 0.12486211 0.08362817]
 [0.08956172 0.03016893 0.14936109 0.00003854 0.10823758 0.10884272 0.14046896 0.16833106 0.10276268 0.10222679]
 [0.06027793 0.01673128 0.1571931  0.00002713 0.08817913 0.07711641 0.13674566 0.25997254 0.09769106 0.1060658 ]
 [0.08571319 0.02347507 0.1592291  0.00004734 0.12125088 0.10352912 0.12508301 0.1808075  0.11811477 0.08275004]
 [0.05901092 0.02296839 0.15255749 0.0000205  0.11078704 0.07357875 0.1087361  0.27338877 0.10860821 0.0903438 ]
 [0.04087734 0.0341893  0.14781557 0.00000928 0.0842381  0.10049517 0.13448744 0.23944812 0.0672214  0.15121824]
 [0.09151573 0.02227502 0.15429224 0.00004871 0.12329227 0.09022514 0.11560488 0.19709913 0.12772053 0.07792635]
 [0.08639572 0.02339066 0.15195851 0.00004001 0.11638893 0.08735755 0.11993978 0.20672634 0.12082535 0.08697706]
 [0.04497495 0.01291799 0.14467907 0.00001953 0.07900239 0.06449262 0.11689578 0.34422925 0.0898978  0.10289054]
 [0.13987413 0.00271256 0.11003046 0.00170568 0.08805756 0.24704061 0.17525369 0.11793072 0.11227802 0.00511648]
 [0.21984023 0.00015425 0.06010524 0.19986676 0.17118186 0.02844881 0.01142136 0.06403343 0.24492975 0.00001837]
 [0.2038387  0.00016122 0.06525186 0.16956083 0.19107886 0.03181139 0.01191391 0.06556126 0.26080433 0.00001757]
 [0.03805497 0.0392151  0.15597148 0.00000952 0.05520898 0.06913907 0.13665392 0.10547398 0.0369783  0.36329466]
 [0.05987016 0.068099   0.12975487 0.00001226 0.06788493 0.07488108 0.11621412 0.10076701 0.04434207 0.33817446]
 [0.02378139 0.01642405 0.15566245 0.00000704 0.0403208  0.05732735 0.13003935 0.15436246 0.03341408 0.388661  ]
 [0.06121081 0.00382076 0.17918444 0.00015781 0.14378545 0.06503728 0.0974126  0.2342629  0.19431494 0.02081291]
 [0.20104411 0.0008443  0.07687481 0.01043525 0.14975715 0.23586962 0.042625   0.06891651 0.21339305 0.00024018]
 [0.01851705 0.01999562 0.11370572 0.00000457 0.03102864 0.0800391  0.18334517 0.09109329 0.0233144  0.43895644]
 [0.163769   0.00008778 0.01213038 0.55878204 0.13598925 0.0022115  0.00053769 0.01497983 0.11151169 0.00000075]
 [0.23054622 0.0072519  0.11509759 0.00031576 0.11997166 0.07245166 0.05911298 0.17901675 0.19775069 0.01848475]
 [0.15435456 0.00008748 0.01030829 0.591741   0.13021208 0.00182103 0.00041339 0.01273534 0.09832632 0.00000055]
 [0.01013095 0.29730317 0.06463161 0.00000232 0.5321107  0.00349097 0.00271795 0.02757696 0.05283483 0.00920066]
 [0.21257126 0.00011223 0.02717761 0.30934337 0.18455413 0.00717514 0.00228694 0.03481429 0.22196123 0.00000371]
 [0.01088764 0.00659591 0.11997534 0.00000494 0.02523139 0.04185927 0.17023851 0.18988    0.02433912 0.4109878 ]
 [0.01742902 0.01378857 0.10033664 0.00001003 0.03177509 0.4831697  0.18562661 0.04459066 0.01934348 0.10393018]]
        Validation Criterion: 0.04533338
16:04:03      Epoch:   0      Batch:   0      OuterStep: 170      LossModel: 0.41215363     LossTerm2: 0.00000000     LossGates: 0.00000000      Time/Step(s): 55.2257Contributing envs to the losses:  [ 36  38  43  35 122 116 127 119 124 118 114 159 112  18  37 115  30  20  10  25  31   0  28  29  21  19  23 130  17  26 131  27 132  24  16  22   9  14  46   6 129 136   3   4  41  11]
Gate kernel values:  [[ 0.01483251 -0.01086274 -0.00425599  0.00422264  0.02251724 -0.0004452  -0.01797349 -0.01272107  0.02514448  0.00731627  0.02441087 -0.01633204  0.02635444  0.02305764  0.06676608 -0.01735427  0.01282503 -0.02556769 -0.01387438 -0.00368321 -0.00353236 -0.02045347 -0.01721096  0.0150264   0.01055325  0.02187631  0.01007157  0.01355719 -0.00285695  0.00084061  0.01518484  0.01037575 -0.02310994  0.01504002  0.0226412   0.01313566  0.01675732 -0.00523435 -0.02488982  0.02279414]
 [ 0.00297052 -0.0134608   0.02224317 -0.03083303  0.00186233 -0.01231047  0.00464627 -0.01772588  0.00914886 -0.02839097  0.00162827 -0.01036337  0.00051505  0.00337735  0.03311656 -0.00078116  0.00426295 -0.01067136 -0.00029986 -0.02962329  0.02098055  0.00229723 -0.01241612  0.01194913  0.02315652 -0.00236016 -0.03208606  0.00995262  0.02480981 -0.02237669  0.01278381 -0.02797733 -0.01404163  0.01282484  0.00721487  0.01234086  0.02551841  0.02045343  0.00219508  0.00561594]
 [ 0.00907514 -0.01607699  0.02113216 -0.01743387  0.00944838  0.02668799 -0.0128394  -0.00877651 -0.00189214 -0.01491622  0.00565466 -0.01090419  0.00439327  0.00757198 -0.05701341 -0.0080867   0.00216424 -0.00738665 -0.02025385 -0.01044672 -0.00490691 -0.00634948  0.00031001  0.01249065  0.00771998  0.01237186  0.02656865  0.00108416  0.02143094  0.01801021  0.01124402 -0.02135943 -0.00936142  0.01049783  0.00267432  0.02242049  0.00993093 -0.02640134 -0.00372288  0.00481923]
 [ 0.05312783 -0.01777565 -0.00680969  0.00134302  0.0336528   0.01844984 -0.03147823 -0.0502215   0.04552527 -0.00406934  0.03673632 -0.04819713  0.02065363  0.03593306  0.02875688 -0.05572424  0.01802192 -0.03175974 -0.02414064 -0.00642536 -0.06810705 -0.05643747 -0.01486566  0.01853994  0.01054136  0.03518751  0.02461142  0.01768343 -0.00356072  0.02933113  0.02068804  0.0030772  -0.02468182  0.04864553  0.02286899  0.01231686  0.00666553 -0.01433484 -0.02779307  0.02778656]
 [ 0.02142681 -0.01966527  0.03549724 -0.04133422  0.00938509  0.0212424  -0.01073081 -0.02528233  0.00436084 -0.03959185  0.00686157 -0.02090733  0.01423834  0.0089763  -0.0280556  -0.02016427  0.02241598 -0.01073616 -0.01769941 -0.03188895  0.0130124  -0.01751396 -0.02182101  0.01768104  0.0268911   0.0107597   0.00363526  0.02018131  0.03931354  0.00798584  0.01779992 -0.04573928 -0.01277012  0.02305127  0.0147536   0.0238635   0.02195431 -0.0203973  -0.01264454  0.01217021]
 [ 0.01039956 -0.01999987 -0.02984461  0.00775751  0.00730247  0.00111963 -0.01459411 -0.00712247 -0.00162652  0.00096643  0.01236725 -0.00588886  0.00856176  0.00689556 -0.07054935 -0.01010098  0.01486487 -0.0088734   0.00122117  0.00409251 -0.02057985 -0.01121336 -0.01154105  0.01880485  0.00837765  0.00204511 -0.0179045   0.00979547 -0.02024419 -0.00585435  0.02016844  0.01636456 -0.01559755  0.0091055  -0.00310142  0.00751881  0.00150893 -0.02226488 -0.00914013  0.01297704]
 [-0.00137131 -0.00157709 -0.02063037  0.01585073  0.00999892 -0.00026908 -0.00838495  0.00349382  0.00888352  0.01334266  0.00792688  0.00650345  0.00056175  0.00915168 -0.06656556  0.00075379  0.01159351 -0.00635145 -0.01837963  0.01240375 -0.03748112 -0.00034248 -0.00285739  0.00371726 -0.00498515  0.01609346 -0.00055697  0.00531977 -0.0185848   0.00605601  0.00536113  0.01830919 -0.00311252 -0.00386926  0.01873405  0.01965026 -0.00891776  0.00271834 -0.00409943  0.00357858]
 [ 0.00741041 -0.00728222  0.01515173 -0.01062148  0.00512306  0.03144842 -0.00826016 -0.00568003 -0.00822506 -0.01008171  0.00380943 -0.00603532 -0.00278511  0.00152797 -0.03171911 -0.00540558  0.02145912 -0.00127511 -0.00966519 -0.00756293 -0.00427252 -0.00415732 -0.02296788  0.01059145  0.00142806  0.00111783  0.03831538  0.02643691  0.01067181  0.0366176   0.00627556 -0.01078797 -0.00496837  0.00573096  0.02305596  0.00278563  0.00384439 -0.00317638 -0.01551813  0.012001  ]
 [ 0.01286902 -0.01945324  0.02535748 -0.01983661  0.01427899  0.02599696 -0.01698944 -0.01340458  0.00801529 -0.01898346  0.01143038 -0.0148745   0.01233151  0.01325331 -0.02115897 -0.01306315  0.02613084 -0.01491052 -0.02179541 -0.01729397  0.01326641 -0.01188898 -0.02501725  0.01922496  0.01515494  0.01628952  0.01742026  0.02248716  0.02411624  0.01547757  0.01729618 -0.02372796 -0.01416598  0.01418661  0.02057244  0.02650387  0.01414974 -0.0218503  -0.02053384  0.01620923]
 [-0.03276838 -0.00055345  0.00170692  0.00707538 -0.00124419  0.00283482  0.0018715   0.03026826  0.00579328  0.01504715 -0.00151625  0.02531533 -0.03142052  0.00001249 -0.01368223  0.03238653 -0.00626585  0.00016209  0.00445293  0.00979022 -0.01313495  0.03277583 -0.00099852 -0.00110511 -0.02692497 -0.00235652  0.00758003 -0.00192911  0.00108941 -0.00066274 -0.00170879 -0.00034756 -0.0010353  -0.03024104 -0.00739569 -0.00864976 -0.01688942 -0.00185178 -0.00179496  0.00095448]]
Gate values for each environment (all envs): 
 [[0.08110768 0.04675819 0.16281311 0.00003228 0.11898318 0.10288259 0.12937719 0.13759768 0.08763728 0.13281088]
 [0.08752441 0.02289846 0.15016119 0.00004634 0.11257849 0.10187119 0.1310524  0.18772495 0.11534082 0.09080167]
 [0.27298066 0.04183766 0.08957662 0.00016837 0.09670112 0.11552528 0.09815443 0.1098068  0.09978576 0.07546332]
 [0.13629304 0.11952116 0.09953416 0.00004053 0.11334781 0.10168816 0.11187482 0.09947923 0.06933589 0.14888516]
 [0.10097696 0.1405057  0.11362838 0.0000166  0.13920888 0.08898278 0.07612077 0.11120088 0.07840687 0.15095222]
 [0.07956739 0.01409807 0.16096522 0.00005207 0.15471663 0.0674468  0.07966032 0.22494031 0.17536552 0.04318777]
 [0.08539409 0.02979883 0.14968029 0.00003378 0.11260473 0.11135394 0.13545588 0.16477606 0.10792103 0.10298135]
 [0.07422756 0.0127834  0.16703182 0.00004516 0.14696646 0.07072289 0.08486792 0.22261856 0.17555395 0.04518225]
 [0.07168493 0.06427322 0.10243627 0.00001637 0.05940397 0.08536078 0.15650782 0.08640308 0.04454254 0.32937106]
 [0.0952949  0.04197786 0.14239946 0.00003536 0.12129745 0.10069009 0.12179242 0.16429926 0.10310832 0.10910489]
 [0.10404813 0.11691295 0.10631043 0.00002179 0.10556746 0.1402692  0.12121055 0.09178199 0.06362958 0.15024792]
 [0.11170395 0.10018896 0.10722479 0.00003605 0.09981351 0.09984536 0.12921245 0.10963826 0.0615714  0.18076526]
 [0.06173464 0.01253476 0.16294909 0.00003399 0.11264045 0.09403386 0.13706525 0.207077   0.14805865 0.0638722 ]
 [0.09115297 0.03678854 0.1388215  0.00002698 0.12028796 0.09447204 0.11394434 0.1790688  0.11898509 0.1064516 ]
 [0.25156948 0.03372664 0.09535259 0.00017763 0.07372133 0.13263558 0.14756173 0.09242559 0.08418206 0.08864733]
 [0.32418138 0.0643713  0.08425652 0.00017873 0.08788038 0.08946259 0.10988957 0.08442422 0.07774212 0.07761322]
 [0.09165264 0.03606359 0.1467014  0.00003763 0.1126816  0.10792057 0.13628945 0.15719342 0.0998567  0.11160296]
 [0.09511029 0.03812637 0.14660303 0.00003916 0.11384304 0.10922068 0.13609697 0.14905289 0.09925248 0.11265509]
 [0.11404336 0.0624438  0.12598157 0.00003789 0.11760541 0.11391468 0.12426605 0.12878227 0.08998363 0.12294137]
 [0.14727302 0.0592841  0.12067716 0.00005393 0.11928594 0.11017438 0.12060004 0.11953066 0.09989495 0.10322595]
 [0.09383166 0.04628072 0.1413784  0.00003422 0.10930756 0.11046652 0.13873805 0.14188078 0.0888721  0.12920997]
 [0.09184697 0.04790378 0.15299346 0.00003508 0.12962624 0.09974589 0.11626588 0.14968319 0.09853123 0.11336825]
 [0.16214842 0.06200467 0.11650946 0.00005877 0.11899702 0.10428564 0.11443951 0.11877165 0.10037845 0.10240645]
 [0.09099996 0.03797448 0.14539987 0.00003573 0.11015487 0.11009686 0.13844445 0.15332624 0.09624959 0.11731797]
 [0.11910275 0.04755504 0.13811609 0.00004808 0.13235833 0.10928532 0.11720062 0.13232641 0.11215328 0.0918541 ]
 [0.10454931 0.05695916 0.13833411 0.0000365  0.12402274 0.10076533 0.11596585 0.14164124 0.09287989 0.12484587]
 [0.11005375 0.04599372 0.14308669 0.00004314 0.12904032 0.10645989 0.11916038 0.1374509  0.10835073 0.10036043]
 [0.09046712 0.03487192 0.14797528 0.00003819 0.11159426 0.10848292 0.13804033 0.15752684 0.09942015 0.11158285]
 [0.06658983 0.04319203 0.14887208 0.00002013 0.09549218 0.09892775 0.13240008 0.15351705 0.07484677 0.18614206]
 [0.08973067 0.05008532 0.14932993 0.00003221 0.1224255  0.10140499 0.12265676 0.14665683 0.0922414  0.12543637]
 [0.10544898 0.05779228 0.13380976 0.00003608 0.11946534 0.11089063 0.1271546  0.13347088 0.09154473 0.12038677]
 [0.08805422 0.04807073 0.14622688 0.00003112 0.1132718  0.10626239 0.13332947 0.14448787 0.08809626 0.13216928]
 [0.11069468 0.06362267 0.10764162 0.00002279 0.07972528 0.08628932 0.12706465 0.0965941  0.07107729 0.25726756]
 [0.09665103 0.0723392  0.10110958 0.00001841 0.07934742 0.08784483 0.12855408 0.09658723 0.06601854 0.27152964]
 [0.20349424 0.00986955 0.11951948 0.00022998 0.16104609 0.10288341 0.05950775 0.10860002 0.22520566 0.00964381]
 [0.03986314 0.01686678 0.14939114 0.0000189  0.06784339 0.30399844 0.14970659 0.11324162 0.05683862 0.10223138]
 [0.04896269 0.01909869 0.131954   0.00002588 0.06155787 0.3314075  0.17650393 0.08438198 0.0504589  0.09564872]
 [0.18293288 0.05882474 0.1130728  0.0000596  0.10380481 0.1234047  0.13420093 0.09342476 0.09468538 0.09558935]
 [0.04457927 0.02142454 0.14947014 0.00002359 0.06987187 0.30203012 0.16901681 0.08987965 0.05220404 0.10149997]
 [0.10263966 0.08637482 0.0860495  0.0000159  0.07916937 0.07936624 0.11736618 0.09654266 0.06654227 0.28593343]
 [0.08323173 0.07097828 0.10465469 0.00001248 0.07899459 0.08401019 0.12131991 0.10707594 0.06493288 0.28478926]
 [0.08022501 0.07406711 0.10354783 0.00001266 0.07562269 0.09423574 0.1343927  0.09813068 0.05844557 0.28132004]
 [0.10865625 0.07875786 0.09541399 0.00001922 0.0809763  0.07791368 0.11685782 0.10394414 0.06755765 0.2699032 ]
 [0.03556802 0.01430428 0.1573862  0.00002303 0.06578767 0.32754785 0.16124246 0.09259985 0.0528101  0.09273063]
 [0.11927663 0.02169182 0.14685762 0.00008051 0.14367718 0.09153897 0.09735952 0.17420389 0.1500065  0.05530737]
 [0.20202485 0.00994089 0.12780875 0.00016232 0.11468389 0.11304547 0.07846358 0.14890327 0.18461761 0.02034944]
 [0.19041495 0.06263188 0.12209527 0.00006003 0.12921022 0.09572798 0.10100805 0.10502906 0.1137252  0.08009733]
 [0.18405046 0.00937765 0.12762523 0.00014643 0.1335361  0.10038673 0.07067808 0.14316383 0.21489558 0.01614002]
 [0.01634941 0.00000062 0.00008434 0.9750861  0.00487497 0.00002408 0.00000177 0.00010564 0.0034731  0.        ]
 [0.02885188 0.00000086 0.00044565 0.955423   0.00621117 0.00030755 0.00003995 0.00048857 0.00823128 0.        ]
 [0.06187375 0.00000995 0.00079228 0.88241136 0.03381948 0.00018189 0.00001771 0.00086043 0.02003325 0.00000001]
 [0.37702006 0.00047371 0.0636498  0.01526514 0.11547691 0.04055458 0.02848601 0.07244083 0.28631422 0.00031876]
 [0.01412863 0.8865261  0.01001167 0.00000056 0.04618659 0.00738007 0.00320353 0.00629369 0.00438442 0.02188461]
 [0.37950855 0.00013633 0.03658279 0.11080789 0.12285228 0.0127929  0.00752403 0.0477158  0.28205466 0.00002484]
 [0.18370485 0.00019592 0.00355393 0.61625826 0.1377297  0.00044487 0.00005736 0.00430214 0.05375292 0.00000012]
 [0.01609153 0.8758063  0.01107566 0.00000065 0.04587751 0.00788872 0.00383793 0.00704218 0.00470669 0.02767307]
 [0.04978496 0.00000558 0.00075665 0.9033288  0.02655798 0.00021526 0.00002166 0.00079802 0.01853112 0.        ]
 [0.00289153 0.00108472 0.01916423 0.00000067 0.00167079 0.03871555 0.22449353 0.07652777 0.00335436 0.6320969 ]
 [0.06644033 0.00000935 0.00124942 0.86910224 0.03575617 0.00040726 0.00004273 0.00127654 0.02571602 0.00000001]
 [0.05620551 0.00000977 0.00059271 0.90136164 0.02663308 0.00010514 0.00001074 0.00066882 0.0144127  0.        ]
 [0.07099432 0.00001304 0.00041618 0.8719748  0.03817855 0.00005168 0.00000454 0.00051374 0.01785314 0.        ]
 [0.07208966 0.00001575 0.00047694 0.86396664 0.0436855  0.00005868 0.00000498 0.00057854 0.0191234  0.        ]
 [0.1164528  0.00002673 0.00194295 0.77969277 0.05968163 0.00050577 0.00006274 0.00209074 0.03954373 0.00000003]
 [0.02582672 0.77714026 0.01829944 0.000001   0.0423235  0.01380824 0.0105597  0.013448   0.00635249 0.09224065]
 [0.10099157 0.33330423 0.07146696 0.00001504 0.13853425 0.03731312 0.04757467 0.04973637 0.04873367 0.17233013]
 [0.14514586 0.00372126 0.08698873 0.00160192 0.09130318 0.261802   0.2195111  0.07368281 0.11280837 0.00343477]
 [0.10152503 0.00457032 0.06079425 0.00020451 0.0247791  0.1382464  0.54440445 0.03701184 0.04714912 0.04131512]
 [0.09643512 0.3534197  0.0714497  0.0000151  0.15356626 0.03488982 0.04206013 0.04736288 0.04999482 0.1508065 ]
 [0.17259103 0.00485343 0.08780047 0.00191537 0.10286068 0.23440446 0.18649954 0.08123194 0.12246682 0.00537624]
 [0.01490774 0.8612669  0.01320678 0.00000075 0.03826533 0.00638032 0.00417904 0.00493273 0.00389217 0.05296836]
 [0.01973177 0.00500948 0.09903226 0.00001164 0.01832489 0.13844255 0.26187885 0.11183129 0.02408986 0.32164732]
 [0.22886552 0.00838098 0.06608288 0.00051032 0.07658444 0.25014105 0.13093635 0.10087198 0.11668722 0.02093922]
 [0.03559882 0.01371701 0.12438332 0.00001371 0.03527648 0.07120745 0.17458577 0.14415866 0.03691112 0.36414763]
 [0.1764417  0.0001466  0.07937524 0.2758969  0.07431562 0.14933488 0.07308721 0.06319924 0.10812525 0.00007737]
 [0.08326271 0.0007443  0.12423949 0.01055789 0.07981409 0.24413323 0.26687995 0.09584487 0.0930793  0.00144414]
 [0.08974177 0.5652596  0.03881576 0.00001066 0.05561968 0.04360487 0.03134951 0.01857472 0.01341024 0.14361331]
 [0.13377027 0.41714865 0.0540928  0.00002391 0.06429778 0.06493877 0.05599498 0.02986292 0.01995989 0.15991005]
 [0.01385918 0.86266625 0.0150064  0.00000087 0.04143049 0.0068677  0.00411036 0.004578   0.00387753 0.04760331]
 [0.02219969 0.8327706  0.01561518 0.00000122 0.038098   0.00805332 0.00533226 0.00580244 0.0046278  0.06749954]
 [0.01476456 0.00270488 0.13488932 0.00001796 0.01872884 0.11351707 0.40456456 0.12408178 0.02415392 0.1625771 ]
 [0.01611507 0.71594167 0.02778867 0.00000101 0.08596852 0.00598749 0.00707302 0.01242676 0.01026349 0.11843435]
 [0.08506107 0.00054614 0.10067716 0.00011811 0.11040767 0.03152374 0.03393378 0.1301376  0.5033857  0.00420893]
 [0.07723372 0.00104352 0.12671915 0.00162613 0.18337177 0.13863117 0.09716467 0.09039418 0.28182876 0.00198692]
 [0.07339351 0.00169882 0.14595239 0.00062347 0.20032199 0.15266407 0.06686377 0.06717055 0.28734317 0.00396823]
 [0.04213705 0.02048394 0.19293517 0.00005538 0.09921145 0.18285136 0.23022106 0.05453245 0.06534832 0.11222383]
 [0.04776569 0.6382407  0.03493268 0.00000326 0.0664436  0.02974419 0.0226628  0.02209716 0.01438797 0.12372188]
 [0.08964047 0.00039505 0.13365828 0.00082174 0.1020385  0.08109388 0.08628156 0.15455264 0.34845045 0.00306745]
 [0.03809588 0.05301421 0.14643039 0.000032   0.11186027 0.18679927 0.23747434 0.05034927 0.05826374 0.11768072]
 [0.04395849 0.00117118 0.15062188 0.0004665  0.19188088 0.12208688 0.10991117 0.09213602 0.28442013 0.00334689]
 [0.06720322 0.00027212 0.14867584 0.0016632  0.15478781 0.05137826 0.05464745 0.14074716 0.37936166 0.00126331]
 [0.05856105 0.00597968 0.21146497 0.00013923 0.21729477 0.06787267 0.05633806 0.13575786 0.23233241 0.01425924]
 [0.17899346 0.00553042 0.12869334 0.00032694 0.13708742 0.08581542 0.07304348 0.1337176  0.24495707 0.0118349 ]
 [0.05692501 0.02392742 0.13600257 0.00005927 0.06649595 0.17035706 0.29376575 0.05216603 0.04995178 0.1503492 ]
 [0.06687187 0.00026112 0.13869108 0.00202912 0.16506559 0.05849173 0.05084561 0.13113846 0.38574368 0.00086178]
 [0.0929345  0.00053696 0.12910862 0.0012056  0.155034   0.05014583 0.05063858 0.13787583 0.38039333 0.00212671]
 [0.10975695 0.00251054 0.15209435 0.00021111 0.13023837 0.06586298 0.0736573  0.14508817 0.30742234 0.01315794]
 [0.22247925 0.00007418 0.01261792 0.53077835 0.10124277 0.00651222 0.00145037 0.01298901 0.11185466 0.00000134]
 [0.20298137 0.00329944 0.11789826 0.00496479 0.2610826  0.07145967 0.03263862 0.08779368 0.21720737 0.00067418]
 [0.00597048 0.89053845 0.01130574 0.00000034 0.04334151 0.00320303 0.00235505 0.00371451 0.00290361 0.03666713]
 [0.04779112 0.6428475  0.03906975 0.00000464 0.0688969  0.03290407 0.02634845 0.02542636 0.01198141 0.10472981]
 [0.014739   0.01323292 0.19721124 0.00000583 0.03318191 0.06392624 0.12794293 0.11385418 0.02288959 0.41301617]
 [0.06102519 0.62878376 0.03383684 0.00000498 0.07020845 0.03194388 0.02300651 0.02185073 0.0162188  0.11312103]
 [0.2235956  0.00009838 0.00594208 0.57889336 0.103162   0.00141736 0.00026321 0.00722136 0.07940625 0.00000041]
 [0.06525263 0.00273464 0.09594746 0.00023029 0.06471839 0.35022834 0.16348816 0.14472537 0.09488361 0.01779109]
 [0.20506735 0.00007189 0.01426623 0.5141154  0.11619308 0.00700032 0.00152523 0.01440766 0.12735155 0.00000135]
 [0.0132514  0.8344348  0.01581505 0.00000071 0.04468542 0.00823893 0.00562232 0.00665051 0.00454527 0.06675567]
 [0.00680009 0.27483135 0.02612064 0.00000028 0.02137617 0.01658649 0.04429884 0.01539485 0.00455877 0.59003246]
 [0.02835235 0.0009547  0.11597426 0.00015782 0.12260829 0.15106726 0.12657744 0.24503489 0.20403433 0.00523861]
 [0.01061341 0.32391363 0.09231    0.0000014  0.20678425 0.00867125 0.01553462 0.10894277 0.03143229 0.20179635]
 [0.26342207 0.00085903 0.08289943 0.05771462 0.21952263 0.06038933 0.02088132 0.07852936 0.2156832  0.00009896]
 [0.21401647 0.00009051 0.00737757 0.5767486  0.10450781 0.00193291 0.00039838 0.00877207 0.08615504 0.00000053]
 [0.21440293 0.00009323 0.00724535 0.57463664 0.10654909 0.00177216 0.00036767 0.00869843 0.08623394 0.00000052]
 [0.11187001 0.05390691 0.11518806 0.00002328 0.10294208 0.23564824 0.11178578 0.07732903 0.088489   0.10281752]
 [0.15809633 0.00008982 0.00711914 0.6293398  0.11628156 0.00110127 0.00022508 0.00906274 0.07868402 0.00000035]
 [0.11330075 0.06245347 0.12395483 0.0000194  0.10168678 0.20461968 0.10589862 0.08452818 0.08494819 0.11859009]
 [0.10556892 0.11550442 0.08481131 0.00001433 0.07974307 0.21273102 0.12440494 0.06845433 0.05415118 0.15461643]
 [0.03423495 0.01485977 0.15464973 0.00002608 0.06164818 0.315933   0.17420438 0.09920894 0.04660426 0.0986307 ]
 [0.23107305 0.00013104 0.00631138 0.5410561  0.12465099 0.00109141 0.00020809 0.00832206 0.08715551 0.00000044]
 [0.02441001 0.00559995 0.1787082  0.00002747 0.0532276  0.31416    0.15986368 0.12409355 0.05278765 0.08712201]
 [0.02607573 0.00891076 0.15522756 0.00002147 0.04908196 0.36364484 0.17918816 0.08518993 0.04131887 0.09134082]
 [0.1159322  0.28122687 0.06919388 0.0000176  0.10635702 0.07891671 0.06102797 0.05276315 0.04081361 0.19375098]
 [0.21482058 0.00013032 0.00563067 0.560023   0.12811306 0.00065953 0.00012587 0.00809966 0.08239707 0.00000032]
 [0.04004927 0.02101974 0.1425446  0.00002295 0.05990306 0.29297882 0.17949346 0.0962991  0.04409212 0.12359697]
 [0.11173977 0.25006634 0.09889605 0.00002291 0.14997372 0.05406041 0.06054443 0.06766059 0.05523514 0.1518006 ]
 [0.01655893 0.00998923 0.10225464 0.00000648 0.02220395 0.30388576 0.23463318 0.06568851 0.02018754 0.22459172]
 [0.18556987 0.00014522 0.00759324 0.57309073 0.13922068 0.00113519 0.00021532 0.00959442 0.08343492 0.00000042]
 [0.11261936 0.00059429 0.1534983  0.00685794 0.09981251 0.343027   0.07562843 0.07543746 0.13180807 0.00071649]
 [0.05221877 0.02137693 0.16398942 0.00003684 0.07702263 0.2619735  0.1613238  0.09931201 0.05548567 0.1072605 ]
 [0.06675389 0.02039663 0.15105051 0.0000276  0.08567616 0.09240947 0.15197651 0.22208655 0.09178119 0.11784147]
 [0.06272126 0.02042871 0.11089993 0.0000234  0.04410367 0.13669753 0.27028328 0.11955934 0.04999171 0.18529123]
 [0.09334259 0.03825565 0.14469695 0.00003704 0.10740585 0.11073049 0.14461507 0.14628787 0.09447616 0.12015231]
 [0.08112681 0.03060771 0.14349616 0.00003164 0.09044838 0.11311124 0.16257833 0.16059215 0.086283   0.13172457]
 [0.0836718  0.0278537  0.14950278 0.00003576 0.08963771 0.12087797 0.17329243 0.14003041 0.088874   0.12622344]
 [0.05073349 0.01561795 0.15089004 0.000024   0.08230855 0.07886831 0.13492121 0.28507397 0.0878149  0.11374754]
 [0.07440641 0.02045915 0.15975238 0.00003997 0.12106328 0.0710424  0.10480156 0.2440555  0.12016092 0.08421846]
 [0.0774285  0.01618581 0.1598293  0.00004417 0.10380365 0.07780294 0.12164335 0.2309595  0.11776727 0.09453551]
 [0.08530521 0.03068704 0.14948449 0.00003444 0.10844678 0.10387105 0.13856457 0.1720844  0.10283006 0.10869196]
 [0.05776719 0.0172534  0.15441571 0.00002378 0.08445585 0.07564005 0.14015906 0.2607029  0.09402329 0.11555883]
 [0.08509313 0.02388896 0.1597395  0.00004616 0.12826633 0.09661145 0.11720806 0.18462294 0.12405097 0.08047254]
 [0.05806725 0.02389502 0.1512605  0.00001889 0.10981803 0.07202347 0.10944329 0.2722059  0.10770175 0.09556592]
 [0.0396303  0.03475313 0.14448352 0.00000837 0.08226048 0.09533688 0.13232641 0.24251308 0.06612682 0.16256104]
 [0.08895104 0.02240711 0.15440598 0.00004593 0.12754077 0.08498625 0.11031383 0.20171697 0.13178152 0.07785053]
 [0.08163714 0.02354743 0.15125152 0.00003532 0.11484919 0.08395307 0.11967519 0.21245043 0.1197213  0.09287941]
 [0.04207878 0.01324164 0.14020443 0.00001631 0.07366093 0.06272445 0.12029622 0.3498779  0.08447077 0.1134285 ]
 [0.13379928 0.00269837 0.11012439 0.00165416 0.08837324 0.25741354 0.17570573 0.11461953 0.11062133 0.00499053]
 [0.23557134 0.00018558 0.07105458 0.17399196 0.15474981 0.04064008 0.0176469  0.07529855 0.23082778 0.00003338]
 [0.21516992 0.0001903  0.0735378  0.16182323 0.1768923  0.04153976 0.01633559 0.07339524 0.24108991 0.00002598]
 [0.04937062 0.04716342 0.16294932 0.00001455 0.06982134 0.07673448 0.13917394 0.10414234 0.04524366 0.3053864 ]
 [0.06233935 0.07187942 0.12155523 0.00001313 0.06578176 0.07696103 0.12222764 0.09049512 0.04323971 0.3455076 ]
 [0.02901381 0.01977121 0.14519303 0.00000874 0.04202364 0.06099473 0.13677743 0.13934536 0.03480095 0.39207122]
 [0.06212126 0.00389659 0.17725593 0.00014795 0.13828604 0.06475154 0.10001754 0.23959751 0.19092718 0.02299845]
 [0.19285661 0.00087017 0.07359646 0.00932128 0.1333014  0.30435878 0.04312271 0.0581149  0.18420602 0.00025174]
 [0.01952406 0.01821253 0.13186155 0.00000577 0.03597316 0.08585921 0.19210295 0.10765787 0.02732968 0.38147312]
 [0.14623827 0.00008743 0.01285591 0.5333942  0.16289681 0.00194965 0.00044882 0.01593053 0.12619771 0.00000064]
 [0.19689558 0.00891246 0.11857362 0.00021157 0.13457635 0.05878885 0.05       0.21446943 0.19786036 0.01971173]
 [0.15407398 0.00009707 0.00993272 0.58365893 0.13935092 0.00160208 0.00034769 0.0124389  0.09849719 0.00000049]
 [0.0103196  0.3036632  0.06607408 0.00000228 0.5221019  0.00364832 0.00289977 0.02826107 0.05281778 0.01021205]
 [0.21736066 0.00011668 0.02630105 0.31606492 0.18138108 0.00709173 0.00220217 0.03400573 0.2154724  0.00000362]
 [0.01350224 0.00755455 0.13887164 0.00000745 0.03386847 0.0476514  0.17639498 0.20682094 0.03138554 0.34394276]
 [0.01762726 0.01410039 0.10257903 0.0000099  0.03237026 0.4692758  0.18787982 0.04603833 0.0198271  0.11029217]]
        Validation Criterion: 0.04416066
16:13:23      Epoch:   0      Batch:   0      OuterStep: 180      LossModel: 0.49397326     LossTerm2: 0.00000000     LossGates: 0.00000000      Time/Step(s): 56.6657Contributing envs to the losses:  [ 30  20  18  31  25  29  21 130  23   9  17  16  27  26 132  24  19  22 136 131   6  28   1  13 138  37  46  33  41  40 142 129  39  32 134   0 128 141  42  10 135  15  14   2   4  11]
Gate kernel values:  [[ 0.01477984 -0.01085489 -0.0042491   0.00422368  0.02251473 -0.00044943 -0.01796994 -0.01268529  0.02513978  0.00733822  0.02440709 -0.01629504  0.02634929  0.0230546   0.06676135 -0.01731801  0.01282162 -0.02556522 -0.01387228 -0.00366358 -0.00352204 -0.02039487 -0.01720903  0.01502255  0.0105311   0.02187412  0.01006776  0.01355148 -0.00285021  0.00083562  0.01518143  0.01037703 -0.02310618  0.01500352  0.02263774  0.01313673  0.01675929 -0.0052245  -0.02488783  0.02279105]
 [ 0.00296739 -0.01339699  0.02224536 -0.0308344   0.00186033 -0.01231184  0.00464805 -0.01772506  0.00914914 -0.02839156  0.00162638 -0.01036224  0.00050776  0.00337547  0.03311748 -0.00077759  0.00426034 -0.01066938 -0.00029775 -0.02962522  0.02098134  0.00230122 -0.01240943  0.01194293  0.02315626 -0.00236193 -0.03208681  0.00994579  0.02481175 -0.02237769  0.01277559 -0.02797911 -0.0140387   0.01282345  0.00721192  0.01233088  0.02551956  0.02048071  0.00219706  0.00561356]
 [ 0.00906929 -0.01607851  0.02113259 -0.01743214  0.00944897  0.0266877  -0.01283938 -0.00877334 -0.00189168 -0.0149147   0.00565475 -0.01090215  0.00439371  0.00757212 -0.05701204 -0.00808296  0.00216369 -0.00738773 -0.02025372 -0.0104449  -0.00490223 -0.00634494  0.00030985  0.01249166  0.00771825  0.01237202  0.02656875  0.00108378  0.02142952  0.01800926  0.0112444  -0.02135693 -0.00936425  0.01049563  0.00267359  0.02242171  0.00993047 -0.02640086 -0.0037227   0.00481934]
 [ 0.05314314 -0.01777759 -0.00681074  0.00134267  0.0336532   0.01845054 -0.03147863 -0.05025131  0.0455258  -0.00408105  0.03673673 -0.0482199   0.02065553  0.03593351  0.0287577  -0.05578505  0.01802237 -0.03176025 -0.02414111 -0.00643847 -0.0681077  -0.05645783 -0.01486628  0.01854078  0.01055645  0.0351879   0.02461209  0.01768464 -0.00356518  0.0293319   0.02068874  0.00307651 -0.02468263  0.04867048  0.02286993  0.01231712  0.00666392 -0.01433675 -0.02779331  0.02778704]
 [ 0.02144198 -0.01966338  0.03549051 -0.04133107  0.00938723  0.02124247 -0.01073201 -0.02528635  0.00435933 -0.03958711  0.00686394 -0.02090998  0.01425085  0.00897792 -0.02805957 -0.02017789  0.02241725 -0.01073698 -0.01770037 -0.03187963  0.01300698 -0.01753548 -0.02182185  0.01768211  0.02689129  0.01076147  0.00363636  0.02018227  0.03930769  0.0079871   0.01780187 -0.0457354  -0.01277291  0.02305749  0.01475524  0.02386449  0.0219534  -0.02039951 -0.01264636  0.01217197]
 [ 0.01036153 -0.02000348 -0.02984235  0.00776255  0.00729983  0.00111621 -0.01459176 -0.00710105 -0.00162712  0.00097319  0.01236414 -0.00587633  0.00855218  0.00689238 -0.07054688 -0.01007125  0.01486311 -0.00887269  0.00122514  0.00409472 -0.02056985 -0.01117283 -0.01154048  0.01880664  0.00837091  0.00204226 -0.01790805  0.00979215 -0.02024651 -0.00586034  0.02016668  0.01636965 -0.01559855  0.00908952 -0.00310992  0.00751833  0.0015102  -0.02226061 -0.0091362   0.01297338]
 [-0.00138424 -0.00156807 -0.02061744  0.01585546  0.00999792 -0.00027423 -0.00837867  0.00350397  0.00888945  0.0133496   0.007927    0.00651285  0.00056293  0.00914853 -0.06656004  0.00075974  0.01158352 -0.00634625 -0.01837137  0.01241145 -0.0374814  -0.00033797 -0.00284811  0.00370636 -0.00499857  0.01608828 -0.00055307  0.00531125 -0.01857563  0.00605731  0.00535441  0.01830231 -0.00311061 -0.00387682  0.01872896  0.0196375  -0.00892762  0.00272563 -0.00409158  0.00357474]
 [ 0.00741255 -0.00728487  0.01514868 -0.01062574  0.00512647  0.03145115 -0.00826634 -0.0056848  -0.00822545 -0.01008545  0.0038136  -0.00603244 -0.00279562  0.00153329 -0.03172603 -0.00539857  0.02146087 -0.00127699 -0.00967628 -0.00756406 -0.00429698 -0.00414098 -0.0229659   0.01059143  0.00143584  0.00112518  0.03831532  0.02643381  0.0106749   0.03662033  0.00627979 -0.01079288 -0.00495643  0.00572365  0.02306124  0.00279509  0.00384709 -0.00318414 -0.01552358  0.01200375]
 [ 0.0128592  -0.01945322  0.02535855 -0.019835    0.01427686  0.02599686 -0.01698877 -0.01339691  0.00801371 -0.0189818   0.01142784 -0.01486895  0.01232279  0.01325112 -0.02115787 -0.01305401  0.02613156 -0.0149094  -0.02179297 -0.0172935   0.01328079 -0.01187722 -0.02501819  0.01922421  0.01514995  0.01628677  0.01741913  0.02248781  0.02411623  0.01547589  0.0172953  -0.02372648 -0.01416359  0.01417948  0.02057009  0.02650239  0.01414688 -0.02184829 -0.02053368  0.01620828]
 [-0.0327489  -0.00056697  0.00170647  0.00705928 -0.00124172  0.00283535  0.00187025  0.03025871  0.00579635  0.0150374  -0.00151291  0.02530265 -0.03131482  0.00001606 -0.01368275  0.03236293 -0.00626361  0.00015869  0.00445126  0.00977515 -0.01313617  0.03275148 -0.00100578 -0.00109474 -0.02691604 -0.0023543   0.00757563 -0.00192109  0.00109511 -0.00066327 -0.00169908 -0.0003573  -0.00104039 -0.03022915 -0.00739067 -0.00864445 -0.01688227 -0.001853   -0.00179631  0.00095805]]
Gate values for each environment (all envs): 
 [[0.04255464 0.03061875 0.23073296 0.0000202  0.12134493 0.08091365 0.12010193 0.14985685 0.08261626 0.14123984]
 [0.09090607 0.0225549  0.15270983 0.00005031 0.11829152 0.10056965 0.12440526 0.18616773 0.12138937 0.08295541]
 [0.26192623 0.04469339 0.09379684 0.00015427 0.10670537 0.10973286 0.09044523 0.11438054 0.10536227 0.07280289]
 [0.1006885  0.10602657 0.08332145 0.00001876 0.06605608 0.09363176 0.12775421 0.08952641 0.0451171  0.28785914]
 [0.09125364 0.13912469 0.11066639 0.00001247 0.11913018 0.08877116 0.08048166 0.111183   0.06902422 0.19035256]
 [0.08299492 0.01296975 0.15450606 0.00005503 0.15151168 0.06273044 0.07468417 0.24116445 0.17996843 0.039415  ]
 [0.0919442  0.03078844 0.14863734 0.00003701 0.11733633 0.11213188 0.1299748  0.16129322 0.11277509 0.0950817 ]
 [0.07151783 0.01177664 0.16787867 0.00004347 0.14173082 0.0697406  0.08528756 0.23244672 0.17462704 0.04495068]
 [0.0790049  0.07297294 0.10749439 0.00001915 0.06968725 0.0887056  0.15170634 0.08691953 0.05015158 0.2933383 ]
 [0.0978329  0.04170194 0.14371525 0.00003697 0.12420277 0.10050612 0.11842624 0.1640125  0.10607045 0.1034949 ]
 [0.08980458 0.10893316 0.10852557 0.00001686 0.10303655 0.12853765 0.1157421  0.10915151 0.06303535 0.17321664]
 [0.11227675 0.09598564 0.09482171 0.00003274 0.07967354 0.1054557  0.1433139  0.09896119 0.05312998 0.21634875]
 [0.06343494 0.01220056 0.16602431 0.00003606 0.11546911 0.09374773 0.13275625 0.20405868 0.15313356 0.05913886]
 [0.09404223 0.03645469 0.14021559 0.00002854 0.1235891  0.09443627 0.11057559 0.17831579 0.12291533 0.09942684]
 [0.2801084  0.03906901 0.09769017 0.00018755 0.08804857 0.11242791 0.11987218 0.09270121 0.09466609 0.07522895]
 [0.31618392 0.06501227 0.08563463 0.00017328 0.08851895 0.09151854 0.11134746 0.08513531 0.07789621 0.07857954]
 [0.09303462 0.03574671 0.14868785 0.00003883 0.11604363 0.10714325 0.13187605 0.158808   0.10302315 0.10559782]
 [0.09656755 0.03784531 0.14858857 0.00004038 0.11729747 0.10843094 0.1316307  0.15057614 0.10240652 0.10661638]
 [0.11341861 0.06024767 0.12983058 0.00003938 0.12068771 0.11552982 0.12286153 0.12909105 0.09234992 0.11594374]
 [0.17457645 0.06060398 0.11450864 0.00006599 0.11932877 0.10661299 0.11411428 0.11405168 0.1030863  0.09305093]
 [0.09356964 0.04557651 0.14438806 0.0000346  0.11231496 0.10957927 0.13517407 0.1446087  0.09121373 0.12354039]
 [0.08923943 0.04624533 0.15616632 0.00003401 0.12925643 0.09910034 0.11555568 0.15380138 0.09885886 0.1117423 ]
 [0.18653628 0.06233045 0.11086336 0.0000698  0.11718736 0.10167791 0.11017665 0.11449286 0.10218614 0.09447929]
 [0.09275478 0.0379013  0.14737399 0.00003701 0.11377431 0.10958032 0.1340039  0.15436666 0.09940544 0.11080233]
 [0.12890828 0.0508462  0.13559584 0.00005079 0.13796237 0.10673325 0.10979898 0.12860133 0.11616585 0.08533717]
 [0.10153134 0.05526933 0.14244173 0.00003571 0.12537403 0.10021827 0.11499746 0.14481631 0.09379321 0.12152261]
 [0.11446963 0.04685988 0.14234596 0.00004479 0.13104917 0.10692504 0.11617316 0.13571776 0.11056355 0.09585096]
 [0.09164757 0.03452798 0.15011476 0.00003934 0.11513966 0.10747824 0.13328554 0.15963061 0.10271856 0.10541774]
 [0.05399871 0.03658716 0.13534935 0.00001332 0.06758232 0.09888946 0.14815767 0.1440971  0.05755313 0.25777173]
 [0.08763653 0.0488784  0.15227853 0.00003139 0.12306245 0.1007603  0.12140529 0.1503904  0.09291617 0.12264051]
 [0.10086413 0.05487208 0.13860479 0.00003505 0.12096456 0.10958017 0.12571278 0.13906465 0.09283513 0.1174666 ]
 [0.08759685 0.04726192 0.14953622 0.00003141 0.11635122 0.10534482 0.1299722  0.14732327 0.09034315 0.12623893]
 [0.09829742 0.05869342 0.10689191 0.00001819 0.07074817 0.0837874  0.12852296 0.09904248 0.06461713 0.28938094]
 [0.08281679 0.06439339 0.10268797 0.00001418 0.07048639 0.08563819 0.13012274 0.10230592 0.05997254 0.30156195]
 [0.19465047 0.00961807 0.12652978 0.00022141 0.15116565 0.11037856 0.06766114 0.11289982 0.21528526 0.01158991]
 [0.04041106 0.01655939 0.1511396  0.00001992 0.06959806 0.3090728  0.14667977 0.11286436 0.05829932 0.09535567]
 [0.05391843 0.02169493 0.14757088 0.00002812 0.07459963 0.29151624 0.16228229 0.09488536 0.05923226 0.09427191]
 [0.18298593 0.0591466  0.11350298 0.00006016 0.10448705 0.12591328 0.13369763 0.09202821 0.09507117 0.09310702]
 [0.04523471 0.02045365 0.14737555 0.0000251  0.06908906 0.31361955 0.16909146 0.08808034 0.05239196 0.09463856]
 [0.08198584 0.07279843 0.08936001 0.00001125 0.06846102 0.07807261 0.12095576 0.10652393 0.05886013 0.32297108]
 [0.07655141 0.06893162 0.10349045 0.00001046 0.07384156 0.081007   0.11922345 0.10881266 0.06119811 0.30693325]
 [0.07101689 0.0629729  0.10275796 0.00001111 0.06524616 0.09836432 0.14624429 0.10038249 0.05290686 0.30009708]
 [0.10132866 0.07702181 0.0916872  0.00001562 0.07231829 0.07425482 0.11515782 0.10356944 0.0615846  0.30306172]
 [0.03619956 0.0139756  0.16140941 0.00002446 0.06816794 0.32393196 0.15878457 0.09458911 0.05503973 0.08787776]
 [0.12792772 0.02172209 0.14724414 0.00009129 0.17720224 0.07943349 0.07592962 0.15290451 0.18027064 0.03727431]
 [0.19826142 0.00923515 0.12929696 0.00016175 0.11214048 0.11460786 0.07981078 0.14945824 0.186597   0.02043035]
 [0.19300818 0.0599678  0.12073088 0.00006199 0.12153459 0.1014125  0.10723618 0.10345019 0.11065478 0.08194289]
 [0.18006395 0.00848206 0.13077642 0.00014781 0.12868768 0.10366461 0.07387748 0.14156868 0.21625006 0.01648122]
 [0.01637793 0.00000077 0.00007663 0.97425544 0.00569154 0.00001782 0.0000012  0.00009629 0.00348248 0.        ]
 [0.02709066 0.00000073 0.00041548 0.9586422  0.00549554 0.00030236 0.00003974 0.00046007 0.0075531  0.        ]
 [0.05975829 0.00001035 0.00070163 0.8855466  0.03426538 0.00014609 0.00001343 0.00076955 0.0187886  0.        ]
 [0.36030018 0.00044924 0.06164712 0.0169348  0.13340862 0.03152165 0.0210587  0.06932861 0.30513492 0.00021625]
 [0.01207825 0.88762486 0.00999217 0.00000042 0.04532227 0.00702838 0.00321189 0.00661543 0.00420067 0.02392557]
 [0.36579502 0.00012942 0.03726365 0.1092008  0.1264451  0.01239961 0.00734239 0.04921364 0.29218647 0.0000238 ]
 [0.18352437 0.00020087 0.00304056 0.6289805  0.13138078 0.00035636 0.00004377 0.00379957 0.04867312 0.0000001 ]
 [0.01382329 0.8759403  0.01112074 0.0000005  0.0448507  0.00758035 0.0039104  0.00744779 0.00451246 0.03081346]
 [0.04654587 0.00000521 0.00065084 0.91057456 0.02475281 0.00017695 0.00001706 0.0006958  0.01658083 0.        ]
 [0.00297259 0.0011078  0.01965616 0.0000007  0.00173035 0.03957082 0.22695082 0.07827138 0.00347132 0.6262681 ]
 [0.06303473 0.00000906 0.00111415 0.8761138  0.03450423 0.00034586 0.00003468 0.0011482  0.02369522 0.00000001]
 [0.05179454 0.0000087  0.00046683 0.9119796  0.02311838 0.00007884 0.00000765 0.00054085 0.01200472 0.        ]
 [0.07226546 0.00001515 0.00036991 0.8686594  0.04093382 0.00003961 0.00000328 0.00046553 0.0172478  0.        ]
 [0.07215732 0.00001931 0.00043134 0.8576837  0.05016572 0.00004345 0.0000034  0.00052793 0.01896785 0.        ]
 [0.11475191 0.00002501 0.00187743 0.78669477 0.05603543 0.00050455 0.00006316 0.00204067 0.03800699 0.00000003]
 [0.02385566 0.7917259  0.01794466 0.00000093 0.04498316 0.01276672 0.00944729 0.01317343 0.00640366 0.07969858]
 [0.10412947 0.29508367 0.07372969 0.00001501 0.11866989 0.03990797 0.05520247 0.05252411 0.04605487 0.21468282]
 [0.14410062 0.00394381 0.08949576 0.00163434 0.09891874 0.2599542  0.20792116 0.0740143  0.11679827 0.00321896]
 [0.12525463 0.0047199  0.05532671 0.0002911  0.02544008 0.13613869 0.53415257 0.0369212  0.04922885 0.03252639]
 [0.12320012 0.31450123 0.07503451 0.00002369 0.1523371  0.03996417 0.04786458 0.04876384 0.05497612 0.14333452]
 [0.19840284 0.0049959  0.07981331 0.00212528 0.09954535 0.2379043  0.1759954  0.07538138 0.12107784 0.00475838]
 [0.01694904 0.86554825 0.01282234 0.00000094 0.0373464  0.00650244 0.00406967 0.00450937 0.0038935  0.04835812]
 [0.01924543 0.00357886 0.10175052 0.00001554 0.01662297 0.16189165 0.3179257  0.11169951 0.02333901 0.24393079]
 [0.19301242 0.00870934 0.06806751 0.0003793  0.07550365 0.2621535  0.14336403 0.11244746 0.11144888 0.0249139 ]
 [0.02415549 0.00552404 0.12835255 0.00001204 0.02547916 0.06401279 0.18212293 0.2039419  0.0330019  0.33339715]
 [0.166756   0.00012838 0.07961224 0.27777657 0.06666788 0.15953907 0.08228911 0.06402316 0.10312001 0.00008761]
 [0.07592645 0.00071942 0.12210839 0.00983066 0.07695182 0.24311708 0.28672278 0.09396522 0.08917848 0.00147964]
 [0.12810807 0.5012801  0.04102416 0.00001988 0.05006985 0.05363406 0.04020324 0.01792558 0.01404902 0.15368605]
 [0.16842403 0.3874901  0.05314064 0.00003685 0.05756443 0.06993353 0.06106691 0.02630717 0.01942005 0.15661632]
 [0.01601752 0.86474127 0.01468673 0.0000011  0.03973391 0.00706748 0.00413689 0.0041931  0.00386049 0.04556139]
 [0.02470959 0.84204996 0.0149463  0.00000153 0.03769399 0.00792    0.00499924 0.00518079 0.0045935  0.05790507]
 [0.01217263 0.00166422 0.12522528 0.00001941 0.01390824 0.1170143  0.46606857 0.11395782 0.01972219 0.13024728]
 [0.02138696 0.714369   0.02843504 0.00000163 0.0876477  0.00665142 0.00765821 0.01172317 0.01115517 0.11097167]
 [0.09297076 0.0006417  0.12218861 0.00010859 0.08320864 0.05271361 0.06678224 0.1580605  0.41323066 0.01009464]
 [0.07803765 0.00104892 0.12402333 0.00159177 0.1976258  0.1239629  0.08334589 0.09042696 0.29825255 0.00168423]
 [0.07442053 0.00165888 0.14774229 0.00060237 0.19124566 0.15729079 0.0698292  0.06903363 0.2839063  0.00427032]
 [0.03514194 0.0179288  0.19058584 0.00004703 0.08741277 0.18916923 0.24884291 0.05311    0.05858117 0.11918039]
 [0.05325351 0.66940296 0.03361888 0.0000043  0.07531361 0.02771809 0.01883877 0.01991295 0.01548517 0.08645168]
 [0.09123885 0.00039571 0.14164059 0.00078419 0.08543643 0.09477545 0.11065352 0.16200583 0.30859038 0.00447906]
 [0.03966841 0.06853498 0.13541652 0.00003096 0.12244802 0.19037104 0.2265125  0.04436442 0.0594792  0.11317392]
 [0.04398824 0.00106364 0.15316348 0.00046719 0.18427685 0.12088484 0.11237144 0.09221401 0.2881008  0.00346955]
 [0.07061758 0.00027701 0.14928924 0.00169904 0.14978535 0.05339443 0.05697183 0.1430559  0.37357867 0.00133091]
 [0.06170952 0.00556245 0.20590596 0.00014574 0.21019809 0.06973179 0.05668893 0.13848655 0.23790318 0.01366776]
 [0.21139175 0.00434579 0.11330146 0.00039754 0.13405012 0.06673376 0.06133286 0.12309679 0.2755637  0.00978616]
 [0.06311528 0.02708746 0.13098858 0.00006723 0.07031237 0.17436594 0.29087836 0.0479834  0.05185713 0.14334422]
 [0.06980466 0.0002603  0.13744079 0.00207783 0.1621938  0.05849954 0.05060166 0.1321782  0.38608706 0.00085608]
 [0.09790031 0.00052417 0.1255972  0.00127932 0.15255548 0.05020881 0.04900474 0.13739897 0.38355967 0.00197133]
 [0.10980784 0.0025677  0.15798405 0.00020583 0.12631547 0.07041397 0.07813822 0.14336117 0.29714054 0.0140652 ]
 [0.20103392 0.00007417 0.0135928  0.52811724 0.1149314  0.00652582 0.00138184 0.01362196 0.12071967 0.00000127]
 [0.20768946 0.00316219 0.12002333 0.00501293 0.2481689  0.07507724 0.03469161 0.0899507  0.21549898 0.00072469]
 [0.00667307 0.88614094 0.01183066 0.0000004  0.04232091 0.00350407 0.00263776 0.00380444 0.00298254 0.04010523]
 [0.04716191 0.6605582  0.03731357 0.00000456 0.06901003 0.03088549 0.0238477  0.0236858  0.01172937 0.09580346]
 [0.0185227  0.01789942 0.18770306 0.00000717 0.0376981  0.06859373 0.12995404 0.1015332  0.02507974 0.41300878]
 [0.05789249 0.6525485  0.03229494 0.00000463 0.07588127 0.02867461 0.01977893 0.02112642 0.01659112 0.09520725]
 [0.22967389 0.00010476 0.00556325 0.57524747 0.10359532 0.00125929 0.00022915 0.0068992  0.07742716 0.00000039]
 [0.10781633 0.00297472 0.07904822 0.00036371 0.05945912 0.31916055 0.1582278  0.15454265 0.10173852 0.01666845]
 [0.18895012 0.00006847 0.01435358 0.521971   0.12216034 0.00670953 0.00139917 0.01433315 0.13005345 0.00000123]
 [0.01436827 0.83615935 0.0158304  0.00000082 0.04513685 0.00843483 0.00564927 0.00651594 0.00466928 0.06323496]
 [0.00620229 0.2563701  0.01903288 0.00000022 0.01476581 0.01510279 0.0437132  0.01096664 0.00333988 0.6305062 ]
 [0.03087671 0.00092262 0.1083891  0.00021423 0.15222143 0.1570787  0.09870387 0.21205775 0.23658614 0.00294944]
 [0.00962573 0.3435736  0.08704586 0.00000108 0.19591355 0.00834675 0.01461198 0.10401341 0.0288974  0.20797063]
 [0.25884187 0.00091676 0.08270481 0.05546745 0.231659   0.0574806  0.01928068 0.07667915 0.21687678 0.00009295]
 [0.22038437 0.00010152 0.00725165 0.5631339  0.11080524 0.00177533 0.00035808 0.00873165 0.08745772 0.00000052]
 [0.21969678 0.00010274 0.00706674 0.5640087  0.1116962  0.00161894 0.00032907 0.00859866 0.08688156 0.00000051]
 [0.10340412 0.05263839 0.11614595 0.0000209  0.09646031 0.24533233 0.11579055 0.0755603  0.08321171 0.11143538]
 [0.17168482 0.00011823 0.00719238 0.5920492  0.13460533 0.00098349 0.00019401 0.00938148 0.08379067 0.00000036]
 [0.10177431 0.05651847 0.11985563 0.00001684 0.0866856  0.22693913 0.11705402 0.08169319 0.07535092 0.13411185]
 [0.09661775 0.10332851 0.07603754 0.00001235 0.06429209 0.24006183 0.13786875 0.06461897 0.04609275 0.17106946]
 [0.03379249 0.01471582 0.15826212 0.00002484 0.0610912  0.30131713 0.17616957 0.10254331 0.04695156 0.10513197]
 [0.24038237 0.00014923 0.00607285 0.52560395 0.13104545 0.00097472 0.00018176 0.00817594 0.0874133  0.00000043]
 [0.02555938 0.00571474 0.18667641 0.0000295  0.05728383 0.2972112  0.1564084  0.13016282 0.05675083 0.08420289]
 [0.02538013 0.00976504 0.16723852 0.00001977 0.05332618 0.35370567 0.16704825 0.08759629 0.04267457 0.09324566]
 [0.09852987 0.37760526 0.06150156 0.0000125  0.12462294 0.06105583 0.04235784 0.04534017 0.03934399 0.14963007]
 [0.22889619 0.0001559  0.00550096 0.5347903  0.13764821 0.00059413 0.0001111  0.0081236  0.0841793  0.00000032]
 [0.03671743 0.02020097 0.13624012 0.00001777 0.05120748 0.27973178 0.1863996  0.09423841 0.03964701 0.15559939]
 [0.1174178  0.3204894  0.08072057 0.00001974 0.14206776 0.04740278 0.05039815 0.0548125  0.04869534 0.1379759 ]
 [0.01750776 0.01109239 0.11047174 0.00000675 0.02526615 0.29135504 0.22728872 0.07055269 0.02230881 0.2241499 ]
 [0.19879161 0.00018167 0.00742313 0.54358214 0.1535129  0.0010045  0.00018369 0.00963392 0.08568589 0.00000043]
 [0.10945393 0.00063713 0.14137286 0.00739022 0.11494006 0.35960963 0.06243583 0.06695438 0.13669825 0.00050765]
 [0.05161943 0.02121501 0.16503966 0.00003577 0.07580138 0.2626667  0.16111244 0.0975448  0.05477889 0.11018591]
 [0.06720688 0.02065053 0.1533425  0.00002767 0.08715865 0.0932188  0.15076593 0.2211393  0.09300355 0.11348607]
 [0.07381611 0.02117169 0.1101872  0.00003128 0.04729625 0.14003615 0.27921918 0.11492583 0.05406276 0.15925355]
 [0.09511807 0.03834573 0.14687204 0.00003832 0.11112873 0.1103238  0.14011545 0.14697991 0.09753616 0.11354185]
 [0.08455344 0.02636591 0.13992183 0.00003816 0.08194904 0.12781101 0.18826872 0.15146689 0.08247896 0.11714597]
 [0.0880182  0.03114155 0.15537123 0.00003704 0.10525853 0.11291497 0.14872983 0.14670351 0.0996166  0.11220849]
 [0.04956609 0.01554836 0.15238243 0.00002316 0.0828011  0.07802247 0.13295859 0.29063347 0.08806463 0.10999971]
 [0.07163523 0.01969312 0.16026667 0.0000377  0.11823056 0.06989997 0.10428227 0.25329775 0.11890321 0.08375357]
 [0.07293601 0.01585353 0.15933128 0.00003956 0.09937434 0.07690689 0.12375113 0.24113253 0.11386506 0.09680974]
 [0.08452252 0.03020136 0.15161319 0.00003421 0.11084338 0.10231421 0.13427714 0.17727342 0.10525387 0.10366676]
 [0.05697519 0.01714303 0.15659113 0.00002337 0.08606879 0.07454413 0.13659652 0.26604223 0.09554527 0.11047039]
 [0.08623455 0.02314756 0.16152172 0.00004791 0.13093202 0.09514637 0.11302563 0.1862307  0.12788963 0.07582387]
 [0.05784072 0.02358877 0.15250933 0.0000188  0.11050852 0.07141964 0.10761882 0.27567998 0.10883676 0.09197868]
 [0.03974481 0.0347728  0.1474858  0.00000866 0.08827609 0.0924774  0.12434714 0.25614646 0.07007869 0.14666215]
 [0.08910814 0.02156466 0.15622227 0.00004675 0.12837553 0.08417963 0.10775444 0.2033452  0.13443528 0.07496815]
 [0.07997312 0.02282816 0.15218507 0.00003443 0.11457535 0.0825494  0.11748746 0.21945937 0.12060028 0.09030744]
 [0.04081593 0.01310589 0.14106409 0.0000156  0.07414246 0.06134724 0.11727297 0.35892832 0.08474337 0.10856409]
 [0.1209027  0.00281459 0.11672365 0.00156302 0.0996182  0.25552285 0.16700982 0.11520454 0.11597235 0.00466823]
 [0.20951329 0.000153   0.0669164  0.21416025 0.16296463 0.03513058 0.01403965 0.06810326 0.2289974  0.00002149]
 [0.2021158  0.00014138 0.07162672 0.20707901 0.15990171 0.04173847 0.01639868 0.0724398  0.2285375  0.00002096]
 [0.04500492 0.04034534 0.15429765 0.00001362 0.05819582 0.07801317 0.15119597 0.09906264 0.03993824 0.33393264]
 [0.06322831 0.07111102 0.12916918 0.00001507 0.07117906 0.08662304 0.13199325 0.09150267 0.04620334 0.308975  ]
 [0.03835646 0.02717454 0.1457167  0.00001224 0.05235742 0.06624549 0.13695422 0.12845875 0.04121599 0.36350822]
 [0.07280689 0.00421543 0.1838157  0.00021496 0.1647479  0.06339402 0.08400277 0.20209466 0.20813017 0.01657756]
 [0.16787578 0.00101217 0.07312395 0.00806386 0.14478135 0.352728   0.03595774 0.04764799 0.16859409 0.000215  ]
 [0.01890348 0.01857285 0.13333337 0.00000525 0.03622558 0.08085568 0.18126304 0.10877806 0.02727154 0.39479113]
 [0.15475105 0.00009471 0.01146225 0.54067826 0.15771389 0.00166079 0.00037234 0.01481845 0.11844764 0.00000059]
 [0.19318639 0.00877032 0.12043688 0.0002296  0.15626414 0.05383118 0.04100626 0.19486791 0.21652907 0.01487819]
 [0.16234842 0.00011128 0.00938089 0.5732467  0.14399488 0.00142126 0.00029985 0.01210793 0.09708825 0.00000048]
 [0.01103587 0.31734562 0.06720345 0.00000236 0.5045156  0.0039476  0.00320663 0.02877562 0.05249932 0.01146786]
 [0.2158227  0.00011667 0.02665549 0.32896698 0.17506506 0.00758393 0.00235631 0.03446739 0.20896159 0.0000039 ]
 [0.01501009 0.00936733 0.13393618 0.00000759 0.03614686 0.04721401 0.17026363 0.19199617 0.03248413 0.36357403]
 [0.01823523 0.01314515 0.10226355 0.00001091 0.03196594 0.45648494 0.199861   0.04818297 0.02048325 0.10936712]]
        Validation Criterion: 0.03447378
16:22:51      Epoch:   0      Batch:   0      OuterStep: 190      LossModel: 0.32191312     LossTerm2: 0.00000000     LossGates: 0.00000000      Time/Step(s): 57.3861Contributing envs to the losses:  [116 119  38 127 122  43  36  35 124 118 159 115 114  30   3  10 112  28  25  18   4  31   0  20  29  21  11 130  23 132  26  17 152   9  24  27  16  37  41 136 140 148   6  19 129  33]
Gate kernel values:  [[ 0.01476547 -0.01084402 -0.00425551  0.00422573  0.02251386 -0.00045274 -0.0179673  -0.01266066  0.02513446  0.00736383  0.02440472 -0.0162655   0.02635009  0.02305275  0.06674749 -0.01731218  0.01281535 -0.02556117 -0.01387345 -0.00363308 -0.00352314 -0.02037363 -0.01720182  0.01501895  0.01049246  0.02187483  0.01006777  0.01354169 -0.00285131  0.00083459  0.01517852  0.01038116 -0.02310112  0.01498078  0.02263539  0.01313671  0.01675359 -0.00521947 -0.02488646  0.02278916]
 [ 0.00296343 -0.01333474  0.0222482  -0.0308365   0.0018577  -0.01231429  0.00465039 -0.01772391  0.00914979 -0.02839236  0.00162403 -0.01036117  0.00049929  0.0033731   0.03311897 -0.00077297  0.00425614 -0.01066778 -0.00029481 -0.02962824  0.02098291  0.00230666 -0.01240089  0.01193584  0.02315599 -0.00236433 -0.03208843  0.00993559  0.02481417 -0.02237969  0.01276636 -0.02798125 -0.01403724  0.01282186  0.0072074   0.01231921  0.02552152  0.02052322  0.00219975  0.00561059]
 [ 0.00905312 -0.01608139  0.02113596 -0.0174307   0.00944868  0.02668699 -0.01283876 -0.00876433 -0.00189059 -0.01491121  0.00565326 -0.01089543  0.00438716  0.00757167 -0.05701133 -0.00806922  0.00216166 -0.00738811 -0.02025546 -0.01044435 -0.00489676 -0.00632451  0.00031074  0.01249277  0.00771305  0.01237272  0.02656953  0.00108074  0.0214306   0.01800817  0.01124265 -0.02135584 -0.00936608  0.01048721  0.00267284  0.02242432  0.00993268 -0.02640008 -0.00372147  0.00481883]
 [ 0.05315325 -0.01777897 -0.00680919  0.00134039  0.03365337  0.01845099 -0.03147888 -0.05027005  0.04552618 -0.00409347  0.03673698 -0.04823468  0.02065764  0.03593377  0.02875872 -0.05582255  0.01802283 -0.03176058 -0.02414144 -0.00645368 -0.06810801 -0.05647132 -0.01486711  0.01854125  0.01057638  0.03518811  0.02461246  0.01768589 -0.00356442  0.02933224  0.02068906  0.00307351 -0.02468278  0.04868706  0.02287081  0.01231748  0.00666319 -0.0143382  -0.02779343  0.02778734]
 [ 0.02145146 -0.01966187  0.03548616 -0.04132757  0.00938918  0.02124273 -0.01073284 -0.02528825  0.00435785 -0.03958192  0.00686578 -0.02091068  0.01426191  0.00897945 -0.02806294 -0.0201869   0.02241827 -0.01073755 -0.01770167 -0.03186973  0.01300146 -0.01755044 -0.02182272  0.01768298  0.026891    0.01076336  0.00363796  0.02018293  0.03930399  0.00798851  0.01780332 -0.04573278 -0.01277479  0.02306056  0.01475685  0.02386617  0.02195253 -0.02040126 -0.0126478   0.01217323]
 [ 0.01030146 -0.02000075 -0.02983261  0.00776894  0.00729876  0.0011162  -0.01459281 -0.00706903 -0.00162514  0.00098034  0.01236249 -0.00585559  0.0085232   0.0068913  -0.07054187 -0.01001964  0.01486665 -0.00887346  0.00123033  0.00409679 -0.02055731 -0.0111054  -0.01154235  0.01880229  0.00834839  0.002038   -0.01790973  0.00979317 -0.02024239 -0.00586174  0.02016531  0.01637412 -0.01558889  0.00905607 -0.0031202   0.00751587  0.00149344 -0.02224398 -0.00913673  0.01297174]
 [-0.00123652 -0.00158626 -0.02062809  0.01584076  0.01002601 -0.00026706 -0.00839158  0.00340951  0.00891312  0.0133337   0.00795515  0.00642771  0.00066062  0.00917422 -0.06656482  0.00062252  0.01159511 -0.00636388 -0.01838762  0.01240096 -0.03754374 -0.00053304 -0.00286025  0.00372763 -0.00494942  0.01610845 -0.00054887  0.00532961 -0.01858001  0.00607672  0.00537955  0.01829456 -0.00315412 -0.00377964  0.01875856  0.0196524  -0.00890433  0.00270636 -0.00410201  0.00359535]
 [ 0.00743049 -0.00729534  0.01515087 -0.0106299   0.00513233  0.0314512  -0.0082669  -0.00570298 -0.00822057 -0.01008626  0.00381756 -0.00605579 -0.00277345  0.00153589 -0.03172369 -0.00542171  0.0214608  -0.00128065 -0.00968063 -0.00756642 -0.00429635 -0.00417462 -0.02296589  0.01060119  0.00144612  0.00112956  0.03831513  0.02643351  0.01067363  0.0366199   0.00628371 -0.01078703 -0.00496906  0.0057471   0.0230639   0.00280473  0.0038668  -0.00318707 -0.01552011  0.01200165]
 [ 0.01284789 -0.01945441  0.02535567 -0.01983165  0.0142736   0.02599728 -0.0169896  -0.01338742  0.00800982 -0.01898167  0.01142556 -0.01485964  0.01230588  0.01324882 -0.02115743 -0.01304123  0.02613297 -0.01490798 -0.02178993 -0.01729398  0.01329124 -0.0118598  -0.02501926  0.01922349  0.01514467  0.01628281  0.01741577  0.0224889   0.02411332  0.01547349  0.01729674 -0.02372372 -0.01415654  0.01416823  0.02056789  0.02649881  0.0141417  -0.02184932 -0.02053563  0.01620914]
 [-0.03273302 -0.00054568  0.00170016  0.00705883 -0.00124126  0.00283783  0.00186923  0.03025062  0.00579244  0.0150394  -0.00151105  0.02529824 -0.03127522  0.00001752 -0.01368703  0.03234458 -0.0062609   0.00016107  0.0044513   0.00978498 -0.01314088  0.03273115 -0.00100479 -0.00110005 -0.02691509 -0.00235132  0.00757996 -0.0019151   0.00109624 -0.00065927 -0.00170025 -0.00036361 -0.00103613 -0.03022195 -0.00738951 -0.00865008 -0.01689584 -0.00187792 -0.00179988  0.0009586 ]]
Gate values for each environment (all envs): 
 [[0.05956016 0.04194696 0.22291024 0.00003097 0.16027325 0.0883771  0.1008481  0.13104098 0.10171846 0.09329382]
 [0.0911288  0.0218341  0.15436736 0.00005325 0.12504835 0.10122069 0.11721344 0.18715957 0.12807831 0.07389618]
 [0.2610176  0.04889597 0.09535786 0.00015028 0.12361198 0.09963698 0.07637651 0.11650802 0.11533975 0.06310514]
 [0.08991682 0.07452635 0.07699542 0.00001707 0.04694953 0.10253805 0.15406969 0.09143975 0.03706287 0.32648447]
 [0.07945677 0.14864749 0.10985602 0.00000893 0.11660784 0.08168939 0.07340602 0.1160155  0.06489325 0.20941879]
 [0.08561511 0.0155809  0.16113634 0.00005084 0.15860079 0.06934629 0.07820409 0.21073897 0.17936663 0.04136005]
 [0.10129824 0.03260006 0.14342177 0.00004217 0.12590367 0.11626329 0.12123355 0.15623862 0.12073192 0.08226672]
 [0.0665834  0.01064487 0.16665514 0.00004148 0.1415202  0.06723332 0.08080789 0.24749598 0.17759177 0.04142601]
 [0.0514163  0.05077933 0.09608207 0.00001035 0.04459491 0.07945046 0.15915237 0.08348304 0.03509569 0.39993545]
 [0.09921825 0.04070732 0.14549641 0.00003989 0.13249803 0.10188252 0.11132823 0.16452253 0.1126795  0.09162736]
 [0.07659735 0.12871778 0.10801729 0.00001056 0.10913317 0.09902541 0.09210464 0.12338564 0.0616666  0.2013416 ]
 [0.07991104 0.07080521 0.0794057  0.00001734 0.04624458 0.09839146 0.16047138 0.09173224 0.03509874 0.33792228]
 [0.06715974 0.01156498 0.16528684 0.00004287 0.1280867  0.0917504  0.11720867 0.20261784 0.1700949  0.04618701]
 [0.09545416 0.03522938 0.14155354 0.00003132 0.13347292 0.09508734 0.10234376 0.17988572 0.13215959 0.08478232]
 [0.29237324 0.04302599 0.09813876 0.00018758 0.09588352 0.10219228 0.10654193 0.0916996  0.09968681 0.07027008]
 [0.3294721  0.06702153 0.0840718  0.00018151 0.09281942 0.08879019 0.10248248 0.08364421 0.08073502 0.07078187]
 [0.0925911  0.03470966 0.15102898 0.00004078 0.12385135 0.10783803 0.12380248 0.16287448 0.1093337  0.0939295 ]
 [0.093041   0.03601174 0.15144113 0.00004073 0.12322351 0.10955935 0.125182   0.15740292 0.1073004  0.09679721]
 [0.09686887 0.05126972 0.1436805  0.00003699 0.12784418 0.11422961 0.11853707 0.14295064 0.09671547 0.10786705]
 [0.19534898 0.06287596 0.11048527 0.00007562 0.12637883 0.10289671 0.10282166 0.1102739  0.10921483 0.07962824]
 [0.09262994 0.04448719 0.14771934 0.00003608 0.11999401 0.11117207 0.12823267 0.14856835 0.09651969 0.11064062]
 [0.0866686  0.04468157 0.1583578  0.00003398 0.13395952 0.10024997 0.11150106 0.15915911 0.10222511 0.10316333]
 [0.20442554 0.06442988 0.10787757 0.00007826 0.12474138 0.09786045 0.09929335 0.11169462 0.10827991 0.08131897]
 [0.09375981 0.03748948 0.14901018 0.00003934 0.12175013 0.11127168 0.12618306 0.15663798 0.10557321 0.09828515]
 [0.13282591 0.05333204 0.13519874 0.00005166 0.1494642  0.10308939 0.0989183  0.12820834 0.12321149 0.07569992]
 [0.0941466  0.05144617 0.14601243 0.00003412 0.12653463 0.10408808 0.11473844 0.15298061 0.09494391 0.1150751 ]
 [0.1143112  0.04663945 0.1433593  0.00004608 0.13907428 0.10817485 0.10921577 0.13688724 0.11629794 0.08599396]
 [0.0910468  0.03351372 0.15249908 0.00004117 0.12271199 0.10815006 0.12527402 0.16392736 0.10887267 0.0939631 ]
 [0.06321158 0.03782668 0.14125904 0.00001987 0.08165479 0.1102534  0.14825635 0.14191818 0.06891376 0.20668629]
 [0.08520396 0.04755689 0.15473948 0.00003147 0.12886801 0.1018699  0.11668679 0.15633199 0.09664126 0.11207023]
 [0.09173038 0.04955186 0.14254153 0.00003321 0.12052549 0.11561256 0.12677644 0.1479832  0.09337265 0.11187271]
 [0.08775931 0.0467452  0.15147138 0.00003288 0.12383752 0.10718091 0.12371051 0.15087338 0.09533546 0.11305344]
 [0.08703281 0.05490946 0.10968412 0.0000154  0.06795739 0.08490158 0.12820329 0.10286039 0.06217546 0.30226007]
 [0.07610143 0.06164177 0.10725866 0.0000129  0.07131506 0.08791298 0.12875272 0.10737864 0.06021647 0.29940936]
 [0.19853526 0.01111716 0.13404746 0.00021465 0.14641444 0.11282388 0.0718908  0.11166591 0.19931474 0.01397562]
 [0.03983973 0.01743872 0.15684034 0.00002006 0.07696102 0.32273835 0.13130154 0.11091518 0.06098523 0.08295993]
 [0.0519177  0.02544005 0.16638896 0.00002594 0.09187871 0.27553588 0.13632445 0.10052665 0.06559934 0.08636232]
 [0.20108211 0.05949514 0.10979541 0.0000668  0.10361039 0.12742934 0.1304398  0.08742774 0.09579428 0.08485904]
 [0.04395104 0.02289777 0.16073248 0.00002366 0.08016403 0.31020525 0.14828698 0.09062622 0.05610787 0.08700472]
 [0.07375113 0.06897962 0.091552   0.00000967 0.06665508 0.07843354 0.11912104 0.11150479 0.05726184 0.3327313 ]
 [0.0726185  0.06938643 0.10249489 0.00000938 0.07233164 0.0808312  0.11602959 0.10838611 0.0598027  0.31810963]
 [0.06208639 0.05395195 0.098316   0.00000945 0.05480017 0.10419837 0.1563647  0.09716552 0.04674358 0.32636395]
 [0.08966497 0.0727943  0.09257912 0.00001278 0.06836338 0.07342734 0.11334022 0.10772845 0.05846212 0.32362735]
 [0.03542323 0.01557462 0.17666093 0.00002399 0.08067159 0.3184696  0.13761832 0.097553   0.05984722 0.07815755]
 [0.12403396 0.0256823  0.13853857 0.00007556 0.18771245 0.07496677 0.06849662 0.16332869 0.18210253 0.03506262]
 [0.20030922 0.0084723  0.12639523 0.00016656 0.10694549 0.12121652 0.08239723 0.1465181  0.18736818 0.02021116]
 [0.2048559  0.06203202 0.11882509 0.00006549 0.12853883 0.09793521 0.0975022  0.10160094 0.11595985 0.07268444]
 [0.19687055 0.00840201 0.12771086 0.00015625 0.11301517 0.10535612 0.08067203 0.14594692 0.20213102 0.01973911]
 [0.01603823 0.00000085 0.00006694 0.974465   0.00602806 0.00001341 0.00000086 0.00008548 0.00330134 0.        ]
 [0.02597532 0.00000067 0.00040108 0.9604602  0.00516065 0.00029899 0.00004017 0.00044764 0.00721525 0.        ]
 [0.05637401 0.00000987 0.00061342 0.8925544  0.03255029 0.0001209  0.00001083 0.00068301 0.0170833  0.        ]
 [0.3351705  0.00043156 0.06019681 0.01814685 0.15261249 0.02671538 0.0164866  0.06743379 0.3226545  0.00015158]
 [0.01081535 0.88856643 0.00994597 0.00000035 0.04503126 0.00679533 0.00314587 0.00680579 0.00408851 0.02480515]
 [0.37658107 0.00007854 0.02829842 0.2001104  0.09820078 0.01008319 0.00572831 0.03849519 0.24241179 0.00001227]
 [0.17521068 0.00018821 0.00256069 0.6545001  0.12090857 0.00028429 0.00003372 0.00328813 0.04302552 0.00000008]
 [0.01239104 0.8767509  0.01109036 0.00000042 0.04472751 0.0073308  0.00383049 0.00767068 0.00440387 0.03180396]
 [0.04344097 0.00000472 0.00056816 0.9177639  0.02259438 0.00015132 0.00001439 0.00061765 0.01484443 0.        ]
 [0.00297076 0.00099981 0.01871274 0.00000074 0.00154269 0.04223958 0.24729861 0.07385179 0.00323593 0.60914737]
 [0.05943989 0.00000843 0.00099369 0.8843331  0.03224644 0.00030082 0.00002966 0.00103758 0.02161046 0.00000001]
 [0.04766671 0.00000765 0.0003759  0.9212913  0.02003566 0.00006129 0.0000058  0.00044747 0.0101082  0.        ]
 [0.07279025 0.00001721 0.00033159 0.86624956 0.04350021 0.00003094 0.00000246 0.00042542 0.01665228 0.        ]
 [0.06914124 0.00002046 0.00037025 0.8612192  0.05123451 0.00003256 0.00000242 0.00046144 0.01751776 0.        ]
 [0.11315549 0.00002411 0.0018741  0.78986865 0.05479398 0.00051053 0.00006529 0.00204949 0.03765845 0.00000003]
 [0.02184087 0.79971325 0.01766904 0.00000084 0.04636451 0.01209905 0.00873578 0.01312395 0.00635528 0.0740975 ]
 [0.11608499 0.29800716 0.07422231 0.00001715 0.12135373 0.03829129 0.05076047 0.05147066 0.04778669 0.20200557]
 [0.166987   0.00404785 0.0864347  0.00183738 0.09292183 0.23242408 0.22033514 0.07599021 0.11553679 0.00348515]
 [0.15514205 0.00376547 0.05152074 0.00041208 0.02604824 0.10209925 0.53465337 0.04006744 0.05918888 0.02710251]
 [0.09730481 0.32218122 0.06130402 0.00001173 0.09169162 0.03615325 0.05172732 0.04097774 0.03524383 0.26340455]
 [0.19494009 0.00501351 0.08000615 0.00204275 0.11200316 0.21668395 0.16730462 0.08140955 0.13623764 0.00435855]
 [0.01736125 0.8685084  0.01257786 0.00000099 0.03709382 0.00646537 0.00391685 0.00433148 0.00387504 0.0458689 ]
 [0.0144652  0.00179771 0.08500131 0.00001546 0.00996444 0.1822608  0.4070458  0.09277549 0.01635497 0.19031882]
 [0.19907948 0.00769205 0.06622929 0.00045772 0.07999711 0.23939216 0.14430161 0.11830641 0.12390631 0.02063782]
 [0.02186243 0.00270499 0.11679082 0.00001962 0.01598828 0.0938962  0.33410522 0.16976748 0.02528968 0.21957524]
 [0.15957808 0.00021768 0.10784488 0.10036783 0.07206839 0.2198887  0.13382488 0.08858891 0.11733958 0.00028111]
 [0.1955093  0.00070866 0.08755273 0.05930943 0.11210649 0.2059533  0.13529809 0.07777223 0.12543344 0.00035625]
 [0.11877204 0.6003792  0.0349898  0.00001996 0.05514906 0.04069288 0.02595404 0.01329091 0.01306069 0.09769139]
 [0.16357058 0.45688978 0.04847113 0.00003612 0.06332134 0.06036423 0.04681867 0.02254635 0.01902214 0.11895975]
 [0.01670134 0.86303926 0.01480087 0.00000116 0.03914412 0.00732277 0.00425097 0.00419483 0.00388768 0.046657  ]
 [0.02651848 0.84192574 0.01491431 0.00000173 0.03728687 0.0082034  0.00505287 0.0050562  0.00464006 0.0564004 ]
 [0.00947611 0.00110759 0.09942647 0.00001562 0.00849235 0.11901589 0.53591394 0.08553374 0.01342403 0.12759434]
 [0.02672023 0.67539656 0.03258926 0.00000231 0.08740456 0.0083738  0.00989432 0.01311497 0.01243487 0.1340693 ]
 [0.0946459  0.00052965 0.12866507 0.00010831 0.06325191 0.06497904 0.09596365 0.16345254 0.37214646 0.01625739]
 [0.07830336 0.00100431 0.12706569 0.00153734 0.17392927 0.14489989 0.10075458 0.09206045 0.27830043 0.00214463]
 [0.0756169  0.00157313 0.1468532  0.00059279 0.17747526 0.16977072 0.0752103  0.07019673 0.27803603 0.00467489]
 [0.0343887  0.0184539  0.18728553 0.00004887 0.09052102 0.19896846 0.24961212 0.04998091 0.05929072 0.11144971]
 [0.05514032 0.6438907  0.03723375 0.00000469 0.07882722 0.03062344 0.02101964 0.0222587  0.01681433 0.09418727]
 [0.09234229 0.00034876 0.14078759 0.00076864 0.07447009 0.10024683 0.12514049 0.16377687 0.29674593 0.0053726 ]
 [0.0335887  0.07298506 0.1273694  0.00002719 0.12078521 0.20369114 0.23901059 0.03951467 0.05526657 0.10776144]
 [0.04077584 0.0010293  0.16406612 0.00046519 0.17502481 0.1296375  0.12095989 0.09258306 0.27149352 0.00396478]
 [0.07157428 0.00026264 0.14933813 0.00174448 0.14428619 0.05502765 0.05881137 0.14393167 0.37365094 0.0013725 ]
 [0.07071588 0.00494643 0.19753975 0.00017556 0.18170033 0.08748898 0.07004298 0.13817137 0.23418602 0.01503272]
 [0.19106135 0.00419396 0.12066304 0.00036249 0.13656077 0.0713755  0.06367137 0.1233463  0.27854422 0.01022098]
 [0.04581691 0.02556262 0.12543876 0.00005419 0.06536487 0.19548099 0.31643328 0.04125191 0.04508188 0.13951452]
 [0.07006757 0.00024133 0.13615762 0.00210456 0.15703854 0.05863969 0.05095743 0.13336533 0.3905695  0.00085837]
 [0.1006332  0.00048194 0.12635271 0.00130868 0.13985011 0.05425764 0.05431603 0.14095199 0.37963933 0.00220834]
 [0.09974567 0.00259835 0.1561637  0.00018485 0.13900079 0.0661461  0.06666074 0.14767016 0.31011868 0.01171103]
 [0.20097688 0.00007461 0.01315405 0.5310918  0.11480421 0.00616545 0.0012982  0.01330218 0.11913149 0.00000122]
 [0.21361768 0.00310126 0.1208894  0.00506099 0.23827119 0.07804433 0.03613702 0.09088814 0.21322672 0.00076331]
 [0.00627833 0.88533694 0.01186599 0.00000035 0.04258656 0.00350136 0.00260782 0.00393643 0.00298477 0.04090145]
 [0.04839756 0.66456306 0.03748695 0.00000496 0.07027852 0.03055597 0.02292499 0.02276167 0.01189779 0.09112845]
 [0.01799577 0.01738415 0.18504268 0.00000678 0.03604247 0.06839319 0.12871383 0.10157302 0.02427249 0.42057568]
 [0.06158533 0.6167318  0.03576055 0.00000506 0.07553279 0.03261161 0.02336951 0.02362519 0.01769617 0.11308197]
 [0.22750708 0.00010351 0.00522944 0.5828129  0.10163066 0.00114392 0.0002065  0.00658229 0.07478333 0.00000036]
 [0.20086467 0.00331811 0.06534312 0.00083209 0.08282761 0.2620397  0.09928657 0.13383356 0.1446594  0.00699525]
 [0.18845384 0.0000689  0.01394453 0.5245295  0.12254629 0.00635875 0.00131764 0.01402998 0.12874937 0.00000117]
 [0.01399362 0.80609876 0.01697949 0.00000067 0.04065861 0.00969168 0.00710236 0.00753617 0.00460428 0.09333424]
 [0.00696197 0.29169628 0.01840721 0.00000025 0.01549643 0.01570156 0.04305871 0.01005979 0.00344345 0.5951744 ]
 [0.03163633 0.00084213 0.10345379 0.00023571 0.17709737 0.1309003  0.07611716 0.20195737 0.27567434 0.0020855 ]
 [0.00922012 0.363002   0.08346789 0.00000094 0.19445305 0.00810003 0.01348261 0.09932976 0.02795091 0.20099264]
 [0.25394252 0.00105679 0.09267007 0.0446446  0.22648177 0.05925639 0.02568471 0.08272685 0.21340567 0.00013057]
 [0.21541937 0.00009911 0.00689239 0.5729055  0.10943649 0.00162733 0.00032531 0.00838758 0.08490646 0.00000048]
 [0.21477921 0.00010012 0.00670757 0.57400686 0.11010951 0.00148241 0.00029886 0.00825277 0.08426224 0.00000046]
 [0.11478913 0.05564052 0.11547878 0.00002397 0.10341098 0.25120777 0.10457744 0.0728623  0.0873206  0.0946885 ]
 [0.17260928 0.00012439 0.00653705 0.5961688  0.13476019 0.00082802 0.00015934 0.0087689  0.08004373 0.00000032]
 [0.11231508 0.06121824 0.12199926 0.00001972 0.09883095 0.23441258 0.10254987 0.07905559 0.0818717  0.10772702]
 [0.08718821 0.11646409 0.08447356 0.00001018 0.07236993 0.22934072 0.12091455 0.06795889 0.04745543 0.17382441]
 [0.03130799 0.01586281 0.16187201 0.00002009 0.05939788 0.30399463 0.16591746 0.09981246 0.04411334 0.11770132]
 [0.23722224 0.00015012 0.0056963  0.53267074 0.13074003 0.000867   0.00015931 0.00779071 0.08470314 0.00000039]
 [0.02564186 0.00619285 0.19621381 0.00002998 0.06342291 0.29992837 0.14112887 0.1303814  0.0594702  0.07758971]
 [0.0254557  0.01014022 0.17498912 0.00001959 0.05649968 0.34203205 0.16155656 0.09111311 0.04459208 0.09360196]
 [0.09759227 0.31911945 0.07092308 0.00001322 0.12263842 0.06729311 0.04957878 0.05410804 0.04201172 0.17672192]
 [0.22765449 0.00015474 0.00511908 0.54348624 0.1344211  0.00053128 0.00009866 0.00772852 0.08080571 0.00000029]
 [0.02687631 0.0181066  0.12063277 0.00000946 0.03559206 0.29235205 0.1804464  0.08057529 0.02828271 0.21712643]
 [0.11838877 0.3049988  0.08248795 0.00001956 0.1342334  0.04998371 0.05368411 0.05671456 0.04796236 0.1515268 ]
 [0.0172382  0.01307863 0.11483624 0.00000586 0.02744794 0.30055624 0.2024435  0.06890077 0.02270595 0.23278667]
 [0.19904442 0.00019278 0.00696219 0.54293203 0.15695493 0.00087427 0.00015606 0.00923794 0.08364497 0.00000039]
 [0.11768286 0.00072775 0.1562313  0.00779364 0.1436564  0.2964014  0.04747381 0.07113875 0.15844977 0.00044438]
 [0.0475702  0.02257312 0.17040937 0.00002893 0.07320731 0.26587045 0.15077047 0.0916425  0.05096793 0.12695979]
 [0.05473332 0.01326127 0.13051087 0.00002374 0.04650159 0.12513433 0.24971065 0.17344242 0.05968154 0.14700027]
 [0.07190631 0.01867597 0.10695087 0.00003324 0.04347785 0.14671864 0.30310887 0.10944773 0.05149183 0.14818868]
 [0.09467866 0.03781145 0.14966743 0.00003996 0.11849657 0.11212841 0.13300398 0.14946097 0.10290629 0.10180628]
 [0.05662837 0.01106961 0.10137797 0.00003137 0.03138617 0.16236715 0.35943332 0.10797063 0.04174623 0.12798922]
 [0.08390804 0.03021604 0.16061927 0.00003677 0.1119483  0.1129393  0.14154132 0.15296957 0.10427978 0.10154171]
 [0.05270707 0.01626966 0.15793723 0.00002638 0.09524847 0.07778948 0.12046322 0.28838167 0.09820016 0.0929766 ]
 [0.06854933 0.01892217 0.16064201 0.0000363  0.11959892 0.06912675 0.10055429 0.26297644 0.12068987 0.07890398]
 [0.06906541 0.01596176 0.16032255 0.00003726 0.10519083 0.07381226 0.11538677 0.25526777 0.11781937 0.087136  ]
 [0.08287761 0.0295459  0.1528848  0.00003455 0.11683331 0.10261863 0.12696534 0.18449032 0.11033309 0.09341639]
 [0.05690512 0.01686141 0.15910667 0.00002426 0.0908745  0.07480691 0.12995957 0.270996   0.10029565 0.1001699 ]
 [0.08444612 0.02198781 0.16237994 0.00004886 0.13651848 0.09400386 0.1060257  0.19245471 0.13387634 0.06825819]
 [0.05832145 0.02288439 0.15369643 0.00001986 0.11562565 0.07153708 0.10212876 0.27880633 0.11410192 0.08287821]
 [0.04063288 0.0339711  0.15035084 0.00000961 0.09710316 0.09217701 0.11491708 0.26928842 0.076418   0.12513193]
 [0.08582401 0.02013899 0.15722124 0.00004656 0.13092588 0.08386465 0.10299415 0.21058525 0.1387024  0.06969681]
 [0.07663243 0.02166905 0.15274742 0.00003397 0.11857282 0.08095266 0.11074697 0.23132987 0.12505814 0.08225662]
 [0.04110723 0.01287661 0.14334758 0.00001652 0.07930074 0.06082993 0.10980999 0.36620876 0.08995955 0.09654316]
 [0.11693794 0.00300181 0.12320972 0.00152519 0.11132119 0.24044074 0.15703446 0.11852184 0.12345329 0.00455387]
 [0.2002313  0.00017279 0.07520781 0.17943689 0.17363825 0.03966471 0.01614971 0.07604159 0.23942961 0.00002742]
 [0.1913425  0.00015251 0.0772346  0.1845021  0.17058651 0.0445653  0.01741988 0.07792147 0.236252   0.00002312]
 [0.04465103 0.04010374 0.14754657 0.0000131  0.05396634 0.08068647 0.15488027 0.09488356 0.03764744 0.3456215 ]
 [0.044095   0.05041185 0.11670958 0.00000929 0.0466436  0.07945978 0.13894445 0.08762692 0.03304053 0.40305904]
 [0.03476024 0.02221769 0.14688133 0.00001188 0.04675023 0.06824759 0.14445154 0.1322069  0.03854432 0.36592826]
 [0.07508108 0.00439188 0.1766364  0.00023255 0.17484616 0.05642958 0.0704252  0.2174798  0.21032625 0.01415118]
 [0.15718111 0.00117333 0.0747141  0.00703686 0.15004683 0.3815271  0.03129189 0.04170807 0.15511087 0.00020983]
 [0.02134356 0.02006061 0.14726526 0.00000646 0.04404132 0.08493892 0.17577325 0.12097874 0.03248746 0.3531044 ]
 [0.15387566 0.00009514 0.0105127  0.55254686 0.15452985 0.00144729 0.00031907 0.01395393 0.11271905 0.00000052]
 [0.18846324 0.00844066 0.12232734 0.00022228 0.15180567 0.05317076 0.04165282 0.20408633 0.21400006 0.01583092]
 [0.15990411 0.00011102 0.0085454  0.5862119  0.14069864 0.00122883 0.00025417 0.01130029 0.09174524 0.00000041]
 [0.01305467 0.34649596 0.07049403 0.00000265 0.46334463 0.00483743 0.00412661 0.0303285  0.05194848 0.01536703]
 [0.19204935 0.00011601 0.0299338  0.32286355 0.18959175 0.00820875 0.00253628 0.03738779 0.21730852 0.00000417]
 [0.01669775 0.00962483 0.13652028 0.00000933 0.0382001  0.05241508 0.18041673 0.19354619 0.03472106 0.33784857]
 [0.0128562  0.01341278 0.08045275 0.00000416 0.0193173  0.4415418  0.18405415 0.03596438 0.01280833 0.19958822]]
        Validation Criterion: 0.03278857
16:31:29      Epoch:   0      Batch:   0      OuterStep: 199      LossModel: 0.40215489     LossTerm2: 0.00000000     LossGates: 0.00000000      Time/Step(s): 56.8423Contributing envs to the losses:  [ 22  19  24  26  14  15  18   2  30  46  23   9 130  20  37  17  16  27  31  25   6  21  29 132 136 129   1  13 138  28  44   0  32 141  42 142  33 128  40  39 134  41 135 114 133 112]
Gate kernel values:  [[ 0.01476749 -0.0108382  -0.00426003  0.00422265  0.02251578 -0.00045309 -0.01796766 -0.01264549  0.02512904  0.00737662  0.0244059  -0.01624611  0.02635963  0.0230538   0.06673855 -0.01731655  0.01281593 -0.0255583  -0.01387457 -0.00361871 -0.00352794 -0.02038307 -0.01720037  0.01501746  0.01047962  0.02187655  0.01006706  0.01354111 -0.00284876  0.000835    0.01517989  0.01038409 -0.02309367  0.01496565  0.02263514  0.0131391   0.01675193 -0.00522055 -0.02488692  0.02278853]
 [ 0.00295227 -0.01322571  0.022253   -0.03083957  0.00185123 -0.01232321  0.00465655 -0.01772017  0.00915257 -0.02839368  0.00161828 -0.01035717  0.0004762   0.00336725  0.03312342 -0.00075965  0.00424345 -0.01066514 -0.00028728 -0.02963363  0.02098714  0.00232272 -0.012378    0.0119204   0.02315521 -0.00237043 -0.0320952   0.00990521  0.02481761 -0.02238794  0.01274624 -0.02798375 -0.01403653  0.01281689  0.00719429  0.01229255  0.02552638  0.02063633  0.00220677  0.0056032 ]
 [ 0.00904315 -0.01608244  0.02113812 -0.01742774  0.00944953  0.02668698 -0.01283994 -0.0087567  -0.00189119 -0.01490815  0.00565347 -0.01089054  0.00438315  0.00757181 -0.05701199 -0.00806119  0.00216112 -0.00738821 -0.02025577 -0.01044195 -0.00489305 -0.00631513  0.00031257  0.01249278  0.00770869  0.01237311  0.02656979  0.00107874  0.02143066  0.01800783  0.01124314 -0.02135574 -0.0093635   0.0104803   0.00267038  0.02242587  0.00992802 -0.02640069 -0.00372089  0.00481777]
 [ 0.0531639  -0.01778037 -0.00680919  0.00134017  0.03365364  0.01845153 -0.03147919 -0.0502904   0.04552654 -0.00410132  0.03673727 -0.04825122  0.02065857  0.03593408  0.02875938 -0.05586457  0.0180232  -0.03176093 -0.0241418  -0.0064631  -0.06810845 -0.05648543 -0.01486762  0.01854188  0.01058683  0.0351884   0.02461297  0.0176868  -0.00356642  0.02933278  0.02068952  0.00307271 -0.02468323  0.04870449  0.02287153  0.01231775  0.00666186 -0.01433967 -0.02779363  0.02778767]
 [ 0.02147638 -0.01965743  0.03547693 -0.04132295  0.00939411  0.02124455 -0.01073602 -0.02529287  0.00435543 -0.03957548  0.00687089 -0.02091391  0.014284    0.00898366 -0.02806985 -0.02021007  0.02242167 -0.01073905 -0.01770429 -0.03185337  0.01298915 -0.01758862 -0.0218254   0.01768419  0.02689016  0.01076751  0.00364225  0.02018653  0.03929727  0.00799332  0.01780707 -0.04572993 -0.01277835  0.02306776  0.01476143  0.02386784  0.02194571 -0.02040576 -0.01265298  0.012178  ]
 [ 0.01032566 -0.02000925 -0.02982789  0.00776852  0.00730198  0.0011189  -0.01459976 -0.00707914 -0.00163097  0.00097762  0.0123676  -0.00586803  0.00854152  0.00689448 -0.07054109 -0.01003728  0.01487263 -0.00887669  0.00122792  0.00409157 -0.02055543 -0.01113856 -0.011547    0.01880922  0.00836431  0.00204057 -0.01790635  0.00979812 -0.0202364  -0.00585978  0.0201765   0.01637786 -0.01558904  0.0090691  -0.00311938  0.00752261  0.00150181 -0.02225559 -0.00914085  0.0129772 ]
 [-0.00131119 -0.00156851 -0.02063472  0.01586846  0.01001962 -0.00026707 -0.0083807   0.00347207  0.00890525  0.01335515  0.00794093  0.00649766  0.00059382  0.00916682 -0.06656671  0.0006906   0.01159442 -0.00634864 -0.01838139  0.01243646 -0.03755426 -0.00043819 -0.00285754  0.00370827 -0.00500355  0.01610119 -0.00055039  0.00533001 -0.01859877  0.00607388  0.00536272  0.01830503 -0.00312026 -0.00385039  0.01875197  0.01964623 -0.00897305  0.00272353 -0.00409817  0.00358267]
 [ 0.00745362 -0.00730168  0.01515076 -0.01063012  0.00513962  0.03145307 -0.00827196 -0.00571676 -0.00821787 -0.01008679  0.00382441 -0.00607609 -0.00275207  0.0015417  -0.03172516 -0.00544557  0.02146207 -0.00128619 -0.00968419 -0.00756599 -0.0042983  -0.00421328 -0.02296619  0.01060704  0.00145483  0.0011345   0.03831741  0.02643418  0.01067384  0.03662243  0.00629128 -0.01078651 -0.00497885  0.00576541  0.02306486  0.002811    0.00387317 -0.00319613 -0.01552232  0.01200489]
 [ 0.01284164 -0.01945958  0.02535818 -0.01983028  0.01427044  0.02599792 -0.0169889  -0.01338452  0.00800871 -0.01898215  0.01142189 -0.01485684  0.01229183  0.01324612 -0.02115375 -0.01303413  0.02613169 -0.01490673 -0.02179009 -0.01729702  0.01330362 -0.01184756 -0.02501881  0.0192248   0.01514168  0.01628102  0.01741602  0.02248787  0.02411375  0.01547231  0.0172954  -0.02372285 -0.01415261  0.01416514  0.02056738  0.02649909  0.01414153 -0.02185113 -0.02053363  0.01620718]
 [-0.03268157 -0.00058081  0.00168171  0.00704587 -0.00123044  0.00285376  0.00186039  0.03022208  0.00579186  0.01502609 -0.00149927  0.02526812 -0.03103573  0.00002908 -0.01369544  0.03228145 -0.00622984  0.00015488  0.00443898  0.00977833 -0.01315104  0.03266126 -0.00105567 -0.00106884 -0.02689171 -0.00234122  0.00758615 -0.00185596  0.00109051 -0.00064216 -0.00167218 -0.00036613 -0.00104835 -0.03019084 -0.00735309 -0.00862726 -0.01689102 -0.00193286 -0.00181511  0.00097686]]
Gate values for each environment (all envs): 
 [[0.06768919 0.04373299 0.21609165 0.00003523 0.16003922 0.09201237 0.10053919 0.12760946 0.10469681 0.08755387]
 [0.09988927 0.02128118 0.1513533  0.00006005 0.12180123 0.10437828 0.11903622 0.1827121  0.13000691 0.06948148]
 [0.22190697 0.04846364 0.10087359 0.00012324 0.11758365 0.11507431 0.08935501 0.12169339 0.10989369 0.07503256]
 [0.08846073 0.07945007 0.0684495  0.00001402 0.04074473 0.09138723 0.14700675 0.08454891 0.03272815 0.36720994]
 [0.08216839 0.18100181 0.10692443 0.00000842 0.12751375 0.07931205 0.06488532 0.11352468 0.06530764 0.17935352]
 [0.08065173 0.01376303 0.16543253 0.00004735 0.14135537 0.07470286 0.08938622 0.21762039 0.1710216  0.04601893]
 [0.11102536 0.03268395 0.1390975  0.00004653 0.12243788 0.11954942 0.12280024 0.15281175 0.12157239 0.07797497]
 [0.07762272 0.01093837 0.16593485 0.00004554 0.12518552 0.0781827  0.09741371 0.22628443 0.1702954  0.04809674]
 [0.05703209 0.06168761 0.09801453 0.00001133 0.05107477 0.0812934  0.15332808 0.08112561 0.03846776 0.37796485]
 [0.11152788 0.04178403 0.14083116 0.00004536 0.1306964  0.10474332 0.11159647 0.15840118 0.11444566 0.08592847]
 [0.08109555 0.14959328 0.11074355 0.00001133 0.12733352 0.09629138 0.08160517 0.12824684 0.0661276  0.15895176]
 [0.06045721 0.06230589 0.06573356 0.00001    0.03163563 0.08495983 0.15479323 0.07823613 0.02516222 0.43670624]
 [0.07364862 0.0108012  0.16366087 0.00004802 0.12066513 0.09572908 0.12374587 0.19546737 0.17146087 0.04477299]
 [0.10919435 0.03573079 0.13751851 0.00003736 0.13583249 0.09607264 0.09940954 0.17365886 0.13829286 0.07425253]
 [0.16720288 0.05283308 0.12992752 0.00008929 0.13023525 0.10010748 0.10012465 0.11336572 0.11090934 0.0952049 ]
 [0.2521263  0.07340204 0.09699986 0.00012857 0.09986514 0.10111161 0.11632202 0.09296257 0.08038006 0.08670171]
 [0.10233816 0.03501613 0.14729713 0.000046   0.12295858 0.11025487 0.12349985 0.15963474 0.11170947 0.08724506]
 [0.103049   0.03647734 0.1477133  0.00004611 0.12261754 0.11222888 0.12484245 0.15366594 0.10968628 0.08967316]
 [0.11075115 0.05576697 0.13727683 0.00004207 0.12936413 0.11676586 0.11608063 0.13623627 0.09887609 0.09884008]
 [0.19939943 0.06273413 0.10462863 0.00007578 0.11200334 0.11545435 0.11564729 0.10409662 0.10106787 0.08489256]
 [0.10322078 0.04667317 0.14389035 0.00004078 0.12183551 0.11332113 0.1261583  0.14434756 0.09925228 0.10126018]
 [0.09323043 0.04578481 0.15431055 0.00003612 0.13059424 0.10328954 0.11365324 0.15784092 0.10208906 0.09917108]
 [0.22930096 0.06452292 0.09791598 0.00008709 0.10826192 0.10701524 0.10862846 0.10141186 0.10016722 0.08268836]
 [0.10537234 0.03876678 0.14438997 0.00004495 0.12195925 0.11410443 0.12510443 0.15160617 0.10825273 0.09039894]
 [0.15608495 0.05632783 0.12491163 0.00005862 0.13807608 0.10731777 0.10253829 0.11969908 0.1198215  0.07516417]
 [0.10385344 0.05512985 0.14105119 0.00003702 0.12659033 0.10611232 0.11418509 0.14914747 0.09591671 0.10797665]
 [0.12957437 0.04856238 0.13719024 0.000051   0.13530412 0.10983708 0.10851588 0.13198797 0.11707862 0.08189826]
 [0.10022966 0.03370445 0.14888923 0.00004623 0.121556   0.11068496 0.1253256  0.16100903 0.11105457 0.0875003 ]
 [0.08883291 0.06278776 0.11881612 0.00002373 0.09207986 0.11142811 0.13364515 0.10888439 0.0737151  0.20978686]
 [0.09153397 0.0495386  0.15113054 0.00003337 0.12805343 0.10367223 0.11702535 0.1557234  0.09735553 0.10593352]
 [0.10768352 0.05544115 0.13769183 0.00003917 0.127244   0.11398856 0.11981872 0.14002815 0.09828468 0.09978021]
 [0.09682117 0.04899774 0.14785531 0.00003655 0.1252272  0.10921469 0.1223221  0.14771916 0.09756818 0.10423784]
 [0.08967751 0.05773828 0.11394153 0.00001562 0.07193274 0.08587773 0.12538241 0.10710276 0.06468808 0.28364345]
 [0.07323734 0.06064476 0.11255735 0.00001209 0.07188967 0.08925485 0.12850893 0.1133921  0.0602119  0.29029095]
 [0.18891007 0.01172476 0.14202298 0.00017238 0.13460715 0.10633784 0.0799842  0.12460613 0.19166349 0.01997105]
 [0.04127536 0.01722214 0.15643474 0.0000216  0.07721482 0.33451924 0.1289132  0.10758753 0.06143511 0.07537626]
 [0.05456413 0.0264859  0.16725798 0.00002733 0.09479074 0.27626565 0.13197242 0.100819   0.06740711 0.08040977]
 [0.143873   0.07097769 0.12744564 0.00004424 0.1306749  0.12489427 0.11861449 0.09414729 0.10206492 0.08726347]
 [0.04526224 0.02283295 0.15737921 0.00002486 0.07920832 0.3247026  0.1465086  0.08871836 0.05574903 0.07961379]
 [0.07433642 0.0739677  0.09387157 0.0000092  0.06943703 0.07808614 0.11524714 0.11604725 0.05817689 0.3208207 ]
 [0.0766367  0.07870413 0.10553635 0.00000948 0.07960824 0.08089389 0.1099254  0.11168649 0.06318532 0.29381394]
 [0.06611101 0.06060092 0.10144211 0.00000994 0.06028522 0.10583037 0.15137501 0.09870572 0.04976904 0.3058706 ]
 [0.09156799 0.07987104 0.09517178 0.00001225 0.0728806  0.0722568  0.10763103 0.11256415 0.06031992 0.30772445]
 [0.03686216 0.01506443 0.17581175 0.00002633 0.08003    0.33008212 0.1365851  0.09483562 0.06014673 0.07055579]
 [0.1117999  0.03139983 0.14287758 0.00006097 0.21271051 0.07467109 0.06202039 0.14722237 0.18401821 0.03321912]
 [0.19831212 0.00760851 0.12534088 0.00016991 0.11069444 0.11546512 0.07659904 0.14684954 0.20141724 0.01754316]
 [0.17029168 0.06781603 0.1274564  0.0000492  0.13567536 0.10202809 0.09894471 0.10507683 0.11449911 0.07816271]
 [0.1947125  0.0085084  0.12576921 0.00015673 0.13284418 0.08126679 0.06060151 0.15425792 0.22685078 0.01503191]
 [0.01573887 0.00000088 0.00005984 0.9748902  0.00609654 0.00001104 0.00000067 0.00007767 0.00312439 0.        ]
 [0.02741661 0.00000078 0.00046118 0.9569161  0.00607124 0.0003308  0.00004459 0.00050881 0.00824987 0.        ]
 [0.05451101 0.00000937 0.00054938 0.89771837 0.03069999 0.00010601 0.00000925 0.00062252 0.01577406 0.        ]
 [0.22535159 0.00034409 0.07674357 0.02126449 0.1930138  0.02929552 0.01682629 0.08129223 0.35574946 0.00011892]
 [0.01221353 0.88817906 0.00987666 0.00000041 0.04185943 0.00731255 0.00340291 0.00659692 0.00405397 0.02650457]
 [0.23211204 0.00006507 0.03316453 0.20054775 0.16303268 0.00689    0.00334499 0.04364218 0.3171948  0.00000602]
 [0.17972681 0.00018428 0.00222164 0.6662369  0.10950626 0.00024673 0.00002874 0.00297653 0.038872   0.00000007]
 [0.01318113 0.8789982  0.01077837 0.00000045 0.04225533 0.0074777  0.00387229 0.00729766 0.00430581 0.03183314]
 [0.04235117 0.00000454 0.0005297  0.9205178  0.02175774 0.00013951 0.00001305 0.00058316 0.01410342 0.        ]
 [0.0022395  0.00093039 0.01504214 0.00000043 0.00115019 0.0321182  0.20007007 0.05969455 0.00240154 0.686353  ]
 [0.05770369 0.00000808 0.00091952 0.88875544 0.03094922 0.0002747  0.00002648 0.00097267 0.02039018 0.00000001]
 [0.04548575 0.00000697 0.00032073 0.9268395  0.01796813 0.00005164 0.00000475 0.00039124 0.00893137 0.        ]
 [0.07301344 0.00001744 0.00029355 0.86885095 0.04192041 0.00002616 0.00000202 0.00038681 0.01548909 0.        ]
 [0.06760833 0.00002066 0.00032682 0.8650863  0.05023214 0.00002689 0.00000191 0.00041595 0.01628101 0.        ]
 [0.11139292 0.00002063 0.00166011 0.80499685 0.0460822  0.00048896 0.00006337 0.00187539 0.03341968 0.00000003]
 [0.02084447 0.8265736  0.01555328 0.00000082 0.04504438 0.01040924 0.00697183 0.01085106 0.00586546 0.05788578]
 [0.1291095  0.29466158 0.07476149 0.00002058 0.12086476 0.0398375  0.05136368 0.04987136 0.0491033  0.19040631]
 [0.19122295 0.00410842 0.09015495 0.00257828 0.11925419 0.22137716 0.14745367 0.08229966 0.13914806 0.00240257]
 [0.20909132 0.00357794 0.04301637 0.00059531 0.02212748 0.09433438 0.5177527  0.03453004 0.05402055 0.02095383]
 [0.11635947 0.31116566 0.06448069 0.00001575 0.09643175 0.03724456 0.05169823 0.04224395 0.03894104 0.24141897]
 [0.2300019  0.00425722 0.07235162 0.00204933 0.08723581 0.19665822 0.18972881 0.08365376 0.1287794  0.00528391]
 [0.02383913 0.8389568  0.01411162 0.00000146 0.03181293 0.0086189  0.00585981 0.00464311 0.00399611 0.06816008]
 [0.01245162 0.00140819 0.07679601 0.00001369 0.00775836 0.17901723 0.44023097 0.0833485  0.01357569 0.18539976]
 [0.20673406 0.00858669 0.06645983 0.0004622  0.07684802 0.23094329 0.1523687  0.12031951 0.11530886 0.02196881]
 [0.01793703 0.00201892 0.12292346 0.00001732 0.0145547  0.09598266 0.3334494  0.17914622 0.02382399 0.21014623]
 [0.1596344  0.00022919 0.10473008 0.0981774  0.07299774 0.20331463 0.14515574 0.09544217 0.12001473 0.00030407]
 [0.17944446 0.00056022 0.08441245 0.06291261 0.09348612 0.22699124 0.1589263  0.07809412 0.11478542 0.00038718]
 [0.11926022 0.6441912  0.03100492 0.00002187 0.05463136 0.03472736 0.02041347 0.01052897 0.01211363 0.07310702]
 [0.18536033 0.47898567 0.04532968 0.00004774 0.06497736 0.05619391 0.04040983 0.01899847 0.01903355 0.09066349]
 [0.02026581 0.8549515  0.01536093 0.00000152 0.03711066 0.00823878 0.00488368 0.00417337 0.0040213  0.05099255]
 [0.02827659 0.8499985  0.01427329 0.000002   0.03712423 0.00803841 0.00470431 0.00465377 0.00463224 0.0482965 ]
 [0.00790036 0.00079945 0.07965571 0.00001396 0.00572614 0.12095785 0.5952187  0.06598273 0.00982858 0.11391652]
 [0.03101051 0.64039    0.03439055 0.00000278 0.07744057 0.01000655 0.01249756 0.01351554 0.01233587 0.16841017]
 [0.09190284 0.00064323 0.13018483 0.00009946 0.06999859 0.06635709 0.08875032 0.1731539  0.3647845  0.01412519]
 [0.06469018 0.00113079 0.15081872 0.00113229 0.19377293 0.08636633 0.08735661 0.12536845 0.2866419  0.00272181]
 [0.07157792 0.00172565 0.1519528  0.00050509 0.15051073 0.21102718 0.09848522 0.07505668 0.23255661 0.00660218]
 [0.03540756 0.01679263 0.17984468 0.00005412 0.08254423 0.20792489 0.26832458 0.04772476 0.05665834 0.10472432]
 [0.07017149 0.5938835  0.04008606 0.0000065  0.06871949 0.03734398 0.02794863 0.02287644 0.01708739 0.12187646]
 [0.09620227 0.00042108 0.14534423 0.00077603 0.07342387 0.10980628 0.13359872 0.16449846 0.27004933 0.00587967]
 [0.03520387 0.08266241 0.125762   0.0000301  0.13346362 0.20795016 0.22910953 0.03739959 0.05789822 0.09052041]
 [0.04261944 0.00115445 0.16541095 0.00046642 0.1968732  0.09224903 0.09997893 0.10828475 0.2892609  0.003702  ]
 [0.08780578 0.00031336 0.15099367 0.0019406  0.12369628 0.07190718 0.07822216 0.1520697  0.33117956 0.00187172]
 [0.07632355 0.00470574 0.19077235 0.00018638 0.17583889 0.09041319 0.06921761 0.13836716 0.24033093 0.01384413]
 [0.19349542 0.00399332 0.12468506 0.00034778 0.11803285 0.08009119 0.07814289 0.12956886 0.25827694 0.01336575]
 [0.05096281 0.02673395 0.12442852 0.00006797 0.07037631 0.20663953 0.3165371  0.03919786 0.04798261 0.11707334]
 [0.08678375 0.00030109 0.14467965 0.00226902 0.12668282 0.08332491 0.07716852 0.14802665 0.32932454 0.00143906]
 [0.11004703 0.00058174 0.13399112 0.00128239 0.12266625 0.07150632 0.07270674 0.15288872 0.33122337 0.00310632]
 [0.11463973 0.00276665 0.15796779 0.00019426 0.10994082 0.08727224 0.09203298 0.15222004 0.26633435 0.01663116]
 [0.19567896 0.00007206 0.01301492 0.52737623 0.11977424 0.00586598 0.00120688 0.01331619 0.12369338 0.00000113]
 [0.1619129  0.00304114 0.13136275 0.00404235 0.270236   0.0775745  0.03487718 0.09605961 0.22016382 0.00072973]
 [0.00993539 0.83509314 0.01508999 0.0000006  0.03294574 0.00569486 0.00528051 0.00462022 0.00309584 0.08824382]
 [0.06830187 0.56383574 0.04658658 0.00000858 0.06304652 0.04259371 0.03711969 0.02646779 0.01328631 0.13875325]
 [0.01656569 0.01628126 0.17811191 0.00000584 0.03205124 0.06562993 0.12756918 0.09961782 0.02205705 0.44211   ]
 [0.07673866 0.497318   0.04527146 0.00000702 0.06765193 0.04578679 0.03805164 0.02958378 0.0198707  0.1797201 ]
 [0.23717222 0.00010425 0.00484275 0.58280516 0.09613045 0.00105884 0.00019139 0.00629668 0.07139796 0.00000035]
 [0.21207292 0.00323895 0.0623935  0.00092027 0.09295406 0.25155237 0.08390972 0.12640516 0.161448   0.00510497]
 [0.1842246  0.0000665  0.01379008 0.52244353 0.12601706 0.00615611 0.00125226 0.01397697 0.1320718  0.0000011 ]
 [0.02394351 0.7329036  0.02361201 0.00000167 0.03932593 0.01638817 0.01326109 0.0092549  0.00561511 0.135694  ]
 [0.00930842 0.37458667 0.01969128 0.00000039 0.01948419 0.01798708 0.04440957 0.00996571 0.00414883 0.5004179 ]
 [0.02899585 0.00111552 0.1017724  0.00020591 0.2092812  0.12998515 0.06326593 0.19845515 0.2653185  0.00160446]
 [0.0088824  0.37124196 0.08136724 0.00000085 0.18620606 0.00800903 0.01329655 0.09706269 0.02675481 0.20717835]
 [0.20714909 0.00105362 0.10548083 0.03402004 0.24607988 0.06305066 0.02712462 0.09064434 0.22524515 0.00015167]
 [0.22553839 0.00010232 0.00661481 0.56781864 0.10648265 0.00155975 0.00031319 0.00828664 0.08328316 0.00000049]
 [0.22505623 0.0001032  0.00643089 0.5690025  0.10693484 0.00141952 0.00028775 0.00815244 0.08261215 0.00000048]
 [0.10911819 0.06248226 0.12036606 0.0000214  0.11085889 0.24159281 0.09904624 0.07291059 0.08880922 0.09479437]
 [0.18674445 0.00013028 0.00587044 0.5971595  0.12566444 0.00074085 0.00014242 0.0083061  0.07524119 0.00000031]
 [0.11350424 0.0699186  0.12249401 0.00001968 0.10961333 0.23107518 0.09469549 0.07675736 0.08557151 0.09635056]
 [0.08419695 0.14606346 0.08198155 0.00000809 0.0736445  0.21264027 0.10865095 0.06297038 0.04480089 0.18504299]
 [0.03097738 0.01618338 0.16314544 0.00001872 0.05718843 0.29902256 0.16698097 0.09872816 0.04276592 0.12498907]
 [0.25057927 0.000151   0.00521716 0.5342526  0.12134683 0.00080314 0.00014838 0.00743911 0.08006215 0.00000038]
 [0.02685641 0.00625732 0.20160174 0.00003352 0.06704305 0.30241504 0.1359485  0.12838632 0.06205459 0.06940354]
 [0.02606002 0.01002734 0.1758669  0.00002087 0.05663861 0.3517162  0.15966848 0.08894016 0.04466844 0.08639301]
 [0.10327779 0.29708797 0.07395021 0.00001461 0.11844371 0.06897476 0.05258251 0.05563075 0.04302323 0.18701443]
 [0.24273574 0.00015246 0.00462575 0.5480646  0.12117219 0.00049437 0.00009311 0.00733095 0.07533043 0.0000003 ]
 [0.02619296 0.01978342 0.12397679 0.00000825 0.0365364  0.27798873 0.17056707 0.08143475 0.02838792 0.23512375]
 [0.11445668 0.28731555 0.0824514  0.00001736 0.11476739 0.05210692 0.05979852 0.05710706 0.04371939 0.18825965]
 [0.0182003  0.01414308 0.12329002 0.00000643 0.03094696 0.3034184  0.19684853 0.07193683 0.02478136 0.21642815]
 [0.21406911 0.00019423 0.00619774 0.55042857 0.14208856 0.00079135 0.00014186 0.00867856 0.07740971 0.00000038]
 [0.09539077 0.00051229 0.1894064  0.00589661 0.12723577 0.25805646 0.05824442 0.09517092 0.1694215  0.00066482]
 [0.04656142 0.02257047 0.17362444 0.00002778 0.07293426 0.26042995 0.14910048 0.09386086 0.05086075 0.13002953]
 [0.07000495 0.01759002 0.1487822  0.00003254 0.07244957 0.11650101 0.18522581 0.19174908 0.08423535 0.11342944]
 [0.09516624 0.02508171 0.12388758 0.00005052 0.06934434 0.1419291  0.23494548 0.12518327 0.07391725 0.11049455]
 [0.10502174 0.03902946 0.14616702 0.0000452  0.11937096 0.11456674 0.1317699  0.14502133 0.10552427 0.09348337]
 [0.065639   0.01208282 0.10823032 0.00004052 0.0375527  0.15392537 0.34566343 0.11659436 0.04910354 0.111168  ]
 [0.08960861 0.03083144 0.15905565 0.00003981 0.1130001  0.11452272 0.14084575 0.15191041 0.10655685 0.09362874]
 [0.05833477 0.01689606 0.16035816 0.0000311  0.10516983 0.0769038  0.11215027 0.2844273  0.10755295 0.07817574]
 [0.07212287 0.01827915 0.15846983 0.0000386  0.11516429 0.07058299 0.10324138 0.26491913 0.1209119  0.07626981]
 [0.07118911 0.01560871 0.15810746 0.00003821 0.1004962  0.07578363 0.1202257  0.25713307 0.11629917 0.08511873]
 [0.09112746 0.03015485 0.14821418 0.00003811 0.1152354  0.10535257 0.12794293 0.18260698 0.11202241 0.08730517]
 [0.05886773 0.01567483 0.15524472 0.00002551 0.08116271 0.08133744 0.1449853  0.26519984 0.09512293 0.10237893]
 [0.09105511 0.02123149 0.15871534 0.00005343 0.1328597  0.09453289 0.10625904 0.19470671 0.13622199 0.06436429]
 [0.06334547 0.02261001 0.15205489 0.00002215 0.11420858 0.07344202 0.10370392 0.27604565 0.11651869 0.07804858]
 [0.04436926 0.03430015 0.15032315 0.0000112  0.10351767 0.0921893  0.10954127 0.2754234  0.08202673 0.10829785]
 [0.08960086 0.01850549 0.15486093 0.00005058 0.12757315 0.08308169 0.10203362 0.21792518 0.14206716 0.06430131]
 [0.08110973 0.02098022 0.14984077 0.00003641 0.11470304 0.08234366 0.11292446 0.2339206  0.12585409 0.07828698]
 [0.04409834 0.01260736 0.14454035 0.00001883 0.08176336 0.06182122 0.10832596 0.36560464 0.09452068 0.08669932]
 [0.1345871  0.00334827 0.12037487 0.00171903 0.1191628  0.22562212 0.14332707 0.11733185 0.13025872 0.00426808]
 [0.1898815  0.00016315 0.0845734  0.17297499 0.16296768 0.04793958 0.02037353 0.08638951 0.234701   0.00003555]
 [0.17554453 0.0001225  0.08719996 0.17661057 0.15303601 0.05447154 0.0231232  0.09183128 0.23803021 0.00003034]
 [0.04001749 0.0354819  0.1397002  0.00001123 0.04484746 0.07944889 0.16192277 0.09256084 0.03265408 0.37335524]
 [0.04484943 0.04891758 0.12403588 0.00001026 0.04925613 0.08337229 0.14373618 0.0930796  0.0350743  0.37766835]
 [0.03312764 0.01803277 0.12118273 0.00001152 0.03103236 0.07726703 0.18218385 0.11063698 0.02853394 0.3979912 ]
 [0.06673701 0.00509429 0.18511553 0.00020795 0.20492083 0.0582044  0.06130873 0.19346106 0.21380627 0.01114389]
 [0.15217756 0.00118542 0.07592756 0.00664597 0.14733838 0.39758357 0.03017763 0.03999795 0.1487508  0.00021506]
 [0.01698992 0.01591699 0.11406656 0.00000432 0.02631036 0.08102144 0.19543123 0.09638408 0.02142553 0.43244958]
 [0.16716202 0.00010106 0.00999992 0.54795235 0.14875038 0.00138128 0.00030754 0.0139431  0.11040182 0.00000055]
 [0.16880456 0.00951137 0.1171855  0.00023599 0.19188079 0.04275133 0.02976114 0.20502695 0.22452529 0.01031705]
 [0.17435035 0.00011999 0.00816218 0.5777714  0.1366224  0.0011767  0.00024528 0.01132565 0.09022562 0.00000044]
 [0.01478941 0.3733988  0.07242218 0.00000282 0.4279656  0.00557412 0.00494838 0.03099572 0.05088037 0.01902262]
 [0.2220292  0.00012288 0.03010621 0.31988034 0.16633856 0.00988583 0.00324393 0.03925617 0.20913115 0.00000569]
 [0.01580277 0.00808202 0.12622246 0.00000979 0.03107036 0.05765034 0.22038071 0.17247172 0.03040105 0.3379088 ]
 [0.01305266 0.01512898 0.08804385 0.00000397 0.02164668 0.42355105 0.17562285 0.03843512 0.01383902 0.21067578]]
        Validation Criterion: 0.03704204

Total gradient descent training time: 3 hours 11 mins 24 secs
    Creating a new model with taylor order 0 ...
Using any previously defined optimizer for adapation

=== Beginning Meta-Testing ... ===
    Number of examples in a batch along envs: 160
    Maximum number of batches (along envs): 1
    Reusing contexts for adaptation on the single bach

    Test loss value: 5.39e-01 ± 2.60e+02
    Train loss value for criterion 0: 0.00e+00

==  Begining artefacts visualisation ... ==
    Visualized context dimensions along x: [14 27 34]
    Visualized context dimensions along y: [31 29 18]
Saving artefacts in: ./runs/241208-132002/artefacts.png
No artists with labels found to put in legend.  Note that artists whose label start with an underscore are ignored when legend() is called with no argument.
No artists with labels found to put in legend.  Note that artists whose label start with an underscore are ignored when legend() is called with no argument.
No artists with labels found to put in legend.  Note that artists whose label start with an underscore are ignored when legend() is called with no argument.
Loss per InD environment: [0.11489913612604141, 0.015110716223716736, 0.014636087231338024, 0.1535916030406952, 0.5391657948493958, 0.03791065141558647, 0.013348652981221676, 0.04490595683455467, 0.19035156071186066, 0.01521416287869215, 0.12055732309818268, 0.2070847600698471, 0.01486201398074627, 0.01495504379272461, 0.07009127736091614, 0.025277290493249893, 0.005136041436344385, 0.0054746889509260654, 0.006498618051409721, 0.008870160207152367, 0.008298392407596111, 0.005529211834073067, 0.008542761206626892, 0.006740846671164036, 0.03617343306541443, 0.00865145679563284, 0.016042057424783707, 0.00870855525135994, 0.03400908783078194, 0.009452377445995808, 0.010648379102349281, 0.009156273677945137, 0.07850398868322372, 0.08765411376953125, 0.3485393822193146, 0.07046203315258026, 0.14132918417453766, 0.4346786439418793, 0.06758086383342743, 0.09036316722631454, 0.1652437150478363, 0.13423922657966614, 0.17385566234588623, 0.09193478524684906, 0.0755840390920639, 0.157150536775589, 0.09371674060821533, 0.12389173358678818, 1073.6201171875, 3.9149138927459717, 510.2760009765625, 5.252346038818359, 1.7835794687271118, 5.759764671325684, 260.2654724121094, 1.688912272453308, 140.0309295654297, 1.3669978380203247, 126.11067199707031, 1653.724365234375, 1673.7882080078125, 2030.3892822265625, 47.26609802246094, 1.5919053554534912, 7.417383670806885, 1.7811028957366943, 5.122232437133789, 7.59838342666626, 2.6214795112609863, 6.599693298339844, 6.14708137512207, 1.4572292566299438, 3.5206518173217773, 1.6649572849273682, 1.3307031393051147, 5.883305549621582, 7.396491527557373, 7.244032859802246, 7.568443298339844, 10.82907772064209, 2.4053916931152344, 0.5977691411972046, 0.6610864996910095, 0.6999099850654602, 2.277233362197876, 1.860193133354187, 0.6372441649436951, 1.3472788333892822, 0.6824431419372559, 0.851173460483551, 0.9641540050506592, 0.6799851059913635, 2.129528284072876, 0.8555608987808228, 0.7512152194976807, 0.6466384530067444, 53.248626708984375, 0.14575381577014923, 1.1425211429595947, 0.5639548897743225, 0.3682527542114258, 1.1303786039352417, 99.85429382324219, 3.3613407611846924, 47.9345703125, 0.28866779804229736, 0.6267018914222717, 1.2868162393569946, 2.696000814437866, 0.2222079038619995, 77.34329223632812, 80.67850494384766, 0.8145613670349121, 3.349783182144165, 0.8147486448287964, 0.9467400908470154, 0.4479391872882843, 3.1592869758605957, 0.4819432199001312, 1.0104478597640991, 1.9100234508514404, 3.0407586097717285, 0.4678191542625427, 1.9235798120498657, 0.5871509313583374, 3.2236993312835693, 0.5384140014648438, 0.4816316068172455, 0.014243228361010551, 0.35719728469848633, 0.07901553064584732, 0.881425142288208, 0.07730638980865479, 0.00595889100804925, 0.01182192750275135, 0.010238406248390675, 0.05322970822453499, 0.00937611237168312, 0.07053547352552414, 0.007680634036660194, 0.01594354398548603, 0.08574692904949188, 0.05531691387295723, 0.004912611097097397, 2.1253204345703125, 0.2684602439403534, 0.29610565304756165, 0.14980396628379822, 0.1618117094039917, 0.19163452088832855, 0.08160844445228577, 0.8189049959182739, 1.2168011665344238, 4.4333109855651855, 0.08813060820102692, 4.568078517913818, 0.4303329885005951, 3.707059144973755, 0.483519583940506, 1.460754632949829]

==  Begining in-domain dynamics visualisation ... ==
    Trajectory id: 0
    Visualized dimensions: (0, 1)
    Using contexts from meta-training.
Testing finished. Figure saved in: ./runs/241208-132002/dynamics.png

==  Begining context clusters visualisation with t-SNE ... ==
    Visualising the parameters (either vectors or function weights)
    Visualising predictions from the contexts (reconstituted as functions)
WARNING: No context utilities found, meaning inf dim context are not used. Using randoms.
Saving context clusters in: ./runs/241208-132002/context_clusters.png
2024-12-08 16:31:48.898492: E external/local_xla/xla/stream_executor/cuda/cuda_fft.cc:479] Unable to register cuFFT factory: Attempting to register factory for plugin cuFFT when one has already been registered
2024-12-08 16:31:48.908486: E external/local_xla/xla/stream_executor/cuda/cuda_dnn.cc:10575] Unable to register cuDNN factory: Attempting to register factory for plugin cuDNN when one has already been registered
2024-12-08 16:31:48.908512: E external/local_xla/xla/stream_executor/cuda/cuda_blas.cc:1442] Unable to register cuBLAS factory: Attempting to register factory for plugin cuBLAS when one has already been registered
2024-12-08 16:31:54.450120: W tensorflow/compiler/tf2tensorrt/utils/py_utils.cc:38] TF-TRT Warning: Could not find TensorRT
/home/gb21553/miniconda3/envs/jax/lib/python3.12/site-packages/umap/umap_.py:1952: UserWarning: n_jobs value 1 overridden to 1 by setting random_state. Use no seed for parallelism.
  warn(
    Creating a new model with taylor order 0 ...
Using any previously defined optimizer for adapation

=== Beginning Meta-Testing ... ===
    Number of examples in a batch along envs: 1
    Maximum number of batches (along envs): 1
Epoch:   0      Batch:   0      Loss: 0.00668196     ContextsNorm: 0.00000000
Epoch:   1      Batch:   0      Loss: 0.00592492     ContextsNorm: 0.00000000
Epoch:   2      Batch:   0      Loss: 0.00522376     ContextsNorm: 0.00000000
Epoch:   3      Batch:   0      Loss: 0.00458636     ContextsNorm: 0.00000000
Epoch:  10      Batch:   0      Loss: 0.00240740     ContextsNorm: 0.00000000
Epoch:  20      Batch:   0      Loss: 0.00246344     ContextsNorm: 0.00000000
Epoch:  30      Batch:   0      Loss: 0.00195555     ContextsNorm: 0.00000000
Epoch:  40      Batch:   0      Loss: 0.00161989     ContextsNorm: 0.00000000
Epoch:  50      Batch:   0      Loss: 0.00134537     ContextsNorm: 0.00000000
Epoch:  60      Batch:   0      Loss: 0.00109951     ContextsNorm: 0.00000000
Epoch:  70      Batch:   0      Loss: 0.00091742     ContextsNorm: 0.00000000
Epoch:  80      Batch:   0      Loss: 0.00079765     ContextsNorm: 0.00000000
Epoch:  90      Batch:   0      Loss: 0.00072341     ContextsNorm: 0.00000000
Epoch: 100      Batch:   0      Loss: 0.00067493     ContextsNorm: 0.00000000
Epoch: 110      Batch:   0      Loss: 0.00063699     ContextsNorm: 0.00000000
Epoch: 120      Batch:   0      Loss: 0.00060173     ContextsNorm: 0.00000000
Epoch: 130      Batch:   0      Loss: 0.00056644     ContextsNorm: 0.00000000
Epoch: 140      Batch:   0      Loss: 0.00053147     ContextsNorm: 0.00000000
Epoch: 150      Batch:   0      Loss: 0.00049709     ContextsNorm: 0.00000000
Epoch: 160      Batch:   0      Loss: 0.00046394     ContextsNorm: 0.00000000
Epoch: 170      Batch:   0      Loss: 0.00043238     ContextsNorm: 0.00000000
Epoch: 180      Batch:   0      Loss: 0.00040309     ContextsNorm: 0.00000000
Epoch: 190      Batch:   0      Loss: 0.00037596     ContextsNorm: 0.00000000
Epoch: 200      Batch:   0      Loss: 0.00035170     ContextsNorm: 0.00000000
Epoch: 210      Batch:   0      Loss: 0.00033006     ContextsNorm: 0.00000000
Epoch: 220      Batch:   0      Loss: 0.00031147     ContextsNorm: 0.00000000
Epoch: 230      Batch:   0      Loss: 0.00029558     ContextsNorm: 0.00000000
Epoch: 240      Batch:   0      Loss: 0.00028241     ContextsNorm: 0.00000000
Epoch: 250      Batch:   0      Loss: 0.00027168     ContextsNorm: 0.00000000
Epoch: 260      Batch:   0      Loss: 0.00026311     ContextsNorm: 0.00000000
Epoch: 270      Batch:   0      Loss: 0.00025648     ContextsNorm: 0.00000000
Epoch: 280      Batch:   0      Loss: 0.00025139     ContextsNorm: 0.00000000
Epoch: 290      Batch:   0      Loss: 0.00024756     ContextsNorm: 0.00000000
Epoch: 300      Batch:   0      Loss: 0.00024481     ContextsNorm: 0.00000000
Epoch: 310      Batch:   0      Loss: 0.00024275     ContextsNorm: 0.00000000
Epoch: 320      Batch:   0      Loss: 0.00024134     ContextsNorm: 0.00000000
Epoch: 330      Batch:   0      Loss: 0.00024031     ContextsNorm: 0.00000000
Epoch: 340      Batch:   0      Loss: 0.00023960     ContextsNorm: 0.00000000
Epoch: 350      Batch:   0      Loss: 0.00023914     ContextsNorm: 0.00000000
Epoch: 360      Batch:   0      Loss: 0.00023885     ContextsNorm: 0.00000000
Epoch: 370      Batch:   0      Loss: 0.00023864     ContextsNorm: 0.00000000
Epoch: 380      Batch:   0      Loss: 0.00023852     ContextsNorm: 0.00000000
Epoch: 390      Batch:   0      Loss: 0.00023839     ContextsNorm: 0.00000000
Epoch: 400      Batch:   0      Loss: 0.00023835     ContextsNorm: 0.00000000
Epoch: 410      Batch:   0      Loss: 0.00023840     ContextsNorm: 0.00000000
Epoch: 420      Batch:   0      Loss: 0.00023831     ContextsNorm: 0.00000000
Epoch: 430      Batch:   0      Loss: 0.00023830     ContextsNorm: 0.00000000
Epoch: 440      Batch:   0      Loss: 0.00023843     ContextsNorm: 0.00000000
Epoch: 450      Batch:   0      Loss: 0.00023830     ContextsNorm: 0.00000000
Epoch: 460      Batch:   0      Loss: 0.00023832     ContextsNorm: 0.00000000
Epoch: 470      Batch:   0      Loss: 0.00023827     ContextsNorm: 0.00000000
Epoch: 480      Batch:   0      Loss: 0.00023837     ContextsNorm: 0.00000000
Epoch: 490      Batch:   0      Loss: 0.00023833     ContextsNorm: 0.00000000
Epoch: 499      Batch:   0      Loss: 0.00023830     ContextsNorm: 0.00000000

Total gradient descent training time: 0 hours 3 mins 27 secs

    Test loss value: 1.20e-02 ± 0.00e+00
    Train loss value for criterion 0: 2.38e-04
Loss per OoD environment: [0.01203529816120863]

==  Begining artefacts visualisation ... ==
    Visualized context dimensions along x: [14 27 34]
    Visualized context dimensions along y: [31 29 18]
No adaptation contexts found. Using latest found.
Saving artefacts in: ./runs/241208-132002/adapt/artefacts_4_5.png
No artists with labels found to put in legend.  Note that artists whose label start with an underscore are ignored when legend() is called with no argument.
No artists with labels found to put in legend.  Note that artists whose label start with an underscore are ignored when legend() is called with no argument.
No artists with labels found to put in legend.  Note that artists whose label start with an underscore are ignored when legend() is called with no argument.

==  Begining out-of-distribution dynamics visualisation ... ==
    Trajectory id: 0
    Visualized dimensions: (0, 1)
WARNING: No specific adaptation contexts found. Using latest found.
Testing finished. Figure saved in: ./runs/241208-132002/adapt/dynamics_ood_4_5.png

==  Begining context clusters visualisation with t-SNE ... ==
    Visualising the parameters (either vectors or function weights)
    Visualising predictions from the contexts (reconstituted as functions)
WARNING: No context utilities found, meaning inf dim context are not used. Using randoms.
Saving context clusters in: ./runs/241208-132002/adapt/context_clusters.png
