
############# Contextual Self-Modulation #############

Jax version: 0.4.35
Available devices: [CudaDevice(id=0)]
Created a new run folder at: ./runs/250102-133221/
Completed copied scripts 
Created a new adaptation folder at: ./runs/250102-133221/adapt/
Created a new checkpoints folder at: ./runs/250102-133221/checkpoints/
Created a new data folder at: ./runs/250102-133221/data/
Copied the data generation scripts
Shapes of data and t_eval: (20, 4, 25, 2) (20, 25)

Using 5 environments to estimate the global training loss function ...


Total number of parameters in the model: 33917
Total number of parameters in one context: 64

Loading model and results from ./runs/250102-133221/ folder ...

WARNING: No training history found at all. Using tens.
WARNING: No validation history found at all. Using ten.
WARNING: No optimiser state found in the provided path.
No checkpoints or error when attempting to load training configs - '[Errno 2] No such file or directory: 'runs/250102-133221/model.eqx'' - Starting from scratch ...


=== Beginning Meta-Training ... ===
    Number of examples in a batch along envs: 20
    Maximum number of batches (along envs): 1
    Total number of epochs: 1
    Number of outer minimizations: 2000
    Maximum numbers of inner steps per outer minimizations: (25, 25)
    Training on 1 batches
    Validating on 1 batches
     ### Compiling function "train_step" for the model ...  
     ### Compiling function "train_step" for the contexts ...  
✔️ Gating k-means converged after 3 iterations
✔️ Gating k-means converged after 2 iterations
✔️ Gating k-means converged after 3 iterations
✔️ Gating k-means converged after 2 iterations
✔️ Gating k-means converged after 2 iterations
✔️ Gating k-means converged after 2 iterations
✔️ Gating k-means converged after 3 iterations
✔️ Gating k-means converged after 2 iterations
✔️ Gating k-means converged after 3 iterations
✔️ Gating k-means converged after 2 iterations
✔️ Gating k-means converged after 2 iterations
✔️ Gating k-means converged after 3 iterations
✔️ Gating k-means converged after 2 iterations
✔️ Gating k-means converged after 2 iterations
✔️ Gating k-means converged after 2 iterations
✔️ Gating k-means converged after 2 iterations
✔️ Gating k-means converged after 2 iterations
✔️ Gating k-means converged after 2 iterations
✔️ Gating k-means converged after 2 iterations
✔️ Gating k-means converged after 4 iterations
✔️ Gating k-means converged after 2 iterations
✔️ Gating k-means converged after 2 iterations
✔️ Gating k-means converged after 2 iterations
✔️ Gating k-means converged after 2 iterations
✔️ Gating k-means converged after 4 iterations
13:35:31      Epoch:   0      Batch:   0      OuterStep:   0      LossModel: 0.89361995     LossTerm2: 0.00413132     LossGates: 0.00000000      Time/Step(s): 185.4250Contributing envs to the losses:  [16 19 17 18  1]
Gate kernel values: 
 [[ -87.10999     249.16037    -107.89604     270.7976    ]
 [ -15.031993    -74.2513        6.2307143    37.192352  ]
 [  23.89517    -138.56613     107.22404      61.876602  ]
 [  66.77601     123.9866       31.871426     -3.5943677 ]
 [  19.408487    310.6791       27.163736    -11.779286  ]
 [  48.70084     155.56485      70.22803      37.64071   ]
 [  11.247132    -89.29803      17.967873    138.05185   ]
 [  32.912106    -38.887638     22.634853   -145.95667   ]
 [   0.05549531   34.138783    -17.370506    -89.03304   ]
 [ -10.676793    114.087265     -9.418387    116.6642    ]
 [ -20.657385    -42.087738      6.24239      -2.2252536 ]
 [-100.75124     -81.71012     -58.32978      81.35579   ]
 [  85.45174     -64.48232     101.50002      -5.6413503 ]
 [  25.262053    -99.31527      63.70254       5.8006406 ]
 [ -12.06663     -72.92797      19.812466     58.795933  ]
 [  44.39628     192.33308      19.334692     95.14609   ]
 [ -58.107147   -127.24005       4.7896767   110.76661   ]
 [-165.83672    -144.79079    -117.8806       90.706436  ]
 [-137.24374    -374.87012     -10.711841    -40.57701   ]
 [-121.92666    -282.7029      -65.49285     -42.16226   ]
 [  -8.554135     10.933064    -11.626654     93.995224  ]
 [ -12.523787   -200.85625      21.404793     51.0816    ]
 [  69.18749     254.45189      24.796429    -15.935039  ]
 [   5.091756     38.78047     -18.206099     -6.2795935 ]
 [ -29.260403     41.80544     -26.103281    -30.017368  ]
 [ -43.84572      14.970848      3.7433531   191.25583   ]
 [  19.456379    -82.75426      35.646255     59.19082   ]
 [ -18.197727    -61.615543    -14.249342    -47.026936  ]
 [-189.30098    -143.64084    -160.61333     -27.352594  ]
 [  52.89004     280.0948       19.06354     108.30013   ]
 [ -92.47121    -295.05963     -28.043266      3.4395492 ]
 [  38.53901    -142.55751      43.31474    -129.00143   ]
 [  66.35429      83.60087      35.786587    -65.90814   ]
 [   9.985544     23.365505     24.734163     62.050705  ]
 [   1.6078618  -193.44368      41.234364     18.459751  ]
 [  37.82941     189.90427      13.76762      30.056631  ]
 [  43.35107     229.12889     -28.561567    -15.816312  ]
 [  35.968834    151.02802      25.617577    -27.14911   ]
 [ -20.381882   -272.496        12.0916395   -31.852724  ]
 [ -34.936523   -108.72324      -3.7902336   -37.491493  ]
 [-110.58508    -239.56267     -50.309975    -12.073979  ]
 [ -33.118744    -48.516495     28.933922     96.850296  ]
 [  37.097366    -22.146795     58.914604    -33.643852  ]
 [ -19.945498     47.583973    -50.413002    -81.60423   ]
 [  27.336416     91.729805     47.135715    140.62569   ]
 [  85.41139       7.503223     33.795544   -183.85603   ]
 [ -38.152374     48.10951     -42.46565      67.505684  ]
 [  25.379906    273.69266     -54.820812     19.156431  ]
 [  71.92765     -10.344105      6.979005   -185.65189   ]
 [ 111.38814      24.324984    123.14309     -19.295462  ]
 [  -5.3934813    33.57138     -20.18158     -21.939835  ]
 [  10.009606     44.47908      17.336418     27.962303  ]
 [  30.86306      72.984085     26.827623    -44.39347   ]
 [  19.814337    -77.36345      18.7543      -52.73038   ]
 [  51.861225   -269.47525      52.333523   -200.2808    ]
 [ 352.25293      68.75147     302.74588      58.2356    ]
 [  47.761086     69.55216      17.423018    -28.943968  ]
 [  -0.56790906   -4.263368     29.539457      2.2069435 ]
 [ -48.446377   -198.68811       1.1943443   -29.911644  ]
 [ 176.01352     104.89931      78.5805     -274.13943   ]
 [ -64.59334      21.235458    -27.127428    103.25018   ]
 [  73.01461     -40.38242      75.422745    -31.423597  ]
 [ -57.773037    123.45542     -25.273924     24.446337  ]
 [ -37.96658    -110.68519     -28.973831      8.081356  ]]
The factor: how much of the new gate kernel do I used ? [0.001]
Gate values for each environment (all envs): 
 [[0.48973143 0.16333675 0.18350464 0.16342722]
 [0.17393135 0.16934812 0.47763592 0.1790846 ]
 [0.17842206 0.16005254 0.1877829  0.4737424 ]
 [0.1880897  0.17769459 0.1823095  0.4519063 ]
 [0.19471334 0.17134611 0.18883055 0.44511005]
 [0.181744   0.16416375 0.18001218 0.47408015]
 [0.18263942 0.42096066 0.19105995 0.20533994]
 [0.19610113 0.42067805 0.20425835 0.1789625 ]
 [0.18173859 0.20772423 0.17105906 0.43947807]
 [0.1801935  0.43036634 0.19494657 0.19449356]
 [0.48378626 0.14891689 0.18296185 0.18433489]
 [0.45726347 0.17492661 0.17788859 0.1899213 ]
 [0.1690479  0.528377   0.15536438 0.14721072]
 [0.4479071  0.18927474 0.16795304 0.19486523]
 [0.17566846 0.5134231  0.1651533  0.14575513]
 [0.18325385 0.19161852 0.17791374 0.44721383]
 [0.1673946  0.1967941  0.44083923 0.19497202]
 [0.173093   0.1838963  0.46200907 0.1810016 ]
 [0.1755706  0.18439567 0.47006932 0.16996439]
 [0.16572955 0.17391697 0.4754486  0.18490486]]
✔️ Gating k-means converged after 2 iterations
✔️ Gating k-means converged after 2 iterations
✔️ Gating k-means converged after 2 iterations
✔️ Gating k-means converged after 2 iterations
✔️ Gating k-means converged after 2 iterations
✔️ Gating k-means converged after 2 iterations
✔️ Gating k-means converged after 2 iterations
✔️ Gating k-means converged after 2 iterations
✔️ Gating k-means converged after 3 iterations
✔️ Gating k-means converged after 2 iterations
✔️ Gating k-means converged after 2 iterations
✔️ Gating k-means converged after 2 iterations
✔️ Gating k-means converged after 2 iterations
✔️ Gating k-means converged after 4 iterations
✔️ Gating k-means converged after 2 iterations
✔️ Gating k-means converged after 2 iterations
✔️ Gating k-means converged after 2 iterations
✔️ Gating k-means converged after 2 iterations
✔️ Gating k-means converged after 2 iterations
✔️ Gating k-means converged after 2 iterations
✔️ Gating k-means converged after 2 iterations
✔️ Gating k-means converged after 2 iterations
✔️ Gating k-means converged after 2 iterations
✔️ Gating k-means converged after 2 iterations
✔️ Gating k-means converged after 2 iterations
✔️ Gating k-means converged after 2 iterations
✔️ Gating k-means converged after 3 iterations
✔️ Gating k-means converged after 2 iterations
✔️ Gating k-means converged after 2 iterations
✔️ Gating k-means converged after 2 iterations
✔️ Gating k-means converged after 2 iterations
✔️ Gating k-means converged after 2 iterations
✔️ Gating k-means converged after 2 iterations
✔️ Gating k-means converged after 2 iterations
✔️ Gating k-means converged after 2 iterations
✔️ Gating k-means converged after 2 iterations
✔️ Gating k-means converged after 2 iterations
✔️ Gating k-means converged after 2 iterations
✔️ Gating k-means converged after 2 iterations
✔️ Gating k-means converged after 2 iterations
✔️ Gating k-means converged after 2 iterations
✔️ Gating k-means converged after 2 iterations
✔️ Gating k-means converged after 2 iterations
✔️ Gating k-means converged after 2 iterations
✔️ Gating k-means converged after 2 iterations
✔️ Gating k-means converged after 2 iterations
✔️ Gating k-means converged after 2 iterations
✔️ Gating k-means converged after 2 iterations
✔️ Gating k-means converged after 2 iterations
✔️ Gating k-means converged after 2 iterations
✔️ Gating k-means converged after 2 iterations
✔️ Gating k-means converged after 2 iterations
✔️ Gating k-means converged after 2 iterations
✔️ Gating k-means converged after 2 iterations
✔️ Gating k-means converged after 2 iterations
✔️ Gating k-means converged after 2 iterations
✔️ Gating k-means converged after 2 iterations
✔️ Gating k-means converged after 2 iterations
✔️ Gating k-means converged after 2 iterations
✔️ Gating k-means converged after 2 iterations
✔️ Gating k-means converged after 2 iterations
✔️ Gating k-means converged after 2 iterations
✔️ Gating k-means converged after 2 iterations
✔️ Gating k-means converged after 2 iterations
✔️ Gating k-means converged after 2 iterations
✔️ Gating k-means converged after 2 iterations
✔️ Gating k-means converged after 2 iterations
✔️ Gating k-means converged after 3 iterations
✔️ Gating k-means converged after 2 iterations
✔️ Gating k-means converged after 2 iterations
✔️ Gating k-means converged after 2 iterations
✔️ Gating k-means converged after 2 iterations
✔️ Gating k-means converged after 2 iterations
✔️ Gating k-means converged after 2 iterations
✔️ Gating k-means converged after 2 iterations
✔️ Gating k-means converged after 2 iterations
✔️ Gating k-means converged after 2 iterations
✔️ Gating k-means converged after 2 iterations
✔️ Gating k-means converged after 2 iterations
✔️ Gating k-means converged after 2 iterations
✔️ Gating k-means converged after 7 iterations
✔️ Gating k-means converged after 2 iterations
✔️ Gating k-means converged after 2 iterations
✔️ Gating k-means converged after 2 iterations
✔️ Gating k-means converged after 2 iterations
✔️ Gating k-means converged after 2 iterations
✔️ Gating k-means converged after 2 iterations
✔️ Gating k-means converged after 2 iterations
✔️ Gating k-means converged after 2 iterations
✔️ Gating k-means converged after 2 iterations
✔️ Gating k-means converged after 2 iterations
✔️ Gating k-means converged after 2 iterations
✔️ Gating k-means converged after 2 iterations
✔️ Gating k-means converged after 2 iterations
✔️ Gating k-means converged after 2 iterations
✔️ Gating k-means converged after 2 iterations
✔️ Gating k-means converged after 2 iterations
✔️ Gating k-means converged after 2 iterations
✔️ Gating k-means converged after 2 iterations
✔️ Gating k-means converged after 2 iterations
✔️ Gating k-means converged after 2 iterations
✔️ Gating k-means converged after 2 iterations
✔️ Gating k-means converged after 2 iterations
✔️ Gating k-means converged after 2 iterations
✔️ Gating k-means converged after 2 iterations
✔️ Gating k-means converged after 2 iterations
✔️ Gating k-means converged after 2 iterations
✔️ Gating k-means converged after 3 iterations
✔️ Gating k-means converged after 2 iterations
✔️ Gating k-means converged after 2 iterations
✔️ Gating k-means converged after 2 iterations
✔️ Gating k-means converged after 2 iterations
✔️ Gating k-means converged after 2 iterations
✔️ Gating k-means converged after 2 iterations
✔️ Gating k-means converged after 3 iterations
✔️ Gating k-means converged after 2 iterations
✔️ Gating k-means converged after 2 iterations
✔️ Gating k-means converged after 2 iterations
✔️ Gating k-means converged after 2 iterations
✔️ Gating k-means converged after 2 iterations
✔️ Gating k-means converged after 2 iterations
✔️ Gating k-means converged after 2 iterations
✔️ Gating k-means converged after 2 iterations
✔️ Gating k-means converged after 2 iterations
✔️ Gating k-means converged after 2 iterations
✔️ Gating k-means converged after 2 iterations
✔️ Gating k-means converged after 2 iterations
✔️ Gating k-means converged after 2 iterations
✔️ Gating k-means converged after 2 iterations
✔️ Gating k-means converged after 2 iterations
✔️ Gating k-means converged after 2 iterations
✔️ Gating k-means converged after 2 iterations
✔️ Gating k-means converged after 2 iterations
✔️ Gating k-means converged after 3 iterations
✔️ Gating k-means converged after 2 iterations
✔️ Gating k-means converged after 2 iterations
✔️ Gating k-means converged after 2 iterations
✔️ Gating k-means converged after 2 iterations
✔️ Gating k-means converged after 2 iterations
✔️ Gating k-means converged after 2 iterations
✔️ Gating k-means converged after 2 iterations
✔️ Gating k-means converged after 2 iterations
✔️ Gating k-means converged after 2 iterations
✔️ Gating k-means converged after 2 iterations
✔️ Gating k-means converged after 2 iterations
✔️ Gating k-means converged after 2 iterations
✔️ Gating k-means converged after 2 iterations
✔️ Gating k-means converged after 2 iterations
✔️ Gating k-means converged after 2 iterations
✔️ Gating k-means converged after 2 iterations
✔️ Gating k-means converged after 2 iterations
✔️ Gating k-means converged after 2 iterations
✔️ Gating k-means converged after 2 iterations
✔️ Gating k-means converged after 2 iterations
✔️ Gating k-means converged after 2 iterations
✔️ Gating k-means converged after 2 iterations
✔️ Gating k-means converged after 2 iterations
✔️ Gating k-means converged after 2 iterations
✔️ Gating k-means converged after 2 iterations
✔️ Gating k-means converged after 2 iterations
✔️ Gating k-means converged after 3 iterations
✔️ Gating k-means converged after 2 iterations
✔️ Gating k-means converged after 2 iterations
✔️ Gating k-means converged after 2 iterations
✔️ Gating k-means converged after 2 iterations
✔️ Gating k-means converged after 2 iterations
✔️ Gating k-means converged after 2 iterations
✔️ Gating k-means converged after 2 iterations
✔️ Gating k-means converged after 2 iterations
✔️ Gating k-means converged after 2 iterations
✔️ Gating k-means converged after 2 iterations
✔️ Gating k-means converged after 2 iterations
✔️ Gating k-means converged after 2 iterations
✔️ Gating k-means converged after 2 iterations
✔️ Gating k-means converged after 2 iterations
✔️ Gating k-means converged after 2 iterations
✔️ Gating k-means converged after 2 iterations
✔️ Gating k-means converged after 2 iterations
✔️ Gating k-means converged after 2 iterations
✔️ Gating k-means converged after 2 iterations
✔️ Gating k-means converged after 2 iterations
✔️ Gating k-means converged after 2 iterations
✔️ Gating k-means converged after 2 iterations
✔️ Gating k-means converged after 2 iterations
✔️ Gating k-means converged after 2 iterations
✔️ Gating k-means converged after 2 iterations
✔️ Gating k-means converged after 2 iterations
✔️ Gating k-means converged after 2 iterations
✔️ Gating k-means converged after 2 iterations
✔️ Gating k-means converged after 2 iterations
✔️ Gating k-means converged after 2 iterations
✔️ Gating k-means converged after 2 iterations
✔️ Gating k-means converged after 2 iterations
✔️ Gating k-means converged after 2 iterations
✔️ Gating k-means converged after 2 iterations
✔️ Gating k-means converged after 2 iterations
✔️ Gating k-means converged after 2 iterations
✔️ Gating k-means converged after 2 iterations
✔️ Gating k-means converged after 2 iterations
✔️ Gating k-means converged after 2 iterations
✔️ Gating k-means converged after 2 iterations
✔️ Gating k-means converged after 2 iterations
✔️ Gating k-means converged after 2 iterations
✔️ Gating k-means converged after 2 iterations
✔️ Gating k-means converged after 2 iterations
✔️ Gating k-means converged after 2 iterations
✔️ Gating k-means converged after 2 iterations
✔️ Gating k-means converged after 2 iterations
✔️ Gating k-means converged after 2 iterations
✔️ Gating k-means converged after 2 iterations
✔️ Gating k-means converged after 2 iterations
✔️ Gating k-means converged after 2 iterations
✔️ Gating k-means converged after 2 iterations
✔️ Gating k-means converged after 2 iterations
✔️ Gating k-means converged after 2 iterations
✔️ Gating k-means converged after 2 iterations
✔️ Gating k-means converged after 2 iterations
✔️ Gating k-means converged after 2 iterations
✔️ Gating k-means converged after 2 iterations
✔️ Gating k-means converged after 2 iterations
✔️ Gating k-means converged after 2 iterations
✔️ Gating k-means converged after 2 iterations
✔️ Gating k-means converged after 2 iterations
✔️ Gating k-means converged after 2 iterations
✔️ Gating k-means converged after 2 iterations
✔️ Gating k-means converged after 2 iterations
✔️ Gating k-means converged after 2 iterations
✔️ Gating k-means converged after 2 iterations
✔️ Gating k-means converged after 2 iterations
✔️ Gating k-means converged after 2 iterations
✔️ Gating k-means converged after 2 iterations
✔️ Gating k-means converged after 2 iterations
✔️ Gating k-means converged after 2 iterations
✔️ Gating k-means converged after 2 iterations
✔️ Gating k-means converged after 2 iterations
✔️ Gating k-means converged after 2 iterations
✔️ Gating k-means converged after 2 iterations
✔️ Gating k-means converged after 2 iterations
✔️ Gating k-means converged after 2 iterations
✔️ Gating k-means converged after 2 iterations
✔️ Gating k-means converged after 2 iterations
✔️ Gating k-means converged after 2 iterations
✔️ Gating k-means converged after 2 iterations
✔️ Gating k-means converged after 2 iterations
✔️ Gating k-means converged after 2 iterations
✔️ Gating k-means converged after 2 iterations
✔️ Gating k-means converged after 2 iterations
✔️ Gating k-means converged after 2 iterations
✔️ Gating k-means converged after 2 iterations
✔️ Gating k-means converged after 2 iterations
13:46:07      Epoch:   0      Batch:   0      OuterStep:  10      LossModel: 0.80742335     LossTerm2: 0.03420221     LossGates: 0.00000000      Time/Step(s): 66.1980Contributing envs to the losses:  [16 17 19  1  9]
Gate kernel values: 
 [[  3.2361298   15.146135     3.0088716    2.5011823 ]
 [ -2.9702032   -1.2542946   -4.5966206    0.12123841]
 [  8.855258    19.932537    -3.3990867    2.1604    ]
 [ -0.20800713  -4.8845463   -5.117868    -2.0992591 ]
 [  3.060017     7.662076    -1.4492505    1.4393817 ]
 [ -1.538189     9.449077     0.58027065   1.3247117 ]
 [  1.8913219   11.702933    -1.3017143    0.8877587 ]
 [  2.1776466    0.02591562   4.011142    -0.3640024 ]
 [  0.76580065 -13.59253     -1.5730656   -2.441572  ]
 [ -5.5137334   -3.3843048   11.848943     0.3658847 ]
 [ -8.808963   -15.462706    -3.9296706   -1.7140728 ]
 [ -0.20292506  -6.860423     2.7545152   -0.72546184]
 [  0.09036697  -2.9741333    2.2949233    0.08500095]
 [  0.6609725    7.123549    -6.330142     0.76797044]
 [  5.8284335    6.518207   -10.161282     0.49776414]
 [  2.0365915   -2.996006     3.2709608   -1.230379  ]
 [ -3.0774643   -9.17734     -0.4393847   -1.2150066 ]
 [  0.5963312    4.117077    -4.291378     0.05404544]
 [ -0.3242274    7.531011    -0.94783604   1.4629655 ]
 [  2.2577496  -11.173781    -6.7561164   -2.3425796 ]
 [  1.9900917    1.4145598   -2.4248993   -0.21512993]
 [ -3.7107713  -11.385279    -3.1869836   -1.6479881 ]
 [  2.8131235    8.086939     5.9803824    1.8119054 ]
 [ -0.7726018   10.074055    -6.4928885    2.5909944 ]
 [  1.9240048   -0.23444825  -6.244837    -1.1906993 ]
 [  5.0648694    0.84777874  -3.4400897   -0.639448  ]
 [  7.4604926   -0.45311204   4.945848    -0.34480858]
 [  1.212389    -4.6916723    5.197303     0.05062526]
 [  2.1401374   -5.144        2.1805098    0.53843325]
 [  7.788278    17.408092     8.883174     1.9926574 ]
 [  0.00205266  -9.354512    -1.8095638   -1.726536  ]
 [ -3.2531059    9.199075    -1.8127263    2.2619426 ]
 [ -1.9360484   -0.7438056    2.8222697    0.640846  ]
 [  2.5241115    2.5048306    3.7023902    0.39483783]
 [  1.472188     1.9363081   -4.4578524    0.22407933]
 [  2.6667073   10.455447     7.5653872    2.8164933 ]
 [ -1.0167025   -9.938173    -6.5528173   -2.7925744 ]
 [  2.407236   -10.705731    -2.4659722   -1.2542689 ]
 [ -1.2787633  -18.534103     3.282512    -2.5570168 ]
 [  4.5225983   17.763319     3.7542822    2.8529506 ]
 [ -7.7262163  -26.46346      8.426028    -2.5192008 ]
 [ -4.349016    15.898155    -3.7008793    4.236188  ]
 [  5.3398433    5.7845883    1.5572238    0.5357317 ]
 [ -3.1095557  -12.67276      0.2555377   -0.577841  ]
 [ -3.835856   -15.24114      6.962682    -2.583955  ]
 [ -2.0292048   -3.8422644    8.026546     1.7501558 ]
 [ -0.50514567 -10.484655     5.418502    -2.9439983 ]
 [  1.6588736   -0.70304376   3.8142421   -0.5223122 ]
 [ -0.98088026 -13.065928     3.795737    -1.6651365 ]
 [  3.61238     20.85982      3.0933034    3.589053  ]
 [ -5.97712      6.77158      2.1840646    2.2092507 ]
 [  0.9882351   -0.9748656  -10.3321905   -0.82315224]
 [  2.1853132  -24.41492     -4.456054    -4.043411  ]
 [  1.8476964    0.17863774   5.314451     0.29351717]
 [  1.6597646   15.091645   -11.156745     2.1726918 ]
 [  4.5227075   -2.6555474    0.60820013  -1.2528267 ]
 [ -0.08922999 -15.885167    -4.0444827   -2.3404162 ]
 [  0.49982786 -10.879632    -3.0455513   -2.867114  ]
 [ -0.64503455  -2.9862564    3.5350332    0.29536864]
 [  3.169231   -12.863984     7.0784717   -2.6174061 ]
 [ -1.33064     12.584871    -2.0728698    2.6382625 ]
 [ -0.21284302  -9.255036     0.28633887  -0.6909367 ]
 [ -4.218343    -0.71798414  -2.0444083   -1.018539  ]
 [  5.189661     8.757833    -0.01184786   1.485838  ]]
The factor: how much of the new gate kernel do I used ? [0.001]
Gate values for each environment (all envs): 
 [[0.17521144 0.4758374  0.174307   0.17464411]
 [0.17536101 0.4739274  0.17576584 0.17494579]
 [0.175796   0.473369   0.17524198 0.17559302]
 [0.17484644 0.4765822  0.17411548 0.17445591]
 [0.1746801  0.4755774  0.17472376 0.17501874]
 [0.17435378 0.4773795  0.17397462 0.17429206]
 [0.17536633 0.47452745 0.1750721  0.17503412]
 [0.1750144  0.17412052 0.47588378 0.17498131]
 [0.17473859 0.47758204 0.17358622 0.17409314]
 [0.17560086 0.47331306 0.17539938 0.1756867 ]
 [0.17530395 0.17498355 0.1748302  0.4748823 ]
 [0.17472413 0.47584036 0.17499182 0.17444365]
 [0.47503033 0.17512497 0.17478764 0.17505708]
 [0.17457283 0.47631148 0.17438224 0.17473345]
 [0.47559655 0.1750881  0.1743331  0.17498235]
 [0.17467144 0.47330314 0.17649011 0.17553528]
 [0.17541619 0.47216457 0.17656599 0.17585318]
 [0.17459023 0.47558364 0.17513843 0.1746877 ]
 [0.17607374 0.17536111 0.47329208 0.17527308]
 [0.17498778 0.17485689 0.47522876 0.1749266 ]]
        Validation Criterion: 0.61219978
        Saving best model so far ...
✔️ Gating k-means converged after 2 iterations
✔️ Gating k-means converged after 2 iterations
✔️ Gating k-means converged after 2 iterations
✔️ Gating k-means converged after 2 iterations
✔️ Gating k-means converged after 2 iterations
✔️ Gating k-means converged after 2 iterations
✔️ Gating k-means converged after 2 iterations
✔️ Gating k-means converged after 2 iterations
✔️ Gating k-means converged after 2 iterations
✔️ Gating k-means converged after 2 iterations
✔️ Gating k-means converged after 2 iterations
✔️ Gating k-means converged after 2 iterations
✔️ Gating k-means converged after 2 iterations
✔️ Gating k-means converged after 2 iterations
✔️ Gating k-means converged after 2 iterations
✔️ Gating k-means converged after 2 iterations
✔️ Gating k-means converged after 2 iterations
✔️ Gating k-means converged after 2 iterations
✔️ Gating k-means converged after 2 iterations
✔️ Gating k-means converged after 2 iterations
✔️ Gating k-means converged after 2 iterations
✔️ Gating k-means converged after 2 iterations
✔️ Gating k-means converged after 2 iterations
✔️ Gating k-means converged after 2 iterations
✔️ Gating k-means converged after 2 iterations
✔️ Gating k-means converged after 2 iterations
✔️ Gating k-means converged after 2 iterations
✔️ Gating k-means converged after 2 iterations
✔️ Gating k-means converged after 2 iterations
✔️ Gating k-means converged after 2 iterations
✔️ Gating k-means converged after 2 iterations
✔️ Gating k-means converged after 2 iterations
✔️ Gating k-means converged after 2 iterations
✔️ Gating k-means converged after 2 iterations
✔️ Gating k-means converged after 2 iterations
✔️ Gating k-means converged after 2 iterations
✔️ Gating k-means converged after 2 iterations
✔️ Gating k-means converged after 2 iterations
✔️ Gating k-means converged after 2 iterations
✔️ Gating k-means converged after 2 iterations
✔️ Gating k-means converged after 2 iterations
✔️ Gating k-means converged after 2 iterations
✔️ Gating k-means converged after 2 iterations
✔️ Gating k-means converged after 2 iterations
✔️ Gating k-means converged after 2 iterations
✔️ Gating k-means converged after 2 iterations
✔️ Gating k-means converged after 2 iterations
✔️ Gating k-means converged after 2 iterations
✔️ Gating k-means converged after 4 iterations
✔️ Gating k-means converged after 2 iterations
✔️ Gating k-means converged after 2 iterations
✔️ Gating k-means converged after 2 iterations
✔️ Gating k-means converged after 2 iterations
✔️ Gating k-means converged after 2 iterations
✔️ Gating k-means converged after 2 iterations
✔️ Gating k-means converged after 2 iterations
✔️ Gating k-means converged after 2 iterations
✔️ Gating k-means converged after 2 iterations
✔️ Gating k-means converged after 2 iterations
✔️ Gating k-means converged after 2 iterations
✔️ Gating k-means converged after 2 iterations
✔️ Gating k-means converged after 2 iterations
✔️ Gating k-means converged after 2 iterations
✔️ Gating k-means converged after 2 iterations
✔️ Gating k-means converged after 2 iterations
✔️ Gating k-means converged after 2 iterations
✔️ Gating k-means converged after 2 iterations
✔️ Gating k-means converged after 2 iterations
✔️ Gating k-means converged after 2 iterations
✔️ Gating k-means converged after 2 iterations
✔️ Gating k-means converged after 2 iterations
✔️ Gating k-means converged after 2 iterations
✔️ Gating k-means converged after 2 iterations
✔️ Gating k-means converged after 2 iterations
✔️ Gating k-means converged after 2 iterations
✔️ Gating k-means converged after 2 iterations
✔️ Gating k-means converged after 2 iterations
✔️ Gating k-means converged after 2 iterations
✔️ Gating k-means converged after 2 iterations
✔️ Gating k-means converged after 2 iterations
✔️ Gating k-means converged after 2 iterations
✔️ Gating k-means converged after 2 iterations
✔️ Gating k-means converged after 2 iterations
✔️ Gating k-means converged after 2 iterations
✔️ Gating k-means converged after 2 iterations
✔️ Gating k-means converged after 2 iterations
✔️ Gating k-means converged after 2 iterations
✔️ Gating k-means converged after 2 iterations
✔️ Gating k-means converged after 2 iterations
✔️ Gating k-means converged after 2 iterations
✔️ Gating k-means converged after 2 iterations
✔️ Gating k-means converged after 2 iterations
✔️ Gating k-means converged after 2 iterations
✔️ Gating k-means converged after 2 iterations
✔️ Gating k-means converged after 2 iterations
✔️ Gating k-means converged after 2 iterations
✔️ Gating k-means converged after 2 iterations
✔️ Gating k-means converged after 2 iterations
✔️ Gating k-means converged after 2 iterations
✔️ Gating k-means converged after 2 iterations
✔️ Gating k-means converged after 2 iterations
✔️ Gating k-means converged after 2 iterations
✔️ Gating k-means converged after 2 iterations
✔️ Gating k-means converged after 2 iterations
✔️ Gating k-means converged after 2 iterations
✔️ Gating k-means converged after 2 iterations
✔️ Gating k-means converged after 2 iterations
✔️ Gating k-means converged after 2 iterations
✔️ Gating k-means converged after 2 iterations
✔️ Gating k-means converged after 2 iterations
✔️ Gating k-means converged after 2 iterations
✔️ Gating k-means converged after 5 iterations
✔️ Gating k-means converged after 2 iterations
✔️ Gating k-means converged after 2 iterations
✔️ Gating k-means converged after 2 iterations
✔️ Gating k-means converged after 2 iterations
✔️ Gating k-means converged after 2 iterations
✔️ Gating k-means converged after 2 iterations
✔️ Gating k-means converged after 2 iterations
✔️ Gating k-means converged after 2 iterations
✔️ Gating k-means converged after 2 iterations
✔️ Gating k-means converged after 2 iterations
✔️ Gating k-means converged after 2 iterations
✔️ Gating k-means converged after 2 iterations
✔️ Gating k-means converged after 2 iterations
✔️ Gating k-means converged after 2 iterations
✔️ Gating k-means converged after 2 iterations
✔️ Gating k-means converged after 2 iterations
✔️ Gating k-means converged after 2 iterations
✔️ Gating k-means converged after 2 iterations
✔️ Gating k-means converged after 2 iterations
✔️ Gating k-means converged after 2 iterations
✔️ Gating k-means converged after 2 iterations
✔️ Gating k-means converged after 2 iterations
✔️ Gating k-means converged after 2 iterations
✔️ Gating k-means converged after 2 iterations
✔️ Gating k-means converged after 2 iterations
✔️ Gating k-means converged after 2 iterations
✔️ Gating k-means converged after 2 iterations
✔️ Gating k-means converged after 2 iterations
✔️ Gating k-means converged after 2 iterations
✔️ Gating k-means converged after 2 iterations
✔️ Gating k-means converged after 2 iterations
✔️ Gating k-means converged after 2 iterations
✔️ Gating k-means converged after 2 iterations
✔️ Gating k-means converged after 2 iterations
✔️ Gating k-means converged after 2 iterations
✔️ Gating k-means converged after 2 iterations
✔️ Gating k-means converged after 2 iterations
✔️ Gating k-means converged after 2 iterations
✔️ Gating k-means converged after 2 iterations
✔️ Gating k-means converged after 2 iterations
✔️ Gating k-means converged after 2 iterations
✔️ Gating k-means converged after 2 iterations
✔️ Gating k-means converged after 2 iterations
✔️ Gating k-means converged after 2 iterations
✔️ Gating k-means converged after 2 iterations
✔️ Gating k-means converged after 2 iterations
✔️ Gating k-means converged after 2 iterations
✔️ Gating k-means converged after 2 iterations
✔️ Gating k-means converged after 2 iterations
✔️ Gating k-means converged after 2 iterations
✔️ Gating k-means converged after 2 iterations
✔️ Gating k-means converged after 2 iterations
✔️ Gating k-means converged after 2 iterations
✔️ Gating k-means converged after 2 iterations
✔️ Gating k-means converged after 2 iterations
✔️ Gating k-means converged after 2 iterations
✔️ Gating k-means converged after 2 iterations
✔️ Gating k-means converged after 2 iterations
✔️ Gating k-means converged after 2 iterations
✔️ Gating k-means converged after 2 iterations
✔️ Gating k-means converged after 2 iterations
✔️ Gating k-means converged after 2 iterations
✔️ Gating k-means converged after 2 iterations
✔️ Gating k-means converged after 2 iterations
✔️ Gating k-means converged after 2 iterations
✔️ Gating k-means converged after 2 iterations
✔️ Gating k-means converged after 2 iterations
✔️ Gating k-means converged after 2 iterations
✔️ Gating k-means converged after 2 iterations
✔️ Gating k-means converged after 2 iterations
✔️ Gating k-means converged after 2 iterations
✔️ Gating k-means converged after 2 iterations
✔️ Gating k-means converged after 2 iterations
✔️ Gating k-means converged after 2 iterations
✔️ Gating k-means converged after 2 iterations
✔️ Gating k-means converged after 2 iterations
✔️ Gating k-means converged after 2 iterations
✔️ Gating k-means converged after 2 iterations
✔️ Gating k-means converged after 2 iterations
✔️ Gating k-means converged after 2 iterations
✔️ Gating k-means converged after 2 iterations
✔️ Gating k-means converged after 2 iterations
✔️ Gating k-means converged after 2 iterations
✔️ Gating k-means converged after 2 iterations
✔️ Gating k-means converged after 2 iterations
✔️ Gating k-means converged after 2 iterations
✔️ Gating k-means converged after 2 iterations
✔️ Gating k-means converged after 2 iterations
✔️ Gating k-means converged after 2 iterations
✔️ Gating k-means converged after 2 iterations
✔️ Gating k-means converged after 2 iterations
✔️ Gating k-means converged after 2 iterations
✔️ Gating k-means converged after 2 iterations
✔️ Gating k-means converged after 2 iterations
✔️ Gating k-means converged after 2 iterations
✔️ Gating k-means converged after 2 iterations
✔️ Gating k-means converged after 2 iterations
✔️ Gating k-means converged after 2 iterations
✔️ Gating k-means converged after 2 iterations
✔️ Gating k-means converged after 2 iterations
✔️ Gating k-means converged after 2 iterations
✔️ Gating k-means converged after 2 iterations
✔️ Gating k-means converged after 2 iterations
✔️ Gating k-means converged after 2 iterations
✔️ Gating k-means converged after 2 iterations
✔️ Gating k-means converged after 2 iterations
✔️ Gating k-means converged after 2 iterations
✔️ Gating k-means converged after 2 iterations
✔️ Gating k-means converged after 2 iterations
✔️ Gating k-means converged after 2 iterations
✔️ Gating k-means converged after 2 iterations
✔️ Gating k-means converged after 2 iterations
✔️ Gating k-means converged after 2 iterations
✔️ Gating k-means converged after 2 iterations
✔️ Gating k-means converged after 2 iterations
✔️ Gating k-means converged after 2 iterations
✔️ Gating k-means converged after 2 iterations
✔️ Gating k-means converged after 2 iterations
✔️ Gating k-means converged after 2 iterations
✔️ Gating k-means converged after 2 iterations
✔️ Gating k-means converged after 2 iterations
✔️ Gating k-means converged after 2 iterations
✔️ Gating k-means converged after 2 iterations
✔️ Gating k-means converged after 2 iterations
✔️ Gating k-means converged after 2 iterations
✔️ Gating k-means converged after 2 iterations
✔️ Gating k-means converged after 2 iterations
✔️ Gating k-means converged after 2 iterations
✔️ Gating k-means converged after 2 iterations
✔️ Gating k-means converged after 2 iterations
✔️ Gating k-means converged after 2 iterations
✔️ Gating k-means converged after 2 iterations
✔️ Gating k-means converged after 2 iterations
✔️ Gating k-means converged after 3 iterations
✔️ Gating k-means converged after 2 iterations
✔️ Gating k-means converged after 2 iterations
✔️ Gating k-means converged after 2 iterations
✔️ Gating k-means converged after 2 iterations
13:57:47      Epoch:   0      Batch:   0      OuterStep:  20      LossModel: 0.33024344     LossTerm2: 0.05309853     LossGates: 0.00000000      Time/Step(s): 85.1900Contributing envs to the losses:  [17  1  2 16  9]
Gate kernel values: 
 [[  2.7238483    3.2520258    0.4080255    1.4343513 ]
 [ -4.1957197   -6.8130016   -5.4232483   -0.73250693]
 [  7.746787     4.641435     1.1392525   -0.01970282]
 [ -6.6505046   -1.9774806    3.518628    -2.2824516 ]
 [ -4.624664     0.4762732    1.3727766   -0.555901  ]
 [  6.298898     0.8749327   -0.2797197   -0.29682153]
 [  8.92104      2.9933503   -3.6419566    2.1806672 ]
 [ -4.5931816    0.07480571   1.5165738   -1.1273942 ]
 [ -3.5078945   -3.9905913    2.2060523   -2.0242672 ]
 [ -6.7997932   -0.19360603   3.1613305   -1.1549199 ]
 [ -0.4067388   -1.7852153   -4.3493285    0.78940016]
 [ -9.601963    -3.9455943    1.9540381   -3.057559  ]
 [  0.10113981   2.8376517    0.49088952   2.5542667 ]
 [ -0.45460212   1.3466029    5.7813416   -0.65786475]
 [  3.1139088   -2.8876536   -4.8358717    1.2991332 ]
 [  5.260176     0.4799841   -3.6763792    1.0526627 ]
 [ -1.3651721   -4.658637    -9.154385     1.3964955 ]
 [ -3.187356    -3.9729733   -1.2184285   -1.5173546 ]
 [  8.412313     3.9560642   -3.295048     2.5982955 ]
 [ -0.36914274   0.3263      -0.8587292    1.1676651 ]
 [  2.765041     0.20859692   1.6124336    0.86803085]
 [  2.5354962   -3.7801437   -5.5286093    0.8932769 ]
 [ -3.796376    -2.0271804    1.4858317   -2.14682   ]
 [ -1.3550664   -1.4804949   -0.05975356  -1.6080797 ]
 [-10.806836    -7.4042478    1.5520214   -2.6457186 ]
 [ 21.053759     9.236317     5.553712     3.943807  ]
 [ -9.739239     1.1866539    4.900162    -3.0153394 ]
 [ -4.803829    -2.7076974    6.2849154   -2.6131709 ]
 [ -0.48932725  -3.033386     0.5693168   -0.5576609 ]
 [-13.583639     6.451596     3.0947862   -0.3734156 ]
 [  1.0442567    0.6616809    0.43219596  -1.3814743 ]
 [  0.8422977   -0.00386582  -3.6260693    1.2948772 ]
 [  5.1117597    1.4936748    0.00538432   2.5690367 ]
 [ -2.2504535   -1.2853428    0.28096634  -0.4840418 ]
 [  2.7687669    1.730768     2.423296    -0.251724  ]
 [ -1.4385835    0.63918847   5.866655    -1.0134104 ]
 [  0.0569168    1.1090176   -1.6307576   -0.3086059 ]
 [  0.55000144  -0.4374666    0.26692253   0.54582644]
 [ -4.3916254    0.30063525  -1.088725     0.6078948 ]
 [  0.5419437    2.6939616    1.9354366    0.74568945]
 [ -1.0558342   -1.9798199   -0.88026863   0.48393047]
 [ -3.939986     3.4673345   -1.026804     3.723471  ]
 [ 11.825195     8.248333     0.05708654   1.6109934 ]
 [ -4.9718304    3.7383842    4.405858     0.30306894]
 [ -3.2190452   -3.0496454    2.482035    -2.5818765 ]
 [  5.0144386   -0.20985195   4.906167    -0.15575658]
 [ -5.8606462   -9.413211    -2.2407615   -2.6749055 ]
 [  3.2329895    4.4145927   -2.072618     2.5960069 ]
 [  0.7098705    1.0166059    1.5639029    0.55803025]
 [  4.828032     4.154941     0.10576796   1.5240879 ]
 [  3.5757992    1.5211443   -4.2737503    2.8519065 ]
 [  6.261835    -1.0977111   -6.5794744    2.1558738 ]
 [-14.333332    -9.535362    -0.25199303  -4.2190046 ]
 [ -4.278783     1.029169     1.1743778   -0.88958627]
 [  9.948012     7.670833    -1.141623     2.7755468 ]
 [ 11.306497     7.3795404   -3.484199     3.5017743 ]
 [ -4.454424    -3.4375484    1.4597518   -0.8875127 ]
 [  2.7830164   -0.04998852  -1.3751805   -0.28091457]
 [ -8.927755    -2.9132023    1.4648039   -0.3876666 ]
 [  6.397421     3.4516938    3.5284736    2.2559643 ]
 [  5.1386256   -3.3177807    2.6451344    0.79007584]
 [ -2.3765416   -0.9535283    0.7898592   -0.5737949 ]
 [ -2.1690621    3.2940345    2.1311855   -1.1062893 ]
 [  6.183106     8.415153     2.677692     3.0375562 ]]
The factor: how much of the new gate kernel do I used ? [0.001]
Gate values for each environment (all envs): 
 [[0.47560734 0.17492896 0.17487358 0.17459019]
 [0.17543301 0.47523108 0.1745802  0.17475566]
 [0.17568564 0.47510457 0.1740987  0.17511109]
 [0.47381595 0.17539291 0.17536737 0.17542376]
 [0.17470077 0.47619948 0.17435975 0.17474006]
 [0.17557064 0.47592887 0.17387576 0.17462476]
 [0.17440191 0.4754546  0.1748952  0.17524834]
 [0.17518157 0.1742435  0.4759333  0.1746417 ]
 [0.17512898 0.47426414 0.17538615 0.17522068]
 [0.17564644 0.47494683 0.1746673  0.17473942]
 [0.1756726  0.17541246 0.17463161 0.47428325]
 [0.47516993 0.17501405 0.17495012 0.17486592]
 [0.17481172 0.17460309 0.47596765 0.1746175 ]
 [0.47445148 0.17459846 0.17567946 0.17527056]
 [0.1756157  0.17439272 0.4750727  0.17491892]
 [0.47667173 0.1744807  0.17411907 0.17472854]
 [0.4732689  0.17547716 0.17535098 0.17590302]
 [0.17482229 0.47524524 0.17486651 0.17506596]
 [0.17392226 0.17419164 0.47718677 0.17469937]
 [0.17555644 0.17478478 0.47415462 0.17550415]]
        Validation Criterion: 1.76174796
✔️ Gating k-means converged after 2 iterations
✔️ Gating k-means converged after 2 iterations
✔️ Gating k-means converged after 2 iterations
✔️ Gating k-means converged after 2 iterations
✔️ Gating k-means converged after 2 iterations
✔️ Gating k-means converged after 2 iterations
✔️ Gating k-means converged after 2 iterations
✔️ Gating k-means converged after 2 iterations
✔️ Gating k-means converged after 2 iterations
✔️ Gating k-means converged after 2 iterations
✔️ Gating k-means converged after 2 iterations
✔️ Gating k-means converged after 2 iterations
✔️ Gating k-means converged after 2 iterations
✔️ Gating k-means converged after 2 iterations
✔️ Gating k-means converged after 2 iterations
✔️ Gating k-means converged after 2 iterations
✔️ Gating k-means converged after 2 iterations
✔️ Gating k-means converged after 2 iterations
✔️ Gating k-means converged after 2 iterations
✔️ Gating k-means converged after 2 iterations
✔️ Gating k-means converged after 2 iterations
✔️ Gating k-means converged after 2 iterations
✔️ Gating k-means converged after 2 iterations
✔️ Gating k-means converged after 2 iterations
✔️ Gating k-means converged after 2 iterations
✔️ Gating k-means converged after 2 iterations
✔️ Gating k-means converged after 2 iterations
✔️ Gating k-means converged after 2 iterations
✔️ Gating k-means converged after 2 iterations
✔️ Gating k-means converged after 2 iterations
✔️ Gating k-means converged after 2 iterations
✔️ Gating k-means converged after 2 iterations
✔️ Gating k-means converged after 2 iterations
✔️ Gating k-means converged after 2 iterations
✔️ Gating k-means converged after 2 iterations
✔️ Gating k-means converged after 2 iterations
✔️ Gating k-means converged after 2 iterations
✔️ Gating k-means converged after 2 iterations
✔️ Gating k-means converged after 2 iterations
✔️ Gating k-means converged after 2 iterations
✔️ Gating k-means converged after 2 iterations
✔️ Gating k-means converged after 2 iterations
✔️ Gating k-means converged after 2 iterations
✔️ Gating k-means converged after 2 iterations
✔️ Gating k-means converged after 2 iterations
✔️ Gating k-means converged after 2 iterations
✔️ Gating k-means converged after 2 iterations
✔️ Gating k-means converged after 2 iterations
✔️ Gating k-means converged after 2 iterations
✔️ Gating k-means converged after 2 iterations
✔️ Gating k-means converged after 2 iterations
✔️ Gating k-means converged after 2 iterations
✔️ Gating k-means converged after 2 iterations
✔️ Gating k-means converged after 2 iterations
✔️ Gating k-means converged after 3 iterations
✔️ Gating k-means converged after 2 iterations
✔️ Gating k-means converged after 2 iterations
✔️ Gating k-means converged after 2 iterations
✔️ Gating k-means converged after 2 iterations
✔️ Gating k-means converged after 2 iterations
✔️ Gating k-means converged after 2 iterations
✔️ Gating k-means converged after 2 iterations
✔️ Gating k-means converged after 2 iterations
✔️ Gating k-means converged after 2 iterations
✔️ Gating k-means converged after 2 iterations
✔️ Gating k-means converged after 2 iterations
✔️ Gating k-means converged after 2 iterations
✔️ Gating k-means converged after 2 iterations
✔️ Gating k-means converged after 2 iterations
✔️ Gating k-means converged after 2 iterations
✔️ Gating k-means converged after 2 iterations
✔️ Gating k-means converged after 2 iterations
✔️ Gating k-means converged after 2 iterations
✔️ Gating k-means converged after 2 iterations
✔️ Gating k-means converged after 2 iterations
✔️ Gating k-means converged after 2 iterations
✔️ Gating k-means converged after 2 iterations
✔️ Gating k-means converged after 2 iterations
✔️ Gating k-means converged after 2 iterations
✔️ Gating k-means converged after 2 iterations
✔️ Gating k-means converged after 2 iterations
✔️ Gating k-means converged after 2 iterations
✔️ Gating k-means converged after 2 iterations
✔️ Gating k-means converged after 2 iterations
✔️ Gating k-means converged after 2 iterations
✔️ Gating k-means converged after 2 iterations
✔️ Gating k-means converged after 2 iterations
✔️ Gating k-means converged after 2 iterations
✔️ Gating k-means converged after 2 iterations
✔️ Gating k-means converged after 2 iterations
✔️ Gating k-means converged after 2 iterations
✔️ Gating k-means converged after 2 iterations
✔️ Gating k-means converged after 2 iterations
✔️ Gating k-means converged after 2 iterations
✔️ Gating k-means converged after 2 iterations
✔️ Gating k-means converged after 2 iterations
✔️ Gating k-means converged after 2 iterations
✔️ Gating k-means converged after 2 iterations
✔️ Gating k-means converged after 2 iterations
✔️ Gating k-means converged after 2 iterations
✔️ Gating k-means converged after 2 iterations
✔️ Gating k-means converged after 2 iterations
✔️ Gating k-means converged after 2 iterations
✔️ Gating k-means converged after 2 iterations
✔️ Gating k-means converged after 2 iterations
✔️ Gating k-means converged after 2 iterations
✔️ Gating k-means converged after 2 iterations
✔️ Gating k-means converged after 2 iterations
✔️ Gating k-means converged after 2 iterations
✔️ Gating k-means converged after 2 iterations
✔️ Gating k-means converged after 2 iterations
✔️ Gating k-means converged after 2 iterations
✔️ Gating k-means converged after 2 iterations
✔️ Gating k-means converged after 2 iterations
✔️ Gating k-means converged after 2 iterations
✔️ Gating k-means converged after 2 iterations
✔️ Gating k-means converged after 2 iterations
✔️ Gating k-means converged after 2 iterations
✔️ Gating k-means converged after 2 iterations
✔️ Gating k-means converged after 2 iterations
✔️ Gating k-means converged after 2 iterations
✔️ Gating k-means converged after 2 iterations
✔️ Gating k-means converged after 2 iterations
✔️ Gating k-means converged after 2 iterations
✔️ Gating k-means converged after 2 iterations
✔️ Gating k-means converged after 2 iterations
✔️ Gating k-means converged after 2 iterations
✔️ Gating k-means converged after 2 iterations
✔️ Gating k-means converged after 2 iterations
✔️ Gating k-means converged after 2 iterations
✔️ Gating k-means converged after 2 iterations
✔️ Gating k-means converged after 2 iterations
✔️ Gating k-means converged after 2 iterations
✔️ Gating k-means converged after 2 iterations
✔️ Gating k-means converged after 2 iterations
✔️ Gating k-means converged after 2 iterations
✔️ Gating k-means converged after 2 iterations
✔️ Gating k-means converged after 2 iterations
✔️ Gating k-means converged after 2 iterations
✔️ Gating k-means converged after 2 iterations
✔️ Gating k-means converged after 2 iterations
✔️ Gating k-means converged after 2 iterations
✔️ Gating k-means converged after 2 iterations
✔️ Gating k-means converged after 2 iterations
✔️ Gating k-means converged after 2 iterations
✔️ Gating k-means converged after 2 iterations
✔️ Gating k-means converged after 2 iterations
✔️ Gating k-means converged after 2 iterations
✔️ Gating k-means converged after 2 iterations
✔️ Gating k-means converged after 2 iterations
✔️ Gating k-means converged after 2 iterations
✔️ Gating k-means converged after 2 iterations
✔️ Gating k-means converged after 2 iterations
✔️ Gating k-means converged after 2 iterations
✔️ Gating k-means converged after 2 iterations
✔️ Gating k-means converged after 2 iterations
✔️ Gating k-means converged after 2 iterations
✔️ Gating k-means converged after 2 iterations
✔️ Gating k-means converged after 2 iterations
✔️ Gating k-means converged after 2 iterations
✔️ Gating k-means converged after 2 iterations
✔️ Gating k-means converged after 2 iterations
✔️ Gating k-means converged after 2 iterations
✔️ Gating k-means converged after 2 iterations
✔️ Gating k-means converged after 2 iterations
✔️ Gating k-means converged after 2 iterations
✔️ Gating k-means converged after 2 iterations
✔️ Gating k-means converged after 2 iterations
✔️ Gating k-means converged after 2 iterations
✔️ Gating k-means converged after 2 iterations
✔️ Gating k-means converged after 2 iterations
✔️ Gating k-means converged after 2 iterations
✔️ Gating k-means converged after 2 iterations
✔️ Gating k-means converged after 2 iterations
✔️ Gating k-means converged after 2 iterations
✔️ Gating k-means converged after 2 iterations
✔️ Gating k-means converged after 2 iterations
✔️ Gating k-means converged after 2 iterations
✔️ Gating k-means converged after 2 iterations
✔️ Gating k-means converged after 2 iterations
✔️ Gating k-means converged after 2 iterations
✔️ Gating k-means converged after 2 iterations
✔️ Gating k-means converged after 2 iterations
✔️ Gating k-means converged after 2 iterations
✔️ Gating k-means converged after 2 iterations
✔️ Gating k-means converged after 2 iterations
✔️ Gating k-means converged after 2 iterations
✔️ Gating k-means converged after 2 iterations
✔️ Gating k-means converged after 2 iterations
✔️ Gating k-means converged after 2 iterations
✔️ Gating k-means converged after 2 iterations
✔️ Gating k-means converged after 2 iterations
✔️ Gating k-means converged after 2 iterations
✔️ Gating k-means converged after 2 iterations
✔️ Gating k-means converged after 2 iterations
✔️ Gating k-means converged after 2 iterations
✔️ Gating k-means converged after 2 iterations
✔️ Gating k-means converged after 2 iterations
✔️ Gating k-means converged after 2 iterations
✔️ Gating k-means converged after 2 iterations
✔️ Gating k-means converged after 2 iterations
✔️ Gating k-means converged after 4 iterations
✔️ Gating k-means converged after 2 iterations
✔️ Gating k-means converged after 2 iterations
✔️ Gating k-means converged after 2 iterations
✔️ Gating k-means converged after 2 iterations
✔️ Gating k-means converged after 2 iterations
✔️ Gating k-means converged after 2 iterations
✔️ Gating k-means converged after 2 iterations
✔️ Gating k-means converged after 2 iterations
✔️ Gating k-means converged after 2 iterations
✔️ Gating k-means converged after 2 iterations
✔️ Gating k-means converged after 2 iterations
✔️ Gating k-means converged after 2 iterations
✔️ Gating k-means converged after 2 iterations
✔️ Gating k-means converged after 2 iterations
✔️ Gating k-means converged after 2 iterations
✔️ Gating k-means converged after 2 iterations
✔️ Gating k-means converged after 2 iterations
✔️ Gating k-means converged after 2 iterations
✔️ Gating k-means converged after 2 iterations
✔️ Gating k-means converged after 2 iterations
✔️ Gating k-means converged after 2 iterations
✔️ Gating k-means converged after 2 iterations
✔️ Gating k-means converged after 2 iterations
✔️ Gating k-means converged after 2 iterations
✔️ Gating k-means converged after 2 iterations
✔️ Gating k-means converged after 2 iterations
✔️ Gating k-means converged after 2 iterations
✔️ Gating k-means converged after 2 iterations
✔️ Gating k-means converged after 2 iterations
✔️ Gating k-means converged after 2 iterations
✔️ Gating k-means converged after 2 iterations
✔️ Gating k-means converged after 2 iterations
✔️ Gating k-means converged after 2 iterations
✔️ Gating k-means converged after 2 iterations
✔️ Gating k-means converged after 2 iterations
✔️ Gating k-means converged after 2 iterations
✔️ Gating k-means converged after 2 iterations
✔️ Gating k-means converged after 2 iterations
✔️ Gating k-means converged after 2 iterations
✔️ Gating k-means converged after 2 iterations
✔️ Gating k-means converged after 2 iterations
✔️ Gating k-means converged after 2 iterations
✔️ Gating k-means converged after 2 iterations
✔️ Gating k-means converged after 2 iterations
✔️ Gating k-means converged after 2 iterations
✔️ Gating k-means converged after 2 iterations
✔️ Gating k-means converged after 2 iterations
✔️ Gating k-means converged after 2 iterations
14:12:13      Epoch:   0      Batch:   0      OuterStep:  30      LossModel: 0.27751192     LossTerm2: 0.05231030     LossGates: 0.00000000      Time/Step(s): 83.7743Contributing envs to the losses:  [18 19 16 10  7]
Gate kernel values: 
 [[  0.8177928    0.681556    -0.19508281   6.047933  ]
 [ -5.9647794   -5.2836366   -1.4968448   -2.3156774 ]
 [  3.1223323    2.4577627    0.00753006   0.481633  ]
 [ -0.5993604    0.39843303  -2.4974744    2.0518835 ]
 [ -0.49053493  -1.0083861    1.2458743    3.741215  ]
 [  1.8837247    1.1046214   -0.05954009  -1.3299798 ]
 [  1.830801     1.1647329    0.48318037  -0.86564237]
 [  2.060625     2.1553652    1.0003728    2.4670405 ]
 [ -2.3708518   -2.3315265   -3.3953128   -0.06661918]
 [ -0.290389    -0.8824242   -2.4702518   -3.3480427 ]
 [  0.05013626   0.38201112   0.8553085   -1.5864434 ]
 [ -0.777941    -0.8982106   -3.9492636   -1.756131  ]
 [  5.2887726    4.2560024    4.7879486    1.6989232 ]
 [ -1.0293295    1.8656565   -2.295995     0.93873376]
 [  1.3794309    0.78117585  -1.4568987  -11.9304085 ]
 [  2.7605662    1.9528136    4.095905    -2.431376  ]
 [  0.17089713  -3.7847805   -1.0005376   -6.679167  ]
 [ -1.7002846   -1.8763682    0.19985524  -3.2484493 ]
 [  2.9543912    1.8301711    2.1607237   -0.64771134]
 [  2.2283275    0.7042367    0.42171645   0.29557   ]
 [ -0.7008958    2.0602891    2.0243492    1.7054921 ]
 [ -1.7161967   -1.7890743    1.7446824   -2.324686  ]
 [ -2.6320322   -0.16425042   0.7402928    0.25133553]
 [ -1.1285465    0.5505288    4.0509777   -0.8007628 ]
 [ -4.559129    -5.0695834   -3.51155     -4.614955  ]
 [  3.7414694    7.524782     2.6072934    6.5239663 ]
 [  3.8159883   -0.00720973  -2.0298815   -0.8955476 ]
 [ -2.860664    -0.8305566   -1.776686     3.842717  ]
 [ -6.9243135   -6.820155    -1.4015954    3.0447268 ]
 [ -1.5490053    2.3695242   -1.2999855   -1.8539631 ]
 [ -0.9355067    0.32778564   0.33574727   1.4301199 ]
 [ -0.20745611  -0.394823     1.6190165   -1.9356014 ]
 [  3.2811582    1.9232022    0.7985893    1.3721237 ]
 [  1.6866884    1.2192389   -0.07883004   2.4686882 ]
 [ -2.6944022    0.20116779  -0.6685538    1.0749961 ]
 [ -1.065198    -0.10003314  -0.7623897    0.9146058 ]
 [  0.94562906  -1.9794713   -2.8719482   -1.0398092 ]
 [ -0.8264162   -1.3377234   -2.0885644   -4.0098085 ]
 [  0.52887726   0.09063968   0.7988144   -0.5420914 ]
 [  1.9829149    4.750948     3.6445122    3.6958508 ]
 [ -1.615719    -1.8704786   -0.87869304   1.7402028 ]
 [ -1.6604519   -2.1016347   -1.9996403   -0.15390041]
 [  5.8102274    3.894733     1.2323902    0.91638356]
 [ -9.528761    -4.817141    -4.2245426   -4.87824   ]
 [ -1.1383721   -1.1240562   -2.5877078    2.0459816 ]
 [ -2.4081912    0.80418736   1.4020512    3.4126813 ]
 [ -3.466138    -4.915471    -2.0349057   -0.7047666 ]
 [  2.934188     0.85255086  -0.43307048  -0.6735508 ]
 [ -0.26965612   0.6278406   -1.7841966   -2.0942037 ]
 [  3.0005357    4.000169     3.263022    -1.847141  ]
 [  0.30127782  -0.00665842   2.206161    -3.6214242 ]
 [  0.11509164  -0.95884436   0.14023794  -5.266574  ]
 [ -0.7561129   -1.5832777   -3.169424    -2.9351068 ]
 [  0.7360212    1.7792087    1.2295591   -0.39326748]
 [  4.2283015    1.9619437    0.7409577    4.0179005 ]
 [  4.831185     5.954629     6.112598     1.5105611 ]
 [ -2.292793    -2.3411863   -1.2619154   -0.37671584]
 [  0.766854    -2.8362823   -3.2466269   -3.488978  ]
 [ -2.5470545   -1.5985715    1.5142125    1.9724483 ]
 [  2.4369357    1.0797193    2.296251     5.7558208 ]
 [ -2.4493697   -5.968232    -7.3572774   -5.216749  ]
 [ -0.7328948   -1.922827    -2.283209    -1.1256268 ]
 [  0.13198256  -0.49101612  -4.198072     1.1662838 ]
 [  5.5470963    5.342843     2.5469851    5.9152455 ]]
The factor: how much of the new gate kernel do I used ? [0.001]
Gate values for each environment (all envs): 
 [[0.4754558  0.17485046 0.17490841 0.17478539]
 [0.17487328 0.17472048 0.17457438 0.47583184]
 [0.174846   0.47574997 0.17495072 0.17445336]
 [0.4747677  0.17494918 0.1749308  0.17535233]
 [0.17454611 0.47523177 0.17478827 0.17543383]
 [0.17474614 0.47525036 0.17484662 0.17515697]
 [0.17516959 0.47542506 0.17493404 0.1744713 ]
 [0.17463426 0.17473681 0.17481658 0.47581235]
 [0.1748205  0.47580376 0.17457092 0.17480485]
 [0.17510644 0.4760126  0.17462629 0.1742546 ]
 [0.1746316  0.17493024 0.4757561  0.174682  ]
 [0.47517174 0.1748779  0.17475949 0.17519085]
 [0.17540471 0.17520297 0.4747036  0.17468871]
 [0.47427297 0.17506137 0.17528413 0.17538153]
 [0.17445293 0.1747074  0.47590587 0.17493379]
 [0.47530314 0.17492251 0.17470017 0.17507416]
 [0.1744016  0.17462714 0.1749551  0.47601616]
 [0.17490669 0.17517269 0.17503512 0.47488543]
 [0.17471723 0.17487746 0.17481716 0.47558817]
 [0.1743395  0.17479339 0.17453057 0.47633663]]
        Validation Criterion: 0.93320256
✔️ Gating k-means converged after 2 iterations
✔️ Gating k-means converged after 2 iterations
✔️ Gating k-means converged after 2 iterations
✔️ Gating k-means converged after 2 iterations
✔️ Gating k-means converged after 2 iterations
✔️ Gating k-means converged after 2 iterations
✔️ Gating k-means converged after 2 iterations
✔️ Gating k-means converged after 2 iterations
✔️ Gating k-means converged after 2 iterations
✔️ Gating k-means converged after 2 iterations
✔️ Gating k-means converged after 2 iterations
✔️ Gating k-means converged after 2 iterations
✔️ Gating k-means converged after 2 iterations
✔️ Gating k-means converged after 2 iterations
✔️ Gating k-means converged after 2 iterations
✔️ Gating k-means converged after 2 iterations
✔️ Gating k-means converged after 2 iterations
✔️ Gating k-means converged after 2 iterations
✔️ Gating k-means converged after 2 iterations
✔️ Gating k-means converged after 2 iterations
✔️ Gating k-means converged after 2 iterations
✔️ Gating k-means converged after 2 iterations
✔️ Gating k-means converged after 2 iterations
✔️ Gating k-means converged after 2 iterations
✔️ Gating k-means converged after 2 iterations
✔️ Gating k-means converged after 2 iterations
✔️ Gating k-means converged after 2 iterations
✔️ Gating k-means converged after 2 iterations
✔️ Gating k-means converged after 2 iterations
✔️ Gating k-means converged after 2 iterations
✔️ Gating k-means converged after 2 iterations
✔️ Gating k-means converged after 2 iterations
✔️ Gating k-means converged after 2 iterations
✔️ Gating k-means converged after 2 iterations
✔️ Gating k-means converged after 2 iterations
✔️ Gating k-means converged after 2 iterations
✔️ Gating k-means converged after 2 iterations
✔️ Gating k-means converged after 2 iterations
✔️ Gating k-means converged after 2 iterations
✔️ Gating k-means converged after 2 iterations
✔️ Gating k-means converged after 2 iterations
✔️ Gating k-means converged after 2 iterations
✔️ Gating k-means converged after 2 iterations
✔️ Gating k-means converged after 2 iterations
✔️ Gating k-means converged after 2 iterations
✔️ Gating k-means converged after 2 iterations
✔️ Gating k-means converged after 2 iterations
✔️ Gating k-means converged after 2 iterations
✔️ Gating k-means converged after 2 iterations
✔️ Gating k-means converged after 2 iterations
✔️ Gating k-means converged after 2 iterations
✔️ Gating k-means converged after 2 iterations
✔️ Gating k-means converged after 2 iterations
✔️ Gating k-means converged after 2 iterations
✔️ Gating k-means converged after 2 iterations
✔️ Gating k-means converged after 2 iterations
✔️ Gating k-means converged after 2 iterations
✔️ Gating k-means converged after 2 iterations
✔️ Gating k-means converged after 2 iterations
✔️ Gating k-means converged after 2 iterations
✔️ Gating k-means converged after 2 iterations
✔️ Gating k-means converged after 2 iterations
✔️ Gating k-means converged after 2 iterations
✔️ Gating k-means converged after 2 iterations
✔️ Gating k-means converged after 2 iterations
✔️ Gating k-means converged after 2 iterations
✔️ Gating k-means converged after 2 iterations
✔️ Gating k-means converged after 2 iterations
✔️ Gating k-means converged after 2 iterations
✔️ Gating k-means converged after 2 iterations
✔️ Gating k-means converged after 2 iterations
✔️ Gating k-means converged after 2 iterations
✔️ Gating k-means converged after 2 iterations
✔️ Gating k-means converged after 2 iterations
✔️ Gating k-means converged after 2 iterations
✔️ Gating k-means converged after 2 iterations
✔️ Gating k-means converged after 2 iterations
✔️ Gating k-means converged after 2 iterations
✔️ Gating k-means converged after 2 iterations
✔️ Gating k-means converged after 2 iterations
✔️ Gating k-means converged after 2 iterations
✔️ Gating k-means converged after 2 iterations
✔️ Gating k-means converged after 2 iterations
✔️ Gating k-means converged after 2 iterations
✔️ Gating k-means converged after 2 iterations
✔️ Gating k-means converged after 2 iterations
✔️ Gating k-means converged after 2 iterations
✔️ Gating k-means converged after 2 iterations
✔️ Gating k-means converged after 2 iterations
✔️ Gating k-means converged after 2 iterations
✔️ Gating k-means converged after 2 iterations
✔️ Gating k-means converged after 2 iterations
✔️ Gating k-means converged after 2 iterations
✔️ Gating k-means converged after 2 iterations
✔️ Gating k-means converged after 2 iterations
✔️ Gating k-means converged after 2 iterations
✔️ Gating k-means converged after 2 iterations
✔️ Gating k-means converged after 2 iterations
✔️ Gating k-means converged after 2 iterations
✔️ Gating k-means converged after 2 iterations
✔️ Gating k-means converged after 2 iterations
✔️ Gating k-means converged after 2 iterations
✔️ Gating k-means converged after 2 iterations
✔️ Gating k-means converged after 2 iterations
✔️ Gating k-means converged after 2 iterations
✔️ Gating k-means converged after 2 iterations
✔️ Gating k-means converged after 2 iterations
✔️ Gating k-means converged after 2 iterations
✔️ Gating k-means converged after 2 iterations
✔️ Gating k-means converged after 2 iterations
✔️ Gating k-means converged after 2 iterations
✔️ Gating k-means converged after 2 iterations
✔️ Gating k-means converged after 2 iterations
✔️ Gating k-means converged after 2 iterations
✔️ Gating k-means converged after 2 iterations
✔️ Gating k-means converged after 2 iterations
✔️ Gating k-means converged after 2 iterations
✔️ Gating k-means converged after 2 iterations
✔️ Gating k-means converged after 2 iterations
✔️ Gating k-means converged after 2 iterations
✔️ Gating k-means converged after 2 iterations
✔️ Gating k-means converged after 2 iterations
✔️ Gating k-means converged after 2 iterations
✔️ Gating k-means converged after 2 iterations
✔️ Gating k-means converged after 2 iterations
✔️ Gating k-means converged after 1 iterations
✔️ Gating k-means converged after 2 iterations
✔️ Gating k-means converged after 2 iterations
✔️ Gating k-means converged after 2 iterations
✔️ Gating k-means converged after 2 iterations
✔️ Gating k-means converged after 2 iterations
✔️ Gating k-means converged after 2 iterations
✔️ Gating k-means converged after 2 iterations
✔️ Gating k-means converged after 2 iterations
✔️ Gating k-means converged after 2 iterations
✔️ Gating k-means converged after 2 iterations
✔️ Gating k-means converged after 2 iterations
✔️ Gating k-means converged after 2 iterations
✔️ Gating k-means converged after 2 iterations
✔️ Gating k-means converged after 2 iterations
✔️ Gating k-means converged after 2 iterations
✔️ Gating k-means converged after 2 iterations
✔️ Gating k-means converged after 2 iterations
✔️ Gating k-means converged after 2 iterations
✔️ Gating k-means converged after 2 iterations
✔️ Gating k-means converged after 2 iterations
✔️ Gating k-means converged after 2 iterations
✔️ Gating k-means converged after 2 iterations
✔️ Gating k-means converged after 2 iterations
✔️ Gating k-means converged after 2 iterations
✔️ Gating k-means converged after 2 iterations
✔️ Gating k-means converged after 2 iterations
✔️ Gating k-means converged after 2 iterations
✔️ Gating k-means converged after 2 iterations
✔️ Gating k-means converged after 2 iterations
✔️ Gating k-means converged after 2 iterations
✔️ Gating k-means converged after 2 iterations
✔️ Gating k-means converged after 2 iterations
✔️ Gating k-means converged after 2 iterations
✔️ Gating k-means converged after 2 iterations
✔️ Gating k-means converged after 2 iterations
✔️ Gating k-means converged after 2 iterations
✔️ Gating k-means converged after 2 iterations
✔️ Gating k-means converged after 2 iterations
✔️ Gating k-means converged after 2 iterations
✔️ Gating k-means converged after 2 iterations
✔️ Gating k-means converged after 2 iterations
✔️ Gating k-means converged after 2 iterations
✔️ Gating k-means converged after 2 iterations
✔️ Gating k-means converged after 2 iterations
✔️ Gating k-means converged after 2 iterations
✔️ Gating k-means converged after 2 iterations
✔️ Gating k-means converged after 2 iterations
✔️ Gating k-means converged after 2 iterations
✔️ Gating k-means converged after 2 iterations
✔️ Gating k-means converged after 2 iterations
✔️ Gating k-means converged after 2 iterations
✔️ Gating k-means converged after 2 iterations
✔️ Gating k-means converged after 2 iterations
✔️ Gating k-means converged after 2 iterations
✔️ Gating k-means converged after 2 iterations
✔️ Gating k-means converged after 2 iterations
✔️ Gating k-means converged after 2 iterations
✔️ Gating k-means converged after 2 iterations
✔️ Gating k-means converged after 2 iterations
✔️ Gating k-means converged after 2 iterations
✔️ Gating k-means converged after 2 iterations
✔️ Gating k-means converged after 2 iterations
✔️ Gating k-means converged after 2 iterations
✔️ Gating k-means converged after 2 iterations
✔️ Gating k-means converged after 2 iterations
✔️ Gating k-means converged after 2 iterations
✔️ Gating k-means converged after 2 iterations
✔️ Gating k-means converged after 2 iterations
✔️ Gating k-means converged after 2 iterations
✔️ Gating k-means converged after 2 iterations
✔️ Gating k-means converged after 2 iterations
✔️ Gating k-means converged after 2 iterations
✔️ Gating k-means converged after 2 iterations
✔️ Gating k-means converged after 2 iterations
✔️ Gating k-means converged after 2 iterations
✔️ Gating k-means converged after 2 iterations
✔️ Gating k-means converged after 2 iterations
✔️ Gating k-means converged after 2 iterations
✔️ Gating k-means converged after 2 iterations
✔️ Gating k-means converged after 2 iterations
✔️ Gating k-means converged after 2 iterations
✔️ Gating k-means converged after 2 iterations
✔️ Gating k-means converged after 2 iterations
✔️ Gating k-means converged after 2 iterations
✔️ Gating k-means converged after 2 iterations
✔️ Gating k-means converged after 2 iterations
✔️ Gating k-means converged after 2 iterations
✔️ Gating k-means converged after 2 iterations
✔️ Gating k-means converged after 2 iterations
✔️ Gating k-means converged after 2 iterations
✔️ Gating k-means converged after 2 iterations
✔️ Gating k-means converged after 2 iterations
✔️ Gating k-means converged after 2 iterations
✔️ Gating k-means converged after 2 iterations
✔️ Gating k-means converged after 2 iterations
✔️ Gating k-means converged after 2 iterations
✔️ Gating k-means converged after 2 iterations
✔️ Gating k-means converged after 2 iterations
✔️ Gating k-means converged after 2 iterations
✔️ Gating k-means converged after 2 iterations
✔️ Gating k-means converged after 2 iterations
✔️ Gating k-means converged after 2 iterations
✔️ Gating k-means converged after 2 iterations
✔️ Gating k-means converged after 2 iterations
✔️ Gating k-means converged after 2 iterations
✔️ Gating k-means converged after 2 iterations
✔️ Gating k-means converged after 2 iterations
✔️ Gating k-means converged after 2 iterations
✔️ Gating k-means converged after 2 iterations
✔️ Gating k-means converged after 2 iterations
✔️ Gating k-means converged after 2 iterations
✔️ Gating k-means converged after 2 iterations
✔️ Gating k-means converged after 2 iterations
✔️ Gating k-means converged after 2 iterations
✔️ Gating k-means converged after 2 iterations
✔️ Gating k-means converged after 2 iterations
✔️ Gating k-means converged after 2 iterations
✔️ Gating k-means converged after 2 iterations
✔️ Gating k-means converged after 2 iterations
✔️ Gating k-means converged after 2 iterations
✔️ Gating k-means converged after 2 iterations
✔️ Gating k-means converged after 2 iterations
✔️ Gating k-means converged after 2 iterations
✔️ Gating k-means converged after 2 iterations
14:26:35      Epoch:   0      Batch:   0      OuterStep:  40      LossModel: 0.19856088     LossTerm2: 0.10108709     LossGates: 0.00000000      Time/Step(s): 70.6896Contributing envs to the losses:  [6 9 5 8 4]
Gate kernel values: 
 [[-0.8734388  -0.9871237   1.1151246  -1.5911576 ]
 [-3.7671473  -3.1653159  -2.852645   -0.9363474 ]
 [ 0.541181    0.29757044 -0.02034271 -0.4063595 ]
 [ 2.5290484   2.2388017   4.1029887  -1.4558866 ]
 [-0.86121166 -1.0195395   0.25212738  1.2414285 ]
 [ 1.5411773   1.8950694  -0.33528203 -0.21066199]
 [ 1.2147236   0.19887741 -0.5449946   0.29708797]
 [ 2.3761199   0.6352033   1.2647814   0.21294548]
 [ 1.0065469  -0.17673449  0.03444582 -2.3568802 ]
 [ 1.0562804  -0.7663403  -3.5021477  -1.550475  ]
 [ 1.8441173   1.7236592  -0.6636827  -0.7798199 ]
 [-0.23339629  1.0649072  -0.29950428  0.05817559]
 [ 1.2836692   2.0550303   2.712544    3.3683128 ]
 [ 3.0064507   3.539324    2.2386296  -0.24930418]
 [-1.6648607  -0.43824723 -6.753386    0.52602226]
 [ 1.0419017  -0.5190463  -1.9669343   0.7720467 ]
 [-4.640708   -4.1639447  -4.465368   -0.0639532 ]
 [-2.8090868  -1.5551057  -1.388294    0.52096796]
 [ 0.3872312   0.73493797  0.07486317  0.8571728 ]
 [ 2.4256315   1.1329781   2.2300913   0.25118974]
 [ 3.268034    3.577435    2.387279    1.0474759 ]
 [-2.2734423  -2.8220606  -2.414576    0.19078696]
 [-1.8122582   0.64123785 -0.15027794  0.57342094]
 [-0.68525535  0.26107305  1.1457702   1.9988981 ]
 [-4.437961   -2.8931105  -4.01802    -0.11746389]
 [ 6.5437512   7.4331717   5.3934355   2.705563  ]
 [ 2.7746103  -0.19958536 -0.5631954  -0.28680092]
 [-0.5801564   0.10054062  1.7608919  -0.7778109 ]
 [-1.8817961  -6.0853214  -5.8382473  -0.84329605]
 [ 0.8185681   2.5066688  -2.930939   -0.37571555]
 [-0.10003713  0.51342064  0.35283858 -0.49717212]
 [-0.5466577  -0.18093544 -1.751927    1.1090581 ]
 [ 2.9470856   1.7649257   2.6795032   0.39823356]
 [ 1.8907019   2.4986522   3.3101964   1.0355095 ]
 [ 1.1171557   1.7798578  -0.26859406 -0.47417593]
 [ 2.664498    1.1415962   0.16985418  0.9958138 ]
 [-4.3524137  -4.685513   -3.3445058  -2.3622494 ]
 [-0.11066938 -0.15647812 -2.3917654  -1.1642362 ]
 [ 0.58273864  1.2655509   0.18577874  0.30564103]
 [ 4.7799654   5.102867    4.2142644   0.95686114]
 [-2.3395793  -2.4262052   0.43598488 -1.4487742 ]
 [-1.0959715  -0.43097848 -0.5577175   0.34289652]
 [ 1.683091    2.2848694   1.829254    0.974865  ]
 [-3.8825626  -3.2853482  -5.3282337  -2.6278532 ]
 [ 2.273331    0.26083893  0.12476142 -1.485045  ]
 [ 1.3259009   2.1018019   2.9068267   0.2780297 ]
 [ 1.0275189   0.54631704  1.5683686  -0.03164572]
 [ 0.12247217 -0.013083   -0.28980714 -0.6228269 ]
 [ 2.4250576   1.9620233  -0.85999846 -1.3358444 ]
 [ 3.2511775   4.800022    2.0048509   2.5606573 ]
 [ 0.22577526  0.24285486 -1.9902377   1.700336  ]
 [-2.1376815  -2.488981   -4.144396   -0.17423844]
 [-0.71227837 -1.6344099  -0.86013496 -2.200521  ]
 [ 4.8228116   5.2662535   2.0666761   3.2326262 ]
 [ 2.4179482   2.4548533   4.963736    2.9116051 ]
 [ 1.2653935   3.4129894   0.28436235  4.2054486 ]
 [-1.4127119  -1.8118019  -1.511663   -0.99135745]
 [-1.3833271  -2.4286888  -1.8037229  -1.5863756 ]
 [ 0.02610457  0.22113492  1.2462959   1.6230979 ]
 [-2.8348901  -4.750079    0.87663853 -0.8027564 ]
 [ 1.8705224  -2.339959   -1.2882376  -3.9446163 ]
 [-2.378942   -2.8238153  -1.3194544  -1.1852994 ]
 [ 6.8978977   3.8499534   0.6958613  -0.99700063]
 [ 4.9013214   5.8770456   6.3137355   3.3194983 ]]
The factor: how much of the new gate kernel do I used ? [0.001]
Gate values for each environment (all envs): 
 [[0.4754846  0.1750198  0.17470558 0.17478995]
 [0.17489131 0.17503251 0.47479233 0.17528392]
 [0.17468037 0.47571674 0.1748858  0.17471707]
 [0.47573733 0.17470096 0.17479187 0.17476976]
 [0.17493755 0.475396   0.17484501 0.17482133]
 [0.17482479 0.47553626 0.17482702 0.17481188]
 [0.17476876 0.47533783 0.17509782 0.17479563]
 [0.17494936 0.17494576 0.47488692 0.17521787]
 [0.1748862  0.47521532 0.17495139 0.17494713]
 [0.17477547 0.4757043  0.17488821 0.1746321 ]
 [0.17493837 0.17463323 0.1747237  0.47570476]
 [0.47495952 0.17493403 0.1751286  0.17497782]
 [0.17485784 0.17478828 0.1750603  0.4752936 ]
 [0.47534126 0.1748965  0.17491594 0.17484617]
 [0.17473772 0.1749926  0.17486383 0.47540593]
 [0.47524542 0.17444412 0.17503667 0.17527385]
 [0.17452784 0.17458905 0.47600773 0.17487532]
 [0.17468381 0.17483132 0.47577122 0.17471366]
 [0.1748432  0.1749579  0.47491097 0.17528789]
 [0.17478597 0.17487936 0.47514322 0.17519137]]
        Validation Criterion: 0.75561780
✔️ Gating k-means converged after 2 iterations
✔️ Gating k-means converged after 2 iterations
✔️ Gating k-means converged after 2 iterations
✔️ Gating k-means converged after 2 iterations
✔️ Gating k-means converged after 2 iterations
✔️ Gating k-means converged after 2 iterations
✔️ Gating k-means converged after 2 iterations
✔️ Gating k-means converged after 2 iterations
✔️ Gating k-means converged after 2 iterations
✔️ Gating k-means converged after 2 iterations
✔️ Gating k-means converged after 2 iterations
✔️ Gating k-means converged after 2 iterations
✔️ Gating k-means converged after 2 iterations
✔️ Gating k-means converged after 2 iterations
✔️ Gating k-means converged after 2 iterations
✔️ Gating k-means converged after 2 iterations
✔️ Gating k-means converged after 2 iterations
✔️ Gating k-means converged after 2 iterations
✔️ Gating k-means converged after 2 iterations
✔️ Gating k-means converged after 2 iterations
✔️ Gating k-means converged after 2 iterations
✔️ Gating k-means converged after 2 iterations
✔️ Gating k-means converged after 2 iterations
✔️ Gating k-means converged after 2 iterations
✔️ Gating k-means converged after 2 iterations
✔️ Gating k-means converged after 2 iterations
✔️ Gating k-means converged after 2 iterations
✔️ Gating k-means converged after 2 iterations
✔️ Gating k-means converged after 2 iterations
✔️ Gating k-means converged after 2 iterations
✔️ Gating k-means converged after 2 iterations
✔️ Gating k-means converged after 2 iterations
✔️ Gating k-means converged after 2 iterations
✔️ Gating k-means converged after 2 iterations
✔️ Gating k-means converged after 2 iterations
✔️ Gating k-means converged after 2 iterations
✔️ Gating k-means converged after 2 iterations
✔️ Gating k-means converged after 2 iterations
✔️ Gating k-means converged after 2 iterations
✔️ Gating k-means converged after 2 iterations
✔️ Gating k-means converged after 2 iterations
✔️ Gating k-means converged after 2 iterations
✔️ Gating k-means converged after 2 iterations
✔️ Gating k-means converged after 2 iterations
✔️ Gating k-means converged after 2 iterations
✔️ Gating k-means converged after 2 iterations
✔️ Gating k-means converged after 2 iterations
✔️ Gating k-means converged after 2 iterations
✔️ Gating k-means converged after 2 iterations
✔️ Gating k-means converged after 2 iterations
✔️ Gating k-means converged after 2 iterations
✔️ Gating k-means converged after 2 iterations
✔️ Gating k-means converged after 2 iterations
✔️ Gating k-means converged after 2 iterations
✔️ Gating k-means converged after 2 iterations
✔️ Gating k-means converged after 2 iterations
✔️ Gating k-means converged after 2 iterations
✔️ Gating k-means converged after 2 iterations
✔️ Gating k-means converged after 2 iterations
✔️ Gating k-means converged after 2 iterations
✔️ Gating k-means converged after 2 iterations
✔️ Gating k-means converged after 2 iterations
✔️ Gating k-means converged after 2 iterations
✔️ Gating k-means converged after 2 iterations
✔️ Gating k-means converged after 2 iterations
✔️ Gating k-means converged after 2 iterations
✔️ Gating k-means converged after 2 iterations
✔️ Gating k-means converged after 2 iterations
✔️ Gating k-means converged after 2 iterations
✔️ Gating k-means converged after 2 iterations
✔️ Gating k-means converged after 2 iterations
✔️ Gating k-means converged after 2 iterations
✔️ Gating k-means converged after 2 iterations
✔️ Gating k-means converged after 2 iterations
✔️ Gating k-means converged after 2 iterations
✔️ Gating k-means converged after 2 iterations
✔️ Gating k-means converged after 2 iterations
✔️ Gating k-means converged after 2 iterations
✔️ Gating k-means converged after 2 iterations
✔️ Gating k-means converged after 2 iterations
✔️ Gating k-means converged after 2 iterations
✔️ Gating k-means converged after 2 iterations
✔️ Gating k-means converged after 2 iterations
✔️ Gating k-means converged after 2 iterations
✔️ Gating k-means converged after 2 iterations
✔️ Gating k-means converged after 2 iterations
✔️ Gating k-means converged after 2 iterations
✔️ Gating k-means converged after 2 iterations
✔️ Gating k-means converged after 2 iterations
✔️ Gating k-means converged after 2 iterations
✔️ Gating k-means converged after 2 iterations
✔️ Gating k-means converged after 2 iterations
✔️ Gating k-means converged after 2 iterations
✔️ Gating k-means converged after 2 iterations
✔️ Gating k-means converged after 2 iterations
✔️ Gating k-means converged after 2 iterations
✔️ Gating k-means converged after 2 iterations
✔️ Gating k-means converged after 2 iterations
✔️ Gating k-means converged after 2 iterations
✔️ Gating k-means converged after 2 iterations
✔️ Gating k-means converged after 2 iterations
✔️ Gating k-means converged after 2 iterations
✔️ Gating k-means converged after 2 iterations
✔️ Gating k-means converged after 2 iterations
✔️ Gating k-means converged after 2 iterations
✔️ Gating k-means converged after 2 iterations
✔️ Gating k-means converged after 2 iterations
✔️ Gating k-means converged after 2 iterations
✔️ Gating k-means converged after 2 iterations
✔️ Gating k-means converged after 2 iterations
✔️ Gating k-means converged after 2 iterations
✔️ Gating k-means converged after 2 iterations
✔️ Gating k-means converged after 2 iterations
✔️ Gating k-means converged after 2 iterations
✔️ Gating k-means converged after 2 iterations
✔️ Gating k-means converged after 2 iterations
✔️ Gating k-means converged after 2 iterations
✔️ Gating k-means converged after 2 iterations
✔️ Gating k-means converged after 2 iterations
✔️ Gating k-means converged after 2 iterations
✔️ Gating k-means converged after 2 iterations
✔️ Gating k-means converged after 2 iterations
✔️ Gating k-means converged after 2 iterations
✔️ Gating k-means converged after 2 iterations
✔️ Gating k-means converged after 2 iterations
✔️ Gating k-means converged after 2 iterations
✔️ Gating k-means converged after 2 iterations
✔️ Gating k-means converged after 2 iterations
✔️ Gating k-means converged after 2 iterations
✔️ Gating k-means converged after 2 iterations
✔️ Gating k-means converged after 2 iterations
✔️ Gating k-means converged after 2 iterations
✔️ Gating k-means converged after 2 iterations
✔️ Gating k-means converged after 2 iterations
✔️ Gating k-means converged after 2 iterations
✔️ Gating k-means converged after 2 iterations
✔️ Gating k-means converged after 2 iterations
✔️ Gating k-means converged after 2 iterations
✔️ Gating k-means converged after 2 iterations
✔️ Gating k-means converged after 2 iterations
✔️ Gating k-means converged after 2 iterations
✔️ Gating k-means converged after 2 iterations
✔️ Gating k-means converged after 2 iterations
✔️ Gating k-means converged after 2 iterations
✔️ Gating k-means converged after 2 iterations
✔️ Gating k-means converged after 2 iterations
✔️ Gating k-means converged after 2 iterations
✔️ Gating k-means converged after 2 iterations
✔️ Gating k-means converged after 2 iterations
✔️ Gating k-means converged after 2 iterations
✔️ Gating k-means converged after 2 iterations
✔️ Gating k-means converged after 2 iterations
✔️ Gating k-means converged after 2 iterations
✔️ Gating k-means converged after 2 iterations
✔️ Gating k-means converged after 2 iterations
✔️ Gating k-means converged after 2 iterations
✔️ Gating k-means converged after 2 iterations
✔️ Gating k-means converged after 2 iterations
✔️ Gating k-means converged after 2 iterations
✔️ Gating k-means converged after 2 iterations
✔️ Gating k-means converged after 2 iterations
✔️ Gating k-means converged after 2 iterations
✔️ Gating k-means converged after 2 iterations
✔️ Gating k-means converged after 2 iterations
✔️ Gating k-means converged after 2 iterations
✔️ Gating k-means converged after 2 iterations
✔️ Gating k-means converged after 2 iterations
✔️ Gating k-means converged after 2 iterations
✔️ Gating k-means converged after 2 iterations
✔️ Gating k-means converged after 2 iterations
✔️ Gating k-means converged after 2 iterations
✔️ Gating k-means converged after 2 iterations
✔️ Gating k-means converged after 2 iterations
✔️ Gating k-means converged after 2 iterations
✔️ Gating k-means converged after 2 iterations
✔️ Gating k-means converged after 2 iterations
✔️ Gating k-means converged after 2 iterations
✔️ Gating k-means converged after 2 iterations
✔️ Gating k-means converged after 2 iterations
✔️ Gating k-means converged after 2 iterations
✔️ Gating k-means converged after 2 iterations
✔️ Gating k-means converged after 2 iterations
✔️ Gating k-means converged after 2 iterations
✔️ Gating k-means converged after 2 iterations
✔️ Gating k-means converged after 2 iterations
✔️ Gating k-means converged after 2 iterations
✔️ Gating k-means converged after 2 iterations
✔️ Gating k-means converged after 2 iterations
✔️ Gating k-means converged after 2 iterations
✔️ Gating k-means converged after 2 iterations
✔️ Gating k-means converged after 2 iterations
✔️ Gating k-means converged after 2 iterations
✔️ Gating k-means converged after 2 iterations
✔️ Gating k-means converged after 2 iterations
✔️ Gating k-means converged after 2 iterations
✔️ Gating k-means converged after 2 iterations
✔️ Gating k-means converged after 2 iterations
✔️ Gating k-means converged after 2 iterations
✔️ Gating k-means converged after 2 iterations
✔️ Gating k-means converged after 2 iterations
✔️ Gating k-means converged after 2 iterations
✔️ Gating k-means converged after 2 iterations
✔️ Gating k-means converged after 2 iterations
✔️ Gating k-means converged after 2 iterations
✔️ Gating k-means converged after 2 iterations
✔️ Gating k-means converged after 2 iterations
✔️ Gating k-means converged after 2 iterations
✔️ Gating k-means converged after 2 iterations
✔️ Gating k-means converged after 2 iterations
✔️ Gating k-means converged after 2 iterations
✔️ Gating k-means converged after 2 iterations
✔️ Gating k-means converged after 2 iterations
✔️ Gating k-means converged after 2 iterations
✔️ Gating k-means converged after 2 iterations
✔️ Gating k-means converged after 2 iterations
✔️ Gating k-means converged after 2 iterations
✔️ Gating k-means converged after 2 iterations
✔️ Gating k-means converged after 2 iterations
✔️ Gating k-means converged after 2 iterations
✔️ Gating k-means converged after 2 iterations
✔️ Gating k-means converged after 2 iterations
✔️ Gating k-means converged after 2 iterations
✔️ Gating k-means converged after 2 iterations
✔️ Gating k-means converged after 2 iterations
✔️ Gating k-means converged after 2 iterations
✔️ Gating k-means converged after 2 iterations
✔️ Gating k-means converged after 2 iterations
✔️ Gating k-means converged after 2 iterations
✔️ Gating k-means converged after 2 iterations
✔️ Gating k-means converged after 2 iterations
✔️ Gating k-means converged after 2 iterations
✔️ Gating k-means converged after 2 iterations
✔️ Gating k-means converged after 2 iterations
✔️ Gating k-means converged after 2 iterations
✔️ Gating k-means converged after 2 iterations
✔️ Gating k-means converged after 2 iterations
✔️ Gating k-means converged after 2 iterations
✔️ Gating k-means converged after 2 iterations
✔️ Gating k-means converged after 2 iterations
✔️ Gating k-means converged after 2 iterations
✔️ Gating k-means converged after 2 iterations
✔️ Gating k-means converged after 2 iterations
✔️ Gating k-means converged after 2 iterations
✔️ Gating k-means converged after 2 iterations
✔️ Gating k-means converged after 2 iterations
✔️ Gating k-means converged after 2 iterations
✔️ Gating k-means converged after 2 iterations
✔️ Gating k-means converged after 2 iterations
✔️ Gating k-means converged after 2 iterations
✔️ Gating k-means converged after 2 iterations
14:40:02      Epoch:   0      Batch:   0      OuterStep:  50      LossModel: 0.09699330     LossTerm2: 0.09712984     LossGates: 0.00000000      Time/Step(s): 80.5918Contributing envs to the losses:  [9 6 8 5 4]
Gate kernel values: 
 [[-0.16074702  0.32749382  0.02963165 -1.8167017 ]
 [-2.4150116  -2.2213616  -1.3493063  -1.3330173 ]
 [-0.32508636  0.3036622  -1.3338903  -0.25620207]
 [ 3.2651303   5.0719223   7.5995045   0.05290972]
 [ 1.2512915   1.505324    1.3179208   1.7577765 ]
 [ 1.9293971   0.83304024 -1.9080664  -0.5803816 ]
 [ 0.9265224  -1.8497603  -2.570568   -0.45608857]
 [ 1.3246447   0.7670728   0.6352066   0.07207233]
 [ 1.0225017   0.6911276   1.0177963  -1.4988377 ]
 [-1.7604057  -3.5309584  -5.8062944  -0.96899575]
 [ 3.7105446   3.4159636   0.23928401  0.58610004]
 [ 0.25564772  0.8801769   0.68980867  0.21107727]
 [ 0.49444154  2.917638    3.966408    3.026789  ]
 [ 1.0846552   1.7390981   2.842728   -0.16292046]
 [-1.525675   -4.568751   -9.382715   -0.8187113 ]
 [ 4.195939    2.327657   -0.1799673   2.7376292 ]
 [-1.3749044  -2.512605   -1.7480345  -0.60009694]
 [-1.3301332  -1.0194705  -1.7811778   0.33137363]
 [ 0.570838    1.3344543   1.5030833   0.9156478 ]
 [ 0.97699237  1.7411844   3.5755398   0.25235423]
 [ 1.1423143   2.6853218   2.451397    1.2723739 ]
 [ 0.43607008 -0.61045676 -1.3157128   0.7918659 ]
 [ 0.02003105  1.2281693  -0.81518495  0.4013324 ]
 [ 0.24959958  1.0967302   2.3126252   0.48218796]
 [-2.2251785  -2.8821306  -4.249463    0.15983836]
 [ 6.1050463   7.8391104   5.5201573   4.9170346 ]
 [-0.70666236 -4.833784   -3.265891   -0.957839  ]
 [ 1.2595391   1.5163565   1.2353833   0.39635736]
 [-1.2007108  -2.9825003  -5.5934596   0.0202509 ]
 [-1.1819053   0.08807652 -1.4718632   0.13631698]
 [-0.47817007  0.14543691 -0.30071875 -0.89856195]
 [ 0.2346515   0.08784075 -2.4425292   0.5485799 ]
 [ 2.3483381   1.2288858   2.2804978   0.95579314]
 [ 0.37009925  0.9812358   0.54090494  0.5573398 ]
 [ 0.8357215   1.518204    2.6864367   0.09485242]
 [ 2.0654538   0.4587296   1.186044    1.174613  ]
 [-2.3424027  -4.1113195  -2.490947   -2.3254907 ]
 [ 0.3996752  -0.4967531  -2.227359   -0.37854806]
 [ 0.66519547  1.435226    0.58052003  0.63970196]
 [ 1.9287151   3.4362977   2.4714901   0.6886848 ]
 [-3.1887245  -1.3590995   1.4744426  -1.423911  ]
 [ 0.05388816  0.6486722   2.4718995   1.4064357 ]
 [-0.72718686 -0.11445971  0.34472865  0.1591106 ]
 [-3.6056795  -4.042168   -5.140278   -2.1361325 ]
 [ 0.4106573  -1.4296468  -0.1635986  -2.0658855 ]
 [ 4.3918967   4.9102063   3.4983087   1.9440062 ]
 [ 0.30803403  1.5701077   3.3881645   0.5863428 ]
 [-2.910477   -2.0293548  -1.3015002  -1.0906466 ]
 [ 0.87164205  0.7868325   0.6356131  -1.1635631 ]
 [ 1.338131    3.3524494   1.5844078   2.3711154 ]
 [ 0.09902551  0.24658898 -1.6468569   1.4161141 ]
 [-1.9211526  -3.9853415  -3.8773165  -1.252028  ]
 [ 0.6836111  -1.4514687  -2.9783106  -2.0926085 ]
 [ 1.7045703   2.4890969   0.31934106  2.8606167 ]
 [ 2.0726678   2.7896569   5.9294076   1.8708147 ]
 [ 0.7450743   3.2451453   2.835269    3.878427  ]
 [-0.7104089  -0.71189606 -0.0076658  -0.36223072]
 [-0.9691821  -1.5038593  -2.1432755  -1.1260862 ]
 [-0.48582596 -0.1949047  -1.9406854   0.74307466]
 [-1.807675   -4.411589   -2.0258124  -1.4648211 ]
 [-1.0757557  -6.059267   -2.1906366  -3.119324  ]
 [-2.9523487  -3.3875892  -2.013069   -1.5887775 ]
 [ 2.1082125   1.1584315   3.1940463  -0.17858718]
 [ 3.319594    5.5221276   6.196169    3.8961093 ]]
The factor: how much of the new gate kernel do I used ? [0.001]
Gate values for each environment (all envs): 
 [[0.47517633 0.17501982 0.17516913 0.1746348 ]
 [0.17449228 0.17468485 0.47592354 0.17489931]
 [0.17474474 0.47537985 0.17518423 0.17469116]
 [0.47527513 0.17496845 0.17499715 0.17475934]
 [0.17500529 0.47506958 0.17484075 0.17508437]
 [0.17489916 0.47549367 0.17502035 0.17458676]
 [0.17491855 0.47554126 0.17492126 0.1746189 ]
 [0.17481789 0.17504229 0.4753766  0.17476319]
 [0.17482367 0.47545776 0.17496175 0.17475682]
 [0.1748549  0.4753197  0.17526539 0.17456001]
 [0.17487815 0.17499872 0.1747349  0.47538814]
 [0.47532812 0.17496634 0.17501473 0.1746908 ]
 [0.174888   0.1748086  0.17466208 0.4756413 ]
 [0.4753145  0.1746918  0.1750712  0.17492256]
 [0.1748124  0.17535436 0.17470616 0.47512707]
 [0.47526038 0.17484242 0.1751972  0.17470008]
 [0.17522682 0.17475449 0.47503892 0.17497978]
 [0.17489488 0.17468265 0.4755422  0.17488028]
 [0.17512718 0.17514044 0.4747257  0.17500663]
 [0.17501524 0.17460267 0.4752336  0.17514846]]
        Validation Criterion: 0.58003187
        Saving best model so far ...
✔️ Gating k-means converged after 2 iterations
✔️ Gating k-means converged after 2 iterations
✔️ Gating k-means converged after 2 iterations
✔️ Gating k-means converged after 2 iterations
✔️ Gating k-means converged after 2 iterations
✔️ Gating k-means converged after 2 iterations
✔️ Gating k-means converged after 2 iterations
✔️ Gating k-means converged after 2 iterations
✔️ Gating k-means converged after 2 iterations
✔️ Gating k-means converged after 2 iterations
✔️ Gating k-means converged after 2 iterations
✔️ Gating k-means converged after 2 iterations
✔️ Gating k-means converged after 2 iterations
✔️ Gating k-means converged after 2 iterations
✔️ Gating k-means converged after 2 iterations
✔️ Gating k-means converged after 2 iterations
✔️ Gating k-means converged after 2 iterations
✔️ Gating k-means converged after 2 iterations
✔️ Gating k-means converged after 2 iterations
✔️ Gating k-means converged after 2 iterations
✔️ Gating k-means converged after 2 iterations
✔️ Gating k-means converged after 2 iterations
✔️ Gating k-means converged after 2 iterations
✔️ Gating k-means converged after 2 iterations
✔️ Gating k-means converged after 2 iterations
✔️ Gating k-means converged after 2 iterations
✔️ Gating k-means converged after 2 iterations
✔️ Gating k-means converged after 2 iterations
✔️ Gating k-means converged after 2 iterations
✔️ Gating k-means converged after 2 iterations
✔️ Gating k-means converged after 2 iterations
✔️ Gating k-means converged after 2 iterations
✔️ Gating k-means converged after 2 iterations
✔️ Gating k-means converged after 2 iterations
✔️ Gating k-means converged after 2 iterations
✔️ Gating k-means converged after 2 iterations
✔️ Gating k-means converged after 2 iterations
✔️ Gating k-means converged after 2 iterations
✔️ Gating k-means converged after 2 iterations
✔️ Gating k-means converged after 2 iterations
✔️ Gating k-means converged after 2 iterations
✔️ Gating k-means converged after 2 iterations
✔️ Gating k-means converged after 2 iterations
✔️ Gating k-means converged after 2 iterations
✔️ Gating k-means converged after 2 iterations
✔️ Gating k-means converged after 2 iterations
✔️ Gating k-means converged after 2 iterations
✔️ Gating k-means converged after 2 iterations
✔️ Gating k-means converged after 2 iterations
✔️ Gating k-means converged after 2 iterations
✔️ Gating k-means converged after 2 iterations
✔️ Gating k-means converged after 2 iterations
✔️ Gating k-means converged after 2 iterations
✔️ Gating k-means converged after 2 iterations
✔️ Gating k-means converged after 2 iterations
✔️ Gating k-means converged after 2 iterations
✔️ Gating k-means converged after 2 iterations
✔️ Gating k-means converged after 2 iterations
✔️ Gating k-means converged after 2 iterations
✔️ Gating k-means converged after 2 iterations
✔️ Gating k-means converged after 2 iterations
✔️ Gating k-means converged after 2 iterations
✔️ Gating k-means converged after 2 iterations
✔️ Gating k-means converged after 2 iterations
✔️ Gating k-means converged after 2 iterations
✔️ Gating k-means converged after 2 iterations
✔️ Gating k-means converged after 2 iterations
✔️ Gating k-means converged after 2 iterations
✔️ Gating k-means converged after 2 iterations
✔️ Gating k-means converged after 2 iterations
✔️ Gating k-means converged after 2 iterations
✔️ Gating k-means converged after 2 iterations
✔️ Gating k-means converged after 2 iterations
✔️ Gating k-means converged after 2 iterations
✔️ Gating k-means converged after 2 iterations
✔️ Gating k-means converged after 2 iterations
✔️ Gating k-means converged after 2 iterations
✔️ Gating k-means converged after 2 iterations
✔️ Gating k-means converged after 2 iterations
✔️ Gating k-means converged after 2 iterations
✔️ Gating k-means converged after 2 iterations
✔️ Gating k-means converged after 2 iterations
✔️ Gating k-means converged after 2 iterations
✔️ Gating k-means converged after 2 iterations
✔️ Gating k-means converged after 2 iterations
✔️ Gating k-means converged after 2 iterations
✔️ Gating k-means converged after 2 iterations
✔️ Gating k-means converged after 2 iterations
✔️ Gating k-means converged after 2 iterations
✔️ Gating k-means converged after 2 iterations
✔️ Gating k-means converged after 2 iterations
✔️ Gating k-means converged after 2 iterations
✔️ Gating k-means converged after 2 iterations
✔️ Gating k-means converged after 2 iterations
✔️ Gating k-means converged after 2 iterations
✔️ Gating k-means converged after 2 iterations
✔️ Gating k-means converged after 2 iterations
✔️ Gating k-means converged after 2 iterations
✔️ Gating k-means converged after 2 iterations
✔️ Gating k-means converged after 2 iterations
✔️ Gating k-means converged after 2 iterations
✔️ Gating k-means converged after 2 iterations
✔️ Gating k-means converged after 2 iterations
✔️ Gating k-means converged after 2 iterations
✔️ Gating k-means converged after 2 iterations
✔️ Gating k-means converged after 2 iterations
✔️ Gating k-means converged after 2 iterations
✔️ Gating k-means converged after 2 iterations
✔️ Gating k-means converged after 2 iterations
✔️ Gating k-means converged after 2 iterations
✔️ Gating k-means converged after 2 iterations
✔️ Gating k-means converged after 2 iterations
✔️ Gating k-means converged after 2 iterations
✔️ Gating k-means converged after 2 iterations
✔️ Gating k-means converged after 2 iterations
✔️ Gating k-means converged after 2 iterations
✔️ Gating k-means converged after 2 iterations
✔️ Gating k-means converged after 2 iterations
✔️ Gating k-means converged after 2 iterations
✔️ Gating k-means converged after 2 iterations
✔️ Gating k-means converged after 2 iterations
✔️ Gating k-means converged after 2 iterations
✔️ Gating k-means converged after 2 iterations
✔️ Gating k-means converged after 2 iterations
✔️ Gating k-means converged after 2 iterations
✔️ Gating k-means converged after 2 iterations
✔️ Gating k-means converged after 2 iterations
✔️ Gating k-means converged after 2 iterations
✔️ Gating k-means converged after 2 iterations
✔️ Gating k-means converged after 2 iterations
✔️ Gating k-means converged after 2 iterations
✔️ Gating k-means converged after 2 iterations
✔️ Gating k-means converged after 2 iterations
✔️ Gating k-means converged after 2 iterations
✔️ Gating k-means converged after 2 iterations
✔️ Gating k-means converged after 2 iterations
✔️ Gating k-means converged after 2 iterations
✔️ Gating k-means converged after 2 iterations
✔️ Gating k-means converged after 2 iterations
✔️ Gating k-means converged after 2 iterations
✔️ Gating k-means converged after 2 iterations
✔️ Gating k-means converged after 2 iterations
✔️ Gating k-means converged after 2 iterations
✔️ Gating k-means converged after 2 iterations
✔️ Gating k-means converged after 2 iterations
✔️ Gating k-means converged after 2 iterations
✔️ Gating k-means converged after 2 iterations
✔️ Gating k-means converged after 2 iterations
✔️ Gating k-means converged after 1 iterations
✔️ Gating k-means converged after 1 iterations
✔️ Gating k-means converged after 1 iterations
✔️ Gating k-means converged after 2 iterations
✔️ Gating k-means converged after 2 iterations
✔️ Gating k-means converged after 2 iterations
✔️ Gating k-means converged after 2 iterations
✔️ Gating k-means converged after 2 iterations
✔️ Gating k-means converged after 2 iterations
✔️ Gating k-means converged after 2 iterations
✔️ Gating k-means converged after 2 iterations
✔️ Gating k-means converged after 2 iterations
✔️ Gating k-means converged after 2 iterations
✔️ Gating k-means converged after 2 iterations
✔️ Gating k-means converged after 2 iterations
✔️ Gating k-means converged after 2 iterations
✔️ Gating k-means converged after 2 iterations
✔️ Gating k-means converged after 2 iterations
✔️ Gating k-means converged after 2 iterations
✔️ Gating k-means converged after 2 iterations
✔️ Gating k-means converged after 2 iterations
✔️ Gating k-means converged after 2 iterations
✔️ Gating k-means converged after 2 iterations
✔️ Gating k-means converged after 2 iterations
✔️ Gating k-means converged after 2 iterations
✔️ Gating k-means converged after 2 iterations
✔️ Gating k-means converged after 2 iterations
✔️ Gating k-means converged after 2 iterations
✔️ Gating k-means converged after 2 iterations
✔️ Gating k-means converged after 2 iterations
✔️ Gating k-means converged after 2 iterations
✔️ Gating k-means converged after 2 iterations
✔️ Gating k-means converged after 2 iterations
✔️ Gating k-means converged after 2 iterations
✔️ Gating k-means converged after 2 iterations
✔️ Gating k-means converged after 2 iterations
✔️ Gating k-means converged after 2 iterations
✔️ Gating k-means converged after 2 iterations
✔️ Gating k-means converged after 2 iterations
✔️ Gating k-means converged after 2 iterations
✔️ Gating k-means converged after 2 iterations
✔️ Gating k-means converged after 2 iterations
✔️ Gating k-means converged after 2 iterations
✔️ Gating k-means converged after 2 iterations
✔️ Gating k-means converged after 2 iterations
✔️ Gating k-means converged after 2 iterations
✔️ Gating k-means converged after 2 iterations
✔️ Gating k-means converged after 2 iterations
✔️ Gating k-means converged after 2 iterations
✔️ Gating k-means converged after 2 iterations
✔️ Gating k-means converged after 2 iterations
✔️ Gating k-means converged after 2 iterations
✔️ Gating k-means converged after 2 iterations
✔️ Gating k-means converged after 2 iterations
✔️ Gating k-means converged after 2 iterations
✔️ Gating k-means converged after 2 iterations
✔️ Gating k-means converged after 2 iterations
✔️ Gating k-means converged after 2 iterations
✔️ Gating k-means converged after 2 iterations
✔️ Gating k-means converged after 2 iterations
✔️ Gating k-means converged after 2 iterations
✔️ Gating k-means converged after 2 iterations
✔️ Gating k-means converged after 2 iterations
✔️ Gating k-means converged after 2 iterations
✔️ Gating k-means converged after 2 iterations
✔️ Gating k-means converged after 2 iterations
✔️ Gating k-means converged after 2 iterations
✔️ Gating k-means converged after 2 iterations
✔️ Gating k-means converged after 2 iterations
✔️ Gating k-means converged after 2 iterations
✔️ Gating k-means converged after 2 iterations
✔️ Gating k-means converged after 2 iterations
✔️ Gating k-means converged after 2 iterations
✔️ Gating k-means converged after 2 iterations
✔️ Gating k-means converged after 2 iterations
✔️ Gating k-means converged after 2 iterations
✔️ Gating k-means converged after 2 iterations
✔️ Gating k-means converged after 2 iterations
✔️ Gating k-means converged after 2 iterations
✔️ Gating k-means converged after 2 iterations
✔️ Gating k-means converged after 2 iterations
✔️ Gating k-means converged after 2 iterations
✔️ Gating k-means converged after 2 iterations
✔️ Gating k-means converged after 2 iterations
✔️ Gating k-means converged after 2 iterations
✔️ Gating k-means converged after 2 iterations
✔️ Gating k-means converged after 2 iterations
✔️ Gating k-means converged after 2 iterations
✔️ Gating k-means converged after 2 iterations
✔️ Gating k-means converged after 2 iterations
✔️ Gating k-means converged after 2 iterations
✔️ Gating k-means converged after 2 iterations
✔️ Gating k-means converged after 2 iterations
✔️ Gating k-means converged after 2 iterations
✔️ Gating k-means converged after 2 iterations
✔️ Gating k-means converged after 2 iterations
✔️ Gating k-means converged after 2 iterations
✔️ Gating k-means converged after 2 iterations
✔️ Gating k-means converged after 2 iterations
✔️ Gating k-means converged after 2 iterations
✔️ Gating k-means converged after 2 iterations
✔️ Gating k-means converged after 2 iterations
14:53:03      Epoch:   0      Batch:   0      OuterStep:  60      LossModel: 0.11666516     LossTerm2: 0.10206764     LossGates: 0.00000000      Time/Step(s): 74.5607Contributing envs to the losses:  [8 5 9 6 4]
Gate kernel values: 
 [[-1.9676647  -2.3499641  -1.1224735   1.2119901 ]
 [-1.2759532  -1.0931886  -0.5412056  -0.20982017]
 [-0.8589392  -0.09814785  0.41045702 -0.06601427]
 [-0.8375839  -3.0170488  -2.2706432  -2.4531255 ]
 [ 1.1820344   2.8529334   1.9990846   2.7753747 ]
 [ 0.7619882   0.78672194  0.34271768 -2.3267772 ]
 [-2.0428357  -1.2828745   0.594572    2.9412322 ]
 [ 0.30763966  0.5849923  -0.01630447  1.2024876 ]
 [ 1.0174557  -0.30384293 -1.7362181  -1.7442195 ]
 [ 1.4106774  -3.2010972  -1.3338968  -4.76573   ]
 [ 4.163871    3.5031605   0.25554386 -1.9164846 ]
 [ 4.9565725   3.6337898   1.7422174   2.4040143 ]
 [-1.6160356   0.17687427  1.2307698   1.2011364 ]
 [-0.3294025   1.1375011  -1.2325056  -0.47116172]
 [-6.593091   -5.445973    0.1511725  -2.8205342 ]
 [ 4.1952834   2.3390949   2.3758154  -0.9846843 ]
 [ 1.3728753   1.887849    1.356006    3.6223583 ]
 [-0.30866313 -0.778241    0.14361477 -2.319737  ]
 [ 1.4317194   0.56655246  0.35594055 -0.704678  ]
 [ 1.6233987  -0.6312001  -0.91872936 -0.3582921 ]
 [-2.0060897  -1.4487834  -0.8243005  -0.227512  ]
 [-1.8520658  -0.5668328   1.4530057  -0.44326618]
 [ 1.2737939   3.0142157   1.040762    1.1471299 ]
 [ 2.8674445   3.7454565   0.48289442  2.0273712 ]
 [-0.90702826 -1.1337684   0.84930724 -2.5969539 ]
 [ 0.97852015  2.3135269   2.2487314   2.098468  ]
 [ 0.4289722  -2.9439096  -0.5399243  -0.8694085 ]
 [ 0.14630319 -0.46757212 -0.8017605  -2.2766924 ]
 [-2.9973226  -2.106567    1.2953831   1.199244  ]
 [ 1.5260915   5.8648815   1.2630048   4.836218  ]
 [-1.1535479  -0.2630879  -0.22274868  0.34589508]
 [ 1.8187642   2.1290584   0.7290238  -0.6809084 ]
 [ 0.20991151 -1.2891127   0.08778487 -1.2886311 ]
 [-1.0562255  -1.5722989  -0.07935835 -1.5251114 ]
 [ 0.91609544  0.04966237 -0.7130552   2.0084045 ]
 [ 0.27862346 -0.76259965  0.3703966   0.5045828 ]
 [-0.36389858  0.37539276  0.06111101  1.69318   ]
 [ 0.69145775 -0.2531755  -0.2119364  -0.8316424 ]
 [ 2.2595086   0.80880016  0.26603046 -2.5719407 ]
 [-0.09812773  0.3083594  -0.74191725 -1.5567775 ]
 [-2.8146925  -2.5797641  -1.655725    0.27329966]
 [-1.5538777  -0.60672903  0.95688456  4.3056335 ]
 [ 2.6119719   2.5083718   0.71846193  2.305929  ]
 [-0.44287097  0.17137817 -1.1380117  -1.4197446 ]
 [ 0.77842426  1.7227292  -0.20124297  2.9773488 ]
 [ 0.6137766   0.6212719   0.43805507 -4.9647293 ]
 [ 0.26021734 -1.0513018  -0.5092339   0.94177026]
 [-0.77601206 -0.5975286  -0.4338068   1.3488282 ]
 [ 4.4652863   2.1814559  -1.5386466  -2.9396327 ]
 [ 2.5545928   3.2920387   1.2464817  -0.2790972 ]
 [ 0.57225335  2.967621    1.7943212   0.3524548 ]
 [-1.4610785   0.47435647  0.79827887  1.6055944 ]
 [-1.6913387  -0.9013957  -1.1708028  -2.6865778 ]
 [ 2.443702    5.4468822   3.7908328   3.9785378 ]
 [ 2.8602219  -0.34972614  0.3757005   1.6919364 ]
 [ 4.1864424   4.827521    2.8498302   2.4505475 ]
 [-1.2104685  -1.22809    -0.7567821  -0.7767571 ]
 [ 2.5570798   2.8686035   0.843756    2.269861  ]
 [-1.0123922   0.88918895  0.27712092 -0.82491714]
 [-0.7442772  -1.3426219   0.14125623  2.273054  ]
 [-2.753997   -5.6196585  -3.1262121  -2.1728685 ]
 [-2.2439044  -1.6080552  -0.9959961   0.8490458 ]
 [ 1.516387    0.9332669  -0.04058174  2.5474348 ]
 [-2.2733328  -1.2982616   1.0391173   2.8709526 ]]
The factor: how much of the new gate kernel do I used ? [0.001]
Gate values for each environment (all envs): 
 [[0.47504193 0.17506953 0.17483969 0.17504875]
 [0.1750545  0.17480886 0.17517339 0.4749633 ]
 [0.1751816  0.4752637  0.17497024 0.17458439]
 [0.47576773 0.17454953 0.17490114 0.17478156]
 [0.17477827 0.47509983 0.17495997 0.17516193]
 [0.17494844 0.47581166 0.17456074 0.17467919]
 [0.17512901 0.47547075 0.17473726 0.17466296]
 [0.17495333 0.17495337 0.17457908 0.47551414]
 [0.17498323 0.47527906 0.17503542 0.17470227]
 [0.17481072 0.47531188 0.17492336 0.17495409]
 [0.17461294 0.17506856 0.47559774 0.17472085]
 [0.4755048  0.17485414 0.17481261 0.17482853]
 [0.17467234 0.17483565 0.47542426 0.17506783]
 [0.47601336 0.17470519 0.17492181 0.17435965]
 [0.17467406 0.17460997 0.4755347  0.17518127]
 [0.47521752 0.17484303 0.17498255 0.17495686]
 [0.17478077 0.1746155  0.17500024 0.47560346]
 [0.17504185 0.17456318 0.17480993 0.475585  ]
 [0.47573206 0.17470439 0.17475465 0.17480892]
 [0.4753934  0.17493059 0.17506386 0.17461216]]
        Validation Criterion: 0.60126907
✔️ Gating k-means converged after 2 iterations
✔️ Gating k-means converged after 2 iterations
✔️ Gating k-means converged after 2 iterations
✔️ Gating k-means converged after 2 iterations
✔️ Gating k-means converged after 2 iterations
✔️ Gating k-means converged after 2 iterations
✔️ Gating k-means converged after 2 iterations
✔️ Gating k-means converged after 2 iterations
✔️ Gating k-means converged after 2 iterations
✔️ Gating k-means converged after 2 iterations
✔️ Gating k-means converged after 2 iterations
✔️ Gating k-means converged after 2 iterations
✔️ Gating k-means converged after 2 iterations
✔️ Gating k-means converged after 2 iterations
✔️ Gating k-means converged after 2 iterations
✔️ Gating k-means converged after 2 iterations
✔️ Gating k-means converged after 2 iterations
✔️ Gating k-means converged after 2 iterations
✔️ Gating k-means converged after 2 iterations
✔️ Gating k-means converged after 2 iterations
✔️ Gating k-means converged after 2 iterations
✔️ Gating k-means converged after 2 iterations
✔️ Gating k-means converged after 2 iterations
✔️ Gating k-means converged after 2 iterations
✔️ Gating k-means converged after 2 iterations
✔️ Gating k-means converged after 2 iterations
✔️ Gating k-means converged after 2 iterations
✔️ Gating k-means converged after 2 iterations
✔️ Gating k-means converged after 2 iterations
✔️ Gating k-means converged after 2 iterations
✔️ Gating k-means converged after 2 iterations
✔️ Gating k-means converged after 2 iterations
✔️ Gating k-means converged after 2 iterations
✔️ Gating k-means converged after 2 iterations
✔️ Gating k-means converged after 2 iterations
✔️ Gating k-means converged after 2 iterations
✔️ Gating k-means converged after 2 iterations
✔️ Gating k-means converged after 2 iterations
✔️ Gating k-means converged after 2 iterations
✔️ Gating k-means converged after 2 iterations
✔️ Gating k-means converged after 2 iterations
✔️ Gating k-means converged after 2 iterations
✔️ Gating k-means converged after 2 iterations
✔️ Gating k-means converged after 2 iterations
✔️ Gating k-means converged after 2 iterations
✔️ Gating k-means converged after 2 iterations
✔️ Gating k-means converged after 2 iterations
✔️ Gating k-means converged after 2 iterations
✔️ Gating k-means converged after 2 iterations
✔️ Gating k-means converged after 2 iterations
✔️ Gating k-means converged after 2 iterations
✔️ Gating k-means converged after 2 iterations
✔️ Gating k-means converged after 2 iterations
✔️ Gating k-means converged after 2 iterations
✔️ Gating k-means converged after 2 iterations
✔️ Gating k-means converged after 2 iterations
✔️ Gating k-means converged after 2 iterations
✔️ Gating k-means converged after 2 iterations
✔️ Gating k-means converged after 2 iterations
✔️ Gating k-means converged after 2 iterations
✔️ Gating k-means converged after 2 iterations
✔️ Gating k-means converged after 2 iterations
✔️ Gating k-means converged after 2 iterations
✔️ Gating k-means converged after 2 iterations
✔️ Gating k-means converged after 2 iterations
✔️ Gating k-means converged after 2 iterations
✔️ Gating k-means converged after 2 iterations
✔️ Gating k-means converged after 2 iterations
✔️ Gating k-means converged after 2 iterations
✔️ Gating k-means converged after 2 iterations
✔️ Gating k-means converged after 2 iterations
✔️ Gating k-means converged after 2 iterations
✔️ Gating k-means converged after 2 iterations
✔️ Gating k-means converged after 2 iterations
✔️ Gating k-means converged after 2 iterations
✔️ Gating k-means converged after 2 iterations
✔️ Gating k-means converged after 2 iterations
✔️ Gating k-means converged after 2 iterations
✔️ Gating k-means converged after 2 iterations
✔️ Gating k-means converged after 2 iterations
✔️ Gating k-means converged after 2 iterations
✔️ Gating k-means converged after 2 iterations
✔️ Gating k-means converged after 2 iterations
✔️ Gating k-means converged after 2 iterations
✔️ Gating k-means converged after 2 iterations
✔️ Gating k-means converged after 2 iterations
✔️ Gating k-means converged after 2 iterations
✔️ Gating k-means converged after 2 iterations
✔️ Gating k-means converged after 2 iterations
✔️ Gating k-means converged after 2 iterations
✔️ Gating k-means converged after 2 iterations
✔️ Gating k-means converged after 2 iterations
✔️ Gating k-means converged after 2 iterations
✔️ Gating k-means converged after 2 iterations
✔️ Gating k-means converged after 2 iterations
✔️ Gating k-means converged after 2 iterations
✔️ Gating k-means converged after 2 iterations
✔️ Gating k-means converged after 2 iterations
✔️ Gating k-means converged after 2 iterations
✔️ Gating k-means converged after 2 iterations
✔️ Gating k-means converged after 2 iterations
✔️ Gating k-means converged after 2 iterations
✔️ Gating k-means converged after 2 iterations
✔️ Gating k-means converged after 2 iterations
✔️ Gating k-means converged after 2 iterations
✔️ Gating k-means converged after 2 iterations
✔️ Gating k-means converged after 2 iterations
✔️ Gating k-means converged after 2 iterations
✔️ Gating k-means converged after 2 iterations
✔️ Gating k-means converged after 2 iterations
✔️ Gating k-means converged after 2 iterations
✔️ Gating k-means converged after 2 iterations
✔️ Gating k-means converged after 2 iterations
✔️ Gating k-means converged after 2 iterations
✔️ Gating k-means converged after 2 iterations
✔️ Gating k-means converged after 2 iterations
✔️ Gating k-means converged after 2 iterations
✔️ Gating k-means converged after 2 iterations
✔️ Gating k-means converged after 2 iterations
✔️ Gating k-means converged after 2 iterations
✔️ Gating k-means converged after 2 iterations
✔️ Gating k-means converged after 2 iterations
✔️ Gating k-means converged after 2 iterations
✔️ Gating k-means converged after 2 iterations
✔️ Gating k-means converged after 2 iterations
✔️ Gating k-means converged after 2 iterations
✔️ Gating k-means converged after 2 iterations
✔️ Gating k-means converged after 2 iterations
✔️ Gating k-means converged after 2 iterations
✔️ Gating k-means converged after 2 iterations
✔️ Gating k-means converged after 2 iterations
✔️ Gating k-means converged after 2 iterations
✔️ Gating k-means converged after 2 iterations
✔️ Gating k-means converged after 2 iterations
✔️ Gating k-means converged after 2 iterations
✔️ Gating k-means converged after 2 iterations
✔️ Gating k-means converged after 2 iterations
✔️ Gating k-means converged after 2 iterations
✔️ Gating k-means converged after 2 iterations
✔️ Gating k-means converged after 2 iterations
✔️ Gating k-means converged after 2 iterations
✔️ Gating k-means converged after 2 iterations
✔️ Gating k-means converged after 2 iterations
✔️ Gating k-means converged after 2 iterations
✔️ Gating k-means converged after 1 iterations
✔️ Gating k-means converged after 2 iterations
✔️ Gating k-means converged after 2 iterations
✔️ Gating k-means converged after 2 iterations
✔️ Gating k-means converged after 1 iterations
✔️ Gating k-means converged after 1 iterations
✔️ Gating k-means converged after 2 iterations
✔️ Gating k-means converged after 2 iterations
✔️ Gating k-means converged after 2 iterations
✔️ Gating k-means converged after 2 iterations
✔️ Gating k-means converged after 2 iterations
✔️ Gating k-means converged after 2 iterations
✔️ Gating k-means converged after 2 iterations
✔️ Gating k-means converged after 2 iterations
✔️ Gating k-means converged after 2 iterations
✔️ Gating k-means converged after 2 iterations
✔️ Gating k-means converged after 2 iterations
✔️ Gating k-means converged after 2 iterations
✔️ Gating k-means converged after 2 iterations
✔️ Gating k-means converged after 2 iterations
✔️ Gating k-means converged after 2 iterations
✔️ Gating k-means converged after 2 iterations
✔️ Gating k-means converged after 2 iterations
✔️ Gating k-means converged after 2 iterations
✔️ Gating k-means converged after 2 iterations
✔️ Gating k-means converged after 2 iterations
✔️ Gating k-means converged after 2 iterations
✔️ Gating k-means converged after 2 iterations
✔️ Gating k-means converged after 2 iterations
✔️ Gating k-means converged after 2 iterations
✔️ Gating k-means converged after 2 iterations
✔️ Gating k-means converged after 2 iterations
✔️ Gating k-means converged after 2 iterations
✔️ Gating k-means converged after 2 iterations
✔️ Gating k-means converged after 2 iterations
✔️ Gating k-means converged after 2 iterations
✔️ Gating k-means converged after 2 iterations
✔️ Gating k-means converged after 2 iterations
✔️ Gating k-means converged after 2 iterations
✔️ Gating k-means converged after 2 iterations
✔️ Gating k-means converged after 2 iterations
✔️ Gating k-means converged after 2 iterations
✔️ Gating k-means converged after 2 iterations
✔️ Gating k-means converged after 2 iterations
✔️ Gating k-means converged after 2 iterations
✔️ Gating k-means converged after 2 iterations
✔️ Gating k-means converged after 2 iterations
✔️ Gating k-means converged after 2 iterations
✔️ Gating k-means converged after 2 iterations
✔️ Gating k-means converged after 2 iterations
✔️ Gating k-means converged after 2 iterations
✔️ Gating k-means converged after 2 iterations
✔️ Gating k-means converged after 2 iterations
✔️ Gating k-means converged after 2 iterations
✔️ Gating k-means converged after 2 iterations
✔️ Gating k-means converged after 2 iterations
✔️ Gating k-means converged after 2 iterations
✔️ Gating k-means converged after 2 iterations
✔️ Gating k-means converged after 2 iterations
✔️ Gating k-means converged after 2 iterations
✔️ Gating k-means converged after 2 iterations
✔️ Gating k-means converged after 2 iterations
✔️ Gating k-means converged after 2 iterations
✔️ Gating k-means converged after 2 iterations
✔️ Gating k-means converged after 2 iterations
✔️ Gating k-means converged after 2 iterations
✔️ Gating k-means converged after 2 iterations
✔️ Gating k-means converged after 2 iterations
✔️ Gating k-means converged after 2 iterations
✔️ Gating k-means converged after 2 iterations
✔️ Gating k-means converged after 2 iterations
✔️ Gating k-means converged after 2 iterations
✔️ Gating k-means converged after 2 iterations
✔️ Gating k-means converged after 2 iterations
✔️ Gating k-means converged after 2 iterations
✔️ Gating k-means converged after 2 iterations
✔️ Gating k-means converged after 2 iterations
✔️ Gating k-means converged after 2 iterations
✔️ Gating k-means converged after 2 iterations
✔️ Gating k-means converged after 2 iterations
✔️ Gating k-means converged after 2 iterations
✔️ Gating k-means converged after 2 iterations
✔️ Gating k-means converged after 2 iterations
✔️ Gating k-means converged after 2 iterations
✔️ Gating k-means converged after 2 iterations
✔️ Gating k-means converged after 2 iterations
✔️ Gating k-means converged after 2 iterations
✔️ Gating k-means converged after 2 iterations
✔️ Gating k-means converged after 2 iterations
✔️ Gating k-means converged after 2 iterations
✔️ Gating k-means converged after 2 iterations
✔️ Gating k-means converged after 2 iterations
✔️ Gating k-means converged after 2 iterations
✔️ Gating k-means converged after 2 iterations
✔️ Gating k-means converged after 2 iterations
✔️ Gating k-means converged after 2 iterations
✔️ Gating k-means converged after 2 iterations
✔️ Gating k-means converged after 2 iterations
✔️ Gating k-means converged after 2 iterations
✔️ Gating k-means converged after 2 iterations
✔️ Gating k-means converged after 2 iterations
✔️ Gating k-means converged after 2 iterations
✔️ Gating k-means converged after 2 iterations
✔️ Gating k-means converged after 2 iterations
✔️ Gating k-means converged after 2 iterations
✔️ Gating k-means converged after 2 iterations
15:05:55      Epoch:   0      Batch:   0      OuterStep:  70      LossModel: 0.07951006     LossTerm2: 0.07238232     LossGates: 0.00000000      Time/Step(s): 70.5518Contributing envs to the losses:  [ 2  4  1 17 16]
Gate kernel values: 
 [[-3.000054   -3.764932   -2.168328    2.2389357 ]
 [ 0.06903575 -1.8677653  -1.2173514   0.20229906]
 [-0.83086497 -0.64440936  0.29922363 -0.5192363 ]
 [-1.478985   -1.0175897  -0.32743093 -0.11678065]
 [ 1.0284579   0.60217214  0.8125558   0.87405235]
 [-0.8049489  -0.12837304  0.36900648 -1.7807585 ]
 [-1.0337768  -1.0242729   0.668623    2.8141258 ]
 [-0.62102246 -0.03934218 -0.24927637  0.07201514]
 [ 0.16668229 -1.8045393  -2.3644848  -0.93750983]
 [ 1.7898972  -0.9988753  -0.7844587  -1.7401178 ]
 [ 2.6769392   3.7288737   0.73831034 -3.7725048 ]
 [ 2.8033037   0.4467903   1.2990776   1.42361   ]
 [-0.8657339   0.69121814  1.0394399  -0.1680898 ]
 [-1.3284757  -0.69940645 -1.8358277  -0.3584339 ]
 [-3.1150188  -0.8942122   1.6002957  -0.50111043]
 [ 3.1095562   1.8379594   2.498576   -0.195742  ]
 [ 2.3106916   1.5239267   0.5494918   3.7181637 ]
 [ 0.21874532  0.17902972  0.47782743 -0.89402175]
 [ 0.94237566  0.4097538   0.2038588  -0.7986439 ]
 [ 1.2570184  -0.01816647 -0.609491   -0.5194133 ]
 [-1.0231632   0.22610171 -0.18488069 -0.22835015]
 [-0.14217506  0.21957564  1.3497705  -0.5926854 ]
 [ 1.0607569   1.1411916   0.14043736  0.5783885 ]
 [ 2.2830343   2.7913625   0.1323319   0.00715635]
 [ 0.214081    1.1849926   1.899248   -2.0965283 ]
 [ 0.9423219   1.1069658   2.220001    2.3729663 ]
 [ 1.2693468  -0.70411605  0.5154299   0.0827567 ]
 [ 0.13787682  0.2977759  -0.23247954 -0.5650473 ]
 [-2.3677444  -1.5522525   0.7976705  -0.18552479]
 [ 1.3398435   4.21371     0.9095384   3.2443128 ]
 [-1.0644116  -0.48798853 -0.26583263 -0.21167985]
 [ 0.9166635   0.75973195  0.43807015 -1.2198266 ]
 [ 0.62216896  0.3553654   0.8078663   0.06593507]
 [-1.0755208  -0.6616558   0.237193    0.11283466]
 [ 1.3566526  -1.1318738  -1.1992064   2.6151946 ]
 [-0.6707489  -0.13111088  1.0416001   0.21285011]
 [-0.53159785  0.38670772  0.38672236  1.1231679 ]
 [ 0.46753728 -0.4534135  -0.46479407 -0.22610636]
 [ 0.72345966  0.61029875  0.37590608 -2.8292992 ]
 [-0.8320432   0.09799574 -0.60014397 -1.6252013 ]
 [-1.3119347  -2.360208   -2.242156    0.7112453 ]
 [ 0.2857859  -1.1104474   0.34830534  4.2150826 ]
 [ 0.96434486  0.24475548 -0.17727143  1.3544747 ]
 [-0.8213657   0.678715   -0.5176326  -0.49772748]
 [-0.69248843 -0.08951543 -0.4561836   1.7132397 ]
 [-0.28133053  1.9283245   1.6187469  -2.6545694 ]
 [ 1.1219976  -0.8914755  -0.7651583   0.40755898]
 [-0.69255805 -1.1715536  -0.8171862   0.4038942 ]
 [ 1.4101154   0.53933895 -1.5464637  -3.2786283 ]
 [ 1.0258801   1.9060396   1.0347165  -1.1746203 ]
 [ 0.28650057  1.6186131   1.1153952  -1.500481  ]
 [-0.63835126  0.536053    0.7051877   0.04931255]
 [-0.96283203  0.6969476  -0.19392163 -2.471719  ]
 [ 1.4575975   3.7154503   3.1244583   1.3115889 ]
 [ 1.0131949  -0.47370186  0.5174249   0.6780829 ]
 [ 3.0757492   3.8660245   2.4112318   0.9355606 ]
 [-0.5307438  -0.980139   -0.9118313   0.02656391]
 [ 2.3802493   0.54076344 -0.8059107   2.2155175 ]
 [ 0.32828203  2.3109176   0.8259346  -2.0313241 ]
 [-0.72348243 -1.4617351   0.4619803   2.5616963 ]
 [-0.12209    -1.2926635  -1.0827473   2.185725  ]
 [-1.2012719  -1.0673777  -0.8496135   1.3061891 ]
 [ 0.17230126  0.18783568  0.10873272  1.5923986 ]
 [-1.5391598  -0.4474072   0.7537383   2.5991912 ]]
The factor: how much of the new gate kernel do I used ? [0.001]
Gate values for each environment (all envs): 
 [[0.47482017 0.17508285 0.17495173 0.17514528]
 [0.17496498 0.1748763  0.17505907 0.47509974]
 [0.17485435 0.47556558 0.17476836 0.1748117 ]
 [0.4753243  0.17531803 0.17499757 0.17436013]
 [0.17506184 0.47514904 0.17502378 0.17476535]
 [0.1748441  0.47550446 0.17498304 0.17466837]
 [0.1749584  0.4746755  0.1750119  0.17535421]
 [0.17495501 0.17496085 0.1749969  0.4750873 ]
 [0.17485692 0.4757899  0.17495799 0.17439517]
 [0.17464276 0.475091   0.17515229 0.17511392]
 [0.17478888 0.1747472  0.47541615 0.17504783]
 [0.47533578 0.1750295  0.1750198  0.17461486]
 [0.1748079  0.17503425 0.4753209  0.17483695]
 [0.47548214 0.17511985 0.17464527 0.17475276]
 [0.17478465 0.17489447 0.47550568 0.17481515]
 [0.47556892 0.17501423 0.17482433 0.17459248]
 [0.17463577 0.17457236 0.17476194 0.47603   ]
 [0.17476568 0.17510192 0.1750278  0.4751045 ]
 [0.47548    0.1747256  0.1749262  0.1748682 ]
 [0.47575557 0.1751582  0.17468163 0.17440459]]
        Validation Criterion: 0.66400999
✔️ Gating k-means converged after 2 iterations
✔️ Gating k-means converged after 2 iterations
✔️ Gating k-means converged after 2 iterations
✔️ Gating k-means converged after 2 iterations
✔️ Gating k-means converged after 2 iterations
✔️ Gating k-means converged after 2 iterations
✔️ Gating k-means converged after 2 iterations
✔️ Gating k-means converged after 2 iterations
✔️ Gating k-means converged after 2 iterations
✔️ Gating k-means converged after 2 iterations
✔️ Gating k-means converged after 2 iterations
✔️ Gating k-means converged after 2 iterations
✔️ Gating k-means converged after 2 iterations
✔️ Gating k-means converged after 2 iterations
✔️ Gating k-means converged after 2 iterations
✔️ Gating k-means converged after 2 iterations
✔️ Gating k-means converged after 2 iterations
✔️ Gating k-means converged after 2 iterations
✔️ Gating k-means converged after 2 iterations
✔️ Gating k-means converged after 2 iterations
✔️ Gating k-means converged after 2 iterations
✔️ Gating k-means converged after 2 iterations
✔️ Gating k-means converged after 2 iterations
✔️ Gating k-means converged after 2 iterations
✔️ Gating k-means converged after 2 iterations
✔️ Gating k-means converged after 2 iterations
✔️ Gating k-means converged after 2 iterations
✔️ Gating k-means converged after 2 iterations
✔️ Gating k-means converged after 2 iterations
✔️ Gating k-means converged after 2 iterations
✔️ Gating k-means converged after 2 iterations
✔️ Gating k-means converged after 2 iterations
✔️ Gating k-means converged after 2 iterations
✔️ Gating k-means converged after 2 iterations
✔️ Gating k-means converged after 2 iterations
✔️ Gating k-means converged after 2 iterations
✔️ Gating k-means converged after 2 iterations
✔️ Gating k-means converged after 2 iterations
✔️ Gating k-means converged after 2 iterations
✔️ Gating k-means converged after 2 iterations
✔️ Gating k-means converged after 2 iterations
✔️ Gating k-means converged after 2 iterations
✔️ Gating k-means converged after 2 iterations
✔️ Gating k-means converged after 2 iterations
✔️ Gating k-means converged after 2 iterations
✔️ Gating k-means converged after 2 iterations
✔️ Gating k-means converged after 2 iterations
✔️ Gating k-means converged after 2 iterations
✔️ Gating k-means converged after 2 iterations
✔️ Gating k-means converged after 2 iterations
✔️ Gating k-means converged after 2 iterations
✔️ Gating k-means converged after 2 iterations
✔️ Gating k-means converged after 2 iterations
✔️ Gating k-means converged after 2 iterations
✔️ Gating k-means converged after 2 iterations
✔️ Gating k-means converged after 2 iterations
✔️ Gating k-means converged after 2 iterations
✔️ Gating k-means converged after 2 iterations
✔️ Gating k-means converged after 2 iterations
✔️ Gating k-means converged after 2 iterations
✔️ Gating k-means converged after 2 iterations
✔️ Gating k-means converged after 2 iterations
✔️ Gating k-means converged after 2 iterations
✔️ Gating k-means converged after 2 iterations
✔️ Gating k-means converged after 2 iterations
✔️ Gating k-means converged after 2 iterations
✔️ Gating k-means converged after 2 iterations
✔️ Gating k-means converged after 2 iterations
✔️ Gating k-means converged after 2 iterations
✔️ Gating k-means converged after 2 iterations
✔️ Gating k-means converged after 2 iterations
✔️ Gating k-means converged after 2 iterations
✔️ Gating k-means converged after 2 iterations
✔️ Gating k-means converged after 2 iterations
✔️ Gating k-means converged after 2 iterations
✔️ Gating k-means converged after 2 iterations
✔️ Gating k-means converged after 2 iterations
✔️ Gating k-means converged after 2 iterations
✔️ Gating k-means converged after 2 iterations
✔️ Gating k-means converged after 2 iterations
✔️ Gating k-means converged after 2 iterations
✔️ Gating k-means converged after 2 iterations
✔️ Gating k-means converged after 2 iterations
✔️ Gating k-means converged after 2 iterations
✔️ Gating k-means converged after 2 iterations
✔️ Gating k-means converged after 2 iterations
✔️ Gating k-means converged after 2 iterations
✔️ Gating k-means converged after 2 iterations
✔️ Gating k-means converged after 2 iterations
✔️ Gating k-means converged after 2 iterations
✔️ Gating k-means converged after 2 iterations
✔️ Gating k-means converged after 2 iterations
✔️ Gating k-means converged after 2 iterations
✔️ Gating k-means converged after 2 iterations
✔️ Gating k-means converged after 2 iterations
✔️ Gating k-means converged after 2 iterations
✔️ Gating k-means converged after 2 iterations
✔️ Gating k-means converged after 2 iterations
✔️ Gating k-means converged after 2 iterations
✔️ Gating k-means converged after 2 iterations
✔️ Gating k-means converged after 2 iterations
✔️ Gating k-means converged after 2 iterations
✔️ Gating k-means converged after 2 iterations
✔️ Gating k-means converged after 2 iterations
✔️ Gating k-means converged after 2 iterations
✔️ Gating k-means converged after 2 iterations
✔️ Gating k-means converged after 2 iterations
✔️ Gating k-means converged after 2 iterations
✔️ Gating k-means converged after 2 iterations
✔️ Gating k-means converged after 2 iterations
✔️ Gating k-means converged after 2 iterations
✔️ Gating k-means converged after 2 iterations
✔️ Gating k-means converged after 2 iterations
✔️ Gating k-means converged after 2 iterations
✔️ Gating k-means converged after 2 iterations
✔️ Gating k-means converged after 2 iterations
✔️ Gating k-means converged after 2 iterations
✔️ Gating k-means converged after 2 iterations
✔️ Gating k-means converged after 2 iterations
✔️ Gating k-means converged after 2 iterations
✔️ Gating k-means converged after 2 iterations
✔️ Gating k-means converged after 2 iterations
✔️ Gating k-means converged after 2 iterations
✔️ Gating k-means converged after 2 iterations
✔️ Gating k-means converged after 2 iterations
✔️ Gating k-means converged after 2 iterations
✔️ Gating k-means converged after 2 iterations
✔️ Gating k-means converged after 2 iterations
✔️ Gating k-means converged after 2 iterations
✔️ Gating k-means converged after 2 iterations
✔️ Gating k-means converged after 2 iterations
✔️ Gating k-means converged after 2 iterations
✔️ Gating k-means converged after 2 iterations
✔️ Gating k-means converged after 2 iterations
✔️ Gating k-means converged after 2 iterations
✔️ Gating k-means converged after 2 iterations
✔️ Gating k-means converged after 2 iterations
✔️ Gating k-means converged after 2 iterations
✔️ Gating k-means converged after 2 iterations
✔️ Gating k-means converged after 2 iterations
✔️ Gating k-means converged after 2 iterations
✔️ Gating k-means converged after 2 iterations
✔️ Gating k-means converged after 2 iterations
✔️ Gating k-means converged after 2 iterations
✔️ Gating k-means converged after 2 iterations
✔️ Gating k-means converged after 2 iterations
✔️ Gating k-means converged after 2 iterations
✔️ Gating k-means converged after 2 iterations
✔️ Gating k-means converged after 2 iterations
✔️ Gating k-means converged after 2 iterations
✔️ Gating k-means converged after 2 iterations
✔️ Gating k-means converged after 2 iterations
✔️ Gating k-means converged after 2 iterations
✔️ Gating k-means converged after 2 iterations
✔️ Gating k-means converged after 2 iterations
✔️ Gating k-means converged after 2 iterations
✔️ Gating k-means converged after 2 iterations
✔️ Gating k-means converged after 2 iterations
✔️ Gating k-means converged after 2 iterations
✔️ Gating k-means converged after 2 iterations
✔️ Gating k-means converged after 2 iterations
✔️ Gating k-means converged after 2 iterations
✔️ Gating k-means converged after 2 iterations
✔️ Gating k-means converged after 2 iterations
✔️ Gating k-means converged after 2 iterations
✔️ Gating k-means converged after 2 iterations
✔️ Gating k-means converged after 2 iterations
✔️ Gating k-means converged after 2 iterations
✔️ Gating k-means converged after 2 iterations
✔️ Gating k-means converged after 2 iterations
✔️ Gating k-means converged after 2 iterations
✔️ Gating k-means converged after 2 iterations
✔️ Gating k-means converged after 2 iterations
✔️ Gating k-means converged after 2 iterations
✔️ Gating k-means converged after 2 iterations
✔️ Gating k-means converged after 2 iterations
✔️ Gating k-means converged after 2 iterations
✔️ Gating k-means converged after 2 iterations
✔️ Gating k-means converged after 2 iterations
✔️ Gating k-means converged after 2 iterations
✔️ Gating k-means converged after 2 iterations
✔️ Gating k-means converged after 2 iterations
✔️ Gating k-means converged after 2 iterations
✔️ Gating k-means converged after 2 iterations
✔️ Gating k-means converged after 2 iterations
✔️ Gating k-means converged after 2 iterations
✔️ Gating k-means converged after 2 iterations
✔️ Gating k-means converged after 2 iterations
✔️ Gating k-means converged after 2 iterations
✔️ Gating k-means converged after 2 iterations
✔️ Gating k-means converged after 2 iterations
✔️ Gating k-means converged after 2 iterations
✔️ Gating k-means converged after 2 iterations
✔️ Gating k-means converged after 2 iterations
✔️ Gating k-means converged after 2 iterations
✔️ Gating k-means converged after 2 iterations
✔️ Gating k-means converged after 2 iterations
✔️ Gating k-means converged after 2 iterations
✔️ Gating k-means converged after 2 iterations
✔️ Gating k-means converged after 2 iterations
✔️ Gating k-means converged after 2 iterations
✔️ Gating k-means converged after 2 iterations
✔️ Gating k-means converged after 2 iterations
✔️ Gating k-means converged after 2 iterations
✔️ Gating k-means converged after 2 iterations
✔️ Gating k-means converged after 2 iterations
✔️ Gating k-means converged after 2 iterations
✔️ Gating k-means converged after 2 iterations
✔️ Gating k-means converged after 2 iterations
✔️ Gating k-means converged after 2 iterations
✔️ Gating k-means converged after 2 iterations
✔️ Gating k-means converged after 2 iterations
✔️ Gating k-means converged after 2 iterations
✔️ Gating k-means converged after 2 iterations
✔️ Gating k-means converged after 2 iterations
✔️ Gating k-means converged after 2 iterations
✔️ Gating k-means converged after 2 iterations
✔️ Gating k-means converged after 2 iterations
✔️ Gating k-means converged after 2 iterations
✔️ Gating k-means converged after 2 iterations
✔️ Gating k-means converged after 2 iterations
✔️ Gating k-means converged after 2 iterations
✔️ Gating k-means converged after 2 iterations
✔️ Gating k-means converged after 2 iterations
✔️ Gating k-means converged after 2 iterations
✔️ Gating k-means converged after 2 iterations
✔️ Gating k-means converged after 2 iterations
✔️ Gating k-means converged after 2 iterations
✔️ Gating k-means converged after 2 iterations
✔️ Gating k-means converged after 2 iterations
✔️ Gating k-means converged after 2 iterations
✔️ Gating k-means converged after 2 iterations
✔️ Gating k-means converged after 2 iterations
✔️ Gating k-means converged after 2 iterations
✔️ Gating k-means converged after 2 iterations
✔️ Gating k-means converged after 2 iterations
✔️ Gating k-means converged after 2 iterations
✔️ Gating k-means converged after 2 iterations
✔️ Gating k-means converged after 2 iterations
✔️ Gating k-means converged after 2 iterations
✔️ Gating k-means converged after 2 iterations
✔️ Gating k-means converged after 2 iterations
✔️ Gating k-means converged after 2 iterations
✔️ Gating k-means converged after 2 iterations
✔️ Gating k-means converged after 2 iterations
✔️ Gating k-means converged after 2 iterations
✔️ Gating k-means converged after 2 iterations
✔️ Gating k-means converged after 2 iterations
✔️ Gating k-means converged after 2 iterations
✔️ Gating k-means converged after 2 iterations
15:16:45      Epoch:   0      Batch:   0      OuterStep:  80      LossModel: 0.05235821     LossTerm2: 0.10097031     LossGates: 0.00000000      Time/Step(s): 58.9136Contributing envs to the losses:  [8 5 9 6 4]
Gate kernel values: 
 [[-1.9681696  -2.3208249  -1.586328    2.291517  ]
 [-0.2083409  -1.7533062  -0.85500634  0.9378748 ]
 [-0.4687821  -1.1682192  -0.21069337 -0.8496582 ]
 [-0.9444099  -1.7701169   0.05368573  0.85662276]
 [ 1.3949177   1.3723602   0.3615132   0.778804  ]
 [-0.20069073  0.57893914  0.48831484 -0.93447584]
 [-0.07199841 -0.68345225  0.6155432   3.4487276 ]
 [-0.07185823 -0.17094947 -0.2285262   0.48316237]
 [-0.22881003 -1.1723672  -1.3313644  -0.6708287 ]
 [ 0.07385667 -1.02544    -0.34825066 -2.5575569 ]
 [ 1.3526071   4.604689    1.2254004  -2.251998  ]
 [ 2.037151    0.18212901  1.0822812   1.7248635 ]
 [ 0.26748484  0.44924486  0.10053776 -1.4240291 ]
 [-1.4080061  -2.0427463  -2.4893734   0.76051784]
 [-0.7279002  -0.18228886  1.4540141  -2.149757  ]
 [ 1.5535059  -0.2632318   0.9858309   0.65269786]
 [ 1.6036651   1.0342544   0.27681136  1.8752846 ]
 [-0.25689295  0.01110954  0.28651088 -1.2772588 ]
 [ 0.6828312   0.5466297   0.12827618 -1.5319642 ]
 [ 0.50763243 -0.6119588  -0.49043092 -0.27719465]
 [-1.5198795  -1.3911598  -0.6217335   0.22766848]
 [ 0.64267343  0.28669077  0.80222845 -0.7331464 ]
 [-0.02721982  1.0058933   0.24572071  0.557737  ]
 [ 1.4052682   1.5243819   0.25268888  1.550332  ]
 [ 0.28144407  1.4314828   1.8340877  -1.7015086 ]
 [ 0.7970356  -0.07455876  1.3809445   1.91341   ]
 [ 1.8048582   1.1267693   1.1428263  -0.35539696]
 [-0.44197413  0.08434221 -0.24893782 -0.24458466]
 [-0.67080545 -2.0926788  -0.06944527 -0.39323434]
 [ 0.9089226   4.482508    1.2977638   2.5346425 ]
 [-0.47036827 -0.3294072  -0.3972115  -0.9567911 ]
 [ 0.3923766   1.3045543   0.8326807   0.13086258]
 [ 0.9842855   1.006109    0.9271488  -0.41628706]
 [-0.6296086  -0.41740975  0.39706632  0.48938942]
 [-0.14583479 -1.6201742  -0.69508606  2.0277355 ]
 [ 0.9777827   0.5106261   0.76306456 -0.25297612]
 [ 0.7441424   2.2936332  -0.02089399  0.5370749 ]
 [-0.25668713 -0.29657155 -0.00708336 -0.4136915 ]
 [ 0.39620084  1.3680713   0.5668771  -2.2549007 ]
 [-0.9401998   0.17181432 -0.31206256 -1.2214206 ]
 [-1.2336096  -3.0997646  -2.4562738   0.16900842]
 [ 0.18456203 -1.2472715  -0.02645632  2.330672  ]
 [ 0.5919797   0.8104839   0.39890045  1.0584264 ]
 [-1.1207006   0.36677188 -0.2807875   0.05289137]
 [ 0.42527825  0.85157347  0.0511526   1.1867152 ]
 [-0.40253824  1.8070226   1.8682319  -1.4933422 ]
 [ 0.56714994  1.162209    1.1818212  -0.75207365]
 [-0.29104242  0.70576173  0.4928161  -0.80671126]
 [ 0.18453872  0.80869275 -0.6571053  -2.112556  ]
 [ 0.20495628  1.8392749   1.1431613  -1.7220926 ]
 [-0.03595578  0.76926494  0.37186208 -1.4532158 ]
 [ 0.19707233  0.4730369   0.48741898  0.05401959]
 [ 0.46087876  1.5450425  -0.3340655  -2.4754188 ]
 [ 1.6839653   3.5306418   2.1465986   0.98745453]
 [ 2.219141    2.0710375   1.4757335  -0.28699234]
 [ 1.8796272   3.0987818   2.9765747  -1.2599117 ]
 [-0.651088   -1.3141524  -1.1669699  -0.38087487]
 [ 0.7295921  -0.28671938 -0.8664188   1.8360993 ]
 [ 0.00864832  1.3596836   0.39712906 -1.4710886 ]
 [ 0.42740527 -1.7116454   0.05148678  2.75191   ]
 [ 0.13522008 -1.0481635  -0.34612867  2.6138713 ]
 [-0.73261416 -1.1945658  -0.64752406  0.7316898 ]
 [ 0.7313188   0.33688304  0.34794924  0.8979384 ]
 [-0.831242   -0.3443071   0.16220605  1.1871731 ]]
The factor: how much of the new gate kernel do I used ? [0.001]
Gate values for each environment (all envs): 
 [[0.47565237 0.17452264 0.17467958 0.17514545]
 [0.1748222  0.17486782 0.1748826  0.4754274 ]
 [0.17482735 0.47611925 0.17483981 0.17421357]
 [0.4752998  0.17498216 0.17500377 0.17471431]
 [0.17500342 0.4754458  0.17471582 0.1748349 ]
 [0.17473653 0.47561675 0.17487401 0.17477271]
 [0.17464451 0.47577047 0.17484322 0.17474176]
 [0.17477252 0.1749661  0.1748086  0.4754527 ]
 [0.17489013 0.47535917 0.17491049 0.17484021]
 [0.17476855 0.47563633 0.1750214  0.17457366]
 [0.17487043 0.17524308 0.47529936 0.1745872 ]
 [0.47533706 0.17492995 0.17494985 0.17478314]
 [0.17495278 0.17476884 0.47513583 0.17514253]
 [0.47535312 0.17477411 0.17484684 0.17502597]
 [0.1748609  0.17483577 0.47489688 0.17540643]
 [0.47551188 0.17474313 0.17497592 0.1747691 ]
 [0.17495975 0.17491439 0.17481934 0.47530648]
 [0.17504287 0.17511633 0.17493822 0.47490257]
 [0.4755429  0.17474033 0.17482392 0.17489283]
 [0.47510943 0.17522587 0.17486992 0.17479487]]
        Validation Criterion: 0.59801000
✔️ Gating k-means converged after 2 iterations
✔️ Gating k-means converged after 2 iterations
✔️ Gating k-means converged after 2 iterations
✔️ Gating k-means converged after 2 iterations
✔️ Gating k-means converged after 2 iterations
✔️ Gating k-means converged after 2 iterations
✔️ Gating k-means converged after 2 iterations
✔️ Gating k-means converged after 2 iterations
✔️ Gating k-means converged after 2 iterations
✔️ Gating k-means converged after 2 iterations
✔️ Gating k-means converged after 2 iterations
✔️ Gating k-means converged after 2 iterations
✔️ Gating k-means converged after 2 iterations
✔️ Gating k-means converged after 2 iterations
✔️ Gating k-means converged after 2 iterations
✔️ Gating k-means converged after 2 iterations
✔️ Gating k-means converged after 2 iterations
✔️ Gating k-means converged after 2 iterations
✔️ Gating k-means converged after 2 iterations
✔️ Gating k-means converged after 2 iterations
✔️ Gating k-means converged after 2 iterations
✔️ Gating k-means converged after 2 iterations
✔️ Gating k-means converged after 2 iterations
✔️ Gating k-means converged after 2 iterations
✔️ Gating k-means converged after 2 iterations
✔️ Gating k-means converged after 2 iterations
✔️ Gating k-means converged after 2 iterations
✔️ Gating k-means converged after 2 iterations
✔️ Gating k-means converged after 2 iterations
✔️ Gating k-means converged after 2 iterations
✔️ Gating k-means converged after 2 iterations
✔️ Gating k-means converged after 2 iterations
✔️ Gating k-means converged after 2 iterations
✔️ Gating k-means converged after 2 iterations
✔️ Gating k-means converged after 2 iterations
✔️ Gating k-means converged after 2 iterations
✔️ Gating k-means converged after 2 iterations
✔️ Gating k-means converged after 2 iterations
✔️ Gating k-means converged after 2 iterations
✔️ Gating k-means converged after 2 iterations
✔️ Gating k-means converged after 2 iterations
✔️ Gating k-means converged after 2 iterations
✔️ Gating k-means converged after 2 iterations
✔️ Gating k-means converged after 2 iterations
✔️ Gating k-means converged after 2 iterations
✔️ Gating k-means converged after 2 iterations
✔️ Gating k-means converged after 2 iterations
✔️ Gating k-means converged after 2 iterations
✔️ Gating k-means converged after 2 iterations
✔️ Gating k-means converged after 2 iterations
✔️ Gating k-means converged after 2 iterations
✔️ Gating k-means converged after 2 iterations
✔️ Gating k-means converged after 2 iterations
✔️ Gating k-means converged after 2 iterations
✔️ Gating k-means converged after 2 iterations
✔️ Gating k-means converged after 2 iterations
✔️ Gating k-means converged after 2 iterations
✔️ Gating k-means converged after 2 iterations
✔️ Gating k-means converged after 2 iterations
✔️ Gating k-means converged after 2 iterations
✔️ Gating k-means converged after 2 iterations
✔️ Gating k-means converged after 2 iterations
✔️ Gating k-means converged after 2 iterations
✔️ Gating k-means converged after 2 iterations
✔️ Gating k-means converged after 2 iterations
✔️ Gating k-means converged after 2 iterations
✔️ Gating k-means converged after 2 iterations
✔️ Gating k-means converged after 2 iterations
✔️ Gating k-means converged after 2 iterations
✔️ Gating k-means converged after 2 iterations
✔️ Gating k-means converged after 2 iterations
✔️ Gating k-means converged after 2 iterations
✔️ Gating k-means converged after 2 iterations
✔️ Gating k-means converged after 2 iterations
✔️ Gating k-means converged after 2 iterations
✔️ Gating k-means converged after 2 iterations
✔️ Gating k-means converged after 2 iterations
✔️ Gating k-means converged after 2 iterations
✔️ Gating k-means converged after 2 iterations
✔️ Gating k-means converged after 2 iterations
✔️ Gating k-means converged after 2 iterations
✔️ Gating k-means converged after 2 iterations
✔️ Gating k-means converged after 2 iterations
✔️ Gating k-means converged after 2 iterations
✔️ Gating k-means converged after 2 iterations
✔️ Gating k-means converged after 2 iterations
✔️ Gating k-means converged after 2 iterations
✔️ Gating k-means converged after 2 iterations
✔️ Gating k-means converged after 2 iterations
✔️ Gating k-means converged after 2 iterations
✔️ Gating k-means converged after 2 iterations
✔️ Gating k-means converged after 2 iterations
✔️ Gating k-means converged after 2 iterations
✔️ Gating k-means converged after 2 iterations
✔️ Gating k-means converged after 2 iterations
✔️ Gating k-means converged after 2 iterations
✔️ Gating k-means converged after 2 iterations
✔️ Gating k-means converged after 2 iterations
✔️ Gating k-means converged after 2 iterations
✔️ Gating k-means converged after 2 iterations
✔️ Gating k-means converged after 2 iterations
✔️ Gating k-means converged after 2 iterations
✔️ Gating k-means converged after 2 iterations
✔️ Gating k-means converged after 2 iterations
✔️ Gating k-means converged after 2 iterations
✔️ Gating k-means converged after 2 iterations
✔️ Gating k-means converged after 2 iterations
✔️ Gating k-means converged after 2 iterations
✔️ Gating k-means converged after 2 iterations
✔️ Gating k-means converged after 2 iterations
✔️ Gating k-means converged after 2 iterations
✔️ Gating k-means converged after 2 iterations
✔️ Gating k-means converged after 2 iterations
✔️ Gating k-means converged after 2 iterations
✔️ Gating k-means converged after 2 iterations
✔️ Gating k-means converged after 2 iterations
✔️ Gating k-means converged after 2 iterations
✔️ Gating k-means converged after 2 iterations
✔️ Gating k-means converged after 2 iterations
✔️ Gating k-means converged after 2 iterations
✔️ Gating k-means converged after 2 iterations
✔️ Gating k-means converged after 2 iterations
✔️ Gating k-means converged after 2 iterations
✔️ Gating k-means converged after 2 iterations
✔️ Gating k-means converged after 2 iterations
✔️ Gating k-means converged after 2 iterations
✔️ Gating k-means converged after 2 iterations
✔️ Gating k-means converged after 2 iterations
✔️ Gating k-means converged after 2 iterations
✔️ Gating k-means converged after 2 iterations
✔️ Gating k-means converged after 2 iterations
✔️ Gating k-means converged after 2 iterations
✔️ Gating k-means converged after 2 iterations
✔️ Gating k-means converged after 2 iterations
✔️ Gating k-means converged after 2 iterations
✔️ Gating k-means converged after 2 iterations
✔️ Gating k-means converged after 2 iterations
✔️ Gating k-means converged after 2 iterations
✔️ Gating k-means converged after 2 iterations
✔️ Gating k-means converged after 2 iterations
✔️ Gating k-means converged after 2 iterations
✔️ Gating k-means converged after 2 iterations
✔️ Gating k-means converged after 2 iterations
✔️ Gating k-means converged after 2 iterations
✔️ Gating k-means converged after 2 iterations
✔️ Gating k-means converged after 2 iterations
✔️ Gating k-means converged after 2 iterations
✔️ Gating k-means converged after 2 iterations
✔️ Gating k-means converged after 2 iterations
✔️ Gating k-means converged after 2 iterations
✔️ Gating k-means converged after 1 iterations
✔️ Gating k-means converged after 2 iterations
✔️ Gating k-means converged after 2 iterations
✔️ Gating k-means converged after 2 iterations
✔️ Gating k-means converged after 2 iterations
✔️ Gating k-means converged after 2 iterations
✔️ Gating k-means converged after 2 iterations
✔️ Gating k-means converged after 2 iterations
✔️ Gating k-means converged after 2 iterations
✔️ Gating k-means converged after 2 iterations
✔️ Gating k-means converged after 2 iterations
✔️ Gating k-means converged after 2 iterations
✔️ Gating k-means converged after 2 iterations
✔️ Gating k-means converged after 2 iterations
✔️ Gating k-means converged after 2 iterations
✔️ Gating k-means converged after 2 iterations
✔️ Gating k-means converged after 2 iterations
✔️ Gating k-means converged after 2 iterations
✔️ Gating k-means converged after 2 iterations
✔️ Gating k-means converged after 2 iterations
✔️ Gating k-means converged after 2 iterations
✔️ Gating k-means converged after 2 iterations
✔️ Gating k-means converged after 2 iterations
✔️ Gating k-means converged after 2 iterations
✔️ Gating k-means converged after 2 iterations
✔️ Gating k-means converged after 2 iterations
✔️ Gating k-means converged after 2 iterations
✔️ Gating k-means converged after 2 iterations
✔️ Gating k-means converged after 2 iterations
✔️ Gating k-means converged after 2 iterations
✔️ Gating k-means converged after 2 iterations
✔️ Gating k-means converged after 2 iterations
✔️ Gating k-means converged after 2 iterations
✔️ Gating k-means converged after 2 iterations
✔️ Gating k-means converged after 2 iterations
✔️ Gating k-means converged after 2 iterations
✔️ Gating k-means converged after 2 iterations
✔️ Gating k-means converged after 2 iterations
✔️ Gating k-means converged after 2 iterations
✔️ Gating k-means converged after 2 iterations
✔️ Gating k-means converged after 2 iterations
✔️ Gating k-means converged after 2 iterations
✔️ Gating k-means converged after 2 iterations
✔️ Gating k-means converged after 2 iterations
✔️ Gating k-means converged after 2 iterations
✔️ Gating k-means converged after 2 iterations
✔️ Gating k-means converged after 2 iterations
✔️ Gating k-means converged after 2 iterations
✔️ Gating k-means converged after 2 iterations
✔️ Gating k-means converged after 2 iterations
✔️ Gating k-means converged after 2 iterations
✔️ Gating k-means converged after 2 iterations
✔️ Gating k-means converged after 2 iterations
✔️ Gating k-means converged after 2 iterations
✔️ Gating k-means converged after 2 iterations
✔️ Gating k-means converged after 2 iterations
✔️ Gating k-means converged after 2 iterations
✔️ Gating k-means converged after 2 iterations
✔️ Gating k-means converged after 2 iterations
✔️ Gating k-means converged after 2 iterations
✔️ Gating k-means converged after 2 iterations
✔️ Gating k-means converged after 2 iterations
✔️ Gating k-means converged after 2 iterations
✔️ Gating k-means converged after 2 iterations
✔️ Gating k-means converged after 2 iterations
✔️ Gating k-means converged after 2 iterations
✔️ Gating k-means converged after 2 iterations
✔️ Gating k-means converged after 2 iterations
✔️ Gating k-means converged after 2 iterations
✔️ Gating k-means converged after 2 iterations
✔️ Gating k-means converged after 2 iterations
✔️ Gating k-means converged after 2 iterations
✔️ Gating k-means converged after 2 iterations
✔️ Gating k-means converged after 2 iterations
✔️ Gating k-means converged after 2 iterations
✔️ Gating k-means converged after 2 iterations
✔️ Gating k-means converged after 2 iterations
✔️ Gating k-means converged after 2 iterations
✔️ Gating k-means converged after 2 iterations
✔️ Gating k-means converged after 2 iterations
✔️ Gating k-means converged after 2 iterations
✔️ Gating k-means converged after 2 iterations
✔️ Gating k-means converged after 2 iterations
✔️ Gating k-means converged after 2 iterations
✔️ Gating k-means converged after 2 iterations
✔️ Gating k-means converged after 2 iterations
✔️ Gating k-means converged after 2 iterations
✔️ Gating k-means converged after 2 iterations
✔️ Gating k-means converged after 2 iterations
✔️ Gating k-means converged after 2 iterations
✔️ Gating k-means converged after 2 iterations
✔️ Gating k-means converged after 2 iterations
✔️ Gating k-means converged after 2 iterations
✔️ Gating k-means converged after 2 iterations
✔️ Gating k-means converged after 2 iterations
✔️ Gating k-means converged after 2 iterations
✔️ Gating k-means converged after 2 iterations
✔️ Gating k-means converged after 2 iterations
✔️ Gating k-means converged after 2 iterations
✔️ Gating k-means converged after 2 iterations
15:26:33      Epoch:   0      Batch:   0      OuterStep:  90      LossModel: 0.03990844     LossTerm2: 0.05366547     LossGates: 0.00000000      Time/Step(s): 52.4699Contributing envs to the losses:  [18 19 15 16 11]
Gate kernel values: 
 [[-2.3030527  -1.7682295  -1.3132728   1.1494867 ]
 [-0.2012582  -1.1627489  -0.6735652  -0.00260348]
 [-0.1491019  -0.45759186  0.23461409 -0.2731649 ]
 [-0.20618135 -1.8926454  -0.25096658 -0.03026955]
 [ 0.841612    0.8441367  -0.32705787  0.926579  ]
 [ 0.02249425  1.188042    0.7878209  -0.573932  ]
 [ 0.37133756  0.20900944  0.8871275   3.7816508 ]
 [ 0.10890598  0.24474032  0.12835507  0.52599895]
 [-0.16967553 -0.7764567  -1.1787237  -1.3299886 ]
 [ 0.3641856  -1.4423598  -0.50040025 -2.8888402 ]
 [ 1.1882105   4.554096    0.9956267  -1.8882391 ]
 [ 2.3869495   0.8513285   1.3673633   1.1221563 ]
 [ 0.09601679  0.2847762   0.16815901 -0.68220717]
 [-2.239576   -3.2935343  -3.0074635   1.0743686 ]
 [ 0.1285562   0.99814206  2.1765904  -1.6103992 ]
 [ 1.3544616  -1.6288084   0.48518935  0.28627792]
 [ 1.2300401   1.78546     0.4795647   1.3211213 ]
 [-0.13675407 -0.05466461  0.25535417 -1.0820688 ]
 [ 0.57487804  0.25315446  0.1644448  -1.8357041 ]
 [ 0.4426546  -0.6056718  -0.03260419 -1.3603344 ]
 [-1.1941986  -1.4421455  -0.5019097   0.07150543]
 [ 0.6823506   0.54764324  0.7295577   0.06000667]
 [ 0.2875064   1.3840698   0.30321822  1.2280704 ]
 [ 0.8335653   1.1400075   0.25725302  1.399323  ]
 [ 0.49974942  0.80686903  1.2199486  -1.7284952 ]
 [ 1.813175    0.20791382  1.4555842   1.5068638 ]
 [ 1.7258072   0.88276774  0.93039876 -0.6675311 ]
 [-0.10718836 -0.14690202 -0.49927676  0.3994928 ]
 [-0.55818594 -1.4365325   0.37055966 -0.5381112 ]
 [ 0.8189968   5.8181186   2.161431    1.8431642 ]
 [-0.38011837  0.22845228 -0.12142701 -0.4385146 ]
 [-0.04240154  0.76798457  0.5288005   0.12809502]
 [ 0.9498748   0.77599764  0.9247911  -0.4747196 ]
 [-0.59451026 -0.41384625  0.20468476  0.08858684]
 [-0.03752253 -1.2225729  -0.65232986  1.754492  ]
 [ 1.1680459   0.6290654   0.7736098   0.06625164]
 [-0.13765508  1.6885394  -0.18495828  0.42001507]
 [-0.05418113 -0.43549222 -0.13057892 -0.74523777]
 [ 0.23518708  0.96561337  0.3276062  -2.372774  ]
 [-0.78687215  0.36019456 -0.07018037 -0.5569465 ]
 [-1.9740926  -3.5107331  -2.4207067  -0.39208323]
 [-0.02228909 -1.2590619  -0.2796949   1.5214763 ]
 [ 0.6243968   1.397129    0.7512725   1.4452492 ]
 [-0.8781664   0.68100345 -0.28153646  0.22299378]
 [-0.04730722  0.8590919   0.17072791  1.7363862 ]
 [ 0.21140656  1.7672503   1.7732116  -0.7984606 ]
 [ 0.8979713   1.6613767   1.2826619  -0.23756342]
 [-0.24978669  1.4615581   0.86697406 -1.2905971 ]
 [-0.37498903  0.24548016 -1.0086176  -2.4312727 ]
 [ 0.36668432  1.866807    1.0608139  -1.1999509 ]
 [-0.626261   -0.3669265  -0.09730295 -0.5328824 ]
 [ 0.36830935  0.77096117  0.43159974  0.49333435]
 [ 0.3418829   0.8902013  -0.4273465  -2.7102666 ]
 [ 1.6451201   3.519707    2.0824149   1.6317396 ]
 [ 2.5158987   2.415133    1.4003379  -0.503192  ]
 [ 2.2482946   3.382631    2.8928154  -1.0977987 ]
 [-0.8808379  -1.3379875  -1.2625254  -0.47610956]
 [-0.77806234 -0.55378103 -1.3059886   0.87090236]
 [ 0.08998973  1.4098281   0.2381846  -1.148194  ]
 [-0.15372287 -2.4906347  -0.4876649   1.8546346 ]
 [-0.14886472 -2.0108066  -1.1017708   2.256956  ]
 [-0.76222825 -0.8584435  -0.4445751   0.90246236]
 [ 0.42844847  1.0824699   0.6576706   0.31857616]
 [-1.135047   -1.1583037   0.09909665  1.5686871 ]]
The factor: how much of the new gate kernel do I used ? [0.001]
Gate values for each environment (all envs): 
 [[0.47522035 0.17527553 0.1749235  0.1745806 ]
 [0.17482065 0.17493263 0.1749936  0.47525316]
 [0.1748374  0.47533932 0.17475201 0.17507122]
 [0.47513583 0.17489728 0.17477013 0.17519674]
 [0.17479342 0.47577533 0.17484847 0.17458282]
 [0.17490034 0.47495973 0.17500758 0.1751324 ]
 [0.17504498 0.47484192 0.17496498 0.17514811]
 [0.17474715 0.17483261 0.174799   0.4756213 ]
 [0.17495951 0.4752908  0.17478846 0.17496121]
 [0.17507279 0.47495872 0.17494905 0.1750194 ]
 [0.17482877 0.17487161 0.47540167 0.17489797]
 [0.475648   0.17496249 0.17502251 0.17436709]
 [0.17488495 0.17502706 0.47523797 0.17485003]
 [0.47518557 0.17494594 0.17491311 0.17495534]
 [0.1747086  0.1747442  0.47550154 0.17504568]
 [0.47548482 0.17475232 0.17502715 0.17473565]
 [0.1747215  0.17490919 0.17469618 0.4756732 ]
 [0.17468002 0.17482752 0.17480823 0.4756842 ]
 [0.47540274 0.17464018 0.17482457 0.1751325 ]
 [0.47537953 0.17478396 0.17490987 0.1749266 ]]
        Validation Criterion: 0.57919109
        Saving best model so far ...
✔️ Gating k-means converged after 2 iterations
✔️ Gating k-means converged after 2 iterations
✔️ Gating k-means converged after 2 iterations
✔️ Gating k-means converged after 2 iterations
✔️ Gating k-means converged after 2 iterations
✔️ Gating k-means converged after 2 iterations
✔️ Gating k-means converged after 2 iterations
✔️ Gating k-means converged after 2 iterations
✔️ Gating k-means converged after 2 iterations
✔️ Gating k-means converged after 2 iterations
✔️ Gating k-means converged after 2 iterations
✔️ Gating k-means converged after 2 iterations
✔️ Gating k-means converged after 2 iterations
✔️ Gating k-means converged after 2 iterations
✔️ Gating k-means converged after 2 iterations
✔️ Gating k-means converged after 2 iterations
✔️ Gating k-means converged after 2 iterations
✔️ Gating k-means converged after 2 iterations
✔️ Gating k-means converged after 2 iterations
✔️ Gating k-means converged after 2 iterations
✔️ Gating k-means converged after 2 iterations
✔️ Gating k-means converged after 2 iterations
✔️ Gating k-means converged after 2 iterations
✔️ Gating k-means converged after 2 iterations
✔️ Gating k-means converged after 2 iterations
✔️ Gating k-means converged after 2 iterations
✔️ Gating k-means converged after 2 iterations
✔️ Gating k-means converged after 2 iterations
✔️ Gating k-means converged after 2 iterations
✔️ Gating k-means converged after 2 iterations
✔️ Gating k-means converged after 2 iterations
✔️ Gating k-means converged after 2 iterations
✔️ Gating k-means converged after 2 iterations
✔️ Gating k-means converged after 2 iterations
✔️ Gating k-means converged after 2 iterations
✔️ Gating k-means converged after 2 iterations
✔️ Gating k-means converged after 2 iterations
✔️ Gating k-means converged after 2 iterations
✔️ Gating k-means converged after 2 iterations
✔️ Gating k-means converged after 2 iterations
✔️ Gating k-means converged after 2 iterations
✔️ Gating k-means converged after 2 iterations
✔️ Gating k-means converged after 2 iterations
✔️ Gating k-means converged after 2 iterations
✔️ Gating k-means converged after 2 iterations
✔️ Gating k-means converged after 2 iterations
✔️ Gating k-means converged after 2 iterations
✔️ Gating k-means converged after 2 iterations
✔️ Gating k-means converged after 2 iterations
✔️ Gating k-means converged after 2 iterations
✔️ Gating k-means converged after 2 iterations
✔️ Gating k-means converged after 2 iterations
✔️ Gating k-means converged after 2 iterations
✔️ Gating k-means converged after 2 iterations
✔️ Gating k-means converged after 2 iterations
✔️ Gating k-means converged after 2 iterations
✔️ Gating k-means converged after 2 iterations
✔️ Gating k-means converged after 2 iterations
✔️ Gating k-means converged after 2 iterations
✔️ Gating k-means converged after 2 iterations
✔️ Gating k-means converged after 2 iterations
✔️ Gating k-means converged after 2 iterations
✔️ Gating k-means converged after 2 iterations
✔️ Gating k-means converged after 2 iterations
✔️ Gating k-means converged after 2 iterations
✔️ Gating k-means converged after 3 iterations
✔️ Gating k-means converged after 2 iterations
✔️ Gating k-means converged after 2 iterations
✔️ Gating k-means converged after 2 iterations
✔️ Gating k-means converged after 2 iterations
✔️ Gating k-means converged after 2 iterations
✔️ Gating k-means converged after 2 iterations
✔️ Gating k-means converged after 2 iterations
✔️ Gating k-means converged after 2 iterations
✔️ Gating k-means converged after 2 iterations
✔️ Gating k-means converged after 2 iterations
✔️ Gating k-means converged after 2 iterations
✔️ Gating k-means converged after 2 iterations
✔️ Gating k-means converged after 2 iterations
✔️ Gating k-means converged after 2 iterations
✔️ Gating k-means converged after 2 iterations
✔️ Gating k-means converged after 2 iterations
✔️ Gating k-means converged after 2 iterations
✔️ Gating k-means converged after 2 iterations
✔️ Gating k-means converged after 2 iterations
✔️ Gating k-means converged after 2 iterations
✔️ Gating k-means converged after 2 iterations
✔️ Gating k-means converged after 2 iterations
✔️ Gating k-means converged after 2 iterations
✔️ Gating k-means converged after 2 iterations
✔️ Gating k-means converged after 2 iterations
✔️ Gating k-means converged after 2 iterations
✔️ Gating k-means converged after 2 iterations
✔️ Gating k-means converged after 2 iterations
✔️ Gating k-means converged after 2 iterations
✔️ Gating k-means converged after 2 iterations
✔️ Gating k-means converged after 2 iterations
✔️ Gating k-means converged after 2 iterations
✔️ Gating k-means converged after 2 iterations
✔️ Gating k-means converged after 2 iterations
✔️ Gating k-means converged after 2 iterations
✔️ Gating k-means converged after 2 iterations
✔️ Gating k-means converged after 2 iterations
✔️ Gating k-means converged after 2 iterations
✔️ Gating k-means converged after 2 iterations
✔️ Gating k-means converged after 2 iterations
✔️ Gating k-means converged after 2 iterations
✔️ Gating k-means converged after 2 iterations
✔️ Gating k-means converged after 2 iterations
✔️ Gating k-means converged after 2 iterations
✔️ Gating k-means converged after 2 iterations
✔️ Gating k-means converged after 2 iterations
✔️ Gating k-means converged after 2 iterations
✔️ Gating k-means converged after 2 iterations
✔️ Gating k-means converged after 2 iterations
✔️ Gating k-means converged after 2 iterations
✔️ Gating k-means converged after 2 iterations
✔️ Gating k-means converged after 2 iterations
✔️ Gating k-means converged after 2 iterations
✔️ Gating k-means converged after 2 iterations
✔️ Gating k-means converged after 2 iterations
✔️ Gating k-means converged after 2 iterations
✔️ Gating k-means converged after 2 iterations
✔️ Gating k-means converged after 2 iterations
✔️ Gating k-means converged after 2 iterations
✔️ Gating k-means converged after 2 iterations
✔️ Gating k-means converged after 2 iterations
✔️ Gating k-means converged after 2 iterations
✔️ Gating k-means converged after 2 iterations
✔️ Gating k-means converged after 2 iterations
✔️ Gating k-means converged after 2 iterations
✔️ Gating k-means converged after 2 iterations
✔️ Gating k-means converged after 2 iterations
✔️ Gating k-means converged after 2 iterations
✔️ Gating k-means converged after 2 iterations
✔️ Gating k-means converged after 2 iterations
✔️ Gating k-means converged after 2 iterations
✔️ Gating k-means converged after 2 iterations
✔️ Gating k-means converged after 2 iterations
✔️ Gating k-means converged after 2 iterations
✔️ Gating k-means converged after 2 iterations
✔️ Gating k-means converged after 2 iterations
✔️ Gating k-means converged after 2 iterations
✔️ Gating k-means converged after 2 iterations
✔️ Gating k-means converged after 2 iterations
✔️ Gating k-means converged after 2 iterations
✔️ Gating k-means converged after 2 iterations
✔️ Gating k-means converged after 2 iterations
✔️ Gating k-means converged after 2 iterations
✔️ Gating k-means converged after 2 iterations
✔️ Gating k-means converged after 2 iterations
✔️ Gating k-means converged after 2 iterations
✔️ Gating k-means converged after 2 iterations
✔️ Gating k-means converged after 2 iterations
✔️ Gating k-means converged after 2 iterations
✔️ Gating k-means converged after 2 iterations
✔️ Gating k-means converged after 2 iterations
✔️ Gating k-means converged after 2 iterations
✔️ Gating k-means converged after 2 iterations
✔️ Gating k-means converged after 2 iterations
✔️ Gating k-means converged after 2 iterations
✔️ Gating k-means converged after 2 iterations
✔️ Gating k-means converged after 2 iterations
✔️ Gating k-means converged after 2 iterations
✔️ Gating k-means converged after 2 iterations
✔️ Gating k-means converged after 2 iterations
✔️ Gating k-means converged after 2 iterations
✔️ Gating k-means converged after 2 iterations
✔️ Gating k-means converged after 2 iterations
✔️ Gating k-means converged after 2 iterations
✔️ Gating k-means converged after 2 iterations
✔️ Gating k-means converged after 2 iterations
✔️ Gating k-means converged after 2 iterations
✔️ Gating k-means converged after 2 iterations
✔️ Gating k-means converged after 2 iterations
✔️ Gating k-means converged after 2 iterations
✔️ Gating k-means converged after 2 iterations
✔️ Gating k-means converged after 2 iterations
✔️ Gating k-means converged after 2 iterations
✔️ Gating k-means converged after 2 iterations
✔️ Gating k-means converged after 2 iterations
✔️ Gating k-means converged after 2 iterations
✔️ Gating k-means converged after 2 iterations
✔️ Gating k-means converged after 2 iterations
✔️ Gating k-means converged after 2 iterations
✔️ Gating k-means converged after 2 iterations
✔️ Gating k-means converged after 2 iterations
✔️ Gating k-means converged after 2 iterations
✔️ Gating k-means converged after 2 iterations
✔️ Gating k-means converged after 2 iterations
✔️ Gating k-means converged after 2 iterations
✔️ Gating k-means converged after 2 iterations
✔️ Gating k-means converged after 2 iterations
✔️ Gating k-means converged after 2 iterations
✔️ Gating k-means converged after 2 iterations
✔️ Gating k-means converged after 2 iterations
✔️ Gating k-means converged after 2 iterations
✔️ Gating k-means converged after 2 iterations
✔️ Gating k-means converged after 2 iterations
✔️ Gating k-means converged after 2 iterations
✔️ Gating k-means converged after 2 iterations
✔️ Gating k-means converged after 2 iterations
✔️ Gating k-means converged after 2 iterations
✔️ Gating k-means converged after 2 iterations
✔️ Gating k-means converged after 2 iterations
✔️ Gating k-means converged after 2 iterations
✔️ Gating k-means converged after 2 iterations
✔️ Gating k-means converged after 2 iterations
✔️ Gating k-means converged after 2 iterations
✔️ Gating k-means converged after 2 iterations
✔️ Gating k-means converged after 2 iterations
✔️ Gating k-means converged after 2 iterations
✔️ Gating k-means converged after 2 iterations
✔️ Gating k-means converged after 2 iterations
✔️ Gating k-means converged after 2 iterations
✔️ Gating k-means converged after 2 iterations
✔️ Gating k-means converged after 2 iterations
✔️ Gating k-means converged after 2 iterations
✔️ Gating k-means converged after 2 iterations
✔️ Gating k-means converged after 2 iterations
✔️ Gating k-means converged after 2 iterations
✔️ Gating k-means converged after 2 iterations
✔️ Gating k-means converged after 2 iterations
✔️ Gating k-means converged after 2 iterations
✔️ Gating k-means converged after 2 iterations
✔️ Gating k-means converged after 2 iterations
✔️ Gating k-means converged after 2 iterations
✔️ Gating k-means converged after 2 iterations
✔️ Gating k-means converged after 2 iterations
✔️ Gating k-means converged after 2 iterations
✔️ Gating k-means converged after 2 iterations
✔️ Gating k-means converged after 2 iterations
✔️ Gating k-means converged after 2 iterations
✔️ Gating k-means converged after 2 iterations
✔️ Gating k-means converged after 2 iterations
✔️ Gating k-means converged after 2 iterations
✔️ Gating k-means converged after 2 iterations
✔️ Gating k-means converged after 2 iterations
✔️ Gating k-means converged after 2 iterations
✔️ Gating k-means converged after 2 iterations
✔️ Gating k-means converged after 2 iterations
✔️ Gating k-means converged after 2 iterations
✔️ Gating k-means converged after 2 iterations
✔️ Gating k-means converged after 2 iterations
✔️ Gating k-means converged after 2 iterations
✔️ Gating k-means converged after 2 iterations
✔️ Gating k-means converged after 2 iterations
✔️ Gating k-means converged after 2 iterations
✔️ Gating k-means converged after 2 iterations
✔️ Gating k-means converged after 2 iterations
15:34:41      Epoch:   0      Batch:   0      OuterStep: 100      LossModel: 0.04812479     LossTerm2: 0.05357553     LossGates: 0.00000000      Time/Step(s): 47.9488Contributing envs to the losses:  [19 18 16 15 13]
Gate kernel values: 
 [[ 0.9669694   1.9840487   0.90949565  0.6786798 ]
 [ 0.32066816 -0.8896998  -0.3822099  -0.12237068]
 [ 0.6465349   0.44594333  0.912956    0.23673189]
 [-2.4518979  -4.2265716  -2.02589    -0.47025907]
 [ 1.3920821   1.777059    0.10078748  2.0619466 ]
 [ 0.7374086   1.5833099   0.7678394   0.43891853]
 [ 3.3830385   0.48481724  0.80522    -0.68409145]
 [ 0.9574532   0.81278324  0.46544385 -0.21022694]
 [ 0.9761228   1.9554708   0.8946238   0.88334215]
 [-1.7496835  -0.22362307  0.24752162  0.32897717]
 [-0.5149586   2.2404091  -0.2587858   0.95920914]
 [ 2.9899485   0.78560764  0.8601091   0.25012106]
 [-1.0333757  -0.049267   -0.4559681  -0.11707633]
 [-0.4421508  -2.9622018  -1.9504042  -1.7212288 ]
 [-0.29628852  0.39851168  0.79275227 -1.0397286 ]
 [ 2.606418   -1.6582657  -0.07383395 -0.10818481]
 [ 1.7850124   2.0553775   0.2846867   0.33406812]
 [-1.054953   -0.60192525 -0.24423747  0.00854446]
 [-0.8478143   0.36413413  0.13669117  0.23983604]
 [ 0.18255022  0.19078879  0.21554539 -0.09630454]
 [-0.9449072  -3.0205054  -0.9642246  -1.9541988 ]
 [ 1.2400513   1.8685147   1.2445651   0.42910826]
 [ 0.22039185  0.422917   -0.4560231   0.09185111]
 [-1.4354254  -2.1864955  -0.14834872 -0.5299847 ]
 [-1.4489954  -0.18005826 -0.05050917  0.49612662]
 [ 1.3742166  -1.0659515   0.02708278  0.38191834]
 [ 0.4590697   0.8627676   1.5624077   0.4994026 ]
 [-0.6877401  -2.4169781  -1.8653324  -0.532802  ]
 [ 0.03356518 -0.9828295   0.45247674  0.10904686]
 [ 1.8181047   5.2004066   2.1048946   1.1220037 ]
 [-0.36361074 -0.44707674 -0.2335616  -0.243628  ]
 [-0.55860674  0.5740263   0.32816458  0.30504337]
 [ 0.45858094  1.5972565   1.0733995   0.24467188]
 [-0.48673913 -0.7401367   0.05027841 -0.08826432]
 [ 0.6456183  -0.12055355  0.00083274 -0.19834746]
 [ 0.50791967 -0.84227175 -0.42744488  0.6006533 ]
 [ 1.0711354   2.0356047  -0.4735382   1.1974032 ]
 [-0.61984783 -0.01586364  0.03378827 -0.1299531 ]
 [-1.6859761   1.0575339  -0.2163022   0.99685997]
 [-0.42187586  0.4565585   0.33200982 -0.17312373]
 [-1.315036   -2.6118855  -1.0145324  -0.42647213]
 [ 0.88728154 -0.6447119  -0.17112783  0.436069  ]
 [ 1.0185558   1.2848331   0.25243816  0.6874591 ]
 [-0.4236807   1.1251401   0.56964695 -0.04953319]
 [ 0.9705479   1.1067909   0.24958548 -0.17384063]
 [-1.2102696   0.7560406   0.6046315   0.12131153]
 [-1.8812699  -0.39727747  0.02378157 -1.2801077 ]
 [-0.52308667  3.3142128   1.9117997   0.7813756 ]
 [-0.8380605   0.9182974   0.00556535 -0.14354952]
 [-1.3843727   0.40550265 -0.02752407  0.5403172 ]
 [-0.9292125  -0.7098274  -0.319358   -0.71234745]
 [ 0.58159614  0.7987341   0.1740887  -0.12141392]
 [ 0.02326113  2.984294    1.0188159   0.46429935]
 [-1.0808624  -1.8875904  -2.0063667   0.47794068]
 [-1.1214689  -0.18100971 -0.26977733  1.6386096 ]
 [ 0.46553785  1.7941182   1.6960174   0.6623055 ]
 [-0.07207194 -0.22298491 -0.32025173 -0.20344238]
 [ 0.8466148   0.9913801   0.45225593  0.524932  ]
 [-1.7157183   0.29410452 -0.7280998   0.1723817 ]
 [ 2.1874075  -1.096272    0.16697963 -0.09860958]
 [ 0.41372594 -1.766241   -0.43384215 -0.24168256]
 [-0.48263294 -0.7290526  -0.41109136  0.23486224]
 [ 0.4374849   0.26677275  0.01706579  0.13597347]
 [-1.2641801  -1.9833016  -0.7604838  -0.7349826 ]]
The factor: how much of the new gate kernel do I used ? [0.001]
Gate values for each environment (all envs): 
 [[0.4753974  0.1748428  0.17472696 0.17503285]
 [0.17470588 0.17506067 0.17482255 0.47541082]
 [0.1749605  0.47554272 0.17493129 0.17456554]
 [0.4752341  0.17487645 0.1748976  0.17499177]
 [0.17504092 0.475061   0.17502041 0.17487763]
 [0.17509831 0.47504497 0.17493875 0.17491794]
 [0.175152   0.47458002 0.17506339 0.17520463]
 [0.17463277 0.1750029  0.17498797 0.47537628]
 [0.1751976  0.47467244 0.17511036 0.17501959]
 [0.17507601 0.47501913 0.17499225 0.17491256]
 [0.17469649 0.17509353 0.47520533 0.17500453]
 [0.47540712 0.17489438 0.17482482 0.17487374]
 [0.17468087 0.17497745 0.4755293  0.17481235]
 [0.47518164 0.17476258 0.17515719 0.17489861]
 [0.17481807 0.17502044 0.4752164  0.1749451 ]
 [0.47523195 0.17503291 0.1748469  0.17488825]
 [0.47541928 0.17490724 0.17491664 0.1747569 ]
 [0.47553012 0.17469186 0.1749518  0.17482617]
 [0.47552732 0.17473759 0.17482631 0.1749088 ]
 [0.47557577 0.17466013 0.17480314 0.17496093]]
        Validation Criterion: 0.44825050
