
############# Contextual Self-Modulation #############

Jax version: 0.4.35
Available devices: [CudaDevice(id=0)]
Created a new run folder at: ./runs/250113-124059/
Completed copied scripts 
Created a new adaptation folder at: ./runs/250113-124059/adapt/
Created a new checkpoints folder at: ./runs/250113-124059/checkpoints/
Created a new data folder at: ./runs/250113-124059/data/
Copied the data generation scripts
/home/benchmarking/ddrous.benchmarking/miniforge3/envs/jaxgpu/lib/python3.12/multiprocessing/popen_fork.py:66: RuntimeWarning: os.fork() was called. os.fork() is incompatible with multithreaded code, and JAX is multithreaded, so this will likely lead to a deadlock.
  self.pid = os.fork()
Shapes of data and t_eval: (20, 4, 20, 2) (20, 20)

Using 5 environments to estimate the global training loss function ...


Total number of parameters in the model: 761921
Total number of parameters in one context: 256

Loading model and results from ./runs/250113-124059/ folder ...

WARNING: No training history found at all. Using tens.
WARNING: No validation history found at all. Using ten.
WARNING: No optimiser state found in the provided path.
No checkpoints or error when attempting to load training configs - '[Errno 2] No such file or directory: 'runs/250113-124059/model.eqx'' - Starting from scratch ...


=== Beginning Meta-Training ... ===
    Number of examples in a batch along envs: 20
    Maximum number of batches (along envs): 1
    Total number of epochs: 1
    Number of outer minimizations: 300
    Maximum numbers of inner steps per outer minimizations: (12, 12)
    Training on 1 batches
    Validating on 1 batches
     ### Compiling function "train_step" for the contexts ...  
🔁 Cluster 3 is empty. Skipping gating least squares and waiting for next turn.
✔️ Gating k-means converged after 3 iterations
Average expert losses per cluster: 
[[0.996565   0.996565   0.996565   0.996565  ]
 [1.4607203  1.4607203  1.4607203  1.4607203 ]
 [0.57864124 0.57864124 0.57864124 0.57864124]
 [1.1244397  1.1244397  1.1244397  1.1244397 ]]

✔️ Gating k-means converged after 3 iterations
Average expert losses per cluster: 
[[0.81849664 0.81849664 0.81849664 0.81849664]
 [1.2882563  1.2882563  1.2882563  1.2882563 ]
 [0.7061909  0.7061909  0.7061909  0.7061909 ]
 [1.2615594  1.2615594  1.2615594  1.2615594 ]]

     ### Compiling function "train_step" for the model ...  
✔️ Gating k-means converged after 2 iterations
Average expert losses per cluster: 
[[0.75931466 0.7803725  0.7803725  0.7892505 ]
 [1.317247   1.2882601  1.2882601  1.2756646 ]
 [0.74755925 0.7061826  0.7061826  0.74748284]
 [1.165488   1.2110742  1.2110742  1.1708112 ]]

✔️ Gating k-means converged after 1 iterations
Average expert losses per cluster: 
[[0.66179043 0.8202874  0.74862826 0.9780639 ]
 [1.5034099  1.2815905  1.3349632  1.0931077 ]
 [0.8215868  0.5925461  0.7672763  0.8148881 ]
 [1.1029459  1.3592856  1.1455714  1.1872965 ]]

✔️ Gating k-means converged after 1 iterations
Average expert losses per cluster: 
[[0.58718675 0.9328537  0.72285897 1.6313975 ]
 [1.7934145  1.2495883  1.434195   0.80052805]
 [0.9288314  0.5130433  0.904267   1.0091841 ]
 [1.0888238  1.5354022  1.0404667  1.5106679 ]]

12:43:03      Epoch:   0      Batch:   0      OuterStep:   0      LossModel: 3.99862432     LossTerm2: 0.00319395     LossGates: 0.00000000      Time/Step(s): 119.2747Contributing envs to the losses:  [5 6 8 7 9]
Gate values for each environment (all envs): 
 [[0.4782267  0.17334315 0.17656283 0.17186731]
 [0.17173313 0.49191564 0.16196923 0.17438194]
 [0.20831254 0.43536627 0.18194921 0.17437199]
 [0.1712581  0.17888086 0.47833735 0.17152357]
 [0.18098894 0.1790587  0.4618361  0.17811629]
 [0.16398144 0.15947172 0.18958448 0.48696235]
 [0.17789403 0.16720416 0.17198895 0.48291287]
 [0.1782452  0.18462336 0.1659571  0.47117433]
 [0.18027431 0.1764474  0.16126868 0.48200962]
 [0.17773394 0.17099074 0.16471568 0.48655966]
 [0.17798403 0.46077582 0.1754549  0.18578522]
 [0.1746798  0.19601382 0.18651868 0.44278768]
 [0.42692164 0.2018356  0.18668924 0.1845535 ]
 [0.18723467 0.18627086 0.4385549  0.18793955]
 [0.17788377 0.48082063 0.17055124 0.17074442]
 [0.47947145 0.18039781 0.16815424 0.17197643]
 [0.49414945 0.1686073  0.16357255 0.1736707 ]
 [0.16359589 0.18133359 0.47499335 0.18007712]
 [0.45026124 0.18718022 0.18014847 0.1824101 ]
 [0.19784981 0.18275268 0.43905732 0.18034026]]
✔️ Gating k-means converged after 1 iterations
Average expert losses per cluster: 
[[0.57980084 0.96598023 0.73023206 1.9991051 ]
 [1.8661131  1.2409052  1.4501488  0.74753046]
 [0.959298   0.5002838  0.94288945 1.1601412 ]
 [1.0925869  1.5775769  1.0180255  1.721774  ]]

✔️ Gating k-means converged after 3 iterations
Average expert losses per cluster: 
[[0.77793276 1.3082969  0.94832134 2.2418165 ]
 [2.1087236  1.4401803  1.6585059  0.81369185]
 [0.96235746 0.45051414 0.8950618  1.0241024 ]
 [1.0430627  1.2681212  0.8937713  1.3573669 ]]

✔️ Gating k-means converged after 2 iterations
Average expert losses per cluster: 
[[0.7593075  1.3085494  0.91541755 2.1285644 ]
 [2.1085289  1.4401525  1.6584806  0.8124129 ]
 [0.9624481  0.45046124 0.89511406 1.0244677 ]
 [1.2080058  1.2476019  0.9240233  1.111555  ]]

✔️ Gating k-means converged after 1 iterations
Average expert losses per cluster: 
[[0.7459424  1.3370823  0.92224914 2.5382662 ]
 [2.178046   1.4071466  1.6511891  0.7565628 ]
 [0.99676895 0.44631663 0.92198163 1.2305369 ]
 [1.2475934  1.240962   0.90991145 1.3490864 ]]

✔️ Gating k-means converged after 1 iterations
Average expert losses per cluster: 
[[0.7260653  1.37729    1.0153531  6.1858034 ]
 [2.775742   1.3688581  1.6049825  1.5144929 ]
 [1.4155768  0.43644777 1.1180357  3.558338  ]
 [1.5514653  1.2436054  0.84839493 4.5165625 ]]

✔️ Gating k-means converged after 1 iterations
Average expert losses per cluster: 
[[0.776262   1.5011604  1.0631753  2.7368515 ]
 [2.9163673  1.2366543  1.5237044  0.7454437 ]
 [1.5396489  0.43717772 1.0843376  1.4014682 ]
 [1.5599325  1.2342347  0.82359076 1.5253623 ]]

✔️ Gating k-means converged after 1 iterations
Average expert losses per cluster: 
[[0.75474256 1.5156761  1.0559146  2.4104831 ]
 [2.8299932  1.2136427  1.5084753  0.7608394 ]
 [1.4567057  0.43893763 1.0423769  1.2213528 ]
 [1.507479   1.2313061  0.82244456 1.3059396 ]]

✔️ Gating k-means converged after 2 iterations
Average expert losses per cluster: 
[[0.7247435  1.5389335  1.0736692  2.409586  ]
 [2.8295622  1.2133353  1.5084438  0.76007533]
 [1.4567778  0.43890148 1.0423902  1.2208033 ]
 [1.3927264  1.2600241  0.84776765 1.5257521 ]]

✔️ Gating k-means converged after 2 iterations
Average expert losses per cluster: 
[[0.72469395 1.5388349  1.0736483  2.4089017 ]
 [2.8291736  1.2129519  1.5084138  0.75910586]
 [1.4568504  0.4389228  1.0423659  1.2187697 ]
 [1.3924602  1.2599604  0.8476512  1.5247544 ]]

✔️ Gating k-means converged after 1 iterations
Average expert losses per cluster: 
[[0.7137605 1.5522902 1.071862  2.187292 ]
 [2.758424  1.1911546 1.4943391 0.7886434]
 [1.3900347 0.4409239 1.0085337 1.0958073]
 [1.3512362 1.2608668 0.8451199 1.359785 ]]

✔️ Gating k-means converged after 1 iterations
Average expert losses per cluster: 
[[0.69417876 1.6347206  1.0510242  1.6767039 ]
 [2.4428425  1.0936393  1.4739896  0.949731  ]
 [1.0869378  0.453724   0.87068385 0.83817714]
 [1.2017502  1.2928387  0.85518926 1.0453976 ]]

✔️ Gating k-means converged after 1 iterations
Average expert losses per cluster: 
[[0.68194664 1.6467574  1.0208144  1.5220888 ]
 [2.5118148  1.0481035  1.5107646  1.0365956 ]
 [1.0300156  0.46676603 0.79989815 0.76737857]
 [1.2296761  1.2663834  0.8845536  0.9796473 ]]

✔️ Gating k-means converged after 1 iterations
Average expert losses per cluster: 
[[0.6760967  1.6355355  1.0168804  1.508599  ]
 [2.5679522  1.0474267  1.5172575  1.0452682 ]
 [1.0322764  0.46826044 0.7917082  0.76062787]
 [1.2512019  1.248502   0.88974994 0.9752183 ]]

✔️ Gating k-means converged after 2 iterations
Average expert losses per cluster: 
[[0.6760781  1.6351422  1.0168811  1.5085192 ]
 [2.5680099  1.046134   1.5172238  1.0449725 ]
 [1.0321908  0.46792704 0.79173684 0.76056635]
 [1.2511768  1.2477003  0.8897503  0.9750501 ]]

✔️ Gating k-means converged after 2 iterations
Average expert losses per cluster: 
[[0.7308667  1.54238    1.0323083  1.4845729 ]
 [2.4973748  1.0523928  1.4689953  1.0195388 ]
 [1.0254579  0.33638763 0.7084866  0.6152042 ]
 [1.0104406  1.2882774  0.793134   0.9888921 ]]

✔️ Gating k-means converged after 1 iterations
Average expert losses per cluster: 
[[0.7272842  1.5020871  1.0283103  1.4734108 ]
 [2.5515542  1.0723675  1.4752867  1.0270505 ]
 [1.0259942  0.32946    0.70196295 0.6102873 ]
 [1.0217849  1.2430608  0.7967615  0.982636  ]]

✔️ Gating k-means converged after 1 iterations
Average expert losses per cluster: 
[[0.7296108  1.3873916  1.0164751  1.4538144 ]
 [2.8054626  1.1432644  1.4934661  1.0393445 ]
 [0.9772415  0.31769562 0.69874644 0.6141078 ]
 [1.0142308  1.1147265  0.80081594 0.96757936]]

✔️ Gating k-means converged after 1 iterations
Average expert losses per cluster: 
[[0.8152907  1.3434861  1.0133208  1.4709754 ]
 [2.437538   1.179311   1.498209   1.0252514 ]
 [0.71819556 0.2940948  0.736001   0.6279937 ]
 [0.8058128  1.08114    0.7859932  0.9761935 ]]

✔️ Gating k-means converged after 1 iterations
Average expert losses per cluster: 
[[0.83561313 1.3124206  1.013582   1.4763478 ]
 [2.3971431  1.1908567  1.498432   1.0210608 ]
 [0.6779667  0.29296482 0.7433401  0.63096917]
 [0.7844947  1.0528586  0.7834998  0.97946525]]

✔️ Gating k-means converged after 2 iterations
Average expert losses per cluster: 
[[0.87115115 1.2349741  1.0421052  1.4630747 ]
 [2.3971689  1.190361   1.4984028  1.0208412 ]
 [0.530738   0.15844238 0.5772002  0.38418648]
 [0.7845142  1.0527426  0.7834865  0.97939575]]

✔️ Gating k-means converged after 2 iterations
Average expert losses per cluster: 
[[0.8711297  1.2346907  1.0420998  1.4629475 ]
 [2.3971915  1.1900654  1.498391   1.0206718 ]
 [0.53075    0.15840773 0.5771811  0.38419807]
 [0.78445005 1.0526512  0.7834744  0.9793222 ]]

✔️ Gating k-means converged after 1 iterations
Average expert losses per cluster: 
[[0.88465804 1.2119288  1.0415504  1.4678364 ]
 [2.3621316  1.1992716  1.5005951  1.0168703 ]
 [0.49335513 0.16029595 0.5828583  0.38642916]
 [0.76747346 1.0357788  0.78176445 0.98232675]]

✔️ Gating k-means converged after 1 iterations
Average expert losses per cluster: 
[[0.90844136 1.128108   1.0453781  1.5343701 ]
 [2.2248974  1.233796   1.5067664  0.9724526 ]
 [0.35870868 0.16802815 0.61660457 0.43676317]
 [0.71443564 0.97619605 0.77247727 1.0190122 ]]

✔️ Gating k-means converged after 1 iterations
Average expert losses per cluster: 
[[0.77918863 1.0192771  1.0421492  1.6006994 ]
 [2.1292217  1.2597756  1.5213529  0.93572086]
 [0.26156014 0.18206698 0.6432782  0.49541053]
 [0.69401413 0.9010924  0.7674557  1.062084  ]]

✔️ Gating k-means converged after 1 iterations
Average expert losses per cluster: 
[[0.76137155 1.0030091  1.0418079  1.6111957 ]
 [2.1191986  1.2589787  1.5223176  0.93046206]
 [0.25189146 0.17931378 0.6450522  0.5054178 ]
 [0.6972945  0.89368224 0.76691794 1.0694494 ]]

✔️ Gating k-means converged after 2 iterations
Average expert losses per cluster: 
[[0.76131845 1.0027794  1.041829   1.6109692 ]
 [2.1191778  1.2586448  1.5223067  0.93023986]
 [0.25188452 0.17918566 0.6450542  0.5054827 ]
 [0.6972907  0.89364326 0.7668698  1.0694393 ]]

✔️ Gating k-means converged after 2 iterations
Average expert losses per cluster: 
[[0.7612755  1.0023773  1.0418484  1.6106615 ]
 [2.1191325  1.2583662  1.522307   0.93005717]
 [0.25189388 0.17896156 0.6450166  0.5056072 ]
 [0.69722795 0.89361453 0.7668416  1.0693569 ]]

✔️ Gating k-means converged after 2 iterations
Average expert losses per cluster: 
[[0.743757   0.9874771  1.0415177  1.6203715 ]
 [2.1046107  1.2577024  1.5232257  0.92534155]
 [0.24542736 0.17655605 0.646627   0.51505995]
 [0.70452154 0.8869728  0.7663683  1.0763018 ]]

✔️ Gating k-means converged after 1 iterations
Average expert losses per cluster: 
[[0.6991559  0.8892214  1.0401129  1.6903783 ]
 [2.0688481  1.3072652  1.5260437  0.88748306]
 [0.2701025  0.17465892 0.6506782  0.5545091 ]
 [0.76899624 0.80784917 0.76491094 1.1410234 ]]

✔️ Gating k-means converged after 1 iterations
Average expert losses per cluster: 
[[0.67569363 0.7923285  1.0445762  1.8136197 ]
 [2.1187882  1.471177   1.52076    0.82986546]
 [0.33519053 0.17633307 0.65387714 0.62477106]
 [0.8148122  0.7196212  0.762752   1.2709758 ]]

✔️ Gating k-means converged after 2 iterations
Average expert losses per cluster: 
[[0.67002654 0.78073376 1.0450076  1.8390107 ]
 [2.1377106  1.4948553  1.5194274  0.8215823 ]
 [0.3469735  0.17418694 0.6532889  0.6496686 ]
 [0.8156734  0.71031487 0.7621132  1.2964153 ]]

✔️ Gating k-means converged after 2 iterations
Average expert losses per cluster: 
[[0.6698418  0.7800405  1.0449961  1.8382351 ]
 [2.1373222  1.4937065  1.5194391  0.82134455]
 [0.3463442  0.17323415 0.65332526 0.65062326]
 [0.81579113 0.7097988  0.76207256 1.2952578 ]]

✔️ Gating k-means converged after 2 iterations
Average expert losses per cluster: 
[[0.6696431  0.77959204 1.0449407  1.8375901 ]
 [2.1369245  1.4921387  1.5194608  0.82114744]
 [0.34567058 0.1720204  0.6533692  0.65182966]
 [0.8159733  0.7090994  0.76203537 1.2936397 ]]

✔️ Gating k-means converged after 1 iterations
Average expert losses per cluster: 
[[0.66066706 0.77024937 1.0452838  1.8611944 ]
 [2.1697729  1.5142615  1.5182539  0.8140127 ]
 [0.3572627  0.17008114 0.6528338  0.67613745]
 [0.81189406 0.7012364  0.7614379  1.3176157 ]]

✔️ Gating k-means converged after 1 iterations
Average expert losses per cluster: 
[[0.6175313  0.76318073 1.0417943  1.989684  ]
 [2.31306    1.5968282  1.5234195  0.77698153]
 [0.43127292 0.17892782 0.65987706 0.78545463]
 [0.80922043 0.66823804 0.7575337  1.4666275 ]]

✔️ Gating k-means converged after 1 iterations
Average expert losses per cluster: 
[[0.59636575 0.787772   1.0211312  2.0921454 ]
 [2.41824    1.6477724  1.5492873  0.741752  ]
 [0.47054017 0.19905522 0.66384083 0.8256287 ]
 [0.82079756 0.6662892  0.7555524  1.624667  ]]

✔️ Gating k-means converged after 1 iterations
Average expert losses per cluster: 
[[0.5921127  0.7928411  1.0153673  2.106844  ]
 [2.435249   1.6534685  1.5561485  0.7366603 ]
 [0.47147235 0.20207457 0.66342634 0.8291165 ]
 [0.82777417 0.6678506  0.7555679  1.6509205 ]]

✔️ Gating k-means converged after 2 iterations
Average expert losses per cluster: 
[[0.5898622  0.7920146  1.0154631  2.1063862 ]
 [2.4156291  1.6442146  1.5563105  0.7364836 ]
 [0.4608674  0.19993958 0.66363263 0.8313769 ]
 [0.82513154 0.667675   0.7555866  1.6510952 ]]

✔️ Gating k-means converged after 4 iterations
Average expert losses per cluster: 
[[0.474729   0.78237236 0.94432247 2.1664155 ]
 [2.3936098  1.6340128  1.5565083  0.7361029 ]
 [0.45384002 0.19855939 0.6637659  0.83291185]
 [0.7284649  0.73874587 0.9239243  1.8851509 ]]

✔️ Gating k-means converged after 1 iterations
Average expert losses per cluster: 
[[0.4658495  0.78805083 0.9325013  2.181131  ]
 [2.399192   1.6379884  1.5651126  0.73177975]
 [0.45319796 0.20159233 0.65383875 0.83659357]
 [0.72953326 0.7416838  0.91825646 1.904501  ]]

✔️ Gating k-means converged after 1 iterations
Average expert losses per cluster: 
[[0.44273394 0.80537426 0.82551926 2.2387702 ]
 [2.399585   1.0900261  1.6980494  0.7164151 ]
 [0.45653903 0.17341283 0.6592258  0.8350551 ]
 [0.7513925  0.76351714 0.8763837  1.9807085 ]]

✔️ Gating k-means converged after 1 iterations
Average expert losses per cluster: 
[[0.4172185  0.8207643  0.5912907  2.2797542 ]
 [2.5304642  0.81002516 2.139971   0.7094877 ]
 [0.46877813 0.22364765 0.64895433 0.84044075]
 [0.73994315 0.7966679  0.8169916  2.0397358 ]]

✔️ Gating k-means converged after 1 iterations
Average expert losses per cluster: 
[[0.41355968 0.82295316 0.56445944 2.2863336 ]
 [2.5508115  0.7739687  2.2283387  0.7085361 ]
 [0.46956825 0.23927419 0.6206384  0.8423306 ]
 [0.73511606 0.8035658  0.80995977 2.0519974 ]]

✔️ Gating k-means converged after 2 iterations
Average expert losses per cluster: 
[[0.41277784 0.823496   0.557172   2.2850556 ]
 [2.532923   0.7640475  2.2309043  0.70840806]
 [0.46485147 0.24385259 0.6207648  0.8432557 ]
 [0.72757447 0.8075787  0.8053692  2.0571203 ]]

✔️ Gating k-means converged after 2 iterations
Average expert losses per cluster: 
[[0.4125515  0.8247413  0.55030787 2.2850628 ]
 [2.5242333  0.75862163 2.2319722  0.70823574]
 [0.46257114 0.24634086 0.62080705 0.84377813]
 [0.7249113  0.8133692  0.79946643 2.0607026 ]]

✔️ Gating k-means converged after 1 iterations
Average expert losses per cluster: 
[[0.4091903  0.8260109  0.5334378  2.29157   ]
 [2.5470483  0.76310563 2.2053466  0.70748866]
 [0.46473917 0.23962793 0.5831764  0.84568924]
 [0.7231213  0.8106843  0.76679003 2.0716336 ]]

✔️ Gating k-means converged after 1 iterations
Average expert losses per cluster: 
[[0.39927194 0.8372487  0.4930961  2.31428   ]
 [2.6343613  0.85562325 2.235871   0.70505905]
 [0.4737603  0.23673666 0.38968548 0.8582973 ]
 [0.7168203  0.807788   0.58261126 2.1167257 ]]

✔️ Gating k-means converged after 1 iterations
Average expert losses per cluster: 
[[0.3947718  0.88217664 0.56209934 2.2728028 ]
 [2.685439   0.6787987  2.7193744  0.7039855 ]
 [0.47916934 0.21529153 0.2783544  0.8229886 ]
 [0.7133559  0.788956   0.5863412  2.091208  ]]

✔️ Gating k-means converged after 1 iterations
Average expert losses per cluster: 
[[0.3941222  0.8891548  0.55909103 2.2612271 ]
 [2.692183   0.56370133 2.7352715  0.70389664]
 [0.47943646 0.30980918 0.28180638 0.8139038 ]
 [0.71340656 0.79532087 0.60946053 2.0814667 ]]

✔️ Gating k-means converged after 2 iterations
Average expert losses per cluster: 
[[0.39364874 0.89191574 0.5907157  2.2612052 ]
 [2.682988   0.55816    2.6953485  0.70365286]
 [0.48565063 0.31103203 0.19355083 0.8124484 ]
 [0.7160522  0.7949469  0.65023375 2.0750272 ]]

✔️ Gating k-means converged after 2 iterations
Average expert losses per cluster: 
[[0.39343613 0.89273375 0.61122817 2.2606103 ]
 [2.6679711  0.55989885 2.6539779  0.70338154]
 [0.498209   0.30974293 0.10624432 0.80985725]
 [0.71967304 0.80896837 0.6500861  2.0658276 ]]

✔️ Gating k-means converged after 2 iterations
Average expert losses per cluster: 
[[0.39286995 0.9011032  0.6173843  2.2500875 ]
 [2.6729503  0.6648554  2.6539097  0.70339406]
 [0.50153816 0.543146   0.09764584 0.8010813 ]
 [0.72022396 0.8527955  0.664337   2.0559812 ]]

✔️ Gating k-means converged after 1 iterations
Average expert losses per cluster: 
[[0.39177638 0.7873265  0.64865595 1.69324   ]
 [2.6990433  0.6135089  2.609713   0.7969967 ]
 [0.50712585 0.5962643  0.10532268 0.43443593]
 [0.71191716 0.8039444  0.7625325  1.4886202 ]]

✔️ Gating k-means converged after 1 iterations
Average expert losses per cluster: 
[[0.39211723 0.72250426 0.6529952  1.4154333 ]
 [2.713448   1.039747   2.4900973  0.93105775]
 [0.51527613 0.15711333 0.12404636 0.34215245]
 [0.7018084  0.70360893 0.82367307 1.2368618 ]]

✔️ Gating k-means converged after 2 iterations
Average expert losses per cluster: 
[[0.39227447 0.71934646 0.66409457 1.3840841 ]
 [2.7145524  1.1185564  2.4733007  0.95160073]
 [0.52100635 0.15315449 0.11833217 0.34123906]
 [0.7002882  0.69965297 0.83688354 1.2088448 ]]

✔️ Gating k-means converged after 2 iterations
Average expert losses per cluster: 
[[0.3921196  0.71864027 0.6811253  1.383908  ]
 [2.7063596  1.1007575  2.4674785  0.95114833]
 [0.53528595 0.1525133  0.12604317 0.34104928]
 [0.7002699  0.694582   0.8428138  1.2074888 ]]

✔️ Gating k-means converged after 5 iterations
Average expert losses per cluster: 
[[0.4264081  0.78962696 0.4010346  1.3812505 ]
 [2.6964524  1.0849842  2.4718866  0.95064765]
 [0.4722646  0.2730356  0.18584292 0.6457243 ]
 [0.8173145  0.8864452  1.3313302  1.4592602 ]]

✔️ Gating k-means converged after 1 iterations
Average expert losses per cluster: 
[[0.42738292 0.7862879  0.39878517 1.3554499 ]
 [2.6964486  1.1442208  2.4616022  0.96738684]
 [0.47226542 0.26737007 0.18578798 0.6352212 ]
 [0.8139038  0.8851367  1.3551309  1.4361899 ]]

✔️ Gating k-means converged after 1 iterations
Average expert losses per cluster: 
[[0.4440719  0.7469115  0.3996963  1.2788463 ]
 [2.7777956  1.2859648  2.4187984  1.0185288 ]
 [0.5005585  0.24513356 0.19428927 0.6071453 ]
 [0.7759093  0.89379144 1.4455723  1.3732116 ]]

✔️ Gating k-means converged after 1 iterations
Average expert losses per cluster: 
[[0.44277382 0.7109771  0.39432916 1.247036  ]
 [2.9155843  1.2933869  2.4141288  1.0373777 ]
 [0.58650225 0.23082376 0.20004576 0.59841746]
 [0.7055607  0.9174495  1.5109308  1.3486756 ]]

12:43:36      Epoch:   0      Batch:   0      OuterStep:  10      LossModel: 0.69407982     LossTerm2: 0.01631504     LossGates: 0.00000000      Time/Step(s): 5.5989Contributing envs to the losses:  [14 11 10 13  2]
Gate values for each environment (all envs): 
 [[0.17477246 0.17527477 0.47504807 0.17490472]
 [0.17518245 0.47437102 0.17512785 0.17531873]
 [0.17478146 0.47526607 0.17517424 0.17477822]
 [0.47522774 0.1746069  0.17489964 0.17526573]
 [0.47585565 0.17487769 0.17464115 0.17462553]
 [0.17492376 0.17472892 0.17494497 0.47540238]
 [0.17450675 0.1747978  0.17481788 0.47587758]
 [0.17509992 0.17510939 0.17472841 0.4750624 ]
 [0.1749368  0.17477378 0.17497335 0.47531608]
 [0.17483208 0.17539085 0.17470655 0.47507045]
 [0.17450343 0.47610262 0.17465805 0.1747359 ]
 [0.17484425 0.4755711  0.17479916 0.17478555]
 [0.17493485 0.47451988 0.17532508 0.17522024]
 [0.17496046 0.47542888 0.17469643 0.17491424]
 [0.17463648 0.47645238 0.17460622 0.17430495]
 [0.4754748  0.1747606  0.1749404  0.17482424]
 [0.4747429  0.17518483 0.17509978 0.17497256]
 [0.47475508 0.17493694 0.17526934 0.17503868]
 [0.17528488 0.17489871 0.47492    0.17489643]
 [0.47611833 0.17474605 0.17441283 0.17472276]]
/home/benchmarking/ddrous.benchmarking/miniforge3/envs/jaxgpu/lib/python3.12/multiprocessing/popen_fork.py:66: RuntimeWarning: os.fork() was called. os.fork() is incompatible with multithreaded code, and JAX is multithreaded, so this will likely lead to a deadlock.
  self.pid = os.fork()
        Validation Criterion: 0.42932844
        Saving best model so far ...
✔️ Gating k-means converged after 1 iterations
Average expert losses per cluster: 
[[0.43594384 0.7035496  0.39035589 1.2445295 ]
 [2.8869247  1.2910495  2.42014    1.0376539 ]
 [0.60169756 0.22861616 0.20027035 0.59991395]
 [0.68407863 0.9218244  1.5250602  1.344652  ]]

✔️ Gating k-means converged after 2 iterations
Average expert losses per cluster: 
[[0.43593198 0.7034938  0.39009494 1.2445465 ]
 [2.8685133  1.2763172  2.4250054  1.0366565 ]
 [0.5993378  0.22893883 0.20658836 0.60024685]
 [0.67617726 0.9193466  1.5376143  1.3439478 ]]

✔️ Gating k-means converged after 2 iterations
Average expert losses per cluster: 
[[0.43362156 0.703924   0.40610123 1.2440164 ]
 [2.8550107  1.265911   2.428855   1.0359172 ]
 [0.59754056 0.2289895  0.21501882 0.600408  ]
 [0.66031945 0.9171629  1.5325788  1.3432558 ]]

✔️ Gating k-means converged after 1 iterations
Average expert losses per cluster: 
[[0.4154836  0.69751686 0.39363176 1.2415198 ]
 [2.7503517  1.2643919  2.4341094  1.0361793 ]
 [0.62713253 0.22729683 0.216788   0.60169494]
 [0.6125894  0.9218321  1.5473478  1.339659  ]]

✔️ Gating k-means converged after 1 iterations
Average expert losses per cluster: 
[[0.66021776 0.6741551  0.37547213 1.2438909 ]
 [3.485339   1.2633218  2.4692502  1.0176656 ]
 [1.2322458  0.22218594 0.22488786 0.6145433 ]
 [0.7131066  0.94073176 1.2017369  1.3349185 ]]

✔️ Gating k-means converged after 1 iterations
Average expert losses per cluster: 
[[0.42903215 0.649462   0.35819444 1.2567352 ]
 [2.0022554  1.2445635  2.4620712  0.98157454]
 [0.62837815 0.2194432  0.2463447  0.6341651 ]
 [0.5182322  0.9530677  0.9838879  1.3410487 ]]

✔️ Gating k-means converged after 2 iterations
Average expert losses per cluster: 
[[0.41309333 0.6432675  0.34706703 1.260022  ]
 [1.8618563  1.2354211  2.4581048  0.9720672 ]
 [0.5621513  0.21916944 0.25131807 0.6390299 ]
 [0.54590315 0.9540938  0.9632954  1.3432659 ]]

✔️ Gating k-means converged after 2 iterations
Average expert losses per cluster: 
[[0.39364773 0.6449616  0.33600146 1.2601315 ]
 [1.8417186  1.2244133  2.4700038  0.9710008 ]
 [0.56327456 0.21873714 0.25545904 0.63888353]
 [0.53735906 0.95386165 0.98110807 1.3430474 ]]

✔️ Gating k-means converged after 2 iterations
Average expert losses per cluster: 
[[0.38365054 0.6463615  0.3547488  1.260501  ]
 [1.8270031  1.2156209  2.4817927  0.97004455]
 [0.55715704 0.21628165 0.25756413 0.6378763 ]
 [0.5329329  0.9542165  1.0030854  1.3432789 ]]

✔️ Gating k-means converged after 1 iterations
Average expert losses per cluster: 
[[0.39032996 0.6391709  0.3569003  1.26354   ]
 [1.7388829  1.2075015  2.478567   0.9612835 ]
 [0.5135992  0.21489748 0.26104012 0.6420014 ]
 [0.56096447 0.9551994  0.9856386  1.3454678 ]]

✔️ Gating k-means converged after 1 iterations
Average expert losses per cluster: 
[[0.4046616  0.59058386 0.32736218 1.2766136 ]
 [1.7033175  1.1462201  2.3722146  0.9208233 ]
 [0.41541559 0.21213625 0.30803382 0.66161555]
 [0.65637815 0.94723785 0.8603029  1.3576486 ]]

✔️ Gating k-means converged after 1 iterations
Average expert losses per cluster: 
[[0.40244275 0.53831416 0.3312337  1.2839186 ]
 [1.9242163  1.0897983  2.3082073  0.8940819 ]
 [0.39666647 0.20846885 0.36215475 0.67511755]
 [0.63098377 0.9267068  0.79686445 1.3659123 ]]

✔️ Gating k-means converged after 2 iterations
Average expert losses per cluster: 
[[0.40374416 0.52724904 0.33420506 1.2856493 ]
 [1.9592476  1.0704368  2.3007936  0.8826756 ]
 [0.39618227 0.20674475 0.37028986 0.6789412 ]
 [0.62433845 0.92245996 0.79113567 1.3694582 ]]

✔️ Gating k-means converged after 2 iterations
Average expert losses per cluster: 
[[0.40261903 0.5282935  0.3373686  1.2859471 ]
 [1.9447769  1.0517671  2.2978773  0.88009876]
 [0.3933441  0.2004006  0.37037933 0.67536414]
 [0.62356216 0.9227351  0.7942478  1.3696721 ]]

✔️ Gating k-means converged after 3 iterations
Average expert losses per cluster: 
[[0.44908106 0.5638695  0.40058273 1.2018093 ]
 [1.9335577  1.0375506  2.2955415  0.8779363 ]
 [0.39084542 0.19581288 0.3702853  0.6717919 ]
 [0.63825756 0.9764611  0.8517734  1.4353181 ]]

✔️ Gating k-means converged after 2 iterations
Average expert losses per cluster: 
[[0.45147818 0.5540427  0.40105128 1.2018073 ]
 [1.8577751  1.0172666  2.287369   0.8662974 ]
 [0.39682445 0.19415618 0.3776041  0.6754364 ]
 [0.63261    0.9730436  0.8455822  1.4387844 ]]

✔️ Gating k-means converged after 1 iterations
Average expert losses per cluster: 
[[0.46829543 0.4994226  0.40346932 1.1967334 ]
 [1.6007063  0.9167549  2.2545927  0.7986629 ]
 [0.4241452  0.18703537 0.4081319  0.70069206]
 [0.6237993  0.9618868  0.82557595 1.4611531 ]]

✔️ Gating k-means converged after 1 iterations
Average expert losses per cluster: 
[[0.48242563 0.45821413 0.4021936  1.169345  ]
 [1.4524121  0.821315   2.234263   0.73072046]
 [0.44257224 0.1805528  0.43222204 0.7278439 ]
 [0.6256654  0.96921885 0.81140673 1.4838997 ]]

✔️ Gating k-means converged after 2 iterations
Average expert losses per cluster: 
[[0.48482293 0.4541163  0.40196523 1.1597726 ]
 [1.4260458  0.8030074  2.2291386  0.71884805]
 [0.44550216 0.17910452 0.43593174 0.73185456]
 [0.6262071  0.97577363 0.8096938  1.487687  ]]

✔️ Gating k-means converged after 2 iterations
Average expert losses per cluster: 
[[0.48411816 0.45409006 0.40140462 1.1557004 ]
 [1.4046035  0.7877736  2.220701   0.716733  ]
 [0.44578722 0.17465396 0.43577674 0.72572607]
 [0.6251656  0.97631305 0.8104898  1.4861488 ]]

✔️ Gating k-means converged after 2 iterations
Average expert losses per cluster: 
[[0.48304313 0.41046983 0.3811337  1.14061   ]
 [1.37524    0.7661573  2.2081428  0.71273345]
 [0.4403076  0.15631106 0.45466697 0.6598456 ]
 [0.6233815  0.97602504 0.8090898  1.4830617 ]]

✔️ Gating k-means converged after 1 iterations
Average expert losses per cluster: 
[[0.4854247  0.40839812 0.37543583 1.1310855 ]
 [1.3499247  0.75193447 2.2148416  0.7037253 ]
 [0.44310325 0.1558294  0.45098573 0.66595995]
 [0.6238529  0.98184395 0.80422175 1.4857591 ]]

✔️ Gating k-means converged after 1 iterations
Average expert losses per cluster: 
[[0.4815665  0.40230143 0.35829055 1.08272   ]
 [1.3836316  0.7338426  2.253144   0.6897377 ]
 [0.45485878 0.15414259 0.43749627 0.69425267]
 [0.58942574 0.9851262  0.78795236 1.5005178 ]]

✔️ Gating k-means converged after 1 iterations
Average expert losses per cluster: 
[[0.44565344 0.396641   0.3455043  1.0578436 ]
 [1.5146974  0.73462194 2.2782607  0.6988589 ]
 [0.48961076 0.15138116 0.43166885 0.71492094]
 [0.5019786  0.97957915 0.7788584  1.5175942 ]]

✔️ Gating k-means converged after 1 iterations
Average expert losses per cluster: 
[[0.4353404  0.3948447  0.34085602 1.0525734 ]
 [1.5414495  0.73374885 2.2847831  0.70168966]
 [0.49607688 0.14994787 0.4291035  0.7181691 ]
 [0.4920948  0.97962016 0.7774032  1.5215887 ]]

✔️ Gating k-means converged after 2 iterations
Average expert losses per cluster: 
[[0.4343803  0.39681345 0.33871743 1.0445999 ]
 [1.551078   0.73601943 2.2877414  0.69408256]
 [0.49452648 0.14949489 0.4285055  0.7168976 ]
 [0.48768502 0.982008   0.7772069  1.5304497 ]]

✔️ Gating k-means converged after 2 iterations
Average expert losses per cluster: 
[[0.43246737 0.3969166  0.33603233 1.0391431 ]
 [1.5760678  0.7484233  2.2939155  0.6857161 ]
 [0.49239892 0.14875443 0.4279799  0.71813625]
 [0.48405313 0.98456496 0.7767363  1.5414567 ]]

✔️ Gating k-means converged after 1 iterations
Average expert losses per cluster: 
[[0.42195177 0.3945749  0.33234495 1.0404387 ]
 [1.6183661  0.7541648  2.302843   0.6818166 ]
 [0.4986983  0.14750975 0.4257048  0.721137  ]
 [0.47519922 0.98531    0.7756876  1.5457801 ]]

✔️ Gating k-means converged after 1 iterations
Average expert losses per cluster: 
[[0.35095006 0.38186556 0.3085643  1.0591264 ]
 [1.884167   0.77707255 2.373059   0.6688314 ]
 [0.5416186  0.14387523 0.43121177 0.729537  ]
 [0.4503224  0.9662153  0.77141345 1.5492041 ]]

✔️ Gating k-means converged after 1 iterations
Average expert losses per cluster: 
[[0.2711208  0.37272024 0.29717427 1.0669785 ]
 [2.1979723  0.80858326 2.5086703  0.6661859 ]
 [0.45436376 0.14226171 0.5037004  0.7342129 ]
 [0.368674   0.9385172  0.7664933  1.5503587 ]]

✔️ Gating k-means converged after 1 iterations
Average expert losses per cluster: 
[[0.26453456 0.3714242  0.30521178 1.0658469 ]
 [2.2180877  0.8183029  2.5478032  0.6648406 ]
 [0.40841645 0.14213704 0.5169644  0.7369498 ]
 [0.36736932 0.9337508  0.76121515 1.5482334 ]]

✔️ Gating k-means converged after 2 iterations
Average expert losses per cluster: 
[[0.2642823  0.3710465  0.3082642  1.0646045 ]
 [2.2343986  0.8338272  2.5529668  0.66348857]
 [0.4067336  0.14124615 0.5169164  0.73562115]
 [0.36521053 0.9349169  0.72682536 1.5337061 ]]

✔️ Gating k-means converged after 2 iterations
Average expert losses per cluster: 
[[0.2635851  0.3707699  0.31072202 1.0638683 ]
 [2.2433593  0.8443041  2.5570283  0.6625603 ]
 [0.40446526 0.1403208  0.5173013  0.7326845 ]
 [0.36611265 0.93418276 0.7096084  1.5193232 ]]

✔️ Gating k-means converged after 1 iterations
Average expert losses per cluster: 
[[0.24687688 0.36965406 0.31237218 1.0629795 ]
 [2.3009832  0.8522382  2.586311   0.66170543]
 [0.37960857 0.14020029 0.5416492  0.7346133 ]
 [0.35897613 0.92653126 0.69502324 1.5163873 ]]

✔️ Gating k-means converged after 1 iterations
Average expert losses per cluster: 
[[0.28697443 0.3669161  0.4617409  1.0448455 ]
 [2.8607526  0.87939626 2.6166952  0.65386134]
 [0.5091276  0.14117682 0.756077   0.75611174]
 [0.35270616 0.8899352  0.65895313 1.5073    ]]

✔️ Gating k-means converged after 1 iterations
Average expert losses per cluster: 
[[0.2683173  0.3578878  0.9843731  1.0283422 ]
 [2.1177726  0.8855526  2.6138299  0.6477038 ]
 [0.36583897 0.1348105  0.9521222  0.77354956]
 [0.4223992  0.89671844 0.8029852  1.4997063 ]]

✔️ Gating k-means converged after 1 iterations
Average expert losses per cluster: 
[[0.32108864 0.35577676 1.1080577  1.0251917 ]
 [2.0006573  0.88646585 2.6135125  0.6466598 ]
 [0.37075865 0.13304743 0.9962702  0.77541673]
 [0.47774753 0.90205526 0.85539263 1.4966621 ]]

✔️ Gating k-means converged after 2 iterations
Average expert losses per cluster: 
[[0.32024798 0.3561628  1.0690004  1.0306791 ]
 [2.0024102  0.8930294  2.623106   0.6460107 ]
 [0.36892968 0.13270251 0.99464834 0.7755465 ]
 [0.47611552 0.8994158  0.84224844 1.4876204 ]]

✔️ Gating k-means converged after 2 iterations
Average expert losses per cluster: 
[[0.31879723 0.35627505 1.0565892  1.0336761 ]
 [2.0035787  0.8969203  2.6290631  0.64564747]
 [0.36716196 0.13247144 0.9914385  0.77775943]
 [0.47689706 0.889666   0.8014752  1.4790627 ]]

✔️ Gating k-means converged after 2 iterations
Average expert losses per cluster: 
[[0.359049   0.35397595 1.1396927  1.0313083 ]
 [1.930478   0.89735395 2.6179187  0.64477015]
 [0.37278324 0.13071707 1.021972   0.78011936]
 [0.521078   0.8944828  0.84185934 1.4768085 ]]

✔️ Gating k-means converged after 1 iterations
Average expert losses per cluster: 
[[0.41950828 0.34544116 0.53063524 1.0157678 ]
 [1.7075121  0.89671654 2.53221    0.64050615]
 [0.3154577  0.12391566 0.77634907 0.7885814 ]
 [0.65949357 0.9222178  0.67350024 1.470881  ]]

✔️ Gating k-means converged after 1 iterations
Average expert losses per cluster: 
[[0.41108406 0.34058222 0.40569562 1.0010558 ]
 [1.5953226  0.9878408  2.891577   0.63761777]
 [0.23757887 0.12562788 0.52178913 0.79196787]
 [0.7192135  0.84471244 0.7201192  1.453911  ]]

✔️ Gating k-means converged after 2 iterations
Average expert losses per cluster: 
[[0.41018662 0.34232646 0.4124757  0.9979812 ]
 [1.5830959  1.0138046  2.9133832  0.63861555]
 [0.22626406 0.12725985 0.50570405 0.79099643]
 [0.72730196 0.82325584 0.7321313  1.4416882 ]]

✔️ Gating k-means converged after 2 iterations
Average expert losses per cluster: 
[[0.5610638  0.48113212 0.54344624 1.1617924 ]
 [1.5835688  1.0158917  2.9134355  0.638437  ]
 [0.21517316 0.12732458 0.49564528 0.7860257 ]
 [0.6170005  0.75645685 0.649423   1.3365734 ]]

✔️ Gating k-means converged after 2 iterations
Average expert losses per cluster: 
[[0.56073254 0.4800461  0.54312456 1.1586844 ]
 [1.5837796  1.0170993  2.9132144  0.63839084]
 [0.19759306 0.12741631 0.47745484 0.77630377]
 [0.6162833  0.7494834  0.65020907 1.3306963 ]]

✔️ Gating k-means converged after 2 iterations
Average expert losses per cluster: 
[[0.56115335 0.4737998  0.5515198  1.1554259 ]
 [1.5737213  1.0371906  2.9296703  0.6399309 ]
 [0.18506794 0.12801132 0.46255362 0.7738615 ]
 [0.62347174 0.7364164  0.65987915 1.3196003 ]]

✔️ Gating k-means converged after 1 iterations
Average expert losses per cluster: 
[[0.56165266 0.44234076 0.57873166 1.1396645 ]
 [1.5475124  1.1899208  2.9861352  0.64413804]
 [0.15414375 0.13723013 0.42621756 0.7772827 ]
 [0.6478733  0.6419262  0.6897756  1.2885998 ]]

✔️ Gating k-means converged after 1 iterations
Average expert losses per cluster: 
[[0.5611262  0.44075605 0.5960193  1.1173811 ]
 [1.5610281  1.374656   2.9987562  0.6443513 ]
 [0.13372394 0.15247771 0.41243613 0.7832935 ]
 [0.66107    0.5706967  0.7006415  1.2618624 ]]

✔️ Gating k-means converged after 3 iterations
Average expert losses per cluster: 
[[0.52166545 0.4104259  0.5839683  1.1044972 ]
 [1.5713028  1.4045994  3.0021214  0.645816  ]
 [0.09198206 0.13139884 0.38493982 0.72719973]
 [0.6618476  0.56175035 0.70188737 1.255082  ]]

✔️ Gating k-means converged after 2 iterations
Average expert losses per cluster: 
[[0.5229162  0.4086799  0.5838291  1.1062496 ]
 [1.5711806  1.4048632  3.0022948  0.6457856 ]
 [0.09188759 0.13048375 0.37160668 0.7188115 ]
 [0.66075754 0.5575806  0.7018119  1.2518815 ]]

✔️ Gating k-means converged after 2 iterations
Average expert losses per cluster: 
[[0.52478015 0.3955316  0.5845031  1.1221153 ]
 [1.5700696  1.4060282  3.0034919  0.64564097]
 [0.09376954 0.12910692 0.36433902 0.7165395 ]
 [0.6601741  0.5536829  0.70169735 1.2506969 ]]

✔️ Gating k-means converged after 2 iterations
Average expert losses per cluster: 
[[0.5245395  0.38936687 0.5860416  1.1230881 ]
 [1.5753489  1.4320662  3.0066419  0.64702356]
 [0.0975766  0.13007565 0.36117026 0.71805584]
 [0.66056037 0.54626834 0.702808   1.2453811 ]]

✔️ Gating k-means converged after 1 iterations
Average expert losses per cluster: 
[[0.5231346  0.32222873 0.59291315 1.1069965 ]
 [1.6040223  1.5510286  2.972904   0.6396406 ]
 [0.1224946  0.13195196 0.36953384 0.71921533]
 [0.6625018  0.5486387  0.7018098  1.233934  ]]

✔️ Gating k-means converged after 1 iterations
Average expert losses per cluster: 
[[0.5104661  0.25205252 0.5991287  1.0845722 ]
 [1.5261431  1.6926689  2.9193203  0.6318316 ]
 [0.08872175 0.13676356 0.38890633 0.71399325]
 [0.66273636 0.6021087  0.69879735 1.214378  ]]

✔️ Gating k-means converged after 1 iterations
Average expert losses per cluster: 
[[0.5091409  0.24274972 0.6005206  1.0826173 ]
 [1.5015137  1.6993159  2.9061182  0.6289391 ]
 [0.08674607 0.13315351 0.39323217 0.7118186 ]
 [0.6626572  0.59580725 0.69838727 1.2123934 ]]

✔️ Gating k-means converged after 2 iterations
Average expert losses per cluster: 
[[0.52635604 0.23280883 0.6020925  1.0677185 ]
 [1.5007492  1.7003866  2.9067304  0.62891036]
 [0.14446908 0.15844902 0.42364037 0.7972245 ]
 [0.6650636  0.5803741  0.69774735 1.2197738 ]]

✔️ Gating k-means converged after 2 iterations
Average expert losses per cluster: 
[[0.527241   0.23020542 0.60122436 1.0715163 ]
 [1.4996101  1.7021668  2.9076612  0.62878436]
 [0.14469388 0.1609458  0.4222197  0.79935026]
 [0.6673488  0.5728674  0.69711673 1.2271614 ]]

✔️ Gating k-means converged after 1 iterations
Average expert losses per cluster: 
[[0.52450126 0.22470763 0.6022111  1.0677594 ]
 [1.4810948  1.7084233  2.8958335  0.62629765]
 [0.14550613 0.15672702 0.4263434  0.79646206]
 [0.66744494 0.5716936  0.6967521  1.2267543 ]]

✔️ Gating k-means converged after 1 iterations
Average expert losses per cluster: 
[[0.51537037 0.20893526 0.60295814 1.0481004 ]
 [1.4376003  1.8188438  2.8506925  0.61368895]
 [0.16003728 0.1536881  0.43185827 0.7889182 ]
 [0.66547036 0.5705322  0.690849   1.2234058 ]]

✔️ Gating k-means converged after 1 iterations
Average expert losses per cluster: 
[[0.5093319  0.21839057 0.59563607 1.0260447 ]
 [1.426652   1.9188328  2.8377376  0.6041755 ]
 [0.16268334 0.18092851 0.40806955 0.7869569 ]
 [0.66468143 0.61266863 0.6762253  1.2224956 ]]

12:44:44      Epoch:   0      Batch:   0      OuterStep:  20      LossModel: 0.41405636     LossTerm2: 0.02364429     LossGates: 0.00000000      Time/Step(s): 7.8875Contributing envs to the losses:  [ 0  3  1 19  2]
Gate values for each environment (all envs): 
 [[0.17516042 0.47498727 0.17489852 0.17495374]
 [0.17490369 0.47502053 0.17494798 0.1751278 ]
 [0.17488955 0.47571144 0.17462228 0.17477669]
 [0.17475796 0.1755736  0.47468647 0.1749819 ]
 [0.17500588 0.17483552 0.47532028 0.17483841]
 [0.17528072 0.17449376 0.17492074 0.47530475]
 [0.17559601 0.17450505 0.17490609 0.47499287]
 [0.17498565 0.17452678 0.17522031 0.4752672 ]
 [0.17493963 0.17516135 0.17470656 0.47519243]
 [0.17504732 0.17462832 0.1753015  0.4750228 ]
 [0.4754468  0.17462532 0.1751208  0.17480715]
 [0.47526485 0.17484984 0.17491026 0.17497507]
 [0.4757232  0.17467365 0.17474622 0.17485704]
 [0.47537467 0.1749945  0.17487177 0.17475899]
 [0.47486198 0.17519443 0.17497224 0.17497131]
 [0.17506158 0.47517896 0.17489955 0.17485988]
 [0.17499624 0.1749444  0.4750301  0.17502913]
 [0.17476724 0.17478172 0.47553754 0.17491347]
 [0.47476792 0.17509085 0.17508923 0.17505206]
 [0.17458281 0.47516012 0.17511854 0.17513852]]
/home/benchmarking/ddrous.benchmarking/miniforge3/envs/jaxgpu/lib/python3.12/multiprocessing/popen_fork.py:66: RuntimeWarning: os.fork() was called. os.fork() is incompatible with multithreaded code, and JAX is multithreaded, so this will likely lead to a deadlock.
  self.pid = os.fork()
        Validation Criterion: 0.22981131
        Saving best model so far ...
✔️ Gating k-means converged after 1 iterations
Average expert losses per cluster: 
[[0.5079756  0.21013056 0.59487027 1.0227736 ]
 [1.4282386  1.8991007  2.8315976  0.6031154 ]
 [0.16030908 0.17726237 0.40567058 0.78724116]
 [0.6641666  0.5948233  0.67434335 1.222708  ]]

✔️ Gating k-means converged after 2 iterations
Average expert losses per cluster: 
[[0.50849104 0.20304294 0.5939421  1.0248121 ]
 [1.4302267  1.9001843  2.830073   0.60245633]
 [0.15950707 0.1772261  0.40401062 0.7862787 ]
 [0.6613301  0.564371   0.6738131  1.2225425 ]]

✔️ Gating k-means converged after 2 iterations
Average expert losses per cluster: 
[[0.50907224 0.19429    0.59280056 1.0263829 ]
 [1.4324301  1.8980309  2.8284523  0.6018529 ]
 [0.15814623 0.17800824 0.40188357 0.786723  ]
 [0.6597488  0.53452504 0.6733429  1.222265  ]]

✔️ Gating k-means converged after 1 iterations
Average expert losses per cluster: 
[[0.5078379  0.17798953 0.5922138  1.0234823 ]
 [1.4344821  1.9206978  2.8183072  0.6009192 ]
 [0.15586227 0.17949459 0.40100682 0.78791946]
 [0.6592132  0.5368974  0.671661   1.2209202 ]]

✔️ Gating k-means converged after 1 iterations
Average expert losses per cluster: 
[[0.498981   0.18552971 0.59195936 1.0069326 ]
 [1.4592783  1.9187891  2.7909226  0.5906091 ]
 [0.14289695 0.20928042 0.40154845 0.7980467 ]
 [0.65852123 0.55038244 0.66366845 1.210475  ]]

✔️ Gating k-means converged after 1 iterations
Average expert losses per cluster: 
[[0.49378988 0.18035156 0.59527034 0.9909129 ]
 [1.4753208  2.0720632  2.7881355  0.5753631 ]
 [0.13851257 0.25362515 0.40629846 0.81029385]
 [0.6583698  0.62631553 0.6555449  1.1941222 ]]

✔️ Gating k-means converged after 1 iterations
Average expert losses per cluster: 
[[0.4936729  0.20453544 0.5954539  0.99036735]
 [1.4780215  2.1888154  2.7939808  0.57305205]
 [0.13799173 0.29857373 0.40253946 0.8121921 ]
 [0.6580193  0.70234466 0.65336585 1.1909297 ]]

✔️ Gating k-means converged after 2 iterations
Average expert losses per cluster: 
[[0.4976265  0.17773579 0.5941081  1.002656  ]
 [1.4793888  2.1890588  2.7933595  0.5726933 ]
 [0.13759868 0.29868698 0.40026355 0.81317115]
 [0.65711594 0.70067006 0.6522316  1.1902801 ]]

✔️ Gating k-means converged after 2 iterations
Average expert losses per cluster: 
[[0.5018134  0.1703682  0.5929923  1.0146805 ]
 [1.4825321  2.19527    2.7920692  0.5718384 ]
 [0.13745469 0.29672253 0.3987158  0.81293887]
 [0.6575645  0.70448995 0.65104496 1.1917368 ]]

✔️ Gating k-means converged after 1 iterations
Average expert losses per cluster: 
[[0.50142336 0.19652434 0.59329104 1.0142235 ]
 [1.4804431  2.32774    2.7977111  0.5698039 ]
 [0.13602711 0.3544776  0.39522958 0.81390846]
 [0.6575806  0.8069716  0.6490204  1.1901298 ]]

✔️ Gating k-means converged after 1 iterations
Average expert losses per cluster: 
[[0.49844906 0.22183175 0.5942246  0.99653006]
 [1.4368143  1.631956   2.82219    0.5580911 ]
 [0.1298444  0.19363022 0.37768722 0.81855905]
 [0.6554051  0.43909264 0.6427874  1.1681757 ]]

✔️ Gating k-means converged after 1 iterations
Average expert losses per cluster: 
[[0.49219266 0.43033543 0.5950617  0.9855919 ]
 [1.406211   1.3136243  2.8451679  0.55035144]
 [0.12944156 0.22345573 0.35268933 0.82055825]
 [0.6492373  0.5155527  0.6397159  1.1529713 ]]

✔️ Gating k-means converged after 1 iterations
Average expert losses per cluster: 
[[0.4884319  0.4527096  0.5950351  0.98589975]
 [1.4209477  1.2959     2.848833   0.54905814]
 [0.1261138  0.23059872 0.34851998 0.8203033 ]
 [0.64702475 0.52516866 0.6390367  1.1507251 ]]

✔️ Gating k-means converged after 2 iterations
Average expert losses per cluster: 
[[0.48778373 0.45217034 0.59484154 0.9847876 ]
 [1.4236333  1.2984374  2.8484724  0.5484075 ]
 [0.12496834 0.23003769 0.34769106 0.8173373 ]
 [0.64652485 0.5183956  0.63683164 1.1459906 ]]

✔️ Gating k-means converged after 2 iterations
Average expert losses per cluster: 
[[0.48426923 0.4396877  0.595146   0.9769732 ]
 [1.4249613  1.3008345  2.848498   0.54794455]
 [0.12390621 0.23025006 0.34759253 0.8142551 ]
 [0.6443497  0.50593925 0.6349412  1.1371455 ]]

✔️ Gating k-means converged after 1 iterations
Average expert losses per cluster: 
[[0.47916237 0.44866666 0.5921839  0.9728138 ]
 [1.4380683  1.2873989  2.8550975  0.5468206 ]
 [0.12211095 0.23586404 0.33696374 0.81384134]
 [0.641283   0.5087415  0.6324508  1.1334168 ]]

✔️ Gating k-means converged after 1 iterations
Average expert losses per cluster: 
[[0.4646762  0.45688102 0.57684165 0.9681426 ]
 [1.4672481  1.2942088  2.8900583  0.54323786]
 [0.11946267 0.2364825  0.28083333 0.81484115]
 [0.63023525 0.4931584  0.62110746 1.1263608 ]]

✔️ Gating k-means converged after 1 iterations
Average expert losses per cluster: 
[[0.45751557 0.4201756  0.57156897 0.9664485 ]
 [1.4496508  1.3165803  2.9153779  0.5342621 ]
 [0.11444072 0.21305773 0.25155383 0.8373703 ]
 [0.6217597  0.52147037 0.6159814  1.1188366 ]]

✔️ Gating k-means converged after 1 iterations
Average expert losses per cluster: 
[[0.45576343 0.4109705  0.5711218  0.9626959 ]
 [1.4410428  1.3201218  2.9197319  0.5324841 ]
 [0.11354711 0.20939597 0.24714045 0.84195745]
 [0.6194539  0.52929825 0.6150869  1.1132886 ]]

✔️ Gating k-means converged after 2 iterations
Average expert losses per cluster: 
[[0.45270616 0.38499975 0.5720121  0.9492922 ]
 [1.4444555  1.3245395  2.9186985  0.53165984]
 [0.11301368 0.21161608 0.24682508 0.83882636]
 [0.6140983  0.52121747 0.61428463 1.1038373 ]]

✔️ Gating k-means converged after 2 iterations
Average expert losses per cluster: 
[[0.4535288  0.3619373  0.5729274  0.93874186]
 [1.4463447  1.327301   2.9181907  0.53125554]
 [0.11252199 0.21077159 0.24632382 0.84039754]
 [0.60912097 0.51594585 0.6138538  1.0962356 ]]

✔️ Gating k-means converged after 1 iterations
Average expert losses per cluster: 
[[0.45386258 0.35345528 0.57212645 0.9356716 ]
 [1.4390239  1.3380064  2.9148886  0.529846  ]
 [0.11210551 0.2072263  0.243501   0.84631276]
 [0.6065497  0.52450466 0.6131464  1.0916717 ]]

✔️ Gating k-means converged after 1 iterations
Average expert losses per cluster: 
[[0.42530498 0.33136332 0.5693268  0.9322689 ]
 [1.4371427  1.3701462  2.9016254  0.5287459 ]
 [0.10020266 0.18954858 0.23499803 0.86634314]
 [0.5762033  0.57960826 0.6108781  1.0802649 ]]

✔️ Gating k-means converged after 1 iterations
Average expert losses per cluster: 
[[0.39678273 0.31129202 0.56912464 0.92982906]
 [1.4247879  1.4155836  2.8767924  0.51141566]
 [0.08716524 0.17509155 0.23397633 0.86538476]
 [0.5386468  0.62521154 0.6091376  1.0733926 ]]

✔️ Gating k-means converged after 1 iterations
Average expert losses per cluster: 
[[0.3948464  0.3078278  0.56938076 0.926516  ]
 [1.4192823  1.4253168  2.8726737  0.5069629 ]
 [0.08448651 0.17225073 0.2338897  0.8609706 ]
 [0.5300268  0.6328518  0.6092032  1.0709409 ]]

✔️ Gating k-means converged after 2 iterations
Average expert losses per cluster: 
[[0.4010333  0.3083457  0.56894714 0.9224758 ]
 [1.4206179  1.4272407  2.8726609  0.50693077]
 [0.08357224 0.17021714 0.23351619 0.8652982 ]
 [0.52760607 0.63081473 0.6085629  1.0667202 ]]

✔️ Gating k-means converged after 2 iterations
Average expert losses per cluster: 
[[0.40473172 0.31046984 0.5685238  0.92071766]
 [1.4215686  1.4293149  2.8729095  0.5066324 ]
 [0.08276372 0.17039095 0.23374948 0.8691369 ]
 [0.52634025 0.6304919  0.6079034  1.0641521 ]]

✔️ Gating k-means converged after 1 iterations
Average expert losses per cluster: 
[[0.3966921  0.30906478 0.5686515  0.9197974 ]
 [1.4205207  1.4396733  2.8694844  0.5052139 ]
 [0.08015838 0.16831347 0.23393218 0.8644435 ]
 [0.5175829  0.6383035  0.6078432  1.0629687 ]]

✔️ Gating k-means converged after 1 iterations
Average expert losses per cluster: 
[[0.35433075 0.29121366 0.5650174  0.9149128 ]
 [1.4132612  1.4925169  2.8616302  0.5096465 ]
 [0.08130588 0.15849033 0.22353952 0.86157197]
 [0.48188522 0.64404255 0.60604966 1.0627127 ]]

✔️ Gating k-means converged after 1 iterations
Average expert losses per cluster: 
[[0.3380079  0.25658044 0.5603587  0.9164605 ]
 [1.3389992  1.5708772  2.8607316  0.49537775]
 [0.07737515 0.14766985 0.21353075 0.9103157 ]
 [0.44680548 0.60945064 0.60399395 1.06873   ]]

✔️ Gating k-means converged after 1 iterations
Average expert losses per cluster: 
[[0.33252308 0.24724148 0.55923057 0.9170788 ]
 [1.32908    1.5863107  2.8592553  0.493829  ]
 [0.0759935  0.14727122 0.21218798 0.9186616 ]
 [0.43907094 0.59445846 0.6033964  1.0698452 ]]

✔️ Gating k-means converged after 2 iterations
Average expert losses per cluster: 
[[0.32975864 0.24373698 0.5584721  0.91897804]
 [1.3298166  1.5874227  2.8593252  0.49382392]
 [0.07458161 0.14967279 0.21240357 0.9154879 ]
 [0.44102317 0.5935931  0.6027046  1.070801  ]]

✔️ Gating k-means converged after 2 iterations
Average expert losses per cluster: 
[[0.32553658 0.23926435 0.5580079  0.92145216]
 [1.3301622  1.5887152  2.859473   0.49379048]
 [0.07308508 0.15412745 0.21250586 0.9073848 ]
 [0.4433522  0.5921019  0.602206   1.0730066 ]]

✔️ Gating k-means converged after 1 iterations
Average expert losses per cluster: 
[[0.3191378  0.22618158 0.55686194 0.92226976]
 [1.3218449  1.6082706  2.858595   0.49259374]
 [0.07145108 0.15505502 0.21083944 0.9125941 ]
 [0.43717834 0.5642849  0.6018584  1.0743003 ]]

✔️ Gating k-means converged after 1 iterations
Average expert losses per cluster: 
[[0.30148607 0.19265988 0.5527997  0.92287856]
 [1.2997092  1.7357292  2.8030632  0.49016696]
 [0.07361548 0.19210397 0.20855397 0.9567288 ]
 [0.4182037  0.46040684 0.5988834  1.0813444 ]]

✔️ Gating k-means converged after 1 iterations
Average expert losses per cluster: 
[[0.27586326 0.18696442 0.55124587 0.92867273]
 [1.374319   1.841675   2.734792   0.47749588]
 [0.06757781 0.26103267 0.21434027 1.0043508 ]
 [0.41183487 0.47060052 0.5963568  1.0930088 ]]

✔️ Gating k-means converged after 1 iterations
Average expert losses per cluster: 
[[0.27397966 0.18223555 0.5510855  0.93277085]
 [1.3818043  1.8624432  2.7240872  0.47136718]
 [0.06535493 0.27625954 0.21577445 1.0118575 ]
 [0.41091365 0.47683877 0.5960446  1.0964456 ]]

✔️ Gating k-means converged after 2 iterations
Average expert losses per cluster: 
[[0.26837453 0.16185564 0.5509562  0.9377662 ]
 [1.3813146  1.8576144  2.7243092  0.4708601 ]
 [0.06380434 0.2749738  0.2148479  1.0178254 ]
 [0.41304448 0.4736423  0.5957771  1.0997036 ]]

✔️ Gating k-means converged after 3 iterations
Average expert losses per cluster: 
[[0.2468155  0.1998187  0.5014543  0.9327933 ]
 [1.3807362  1.8265444  2.7264268  0.4685339 ]
 [0.06088743 0.27375793 0.21391402 1.0295925 ]
 [0.5029146  0.48013896 0.70931506 1.1758835 ]]

✔️ Gating k-means converged after 2 iterations
Average expert losses per cluster: 
[[0.2431184  0.2002409  0.5013205  0.9346452 ]
 [1.3837774  1.8469759  2.7170985  0.46350023]
 [0.05411813 0.29238203 0.21490638 1.0439725 ]
 [0.4973137  0.4851564  0.70903176 1.1820668 ]]

✔️ Gating k-means converged after 1 iterations
Average expert losses per cluster: 
[[0.23027776 0.22828376 0.50148743 0.91263795]
 [1.4575714  1.9740032  2.6766658  0.45418555]
 [0.04635951 0.4153864  0.21969444 1.0154145 ]
 [0.47479424 0.52015823 0.70705813 1.1301533 ]]

✔️ Gating k-means converged after 1 iterations
Average expert losses per cluster: 
[[0.22647862 0.2083123  0.5013101  0.8869359 ]
 [1.5149388  1.8768429  2.6426752  0.4426847 ]
 [0.04671915 0.39480457 0.22010058 1.0411237 ]
 [0.47289118 0.47897288 0.70291984 1.0519824 ]]

✔️ Gating k-means converged after 1 iterations
Average expert losses per cluster: 
[[0.2280405  0.19713748 0.50131845 0.8908693 ]
 [1.5177048  1.7829278  2.6381416  0.44270563]
 [0.0488448  0.3324623  0.21976362 1.075846  ]
 [0.4746477  0.4614546  0.70230055 1.0489097 ]]

✔️ Gating k-means converged after 2 iterations
Average expert losses per cluster: 
[[0.2261774  0.19244836 0.50131    0.89444876]
 [1.5248337  1.7427076  2.643229   0.43486366]
 [0.04947446 0.3313028  0.22087209 1.0899093 ]
 [0.475708   0.4609217  0.7023384  1.0490768 ]]

✔️ Gating k-means converged after 2 iterations
Average expert losses per cluster: 
[[0.2243542  0.18826404 0.50175524 0.8961949 ]
 [1.5311676  1.7250481  2.6463974  0.4317367 ]
 [0.04942399 0.3310301  0.22252765 1.0929896 ]
 [0.46988842 0.4540505  0.702223   1.0464239 ]]

✔️ Gating k-means converged after 1 iterations
Average expert losses per cluster: 
[[0.2267649  0.19334126 0.5015789  0.9025842 ]
 [1.5346838  1.6739063  2.641507   0.43208256]
 [0.05291495 0.29812104 0.2222194  1.1223546 ]
 [0.4694602  0.44065523 0.7012992  1.0433233 ]]

✔️ Gating k-means converged after 1 iterations
Average expert losses per cluster: 
[[0.23926806 0.19074857 0.49975285 0.9278094 ]
 [1.5451941  1.6432797  2.6177003  0.411276  ]
 [0.07232889 0.2919491  0.2197516  1.1784809 ]
 [0.4803604  0.40810263 0.6978311  1.0468385 ]]

✔️ Gating k-means converged after 1 iterations
Average expert losses per cluster: 
[[0.23269683 0.18337236 0.49810204 0.9064654 ]
 [1.5999491  1.6495876  2.607413   0.4650998 ]
 [0.05902295 0.33126506 0.2149921  1.0550909 ]
 [0.4807944  0.3905992  0.6941952  0.9967677 ]]

✔️ Gating k-means converged after 2 iterations
Average expert losses per cluster: 
[[0.22982244 0.17862868 0.4977786  0.90456814]
 [1.597584   1.6799368  2.6029463  0.48908454]
 [0.06026762 0.37127888 0.21427429 1.0487144 ]
 [0.4760815  0.39042175 0.69351447 0.99026906]]

✔️ Gating k-means converged after 2 iterations
Average expert losses per cluster: 
[[0.23020062 0.17970127 0.49801636 0.9060252 ]
 [1.5790223  1.674079   2.5919805  0.4763995 ]
 [0.05390501 0.36437458 0.21279576 1.0838244 ]
 [0.4699427  0.38496503 0.69344944 0.9885192 ]]

✔️ Gating k-means converged after 2 iterations
Average expert losses per cluster: 
[[0.2305731  0.18019205 0.49803418 0.9076079 ]
 [1.5600816  1.6772732  2.5812352  0.464115  ]
 [0.05121497 0.3682848  0.21090895 1.1275384 ]
 [0.46555683 0.3824494  0.69342536 0.98737097]]

✔️ Gating k-means converged after 2 iterations
Average expert losses per cluster: 
[[0.22567272 0.17854196 0.49767822 0.9055495 ]
 [1.5536009  1.7186028  2.5752697  0.48438978]
 [0.0488214  0.41007    0.20975727 1.1260213 ]
 [0.45972824 0.39177716 0.6928007  0.98311275]]

✔️ Gating k-means converged after 1 iterations
Average expert losses per cluster: 
[[0.2150872  0.18139462 0.49525356 0.91275847]
 [1.5324693  1.7252953  2.5701509  0.51301926]
 [0.04389402 0.49597824 0.20610213 1.1242735 ]
 [0.44886038 0.40620637 0.69025457 0.9719994 ]]

✔️ Gating k-means converged after 1 iterations
Average expert losses per cluster: 
[[0.213666   0.22326753 0.4932576  1.0549772 ]
 [1.5557479  1.693499   2.5630891  0.4670396 ]
 [0.04170589 0.5087657  0.20500255 1.4399313 ]
 [0.4509358  0.449836   0.6883726  1.0626742 ]]

✔️ Gating k-means converged after 1 iterations
Average expert losses per cluster: 
[[0.20914087 0.21807852 0.49292338 1.0225712 ]
 [1.5602473  1.6420643  2.560348   0.4192787 ]
 [0.04044247 0.43601918 0.2047302  1.3865325 ]
 [0.4436522  0.42440543 0.6880406  1.0345339 ]]

✔️ Gating k-means converged after 2 iterations
Average expert losses per cluster: 
[[0.20430899 0.21889615 0.49454808 1.0243559 ]
 [1.5554967  1.6339056  2.5630348  0.41835615]
 [0.04184568 0.44304988 0.19537657 1.4478376 ]
 [0.43907544 0.42090786 0.6879844  1.0310657 ]]

✔️ Gating k-means converged after 2 iterations
Average expert losses per cluster: 
[[0.19876432 0.22071777 0.49672365 1.026     ]
 [1.5813831  1.6294631  2.5806673  0.406344  ]
 [0.04405929 0.44828948 0.1882168  1.4909112 ]
 [0.42087746 0.41717276 0.6887435  1.0287069 ]]

✔️ Gating k-means converged after 2 iterations
Average expert losses per cluster: 
[[0.19464755 0.22004537 0.49683714 0.9966363 ]
 [1.5964555  1.5949671  2.5828292  0.3868878 ]
 [0.04349515 0.39645362 0.1855658  1.4187802 ]
 [0.41510725 0.4062744  0.6888008  1.0107831 ]]

✔️ Gating k-means converged after 1 iterations
Average expert losses per cluster: 
[[0.21567044 0.22294568 0.49739966 0.9323268 ]
 [1.7110146  1.4998187  2.5494173  0.48155642]
 [0.07830046 0.26895773 0.18968228 1.2607565 ]
 [0.4882015  0.39815658 0.6871721  0.987328  ]]

✔️ Gating k-means converged after 1 iterations
Average expert losses per cluster: 
[[0.2647644  0.21555404 0.4962872  0.93101066]
 [1.8316128  1.4889101  2.4951005  0.49910694]
 [0.08696734 0.24531029 0.22230487 1.2854686 ]
 [0.45327485 0.37772536 0.68872184 1.0014508 ]]

12:45:42      Epoch:   0      Batch:   0      OuterStep:  30      LossModel: 0.22367561     LossTerm2: 0.02497751     LossGates: 0.00000000      Time/Step(s): 5.1886Contributing envs to the losses:  [ 4 16 15  1  3]
Gate values for each environment (all envs): 
 [[0.17482716 0.47535837 0.17490615 0.17490833]
 [0.17455749 0.4758535  0.17466149 0.17492752]
 [0.17502634 0.47549707 0.17471437 0.17476217]
 [0.1748128  0.4755012  0.17482646 0.1748595 ]
 [0.17474626 0.17488223 0.47547287 0.1748986 ]
 [0.17472799 0.17487428 0.17470856 0.4756892 ]
 [0.17488366 0.17416519 0.17535593 0.4755952 ]
 [0.17479424 0.17508194 0.17471172 0.4754122 ]
 [0.1747614  0.175066   0.17468132 0.4754912 ]
 [0.17482965 0.17477219 0.17499068 0.47540748]
 [0.4748307  0.17503497 0.17509069 0.17504363]
 [0.47571847 0.17434713 0.17518651 0.17474799]
 [0.47529367 0.17462996 0.17518228 0.17489403]
 [0.47503108 0.17507187 0.17491385 0.17498322]
 [0.47554132 0.17465751 0.17503121 0.17476998]
 [0.17469764 0.47569007 0.17474437 0.17486788]
 [0.17480981 0.17503048 0.47522447 0.17493522]
 [0.17480083 0.17515683 0.475057   0.17498533]
 [0.47571436 0.17451999 0.17493257 0.1748331 ]
 [0.17476109 0.475805   0.17459406 0.17483985]]
/home/benchmarking/ddrous.benchmarking/miniforge3/envs/jaxgpu/lib/python3.12/multiprocessing/popen_fork.py:66: RuntimeWarning: os.fork() was called. os.fork() is incompatible with multithreaded code, and JAX is multithreaded, so this will likely lead to a deadlock.
  self.pid = os.fork()
        Validation Criterion: 0.22285333
        Saving best model so far ...
✔️ Gating k-means converged after 2 iterations
Average expert losses per cluster: 
[[0.31185257 0.21178858 0.49113065 0.93534136]
 [1.8481454  1.4970093  2.5034728  0.48205993]
 [0.11132258 0.2507267  0.19587211 1.3151834 ]
 [0.5165725  0.37051046 0.6875919  1.0075806 ]]

✔️ Gating k-means converged after 2 iterations
Average expert losses per cluster: 
[[0.31016558 0.2100715  0.49201727 0.93399906]
 [1.8510884  1.4958836  2.5012486  0.480252  ]
 [0.11178251 0.25299567 0.19011025 1.3297566 ]
 [0.5129521  0.37077373 0.6879379  1.0077517 ]]

✔️ Gating k-means converged after 2 iterations
Average expert losses per cluster: 
[[0.30912444 0.20909116 0.4925267  0.93315095]
 [1.8589344  1.4831328  2.489051   0.46042824]
 [0.11048134 0.25372759 0.18901002 1.3339651 ]
 [0.5113807  0.37014002 0.6881362  1.0075703 ]]

✔️ Gating k-means converged after 2 iterations
Average expert losses per cluster: 
[[0.32730865 0.20547664 0.48925507 0.9368698 ]
 [1.837182   1.4894968  2.489021   0.4418647 ]
 [0.11190434 0.25825167 0.17596835 1.3581626 ]
 [0.5304516  0.36385557 0.6875311  1.0133657 ]]

✔️ Gating k-means converged after 1 iterations
Average expert losses per cluster: 
[[0.3104273  0.18770742 0.4865119  0.96280944]
 [1.6220531  1.7044525  2.5148647  0.37909338]
 [0.0784604  0.49428186 0.18886742 1.5040214 ]
 [0.46498603 0.43878752 0.68881047 1.0444515 ]]

✔️ Gating k-means converged after 1 iterations
Average expert losses per cluster: 
[[0.32787892 0.16785161 0.48815274 1.0240407 ]
 [1.5067581  1.6663445  2.5320582  0.34890938]
 [0.09217273 0.4217437  0.22870545 1.826806  ]
 [0.4701171  0.36852705 0.68968767 1.1055473 ]]

✔️ Gating k-means converged after 1 iterations
Average expert losses per cluster: 
[[0.32843456 0.16913569 0.48827323 1.0346029 ]
 [1.5073112  1.6193146  2.5270574  0.35745215]
 [0.09232305 0.3432802  0.23440859 1.8892846 ]
 [0.46890682 0.3713563  0.6894733  1.1169126 ]]

✔️ Gating k-means converged after 2 iterations
Average expert losses per cluster: 
[[0.3278122  0.16906786 0.48861498 1.0329734 ]
 [1.5051794  1.6285628  2.5068793  0.3620065 ]
 [0.09118246 0.34256554 0.2357572  1.8863513 ]
 [0.46903595 0.3701591  0.6870079  1.116537  ]]

✔️ Gating k-means converged after 2 iterations
Average expert losses per cluster: 
[[0.32783476 0.16846159 0.48794898 1.0335035 ]
 [1.5058864  1.6370338  2.5007496  0.3634278 ]
 [0.0891636  0.34432232 0.23755777 1.8846092 ]
 [0.47026134 0.36963373 0.68237484 1.1179695 ]]

✔️ Gating k-means converged after 1 iterations
Average expert losses per cluster: 
[[0.3288718  0.1692648  0.4869554  1.0445744 ]
 [1.5073357  1.6268742  2.499779   0.37580624]
 [0.08852391 0.31714687 0.24050234 1.9453853 ]
 [0.46967643 0.38522488 0.68131447 1.129262  ]]

✔️ Gating k-means converged after 1 iterations
Average expert losses per cluster: 
[[0.31900668 0.18328378 0.48275232 1.0410128 ]
 [1.5904129  1.650602   2.4957159  0.31205073]
 [0.07469668 0.28633922 0.243608   1.7276604 ]
 [0.45175752 0.453772   0.68062913 1.1381149 ]]

✔️ Gating k-means converged after 1 iterations
Average expert losses per cluster: 
[[0.28195545 0.17310183 0.47902942 1.0564086 ]
 [1.7807683  1.739941   2.4836667  0.3278644 ]
 [0.04978786 0.3968086  0.23398563 1.6827617 ]
 [0.42748833 0.40728718 0.67668146 1.1598935 ]]

✔️ Gating k-means converged after 1 iterations
Average expert losses per cluster: 
[[0.2780022  0.17675263 0.478409   1.097505  ]
 [1.8154236  1.7664589  2.4805524  0.29055   ]
 [0.04818473 0.446307   0.23201826 1.8028195 ]
 [0.4311551  0.40755945 0.67552257 1.204139  ]]

✔️ Gating k-means converged after 2 iterations
Average expert losses per cluster: 
[[0.2783241  0.17599414 0.4777821  1.0984397 ]
 [1.8195857  1.7747233  2.4722204  0.28875232]
 [0.04803895 0.45054352 0.229859   1.7894063 ]
 [0.4337675  0.40682286 0.67475176 1.2052231 ]]

✔️ Gating k-means converged after 2 iterations
Average expert losses per cluster: 
[[0.27779838 0.17441452 0.47632796 1.1010177 ]
 [1.8237534  1.7839224  2.4631305  0.2868847 ]
 [0.04791665 0.45164973 0.22750235 1.77851   ]
 [0.43537736 0.40629065 0.67441213 1.2048723 ]]

✔️ Gating k-means converged after 1 iterations
Average expert losses per cluster: 
[[0.274642   0.17055535 0.47571898 1.1447244 ]
 [1.8588275  1.8453234  2.4590533  0.27254915]
 [0.04762217 0.5298867  0.225339   1.9121912 ]
 [0.44115102 0.41955885 0.67367667 1.2527771 ]]

✔️ Gating k-means converged after 1 iterations
Average expert losses per cluster: 
[[0.26744807 0.16471165 0.47356698 1.3928931 ]
 [1.8982872  1.8576351  2.442302   0.5344275 ]
 [0.04726734 0.5893724  0.21204424 2.8592958 ]
 [0.46054396 0.41589332 0.66932076 1.539595  ]]

✔️ Gating k-means converged after 1 iterations
Average expert losses per cluster: 
[[0.25627935 0.16901302 0.4691124  0.9759046 ]
 [1.8721857  1.6923634  2.4302385  0.4693089 ]
 [0.04515734 0.36042786 0.1973484  1.4938172 ]
 [0.4495495  0.40917856 0.6662936  1.075345  ]]

✔️ Gating k-means converged after 1 iterations
Average expert losses per cluster: 
[[0.25028026 0.18085706 0.46828365 0.94795144]
 [1.8690083  1.6393765  2.4241197  0.5135949 ]
 [0.04409665 0.29487294 0.19520685 1.428636  ]
 [0.43727037 0.42639443 0.66589105 1.0431209 ]]

✔️ Gating k-means converged after 2 iterations
Average expert losses per cluster: 
[[0.2511954  0.17968397 0.4676373  0.94689506]
 [1.8861293  1.655768   2.394964   0.49816146]
 [0.042845   0.29398367 0.19469085 1.4276713 ]
 [0.43895707 0.425413   0.6659834  1.0429599 ]]

✔️ Gating k-means converged after 2 iterations
Average expert losses per cluster: 
[[0.25427252 0.17771119 0.46713442 0.94443774]
 [1.8975794  1.6673087  2.3782535  0.4898139 ]
 [0.03982685 0.29438746 0.19578099 1.4344745 ]
 [0.44308943 0.4235558  0.6656079  1.0419904 ]]

✔️ Gating k-means converged after 1 iterations
Average expert losses per cluster: 
[[0.25026777 0.1860866  0.46573824 0.92324674]
 [1.8948498  1.637343   2.370863   0.5272052 ]
 [0.03938351 0.26373434 0.19443724 1.3860731 ]
 [0.43419224 0.44142914 0.6636817  1.0177301 ]]

✔️ Gating k-means converged after 1 iterations
Average expert losses per cluster: 
[[0.26259694 0.19442457 0.45922744 0.87609494]
 [1.8272545  2.0443475  2.3576434  0.6574909 ]
 [0.04412018 0.6635964  0.18734996 1.2500145 ]
 [0.4155541  0.50980586 0.65682906 0.9583089 ]]

✔️ Gating k-means converged after 1 iterations
Average expert losses per cluster: 
[[0.26349443 0.19565563 0.45442495 0.86899865]
 [1.713678   2.1575222  2.3453038  0.5971398 ]
 [0.04320787 0.9703785  0.18334734 1.2086923 ]
 [0.438974   0.5382287  0.6528673  0.94743466]]

✔️ Gating k-means converged after 2 iterations
Average expert losses per cluster: 
[[0.26376772 0.16286471 0.453732   0.868785  ]
 [1.7080351  1.7898741  2.3360162  0.5823681 ]
 [0.04446493 0.44816822 0.18305844 1.206921  ]
 [0.44669566 0.40711194 0.6524806  0.9467262 ]]

✔️ Gating k-means converged after 2 iterations
Average expert losses per cluster: 
[[0.26405394 0.16212389 0.4535349  0.8653061 ]
 [1.7169586  1.8204603  2.3100994  0.5711004 ]
 [0.04428111 0.44783887 0.18484227 1.2118807 ]
 [0.44689387 0.4048043  0.6528126  0.94446063]]

✔️ Gating k-means converged after 2 iterations
Average expert losses per cluster: 
[[0.26384455 0.16182232 0.45343804 0.86214274]
 [1.7229235  1.8426878  2.2952816  0.5646662 ]
 [0.04318895 0.4464721  0.18802123 1.2191861 ]
 [0.4462983  0.4031781  0.65283644 0.943408  ]]

✔️ Gating k-means converged after 1 iterations
Average expert losses per cluster: 
[[0.26474285 0.19023186 0.452869   0.86306924]
 [1.7161751  1.623435   2.291685   0.5303853 ]
 [0.04465243 0.27573928 0.18816249 1.2353724 ]
 [0.45332575 0.43191826 0.6522478  0.9452317 ]]

✔️ Gating k-means converged after 1 iterations
Average expert losses per cluster: 
[[0.2662362  0.3391198  0.45016655 0.87028   ]
 [1.7659897  1.3300458  2.2857387  0.38159958]
 [0.04501486 0.18419832 0.18640453 1.467346  ]
 [0.4739141  0.641771   0.6505282  0.95381397]]

✔️ Gating k-means converged after 1 iterations
Average expert losses per cluster: 
[[0.24525738 0.40060616 0.44392368 0.87425417]
 [1.6501648  1.2902873  2.2787426  0.4152243 ]
 [0.05715344 0.17907487 0.1828349  1.8970118 ]
 [0.39945    0.72522277 0.64184636 0.9667852 ]]

✔️ Gating k-means converged after 1 iterations
Average expert losses per cluster: 
[[0.26141596 0.408015   0.44252822 0.8738825 ]
 [1.6136343  1.2877032  2.2754877  0.39282092]
 [0.07145771 0.17845866 0.18217883 1.8873876 ]
 [0.42086995 0.73543614 0.6400502  0.9748893 ]]

✔️ Gating k-means converged after 2 iterations
Average expert losses per cluster: 
[[0.25622064 0.40493545 0.44279575 0.8699274 ]
 [1.6167166  1.2937549  2.2911747  0.383203  ]
 [0.06978732 0.17716378 0.183829   1.903405  ]
 [0.42158794 0.7349393  0.63985837 0.97513026]]

✔️ Gating k-means converged after 2 iterations
Average expert losses per cluster: 
[[0.25258648 0.40306732 0.44313306 0.86769867]
 [1.6251894  1.3068092  2.3224034  0.36884448]
 [0.06941393 0.17252444 0.18492556 1.9023484 ]
 [0.42212933 0.7345296  0.63985294 0.97527504]]

✔️ Gating k-means converged after 2 iterations
Average expert losses per cluster: 
[[0.2729004  0.40922016 0.4419768  0.8670474 ]
 [1.6011511  1.3080696  2.3255022  0.340785  ]
 [0.08631244 0.1714366  0.18413636 1.8638757 ]
 [0.45778716 0.74381965 0.6390897  0.9851858 ]]

✔️ Gating k-means converged after 1 iterations
Average expert losses per cluster: 
[[0.21007714 0.42651218 0.4376601  0.86705726]
 [1.5268582  1.3548777  2.3137088  0.28236067]
 [0.08740786 0.15366995 0.18004543 1.8046465 ]
 [0.44538528 0.7867584  0.63887423 1.0311216 ]]

✔️ Gating k-means converged after 1 iterations
Average expert losses per cluster: 
[[0.33950055 0.4349695  0.43174165 0.89097756]
 [1.5849358  1.4250594  2.3024864  0.22945002]
 [0.12922706 0.13593021 0.17863336 2.0778866 ]
 [0.4217121  0.8228618  0.63235444 1.1140605 ]]

✔️ Gating k-means converged after 2 iterations
Average expert losses per cluster: 
[[0.33134627 0.4367034  0.43037283 0.9021863 ]
 [1.5943223  1.4423132  2.3046575  0.21721554]
 [0.12214711 0.13216406 0.17917733 2.1724842 ]
 [0.42454606 0.82928765 0.6294986  1.1412314 ]]

✔️ Gating k-means converged after 2 iterations
Average expert losses per cluster: 
[[0.28844455 0.45793486 0.48265448 0.9868867 ]
 [1.592258   1.4496682  2.3190367  0.21950474]
 [0.12140092 0.13094112 0.17947647 2.1729605 ]
 [0.3722446  0.7213478  0.5187689  0.9685912 ]]

✔️ Gating k-means converged after 2 iterations
Average expert losses per cluster: 
[[0.22762147 0.47594985 0.48664775 0.98454636]
 [1.5909746  1.453304   2.325279   0.22035237]
 [0.11993071 0.1307719  0.17966685 2.17727   ]
 [0.3619955  0.725199   0.5199621  0.97019386]]

✔️ Gating k-means converged after 2 iterations
Average expert losses per cluster: 
[[0.21930933 0.4793969  0.4857156  0.9906352 ]
 [1.6008437  1.4663814  2.3233016  0.20560613]
 [0.11457344 0.12811449 0.18018138 2.304682  ]
 [0.364177   0.7312944  0.51856333 1.003732  ]]

✔️ Gating k-means converged after 1 iterations
Average expert losses per cluster: 
[[0.21165471 0.48152885 0.4776722  1.0417597 ]
 [1.8819922  1.524171   2.3150377  0.24583574]
 [0.11376359 0.1188522  0.18092713 3.0427492 ]
 [0.376862   0.75429714 0.51099    1.2194567 ]]

✔️ Gating k-means converged after 1 iterations
Average expert losses per cluster: 
[[0.20806716 0.48292193 0.46180964 0.91870445]
 [2.0766017  1.5713084  2.3021092  0.21700697]
 [0.09276906 0.1135004  0.17461276 2.202756  ]
 [0.38420936 0.7710266  0.49719965 0.9937666 ]]

✔️ Gating k-means converged after 2 iterations
Average expert losses per cluster: 
[[0.22862704 0.4857467  0.4591042  0.8996734 ]
 [2.1035671  1.5828494  2.2998226  0.251231  ]
 [0.10780825 0.11232772 0.17299986 2.0477605 ]
 [0.41857415 0.77452344 0.49461722 0.95462453]]

✔️ Gating k-means converged after 2 iterations
Average expert losses per cluster: 
[[0.22079669 0.49800596 0.46356496 0.89958966]
 [2.109091   1.5761886  2.2872036  0.24322215]
 [0.10828453 0.11268222 0.17264962 2.0506308 ]
 [0.4188425  0.7763191  0.49567455 0.9547881 ]]

✔️ Gating k-means converged after 2 iterations
Average expert losses per cluster: 
[[0.20763412 0.50655854 0.47144157 0.90439385]
 [2.1238267  1.5634549  2.2625413  0.2287883 ]
 [0.10771357 0.11265498 0.17148678 2.0519328 ]
 [0.41909367 0.777698   0.49622476 0.95495725]]

✔️ Gating k-means converged after 2 iterations
Average expert losses per cluster: 
[[0.22564302 0.5078719  0.47024533 0.8942335 ]
 [2.152964   1.5721848  2.257149   0.22695743]
 [0.12465817 0.11162639 0.16981196 1.9553218 ]
 [0.4571895  0.7808866  0.4935797  0.93391776]]

✔️ Gating k-means converged after 1 iterations
Average expert losses per cluster: 
[[0.2738905  0.49784312 0.4568676  0.8689376 ]
 [2.2041955  1.6372718  2.2547967  0.2089192 ]
 [0.12774435 0.1051802  0.16537267 1.8164418 ]
 [0.33997884 0.78577316 0.48361045 0.9010807 ]]

✔️ Gating k-means converged after 1 iterations
Average expert losses per cluster: 
[[0.17037794 0.48352423 0.4431263  0.86321783]
 [2.2799165  1.695825   2.2484057  0.22277878]
 [0.24737619 0.09956771 0.1593742  1.8548343 ]
 [0.32697898 0.7821207  0.47021377 0.8993412 ]]

✔️ Gating k-means converged after 1 iterations
Average expert losses per cluster: 
[[0.18425265 0.48248205 0.44303545 0.86206836]
 [2.3065069  1.7038568  2.2438076  0.21453023]
 [0.2704922  0.09863126 0.1579153  1.8930911 ]
 [0.34745505 0.78172493 0.4681865  0.901824  ]]

✔️ Gating k-means converged after 2 iterations
Average expert losses per cluster: 
[[0.23422866 0.5421848  0.48640436 0.8704559 ]
 [2.3234353  1.6980877  2.235188   0.21613315]
 [0.26877055 0.09857377 0.1565685  1.8947271 ]
 [0.2886072  0.7733706  0.4037428  0.9128267 ]]

✔️ Gating k-means converged after 2 iterations
Average expert losses per cluster: 
[[0.22947383 0.5459329  0.49093133 0.8750975 ]
 [2.327181   1.696229   2.2338428  0.21690865]
 [0.26725805 0.0983963  0.15596217 1.8983291 ]
 [0.28108388 0.77408123 0.40277886 0.91679764]]

✔️ Gating k-means converged after 1 iterations
Average expert losses per cluster: 
[[0.26030448 0.54459    0.4877591  0.8731224 ]
 [2.355073   1.7055594  2.238632   0.2096759 ]
 [0.29920492 0.09755635 0.1539582  1.9349031 ]
 [0.29023302 0.7740037  0.3977155  0.9220125 ]]

✔️ Gating k-means converged after 1 iterations
Average expert losses per cluster: 
[[0.19996014 0.5321828  0.46771783 0.863348  ]
 [2.5400202  1.7470204  2.275915   0.18431757]
 [0.6056557  0.09316587 0.14789128 2.0755424 ]
 [0.42596954 0.77084017 0.374686   0.93732727]]

✔️ Gating k-means converged after 1 iterations
Average expert losses per cluster: 
[[0.13911968 0.521096   0.44293723 0.84449935]
 [2.5771813  1.7780145  2.3935459  0.14354296]
 [0.22588144 0.08986118 0.14364201 2.1980329 ]
 [0.36241102 0.76769435 0.32235193 0.9432038 ]]

✔️ Gating k-means converged after 1 iterations
Average expert losses per cluster: 
[[0.12874866 0.52001834 0.43908042 0.84242404]
 [2.7033498  1.7830794  2.4277134  0.14465299]
 [0.24962917 0.08928691 0.14277285 2.2225292 ]
 [0.51596415 0.768301   0.31175983 0.94532174]]

✔️ Gating k-means converged after 2 iterations
Average expert losses per cluster: 
[[0.12275736 0.52380097 0.43982297 0.8457651 ]
 [2.707079   1.782016   2.4285905  0.14379552]
 [0.24616176 0.08901614 0.14244759 2.225546  ]
 [0.4931447  0.7714247  0.31222135 0.95083857]]

✔️ Gating k-means converged after 2 iterations
Average expert losses per cluster: 
[[0.10835402 0.53116775 0.44212508 0.8534303 ]
 [2.7150152  1.7802582  2.4294772  0.14259994]
 [0.24238318 0.08874851 0.1416878  2.22957   ]
 [0.46643242 0.772524   0.31711933 0.9607911 ]]

✔️ Gating k-means converged after 1 iterations
Average expert losses per cluster: 
[[0.14956376 0.530843   0.43502185 0.85248536]
 [2.8294327  1.784638   2.4692583  0.14589404]
 [0.3000902  0.08813076 0.14071864 2.2524269 ]
 [0.68070567 0.7722313  0.29731375 0.9627945 ]]

✔️ Gating k-means converged after 1 iterations
Average expert losses per cluster: 
[[0.20345855 0.5211999  0.41091117 0.85123026]
 [2.4437256  1.8031893  2.6400583  0.13287297]
 [0.1227483  0.08515044 0.14444916 2.3502042 ]
 [0.3250814  0.76636064 0.24300954 0.9802739 ]]

✔️ Gating k-means converged after 1 iterations
Average expert losses per cluster: 
[[0.19687209 0.5090646  0.40590596 0.87392914]
 [2.9458165  1.8198757  2.757129   0.24997866]
 [0.62118214 0.08126882 0.14703117 2.4947727 ]
 [0.93383306 0.7564446  0.21259914 1.0195187 ]]

12:46:30      Epoch:   0      Batch:   0      OuterStep:  40      LossModel: 0.15864080     LossTerm2: 0.04395311     LossGates: 0.00000000      Time/Step(s): 4.8559Contributing envs to the losses:  [10 13 11 14 12]
Gate values for each environment (all envs): 
 [[0.47582898 0.17467035 0.1746618  0.17483893]
 [0.4754052  0.1748291  0.17485179 0.17491405]
 [0.47555426 0.17469826 0.1749422  0.17480524]
 [0.17484386 0.17488158 0.475408   0.17486665]
 [0.17503184 0.17490643 0.47501084 0.17505081]
 [0.17498936 0.17484696 0.17479447 0.47536924]
 [0.17503862 0.17486775 0.17481646 0.47527713]
 [0.17456974 0.17485335 0.17502461 0.47555232]
 [0.17483562 0.17501967 0.17481393 0.4753307 ]
 [0.17478679 0.17486829 0.17495732 0.4753876 ]
 [0.17506902 0.47541654 0.17467417 0.17484026]
 [0.17496696 0.4751993  0.17487313 0.17496061]
 [0.17520519 0.4753529  0.17461091 0.17483105]
 [0.17481776 0.47555664 0.1748604  0.17476527]
 [0.17485166 0.4753646  0.17500153 0.17478222]
 [0.47510338 0.17499278 0.17505863 0.17484525]
 [0.47525725 0.17493787 0.17495681 0.17484806]
 [0.17455584 0.17495593 0.47557682 0.17491138]
 [0.17473535 0.47567335 0.17473754 0.17485376]
 [0.47534132 0.17488343 0.17489746 0.17487778]]
/home/benchmarking/ddrous.benchmarking/miniforge3/envs/jaxgpu/lib/python3.12/multiprocessing/popen_fork.py:66: RuntimeWarning: os.fork() was called. os.fork() is incompatible with multithreaded code, and JAX is multithreaded, so this will likely lead to a deadlock.
  self.pid = os.fork()
        Validation Criterion: 0.68086952
✔️ Gating k-means converged after 1 iterations
Average expert losses per cluster: 
[[0.28821445 0.50664496 0.40600324 0.8816693 ]
 [3.036057   1.823161   2.76389    0.28909773]
 [0.78465366 0.08012275 0.14212087 2.5256066 ]
 [1.0689943  0.7531759  0.19939005 1.026965  ]]

✔️ Gating k-means converged after 2 iterations
Average expert losses per cluster: 
[[0.3021962  0.5078661  0.40431446 0.8921174 ]
 [2.994126   1.8277466  2.7575684  0.26155645]
 [0.7488556  0.08001044 0.13997154 2.5427043 ]
 [1.0378187  0.7558036  0.19722126 1.0354614 ]]

✔️ Gating k-means converged after 2 iterations
Average expert losses per cluster: 
[[0.3170867  0.50535965 0.452383   0.9891285 ]
 [2.9660413  1.8324013  2.753492   0.2412714 ]
 [0.8392715  0.04289481 0.07611089 2.8159158 ]
 [0.79870343 0.63852113 0.18190739 0.94571817]]

✔️ Gating k-means converged after 2 iterations
Average expert losses per cluster: 
[[0.20337427 0.5000466  0.4506802  0.99195045]
 [2.3540986  1.8362602  2.757055   0.2693547 ]
 [0.22991088 0.04228143 0.07455382 2.853003  ]
 [0.26359183 0.63596773 0.18170878 0.94930017]]

✔️ Gating k-means converged after 1 iterations
Average expert losses per cluster: 
[[0.6013781  0.47481972 0.36029756 0.964194  ]
 [1.8661197  1.8593782  2.9333453  0.15673475]
 [0.262303   0.03785756 0.04729189 2.252284  ]
 [0.433573   0.6198739  0.15091649 0.8500779 ]]

✔️ Gating k-means converged after 1 iterations
Average expert losses per cluster: 
[[0.64196074 0.4413137  0.38422248 0.93169796]
 [1.7785734  1.9023942  3.0992062  0.20479587]
 [0.30531368 0.03345164 0.04740621 2.151158  ]
 [0.49507487 0.6039976  0.22132778 0.8124531 ]]

✔️ Gating k-means converged after 2 iterations
Average expert losses per cluster: 
[[0.64741695 0.4327434  0.3661967  0.9264981 ]
 [1.7669019  1.9138316  3.071884   0.22213279]
 [0.3103669  0.03281312 0.04581071 2.169647  ]
 [0.49904162 0.6013626  0.2157813  0.8113579 ]]

✔️ Gating k-means converged after 2 iterations
Average expert losses per cluster: 
[[0.6505009  0.42752323 0.35238752 0.9169714 ]
 [1.7677077  1.9141026  3.0724988  0.22268863]
 [0.30986568 0.03297932 0.04560215 2.1734807 ]
 [0.4998827  0.60028076 0.21779539 0.80959123]]

✔️ Gating k-means converged after 2 iterations
Average expert losses per cluster: 
[[0.6524911  0.42336902 0.3418352  0.9102186 ]
 [1.7681326  1.9140303  3.072974   0.2230979 ]
 [0.30962786 0.03255999 0.0455634  2.173725  ]
 [0.49960172 0.59737027 0.22063726 0.8074019 ]]

✔️ Gating k-means converged after 1 iterations
Average expert losses per cluster: 
[[0.6565987  0.41591722 0.30080426 0.90711594]
 [1.758563   1.9238085  3.1521518  0.24010001]
 [0.3143645  0.03186939 0.05735871 2.1919892 ]
 [0.50253576 0.59463954 0.21315186 0.80588925]]

✔️ Gating k-means converged after 1 iterations
Average expert losses per cluster: 
[[0.6694972  0.3725184  0.59269226 0.90184903]
 [1.7309469  2.0136325  4.037857   0.3405157 ]
 [0.33287296 0.02972556 0.3237606  2.255016  ]
 [0.5132109  0.5728792  1.0195622  0.804218  ]]

✔️ Gating k-means converged after 1 iterations
Average expert losses per cluster: 
[[0.6763785  0.16130026 6.2369413  0.95857155]
 [1.7208086  2.594395   5.710572   0.12619202]
 [0.34420508 0.28281683 5.3587203  2.4662886 ]
 [0.51943034 0.48845065 3.677641   0.84521747]]

✔️ Gating k-means converged after 1 iterations
Average expert losses per cluster: 
[[0.6775384  0.13751799 1.151602   0.9847622 ]
 [1.7197487  2.7456777  3.012367   0.17642443]
 [0.3458826  0.42764136 0.28457198 2.5502338 ]
 [0.52026427 0.5186857  1.2987618  0.85795057]]

✔️ Gating k-means converged after 2 iterations
Average expert losses per cluster: 
[[0.6781727  0.13134852 1.1258733  0.9816048 ]
 [1.7219995  2.7371576  3.0166633  0.17431408]
 [0.34582546 0.4275271  0.2844826  2.5495908 ]
 [0.5200764  0.5190007  1.3059046  0.85579664]]

✔️ Gating k-means converged after 2 iterations
Average expert losses per cluster: 
[[0.6787256  0.12867925 1.1105571  0.981588  ]
 [1.7257833  2.721631   3.0274189  0.17065416]
 [0.34623227 0.42544898 0.2586121  2.5575805 ]
 [0.5195785  0.51940256 1.3121121  0.85235363]]

✔️ Gating k-means converged after 1 iterations
Average expert losses per cluster: 
[[0.67971337 0.10839555 0.6693568  1.0094426 ]
 [1.7255043  2.921601   2.518684   0.2467163 ]
 [0.3477885  0.6980687  0.17688887 2.64304   ]
 [0.52019453 0.61206377 0.8076943  0.8619214 ]]

✔️ Gating k-means converged after 1 iterations
Average expert losses per cluster: 
[[0.68286294 0.11471158 0.55069816 1.0327848 ]
 [1.7233006  3.3117974  2.106533   0.22765692]
 [0.35327968 2.4928493  0.17546459 2.1157415 ]
 [0.5232153  0.859606   0.53947335 0.8407544 ]]

✔️ Gating k-means converged after 1 iterations
Average expert losses per cluster: 
[[0.6847004  0.10287368 0.6276685  1.033308  ]
 [1.7224263  2.5244768  2.3251398  0.21624522]
 [0.356579   0.66683096 0.3040557  1.917065  ]
 [0.5250224  0.51842374 0.5375917  0.8368207 ]]

✔️ Gating k-means converged after 2 iterations
Average expert losses per cluster: 
[[0.6850545  0.11271906 0.6344916  1.03261   ]
 [1.7228985  2.4387293  2.2784798  0.21491113]
 [0.35667732 0.5249681  0.2284519  1.9056505 ]
 [0.5251348  0.47884327 0.5379597  0.83537936]]

✔️ Gating k-means converged after 2 iterations
Average expert losses per cluster: 
[[0.685562   0.11204541 0.6354618  1.032733  ]
 [1.7239121  2.4374745  2.2818165  0.21546984]
 [0.3537271  0.5038232  0.20420496 1.9402021 ]
 [0.52429867 0.47773314 0.5387216  0.83081234]]

✔️ Gating k-means converged after 2 iterations
Average expert losses per cluster: 
[[0.686049   0.11192848 0.6362032  1.0327828 ]
 [1.7234926  2.4390838  2.2809951  0.2152297 ]
 [0.3507583  0.484646   0.18314256 1.9733762 ]
 [0.5237266  0.47671723 0.5390862  0.82782865]]

✔️ Gating k-means converged after 2 iterations
Average expert losses per cluster: 
[[0.6871347  0.12935755 0.6429426  1.0319203 ]
 [1.7217988  2.3569412  2.2401688  0.2147183 ]
 [0.3520939  0.3699579  0.13873748 1.9618489 ]
 [0.52283335 0.4289116  0.54235244 0.8269561 ]]

✔️ Gating k-means converged after 1 iterations
Average expert losses per cluster: 
[[0.69301796 0.12148221 0.6703407  1.0275836 ]
 [1.709709   2.4155598  2.1070585  0.17000811]
 [0.36056143 0.7674071  0.13229844 2.161085  ]
 [0.518422   0.6095508  0.5763483  0.83128226]]

✔️ Gating k-means converged after 1 iterations
Average expert losses per cluster: 
[[0.7024867  0.20791191 0.6892141  1.020723  ]
 [1.6845169  2.091746   2.038798   0.11335831]
 [0.36979756 0.10976445 0.23430012 3.3569343 ]
 [0.5118567  0.4141996  0.6102199  0.8768325 ]]

✔️ Gating k-means converged after 2 iterations
Average expert losses per cluster: 
[[0.7044217  0.35471845 0.6924078  1.0205582 ]
 [1.6790339  1.8979514  2.080112   0.14084613]
 [0.3707136  0.04529833 0.1867971  3.724738  ]
 [0.51053727 0.38222912 0.6050763  0.8939504 ]]

✔️ Gating k-means converged after 2 iterations
Average expert losses per cluster: 
[[0.70432967 0.35257596 0.6928033  1.0175096 ]
 [1.6839422  1.8980538  2.0945866  0.1370858 ]
 [0.37133998 0.04540093 0.17999882 3.7089665 ]
 [0.50994366 0.37922117 0.60621935 0.8893514 ]]

✔️ Gating k-means converged after 2 iterations
Average expert losses per cluster: 
[[0.7034516  0.3481354  0.69238824 1.0135555 ]
 [1.695657   1.9008328  2.1294997  0.12893131]
 [0.37374243 0.04622761 0.16357596 3.6644533 ]
 [0.5095365  0.37684685 0.60707504 0.88591206]]

✔️ Gating k-means converged after 1 iterations
Average expert losses per cluster: 
[[0.7062286  0.44271493 0.69559616 1.0144322 ]
 [1.6905375  1.7973299  2.1723156  0.16624914]
 [0.3764258  0.05054133 0.1375449  4.0387154 ]
 [0.50768745 0.40345192 0.60332114 0.9053452 ]]

✔️ Gating k-means converged after 1 iterations
Average expert losses per cluster: 
[[0.72454214 0.6108538  0.70270586 1.0446692 ]
 [1.6540625  1.5592366  2.3249862  0.6191421 ]
 [0.38489184 0.09458628 0.13128859 6.319366  ]
 [0.50013936 0.51751405 0.5880657  1.0520456 ]]

✔️ Gating k-means converged after 1 iterations
Average expert losses per cluster: 
[[0.7435249  0.65638465 0.6887964  1.0310113 ]
 [1.6193339  1.4514121  2.3524225  0.37542635]
 [0.3881229  0.12686418 0.12986039 1.6134169 ]
 [0.49590093 0.5513982  0.5763719  0.80010706]]

✔️ Gating k-means converged after 1 iterations
Average expert losses per cluster: 
[[0.7469499  0.6576972  0.68601966 1.0324056 ]
 [1.6155828  1.4393607  2.357669   0.46388242]
 [0.3890446  0.13014649 0.1289528  1.4199636 ]
 [0.49495715 0.54915583 0.57454574 0.8002248 ]]

✔️ Gating k-means converged after 2 iterations
Average expert losses per cluster: 
[[0.7459599  0.6468546  0.685789   1.0245523 ]
 [1.6233895  1.4456595  2.366892   0.46908045]
 [0.39184108 0.12751988 0.13182737 1.4123714 ]
 [0.49404994 0.54721725 0.574636   0.7979581 ]]

✔️ Gating k-means converged after 2 iterations
Average expert losses per cluster: 
[[0.7444272  0.6376462  0.6853155  1.0177969 ]
 [1.6174177  1.4379647  2.3509367  0.46121508]
 [0.39254186 0.12675533 0.13215774 1.4110918 ]
 [0.49326998 0.5453036  0.5746602  0.79582   ]]

✔️ Gating k-means converged after 1 iterations
Average expert losses per cluster: 
[[0.747585   0.6387733  0.6827764  1.0193383 ]
 [1.6086472  1.4222286  2.3467364  0.52862895]
 [0.39234364 0.1305455  0.13009213 1.2811564 ]
 [0.49142343 0.54277104 0.57313395 0.79781973]]

✔️ Gating k-means converged after 1 iterations
Average expert losses per cluster: 
[[0.7601196  0.6435814  0.6739514  1.0634235 ]
 [1.5858066  1.3775598  2.3478615  0.6296069 ]
 [0.3923797  0.14134027 0.12485576 1.0678704 ]
 [0.48430544 0.5248977  0.56736934 0.8342616 ]]

✔️ Gating k-means converged after 1 iterations
Average expert losses per cluster: 
[[0.7652515  0.6450137  0.66213244 1.1321174 ]
 [1.5752639  1.3596488  2.3286648  0.59998786]
 [0.39261317 0.14578633 0.1130051  1.0746746 ]
 [0.47557235 0.50599945 0.5628952  0.8852022 ]]

✔️ Gating k-means converged after 1 iterations
Average expert losses per cluster: 
[[0.7657305  0.64405465 0.65876514 1.1444428 ]
 [1.5720226  1.3568808  2.3169763  0.59187335]
 [0.3921181  0.14648575 0.11037017 1.0827961 ]
 [0.47421294 0.50206375 0.5618125  0.8941908 ]]

✔️ Gating k-means converged after 2 iterations
Average expert losses per cluster: 
[[0.7632165  0.6384593  0.65762776 1.1413589 ]
 [1.5636247  1.3495394  2.2969823  0.58593625]
 [0.38887033 0.14908172 0.10902628 1.0861281 ]
 [0.47303164 0.5010659  0.5613971  0.8936422 ]]

✔️ Gating k-means converged after 2 iterations
Average expert losses per cluster: 
[[0.7597067  0.63351524 0.65617824 1.1403356 ]
 [1.5559663  1.3436669  2.2793453  0.5809183 ]
 [0.38563043 0.15175611 0.1082774  1.0897564 ]
 [0.47170156 0.5003027  0.5607536  0.89411443]]

✔️ Gating k-means converged after 1 iterations
Average expert losses per cluster: 
[[0.7598356  0.63246924 0.6530855  1.1521173 ]
 [1.5532297  1.3445455  2.268919   0.57454866]
 [0.3849267  0.15245852 0.10794666 1.0973885 ]
 [0.47028953 0.49612236 0.5598122  0.90268403]]

✔️ Gating k-means converged after 1 iterations
Average expert losses per cluster: 
[[0.7487185  0.62597203 0.6429397  1.2163204 ]
 [1.58522    1.3634261  2.2426436  0.53753847]
 [0.38137326 0.14956598 0.11365169 1.1741714 ]
 [0.45968217 0.48372626 0.5570721  0.94284445]]

✔️ Gating k-means converged after 1 iterations
Average expert losses per cluster: 
[[0.74097407 0.6197984  0.63728094 1.3176394 ]
 [1.5944378  1.3839461  2.2269413  0.47075716]
 [0.37758523 0.14608888 0.12269957 1.403465  ]
 [0.44782072 0.4764901  0.55580956 0.9890945 ]]

✔️ Gating k-means converged after 1 iterations
Average expert losses per cluster: 
[[0.7391027  0.61737514 0.63609004 1.335616  ]
 [1.5950165  1.3875521  2.2213776  0.46029773]
 [0.3753331  0.14574002 0.12512152 1.4564844 ]
 [0.44520453 0.47555435 0.5554621  0.99612224]]

✔️ Gating k-means converged after 2 iterations
Average expert losses per cluster: 
[[0.73498845 0.6109249  0.63345087 1.3346057 ]
 [1.5909454  1.386876   2.2082956  0.45882294]
 [0.37575293 0.14513138 0.12343031 1.4544265 ]
 [0.44415015 0.47501191 0.5552635  0.99659044]]

✔️ Gating k-means converged after 2 iterations
Average expert losses per cluster: 
[[0.72814476 0.6016397  0.6290734  1.335633  ]
 [1.587735   1.3867396  2.1991577  0.4577015 ]
 [0.37733898 0.14373165 0.12046602 1.4498938 ]
 [0.44249737 0.4743392  0.5543461  0.9981031 ]]

✔️ Gating k-means converged after 1 iterations
Average expert losses per cluster: 
[[0.72532165 0.5983724  0.6272812  1.3554413 ]
 [1.5886757  1.3905152  2.1956642  0.4472486 ]
 [0.37606546 0.14285395 0.12136935 1.5094483 ]
 [0.43991056 0.47358814 0.55406904 1.0053532 ]]

✔️ Gating k-means converged after 1 iterations
Average expert losses per cluster: 
[[0.7197641  0.59503865 0.6299021  1.4373715 ]
 [1.5960382  1.404991   2.2233047  0.4158456 ]
 [0.36449262 0.14050584 0.10570196 1.8094906 ]
 [0.4282414  0.47207358 0.54911065 1.0312806 ]]

✔️ Gating k-means converged after 1 iterations
Average expert losses per cluster: 
[[0.71481293 0.5932116  0.6337688  1.4535472 ]
 [1.6017115  1.413276   2.2566164  0.37987462]
 [0.34996495 0.13914806 0.11289719 1.9572295 ]
 [0.4167952  0.4717504  0.5444138  1.0532131 ]]

✔️ Gating k-means converged after 1 iterations
Average expert losses per cluster: 
[[0.7116413  0.5905973  0.63226694 1.4545681 ]
 [1.6014353  1.4162754  2.2563312  0.37409356]
 [0.346937   0.13847792 0.11434563 1.9760048 ]
 [0.41368085 0.47244757 0.5435708  1.0577048 ]]

✔️ Gating k-means converged after 2 iterations
Average expert losses per cluster: 
[[0.70519775 0.5828913  0.62856364 1.4558599 ]
 [1.6000471  1.4168347  2.2529     0.37421092]
 [0.34505922 0.13971224 0.11322325 1.9806823 ]
 [0.41225785 0.47202027 0.54286146 1.061051  ]]

✔️ Gating k-means converged after 2 iterations
Average expert losses per cluster: 
[[0.7002341  0.5776212  0.62573916 1.4546613 ]
 [1.6002312  1.4169232  2.2522612  0.37421155]
 [0.34373683 0.1405848  0.11240944 1.9847847 ]
 [0.41050407 0.4716037  0.5420371  1.0649781 ]]

✔️ Gating k-means converged after 1 iterations
Average expert losses per cluster: 
[[0.6979886  0.57654524 0.62483    1.4506506 ]
 [1.6006415  1.4193612  2.253247   0.3656071 ]
 [0.34062308 0.14023261 0.11334129 1.993912  ]
 [0.40763786 0.4722665  0.54134524 1.069377  ]]

✔️ Gating k-means converged after 1 iterations
Average expert losses per cluster: 
[[0.6810595  0.5733283  0.6169083  1.4366579 ]
 [1.5986605  1.4354118  2.2323825  0.3367835 ]
 [0.32337245 0.13828325 0.10813981 2.0301588 ]
 [0.39254034 0.47083664 0.53808075 1.0836487 ]]

✔️ Gating k-means converged after 1 iterations
Average expert losses per cluster: 
[[0.6600078  0.56624895 0.6111945  1.4288092 ]
 [1.5891546  1.4685456  2.2155359  0.32133836]
 [0.30037627 0.1352693  0.10425688 2.0582063 ]
 [0.37520078 0.4638586  0.5360905  1.0928309 ]]

✔️ Gating k-means converged after 1 iterations
Average expert losses per cluster: 
[[0.6555559  0.56382406 0.6099825  1.4231727 ]
 [1.5879339  1.4760126  2.2134995  0.31615528]
 [0.29682118 0.13494085 0.10369726 2.0565817 ]
 [0.37248528 0.4622447  0.5357853  1.0943155 ]]

✔️ Gating k-means converged after 2 iterations
Average expert losses per cluster: 
[[0.65241736 0.5616157  0.60806304 1.4235724 ]
 [1.5896238  1.4756777  2.2153382  0.31578395]
 [0.29622945 0.13556659 0.10346389 2.0581844 ]
 [0.3712684  0.46162778 0.535347   1.0954268 ]]

✔️ Gating k-means converged after 2 iterations
Average expert losses per cluster: 
[[0.650059   0.5603742  0.60658467 1.4243951 ]
 [1.5913875  1.4752849  2.2171378  0.31546313]
 [0.29542422 0.13633399 0.1031188  2.0610797 ]
 [0.3702885  0.46061748 0.53511155 1.0939556 ]]

✔️ Gating k-means converged after 1 iterations
Average expert losses per cluster: 
[[0.64639896 0.55817616 0.60561395 1.4195007 ]
 [1.5903207  1.4846232  2.2152333  0.31092983]
 [0.29224    0.13623624 0.10263049 2.0604417 ]
 [0.36806267 0.4588546  0.5348686  1.093991  ]]

✔️ Gating k-means converged after 1 iterations
Average expert losses per cluster: 
[[0.6344021  0.54794145 0.59858143 1.377218  ]
 [1.5853513  1.5385451  2.193096   0.28273785]
 [0.2813681  0.13607047 0.09970814 2.0322673 ]
 [0.36066002 0.45327514 0.5331663  1.091413  ]]

✔️ Gating k-means converged after 1 iterations
Average expert losses per cluster: 
[[0.6260935  0.5400209  0.5907937  1.3103807 ]
 [1.579087   1.5906336  2.1706402  0.24392477]
 [0.27487496 0.13605526 0.09918119 2.00391   ]
 [0.35614878 0.4499477  0.53104347 1.0728099 ]]

12:47:22      Epoch:   0      Batch:   0      OuterStep:  50      LossModel: 0.29695803     LossTerm2: 0.05148985     LossGates: 0.00000000      Time/Step(s): 6.0270Contributing envs to the losses:  [9 6 5 7 8]
Gate values for each environment (all envs): 
 [[0.47530162 0.1748925  0.17492329 0.17488259]
 [0.17462067 0.4761851  0.17450847 0.17468572]
 [0.17500855 0.47540227 0.17472082 0.1748684 ]
 [0.47536725 0.17504577 0.17483336 0.17475359]
 [0.4755122  0.17476271 0.1749546  0.17477047]
 [0.1748603  0.17489274 0.17490694 0.47533998]
 [0.17483649 0.17497583 0.17477277 0.47541493]
 [0.17507936 0.17513484 0.17476553 0.4750202 ]
 [0.17490984 0.17479381 0.17493248 0.4753638 ]
 [0.1749805  0.17498083 0.17472018 0.4753185 ]
 [0.17495379 0.17454833 0.4756364  0.17486143]
 [0.1750182  0.17505981 0.47499934 0.17492266]
 [0.17483138 0.17495027 0.4753672  0.17485113]
 [0.1750167  0.17524178 0.47481123 0.17493027]
 [0.17475782 0.17474037 0.47559693 0.17490493]
 [0.17489162 0.47570917 0.17465241 0.17474678]
 [0.1749562  0.47517335 0.17495151 0.17491898]
 [0.4753723  0.17508648 0.17476687 0.17477441]
 [0.17488858 0.4752088  0.17498802 0.17491457]
 [0.17492169 0.47527793 0.17488989 0.1749105 ]]
/home/benchmarking/ddrous.benchmarking/miniforge3/envs/jaxgpu/lib/python3.12/multiprocessing/popen_fork.py:66: RuntimeWarning: os.fork() was called. os.fork() is incompatible with multithreaded code, and JAX is multithreaded, so this will likely lead to a deadlock.
  self.pid = os.fork()
        Validation Criterion: 0.50250196
✔️ Gating k-means converged after 1 iterations
Average expert losses per cluster: 
[[0.62451875 0.53862464 0.5892974  1.2988704 ]
 [1.5783843  1.5996586  2.1682146  0.23214546]
 [0.27379996 0.13635196 0.099167   2.0240219 ]
 [0.3554007  0.4494193  0.5306884  1.068232  ]]

✔️ Gating k-means converged after 2 iterations
Average expert losses per cluster: 
[[0.6229443  0.53820914 0.5883577  1.300147  ]
 [1.5787797  1.5991787  2.1684558  0.23205581]
 [0.2735923  0.13678522 0.09915781 2.0243473 ]
 [0.35467875 0.4485557  0.5310571  1.0650234 ]]

✔️ Gating k-means converged after 1 iterations
Average expert losses per cluster: 
[[0.6221249  0.5381416  0.5877658  1.301261  ]
 [1.5779394  1.6011037  2.1674144  0.23192494]
 [0.2747582  0.13499047 0.09868449 2.0202951 ]
 [0.35429204 0.44804198 0.53115773 1.0634912 ]]

✔️ Gating k-means converged after 1 iterations
Average expert losses per cluster: 
[[0.6207322  0.53659403 0.5866275  1.2908012 ]
 [1.576856   1.6108894  2.1645691  0.2210342 ]
 [0.2743474  0.13424067 0.09854969 2.0395782 ]
 [0.35369515 0.4478652  0.5308645  1.0600132 ]]

✔️ Gating k-means converged after 1 iterations
Average expert losses per cluster: 
[[0.6162628  0.52919483 0.58254755 1.2516514 ]
 [1.558731   1.6773895  2.1550705  0.15594383]
 [0.26215383 0.13447395 0.09864873 2.252361  ]
 [0.3263768  0.4415412  0.52953887 1.0443953 ]]

✔️ Gating k-means converged after 1 iterations
Average expert losses per cluster: 
[[0.6138219  0.51729643 0.5801207  1.2456489 ]
 [1.5527904  1.7438258  2.158969   0.10227124]
 [0.25217697 0.1328867  0.09663    2.6412675 ]
 [0.307166   0.4419686  0.52744436 1.0313421 ]]

✔️ Gating k-means converged after 1 iterations
Average expert losses per cluster: 
[[0.6132202  0.5142592  0.57942265 1.2494586 ]
 [1.5524715  1.7573584  2.1601083  0.09786752]
 [0.25114    0.1318311  0.09614439 2.7283242 ]
 [0.30465323 0.44336867 0.52684814 1.0298257 ]]

✔️ Gating k-means converged after 2 iterations
Average expert losses per cluster: 
[[0.6127032  0.51415086 0.5793182  1.2505624 ]
 [1.5543164  1.7544838  2.1618738  0.09738856]
 [0.25299618 0.12970275 0.09594601 2.72309   ]
 [0.30441266 0.44253677 0.52710044 1.0268853 ]]

✔️ Gating k-means converged after 1 iterations
Average expert losses per cluster: 
[[0.61238027 0.51374704 0.579164   1.2515706 ]
 [1.5564051  1.7501239  2.1640975  0.09735941]
 [0.25416064 0.12852947 0.09590738 2.719095  ]
 [0.30395734 0.4421031  0.52736783 1.0240781 ]]

✔️ Gating k-means converged after 1 iterations
Average expert losses per cluster: 
[[0.6106118  0.5107901  0.5785732  1.2569795 ]
 [1.5577524  1.7622416  2.1657026  0.09560391]
 [0.25203013 0.12772636 0.09570869 2.80771   ]
 [0.30086264 0.44347113 0.5267971  1.0232902 ]]

✔️ Gating k-means converged after 1 iterations
Average expert losses per cluster: 
[[0.6039282  0.49463677 0.5745072  1.2686609 ]
 [1.5726928  1.8447726  2.1658719  0.08098312]
 [0.24277298 0.12615217 0.09496665 2.8231552 ]
 [0.28585446 0.45417315 0.5244406  1.0175042 ]]

✔️ Gating k-means converged after 1 iterations
Average expert losses per cluster: 
[[0.5988045  0.48208332 0.5683695  1.2864033 ]
 [1.62108    1.9360844  2.1550813  0.07085714]
 [0.2356148  0.12752868 0.09341073 2.4707592 ]
 [0.26472294 0.46006548 0.52242523 1.0195556 ]]

✔️ Gating k-means converged after 1 iterations
Average expert losses per cluster: 
[[0.59830016 0.47841877 0.56678176 1.2908337 ]
 [1.6305393  1.9616852  2.151956   0.07351859]
 [0.23439255 0.12751447 0.09304184 2.4272747 ]
 [0.2615268  0.45944798 0.5221095  1.0206846 ]]

✔️ Gating k-means converged after 1 iterations
Average expert losses per cluster: 
[[0.5996273  0.47766083 0.5671972  1.2892327 ]
 [1.6294454  1.9644743  2.1502454  0.07303074]
 [0.23491359 0.12741402 0.09301993 2.426954  ]
 [0.26152232 0.4579268  0.52243    1.0180764 ]]

✔️ Gating k-means converged after 2 iterations
Average expert losses per cluster: 
[[0.6040987  0.4764126  0.56841063 1.2835501 ]
 [1.6285931  1.9662899  2.1488698  0.07276791]
 [0.23634076 0.12508905 0.09300011 2.4229832 ]
 [0.2612099  0.45647144 0.5226337  1.0147966 ]]

✔️ Gating k-means converged after 1 iterations
Average expert losses per cluster: 
[[0.60453314 0.47123373 0.56729865 1.2860739 ]
 [1.6372486  2.0064642  2.1455     0.07585142]
 [0.2352952  0.12557751 0.09269442 2.3836327 ]
 [0.25835317 0.45642567 0.52230126 1.0154467 ]]

✔️ Gating k-means converged after 1 iterations
Average expert losses per cluster: 
[[0.5942172  0.4447882  0.5600416  1.3008385 ]
 [1.6720003  2.228481   2.1297443  0.09415304]
 [0.22587939 0.13081789 0.09145571 2.2532709 ]
 [0.24393995 0.4627839  0.52112955 1.0222235 ]]

✔️ Gating k-means converged after 1 iterations
Average expert losses per cluster: 
[[0.5787326  0.40318307 0.5558815  1.3454907 ]
 [1.710844   2.596089   2.120438   0.08448354]
 [0.2225436  0.1416118  0.09107994 2.3718107 ]
 [0.2287717  0.5079897  0.5204464  1.0351813 ]]

✔️ Gating k-means converged after 1 iterations
Average expert losses per cluster: 
[[0.5753086  0.39101    0.55543655 1.3567364 ]
 [1.7203454  2.690883   2.1190605  0.0815808 ]
 [0.22356692 0.14249657 0.09101342 2.415922  ]
 [0.22614339 0.53176737 0.52031857 1.0378822 ]]

✔️ Gating k-means converged after 2 iterations
Average expert losses per cluster: 
[[0.57987773 0.38876185 0.55679953 1.3507733 ]
 [1.7197894  2.692212   2.118316   0.08140151]
 [0.22417109 0.14183496 0.0910069  2.415053  ]
 [0.22547883 0.5281271  0.520236   1.0335772 ]]

✔️ Gating k-means converged after 2 iterations
Average expert losses per cluster: 
[[0.58347374 0.38795888 0.5579248  1.3461951 ]
 [1.7183981  2.6975708  2.117604   0.0808066 ]
 [0.22562063 0.13996719 0.09086335 2.4121115 ]
 [0.22564617 0.52489775 0.52054954 1.0293374 ]]

✔️ Gating k-means converged after 1 iterations
Average expert losses per cluster: 
[[0.5790383  0.374619   0.5574822  1.3574715 ]
 [1.7263237  2.8051846  2.1163425  0.07853791]
 [0.2273799  0.14228208 0.09076758 2.453956  ]
 [0.22422779 0.5541651  0.5204948  1.031375  ]]

✔️ Gating k-means converged after 1 iterations
Average expert losses per cluster: 
[[0.55893475 0.32706523 0.5544146  1.4488547 ]
 [1.7588488  3.3578656  2.1168811  0.06001842]
 [0.23512664 0.16632412 0.08940344 2.8082922 ]
 [0.22662148 0.7472341  0.5189084  1.0573757 ]]

✔️ Gating k-means converged after 1 iterations
Average expert losses per cluster: 
[[0.54662853 0.305014   0.5488801  1.4502404 ]
 [1.8056315  3.8504677  2.1163785  0.05603827]
 [0.234286   0.19237386 0.08809602 2.754581  ]
 [0.21554312 0.91622555 0.516258   1.0616018 ]]

✔️ Gating k-means converged after 1 iterations
Average expert losses per cluster: 
[[0.5503761  0.3007523  0.5481991  1.4372566 ]
 [1.8322201  3.874215   2.1157887  0.05199704]
 [0.22755146 0.19045983 0.08798956 2.7011414 ]
 [0.19971053 0.9184892  0.51605433 1.0564482 ]]

✔️ Gating k-means converged after 2 iterations
Average expert losses per cluster: 
[[0.55829036 0.2949644  0.55066013 1.4252064 ]
 [1.8311062  3.8834755  2.114953   0.05134346]
 [0.22860228 0.18904538 0.08803417 2.6986582 ]
 [0.20005918 0.87305796 0.5162694  1.0339146 ]]

✔️ Gating k-means converged after 2 iterations
Average expert losses per cluster: 
[[0.56071126 0.293781   0.5517099  1.421526  ]
 [1.8300894  3.8886914  2.113843   0.0506422 ]
 [0.22804146 0.19197933 0.087915   2.7000585 ]
 [0.20026961 0.8412709  0.51677966 1.0172768 ]]

✔️ Gating k-means converged after 1 iterations
Average expert losses per cluster: 
[[0.56380856 0.28808957 0.5508877  1.4134636 ]
 [1.8546227  3.959524   2.1132524  0.04863483]
 [0.22193749 0.1963812  0.08779234 2.6560268 ]
 [0.19030279 0.8719226  0.516148   1.0129043 ]]

✔️ Gating k-means converged after 1 iterations
Average expert losses per cluster: 
[[0.4754612  0.27088487 0.5437617  1.3965466 ]
 [1.7852936  3.670859   2.1002054  0.04882668]
 [0.2514769  0.15800856 0.08607566 2.5296023 ]
 [0.2066808  0.7912791  0.5146736  1.0080423 ]]

✔️ Gating k-means converged after 1 iterations
Average expert losses per cluster: 
[[0.4172508  0.2549085  0.5329437  1.3960731 ]
 [1.7041237  3.5766487  2.0743923  0.05132364]
 [0.30231377 0.1412219  0.08412214 2.4752066 ]
 [0.31762946 0.7608071  0.5140898  1.0082757 ]]

✔️ Gating k-means converged after 1 iterations
Average expert losses per cluster: 
[[0.44060892 0.25182784 0.53124785 1.3960599 ]
 [1.7570088  3.5570378  2.0702226  0.05175286]
 [0.25011578 0.13863659 0.08385617 2.4815586 ]
 [0.16743462 0.7391901  0.5135908  1.0064558 ]]

✔️ Gating k-means converged after 2 iterations
Average expert losses per cluster: 
[[0.44101512 0.25035867 0.53211784 1.3960972 ]
 [1.7560148  3.561432   2.0687795  0.05138761]
 [0.24974762 0.14059491 0.083896   2.471112  ]
 [0.16232814 0.7292662  0.5127631  0.9983471 ]]

✔️ Gating k-means converged after 2 iterations
Average expert losses per cluster: 
[[0.44075906 0.24952456 0.5327525  1.3979976 ]
 [1.7552814  3.5717213  2.0670073  0.05079783]
 [0.24978104 0.14133988 0.08385029 2.4707932 ]
 [0.15914384 0.71940553 0.5123482  0.9908723 ]]

✔️ Gating k-means converged after 1 iterations
Average expert losses per cluster: 
[[0.48058766 0.24698429 0.53110445 1.4052418 ]
 [1.8086483  3.5509937  2.0632398  0.0496582 ]
 [0.22870953 0.13845095 0.08363079 2.481777  ]
 [0.16676833 0.7006342  0.5120256  0.9901452 ]]

✔️ Gating k-means converged after 1 iterations
Average expert losses per cluster: 
[[0.57300556 0.23259068 0.5243416  1.4401314 ]
 [1.9812412  3.586139   2.054243   0.04578061]
 [0.22716546 0.1387886  0.08193544 2.5475495 ]
 [0.45008686 0.6195945  0.51010334 0.9984436 ]]

✔️ Gating k-means converged after 1 iterations
Average expert losses per cluster: 
[[0.50961614 0.20804505 0.51902413 1.4942049 ]
 [1.6901096  4.164628   2.0517254  0.04372619]
 [0.22659074 0.19969617 0.08047918 2.6589897 ]
 [0.27449173 0.9040725  0.5079178  1.0121374 ]]

✔️ Gating k-means converged after 1 iterations
Average expert losses per cluster: 
[[0.50448203 0.20946574 0.5182504  1.5054998 ]
 [1.6562852  4.2434945  2.0511003  0.04358434]
 [0.22618578 0.2094528  0.08025874 2.6755168 ]
 [0.2718819  0.9206261  0.5075302  1.0130374 ]]

✔️ Gating k-means converged after 2 iterations
Average expert losses per cluster: 
[[0.50832367 0.19705419 0.52114874 1.4904197 ]
 [1.655901   4.250441   2.0495713  0.04279683]
 [0.2265027  0.20962687 0.0802403  2.6750402 ]
 [0.27111048 0.90165615 0.5078662  1.0029113 ]]

✔️ Gating k-means converged after 2 iterations
Average expert losses per cluster: 
[[0.5133768  0.18990836 0.52492434 1.4695451 ]
 [1.6560239  4.255017   2.0478475  0.04237887]
 [0.2266244  0.20962372 0.08024439 2.6754403 ]
 [0.26949388 0.89064515 0.5089156  0.99363816]]

✔️ Gating k-means converged after 1 iterations
Average expert losses per cluster: 
[[0.51086915 0.18879977 0.52421284 1.4755572 ]
 [1.6259978  4.326055   2.046312   0.04192833]
 [0.22666596 0.21965447 0.07998006 2.6925075 ]
 [0.2723835  0.90635264 0.5087527  0.9947034 ]]

✔️ Gating k-means converged after 1 iterations
Average expert losses per cluster: 
[[0.50792676 0.16984408 0.5173456  1.5031623 ]
 [1.5225633  3.916261   2.0368736  0.04110307]
 [0.23139253 0.18260229 0.0786799  2.7124512 ]
 [0.3292088  0.75568783 0.5074724  1.0016291 ]]

✔️ Gating k-means converged after 1 iterations
Average expert losses per cluster: 
[[0.50326556 0.15936974 0.5110463  1.5083666 ]
 [1.4923342  3.5270493  2.02592    0.04040292]
 [0.22532444 0.14076982 0.07745602 2.6712012 ]
 [0.35318184 0.5978555  0.5072524  1.0032237 ]]

✔️ Gating k-means converged after 1 iterations
Average expert losses per cluster: 
[[0.4978679  0.16244954 0.5106828  1.5060384 ]
 [1.5500265  3.7096386  2.0238519  0.04021308]
 [0.2202554  0.1651905  0.07729217 2.6654816 ]
 [0.3088627  0.73154783 0.5073465  1.0019561 ]]

✔️ Gating k-means converged after 2 iterations
Average expert losses per cluster: 
[[0.504251   0.15409102 0.51423323 1.4832648 ]
 [1.5497359  3.7129495  2.0228891  0.03981831]
 [0.2202187  0.16612853 0.07717202 2.6671169 ]
 [0.3070243  0.7276701  0.50740635 0.99731207]]

✔️ Gating k-means converged after 2 iterations
Average expert losses per cluster: 
[[0.5087708  0.15105614 0.51695263 1.4663553 ]
 [1.5491612  3.7170036  2.0218697  0.03948748]
 [0.22027569 0.16731803 0.07716776 2.666861  ]
 [0.30183917 0.72484714 0.506097   0.9939393 ]]

✔️ Gating k-means converged after 1 iterations
Average expert losses per cluster: 
[[0.5075126  0.17627566 0.5164604  1.4662074 ]
 [1.6020222  3.9060075  2.0199127  0.03916364]
 [0.21563928 0.19803599 0.07698796 2.6661265 ]
 [0.26557368 0.8754721  0.50585353 0.9935719 ]]

✔️ Gating k-means converged after 1 iterations
Average expert losses per cluster: 
[[0.5311894  0.15977906 0.51056004 1.4791534 ]
 [1.8247467  3.4334085  2.0127234  0.03865029]
 [0.19633177 0.13565372 0.07596264 2.6707702 ]
 [0.15455231 0.4951919  0.5051639  0.99594486]]

✔️ Gating k-means converged after 1 iterations
Average expert losses per cluster: 
[[0.53234994 0.16532011 0.5056071  1.4960625 ]
 [1.9929546  3.2924454  2.0083244  0.03830254]
 [0.21028979 0.12678428 0.07511299 2.6791713 ]
 [0.1315324  0.45650905 0.5046598  1.0010605 ]]

✔️ Gating k-means converged after 1 iterations
Average expert losses per cluster: 
[[0.52684945 0.1643819  0.5052489  1.4991119 ]
 [2.0237653  3.285724   2.0072975  0.03805799]
 [0.22299789 0.1274799  0.07495733 2.687887  ]
 [0.1392885  0.4641632  0.50441515 1.0016267 ]]

✔️ Gating k-means converged after 2 iterations
Average expert losses per cluster: 
[[0.524511   0.16298327 0.50616515 1.5026162 ]
 [2.0236442  3.2889862  2.0061793  0.03782651]
 [0.2233459  0.12802032 0.07496136 2.6869793 ]
 [0.13722745 0.46571964 0.50258857 1.0033686 ]]

✔️ Gating k-means converged after 2 iterations
Average expert losses per cluster: 
[[0.5191479  0.16048786 0.50629854 1.5107408 ]
 [2.023446   3.293116   2.0044277  0.03727724]
 [0.22358611 0.12864785 0.07493337 2.6868002 ]
 [0.13486275 0.46723512 0.500967   1.0068884 ]]

✔️ Gating k-means converged after 1 iterations
Average expert losses per cluster: 
[[0.47117692 0.15614957 0.50560653 1.5172269 ]
 [2.028947   3.2956727  2.003578   0.03721551]
 [0.24594398 0.13045916 0.07481073 2.6943502 ]
 [0.12667069 0.4822515  0.500708   1.0086982 ]]

✔️ Gating k-means converged after 1 iterations
Average expert losses per cluster: 
[[0.36922488 0.11540218 0.5015677  1.5354016 ]
 [1.9530137  3.6362512  2.0008905  0.03694624]
 [0.24629052 0.18287933 0.07413963 2.7209013 ]
 [0.1043466  0.7016292  0.5002328  1.0133564 ]]

✔️ Gating k-means converged after 1 iterations
Average expert losses per cluster: 
[[0.3780111  0.21274573 0.4957965  1.5443184 ]
 [1.8757632  3.082047   1.9974173  0.03654128]
 [0.206124   0.10748519 0.07315657 2.7317753 ]
 [0.16216072 0.3216019  0.49974436 1.0156193 ]]

✔️ Gating k-means converged after 1 iterations
Average expert losses per cluster: 
[[0.3822515  0.20919076 0.49470186 1.5433757 ]
 [1.8675684  3.037256   1.9965458  0.03643411]
 [0.20339608 0.10251448 0.07301912 2.7250462 ]
 [0.17900106 0.31489927 0.499651   1.0151947 ]]

✔️ Gating k-means converged after 2 iterations
Average expert losses per cluster: 
[[0.38205755 0.20716584 0.4946557  1.5502155 ]
 [1.8685207  3.0420406  1.9942957  0.03576785]
 [0.20345703 0.10278591 0.07295691 2.7251542 ]
 [0.18189707 0.3155439  0.49886054 1.0167546 ]]

✔️ Gating k-means converged after 2 iterations
Average expert losses per cluster: 
[[0.3812582  0.20482658 0.49426895 1.5598297 ]
 [1.8691033  3.0464115  1.9925505  0.03543628]
 [0.203421   0.10344895 0.07294967 2.7242126 ]
 [0.16608173 0.31380096 0.50274754 1.015652  ]]

✔️ Gating k-means converged after 1 iterations
Average expert losses per cluster: 
[[0.38557047 0.20368008 0.49277973 1.5599754 ]
 [1.862566   3.007116   1.9911892  0.03534219]
 [0.20143592 0.09937352 0.07269568 2.7186625 ]
 [0.17777455 0.30928013 0.5035454  1.0145373 ]]

✔️ Gating k-means converged after 1 iterations
Average expert losses per cluster: 
[[0.36571726 0.15297441 0.48490572 1.5520551 ]
 [1.8552159  3.0370128  1.9865551  0.03542139]
 [0.19670954 0.10124864 0.07141345 2.682124  ]
 [0.18007381 0.40381002 0.5039795  1.0114965 ]]

✔️ Gating k-means converged after 1 iterations
Average expert losses per cluster: 
[[0.27020383 0.14701924 0.47530925 1.5637048 ]
 [1.9538563  3.247938   1.9827126  0.03482521]
 [0.25053513 0.13668646 0.06990805 2.69525   ]
 [0.10279506 0.602008   0.5050125  1.0152984 ]]

12:48:20      Epoch:   0      Batch:   0      OuterStep:  60      LossModel: 0.07238420     LossTerm2: 0.04918972     LossGates: 0.00000000      Time/Step(s): 7.3597Contributing envs to the losses:  [11 14 10 13 12]
Gate values for each environment (all envs): 
 [[0.4757407  0.17443727 0.17490484 0.17491722]
 [0.1749141  0.4751119  0.17496829 0.17500569]
 [0.17477071 0.47578657 0.17462948 0.17481318]
 [0.47550568 0.17471726 0.1748516  0.17492545]
 [0.47524703 0.17490403 0.17495199 0.17489691]
 [0.17488584 0.1749988  0.17497402 0.4751413 ]
 [0.17488836 0.17516398 0.17477898 0.47516862]
 [0.17496188 0.17480168 0.1749968  0.47523963]
 [0.17479649 0.17529823 0.17460307 0.47530216]
 [0.17479634 0.17478082 0.1748761  0.47554672]
 [0.17489074 0.17473477 0.4756371  0.17473744]
 [0.1749087  0.17509146 0.47510952 0.17489025]
 [0.17485647 0.1748597  0.4754554  0.17482844]
 [0.17487288 0.17454381 0.47577435 0.17480898]
 [0.17487529 0.17467678 0.4755252  0.17492276]
 [0.17507811 0.4749477  0.17499807 0.17497617]
 [0.17493553 0.47488993 0.1752029  0.17497163]
 [0.4753617  0.17479327 0.17500518 0.17483981]
 [0.17490216 0.4752467  0.17491977 0.17493135]
 [0.17494884 0.47528866 0.17482841 0.17493412]]
/home/benchmarking/ddrous.benchmarking/miniforge3/envs/jaxgpu/lib/python3.12/multiprocessing/popen_fork.py:66: RuntimeWarning: os.fork() was called. os.fork() is incompatible with multithreaded code, and JAX is multithreaded, so this will likely lead to a deadlock.
  self.pid = os.fork()
        Validation Criterion: 0.64378470
✔️ Gating k-means converged after 1 iterations
Average expert losses per cluster: 
[[0.25026715 0.14982261 0.4729947  1.5667975 ]
 [1.9934998  3.2984853  1.9816672  0.03486611]
 [0.2729772  0.14604846 0.06956412 2.6969147 ]
 [0.10007934 0.6307573  0.5062718  1.0156666 ]]

✔️ Gating k-means converged after 1 iterations
Average expert losses per cluster: 
[[0.25017127 0.14828232 0.4735081  1.5633539 ]
 [1.9931843  3.3010628  1.980584   0.03462478]
 [0.2731681  0.146607   0.06951973 2.6958516 ]
 [0.0985626  0.631849   0.50909305 1.0144197 ]]

✔️ Gating k-means converged after 2 iterations
Average expert losses per cluster: 
[[0.25045812 0.14418256 0.47465974 1.5533823 ]
 [1.9929857  3.3049524  1.9789623  0.03426869]
 [0.27317947 0.1472057  0.06950059 2.696826  ]
 [0.09720777 0.631007   0.51111066 1.0115004 ]]

✔️ Gating k-means converged after 1 iterations
Average expert losses per cluster: 
[[0.23576389 0.11581101 0.47279495 1.5537672 ]
 [2.036679   3.324796   1.9780267  0.03445859]
 [0.30777368 0.14489235 0.06914063 2.6991115 ]
 [0.10626526 0.6018629  0.51184607 1.0117295 ]]

✔️ Gating k-means converged after 1 iterations
Average expert losses per cluster: 
[[0.26159343 0.21220492 0.4639358  1.5784473 ]
 [2.1958106  3.1360753  1.9757283  0.03377229]
 [0.53466576 0.11476189 0.06785599 2.7572    ]
 [0.21636422 0.3793677  0.51403564 1.0178796 ]]

✔️ Gating k-means converged after 1 iterations
Average expert losses per cluster: 
[[0.44870207 0.13685057 0.45788082 1.5974276 ]
 [1.8240036  3.1994832  1.9742514  0.03371869]
 [0.22635785 0.13858677 0.06704028 2.7929313 ]
 [0.23169981 0.6021021  0.51624    1.0230988 ]]

✔️ Gating k-means converged after 1 iterations
Average expert losses per cluster: 
[[0.4793074  0.14030877 0.45678687 1.5996833 ]
 [1.7994794  3.2976596  1.9740162  0.03364848]
 [0.23110242 0.16112958 0.06685574 2.7983346 ]
 [0.276853   0.6635148  0.51711667 1.0231049 ]]

✔️ Gating k-means converged after 2 iterations
Average expert losses per cluster: 
[[0.47917482 0.13625322 0.4570667  1.5876406 ]
 [1.799764   3.3007076  1.9724611  0.03332053]
 [0.23109522 0.1614934  0.06682695 2.797167  ]
 [0.2735851  0.6633113  0.5195917  1.0159091 ]]

✔️ Gating k-means converged after 2 iterations
Average expert losses per cluster: 
[[0.4791307  0.13107944 0.4569685  1.5737685 ]
 [1.8004309  3.3054256  1.9707615  0.03312492]
 [0.2310733  0.16153555 0.06680595 2.7976081 ]
 [0.26959375 0.6629805  0.5221913  1.008175  ]]

✔️ Gating k-means converged after 1 iterations
Average expert losses per cluster: 
[[0.50164133 0.10857847 0.45585737 1.5736964 ]
 [1.7819195  3.3279228  1.9705318  0.03319266]
 [0.2332563  0.15935227 0.06666996 2.803046  ]
 [0.30305094 0.619727   0.5230572  1.007098  ]]

✔️ Gating k-means converged after 1 iterations
Average expert losses per cluster: 
[[0.56275773 0.09954204 0.45155364 1.5617592 ]
 [1.7228012  3.2786903  1.9704609  0.03269368]
 [0.23480569 0.15323873 0.06608509 2.7549055 ]
 [0.39879394 0.5362613  0.5247023  1.0042759 ]]

✔️ Gating k-means converged after 1 iterations
Average expert losses per cluster: 
[[0.58901536 0.10575896 0.44906744 1.557175  ]
 [1.7014948  3.0739625  1.9703724  0.03250073]
 [0.23168273 0.12612815 0.06574028 2.7370243 ]
 [0.43555874 0.44719902 0.52602154 1.0022569 ]]

✔️ Gating k-means converged after 1 iterations
Average expert losses per cluster: 
[[0.5924803  0.10959035 0.44834146 1.5564466 ]
 [1.6997557  3.0340436  1.9706202  0.03234778]
 [0.23103094 0.11775017 0.06564661 2.7418113 ]
 [0.4385842  0.41328126 0.5269997  1.0002416 ]]

✔️ Gating k-means converged after 2 iterations
Average expert losses per cluster: 
[[0.5927677  0.10993882 0.4483446  1.5498046 ]
 [1.7002001  3.035788   1.969743   0.03212494]
 [0.23102151 0.11813828 0.06563877 2.742955  ]
 [0.4310596  0.41629228 0.53096294 0.9875138 ]]

✔️ Gating k-means converged after 2 iterations
Average expert losses per cluster: 
[[0.59306175 0.10974915 0.4482599  1.548682  ]
 [1.7004665  3.0383599  1.9686537  0.03198271]
 [0.23099712 0.11805723 0.0656255  2.7428155 ]
 [0.42403644 0.41952097 0.5356327  0.97710013]]

✔️ Gating k-means converged after 1 iterations
Average expert losses per cluster: 
[[0.5961479  0.12604547 0.44726512 1.5508446 ]
 [1.6990079  3.0021985  1.969257   0.03202488]
 [0.2304192  0.11314904 0.06547222 2.7472496 ]
 [0.42680153 0.39697754 0.5365646  0.97563064]]

✔️ Gating k-means converged after 1 iterations
Average expert losses per cluster: 
[[0.60319364 0.26938668 0.44212645 1.5703132 ]
 [1.7025197  2.8510506  1.9741408  0.03163501]
 [0.22440748 0.10756157 0.06480161 2.7783973 ]
 [0.42312938 0.32783067 0.53816056 0.98250175]]

✔️ Gating k-means converged after 1 iterations
Average expert losses per cluster: 
[[0.5993624  0.3445816  0.4374749  1.5840847 ]
 [1.7185045  2.7543614  1.979263   0.03116929]
 [0.20804434 0.10733495 0.06415559 2.8067226 ]
 [0.3918419  0.30292812 0.54012716 0.98557293]]

✔️ Gating k-means converged after 1 iterations
Average expert losses per cluster: 
[[0.5976739  0.27792355 0.43672618 1.5862526 ]
 [1.7224388  2.7398398  1.9796906  0.03098958]
 [0.20269382 0.09897634 0.06407213 2.8119485 ]
 [0.38360393 0.27865177 0.5411391  0.98446083]]

✔️ Gating k-means converged after 2 iterations
Average expert losses per cluster: 
[[0.5445738  0.24574782 0.38762614 1.5009811 ]
 [1.7225198  2.741407   1.9788941  0.03100236]
 [0.20272844 0.09876376 0.06404682 2.8115766 ]
 [0.43163055 0.32955217 0.69267625 1.0179824 ]]

✔️ Gating k-means converged after 2 iterations
Average expert losses per cluster: 
[[0.54438376 0.23516811 0.38739818 1.5201272 ]
 [1.7227563  2.7422788  1.9783001  0.03088043]
 [0.20279959 0.0982414  0.0640135  2.8119352 ]
 [0.4285533  0.33178985 0.6953447  1.0128984 ]]

✔️ Gating k-means converged after 2 iterations
Average expert losses per cluster: 
[[0.5430664  0.1748459  0.3867084  1.5263845 ]
 [1.7262859  2.7457075  1.9788134  0.03079645]
 [0.19773762 0.0973714  0.0638881  2.8159575 ]
 [0.4204131  0.33053717 0.6965327  1.0117536 ]]

✔️ Gating k-means converged after 1 iterations
Average expert losses per cluster: 
[[0.53865767 0.12998222 0.38362226 1.5182767 ]
 [1.7385727  3.1108456  1.9828682  0.03063502]
 [0.17686921 0.18021877 0.06343853 2.7762034 ]
 [0.40627372 0.67922944 0.6992623  1.0116191 ]]

✔️ Gating k-means converged after 1 iterations
Average expert losses per cluster: 
[[0.53639257 0.15547161 0.37988493 1.5320401 ]
 [1.7460312  3.4591508  1.9894829  0.03013794]
 [0.16329762 0.28600687 0.06285536 2.809495  ]
 [0.41317332 1.3666344  0.70241785 1.0163754 ]]

✔️ Gating k-means converged after 1 iterations
Average expert losses per cluster: 
[[0.53590155 0.09782163 0.37917337 1.5378135 ]
 [1.7472166  3.1787126  1.9904757  0.03009993]
 [0.16126803 0.19482511 0.06273178 2.8118598 ]
 [0.41524097 0.90693665 0.70321786 1.016173  ]]

✔️ Gating k-means converged after 2 iterations
Average expert losses per cluster: 
[[0.53558147 0.09237004 0.3795248  1.5544709 ]
 [1.7474253  3.1811945  1.9896297  0.02983004]
 [0.1614037  0.193049   0.06269484 2.8126452 ]
 [0.41474807 0.9161017  0.70566034 1.0123267 ]]

✔️ Gating k-means converged after 2 iterations
Average expert losses per cluster: 
[[0.53594387 0.08920646 0.38058698 1.5656197 ]
 [1.747651   3.1832018  1.9885346  0.02986895]
 [0.16155647 0.19090739 0.06268548 2.8120332 ]
 [0.41452047 0.9205321  0.70696485 1.0102246 ]]

✔️ Gating k-means converged after 1 iterations
Average expert losses per cluster: 
[[0.5357074  0.09602556 0.38015205 1.5690962 ]
 [1.7486877  2.9479806  1.9894656  0.0296303 ]
 [0.15975232 0.13968907 0.06252109 2.8150723 ]
 [0.4157709  0.6441997  0.7079116  1.011794  ]]

✔️ Gating k-means converged after 1 iterations
Average expert losses per cluster: 
[[0.5342571  0.1587473  0.37748107 1.5710431 ]
 [1.7538595  2.5196295  1.9942427  0.02947727]
 [0.15827428 0.08349016 0.06207345 2.8072207 ]
 [0.4146974  0.37314174 0.71011966 1.0138408 ]]

✔️ Gating k-means converged after 1 iterations
Average expert losses per cluster: 
[[0.52492446 0.11794363 0.37512746 1.5715593 ]
 [1.783227   2.8872774  1.9975318  0.02952704]
 [0.19744492 0.12253169 0.06172999 2.7998714 ]
 [0.34788856 0.5415     0.7119359  1.0146421 ]]

✔️ Gating k-means converged after 1 iterations
Average expert losses per cluster: 
[[0.52179873 0.11236914 0.37524682 1.5769101 ]
 [1.7908391  3.0436802  1.9978784  0.0292556 ]
 [0.20180908 0.15342063 0.06166007 2.810353  ]
 [0.3405425  0.71877    0.71325415 1.0159816 ]]

✔️ Gating k-means converged after 2 iterations
Average expert losses per cluster: 
[[0.52218854 0.10590193 0.37719873 1.5922772 ]
 [1.7911304  3.046973   1.9965413  0.0290669 ]
 [0.20188014 0.15246628 0.06166701 2.8093903 ]
 [0.33914864 0.7210071  0.71542567 1.0165412 ]]

✔️ Gating k-means converged after 2 iterations
Average expert losses per cluster: 
[[0.5224296  0.10189687 0.37916014 1.6067803 ]
 [1.7914448  3.0513308  1.9945526  0.0289214 ]
 [0.20193641 0.15195696 0.06163488 2.8092005 ]
 [0.3379279  0.7164167  0.71492314 1.0134703 ]]

✔️ Gating k-means converged after 1 iterations
Average expert losses per cluster: 
[[0.519546   0.09207555 0.3791848  1.6124642 ]
 [1.798485   3.267569   1.9944607  0.0287382 ]
 [0.2056448  0.2109812  0.06157848 2.816831  ]
 [0.3325027  1.0288128  0.71501946 1.0137117 ]]

✔️ Gating k-means converged after 1 iterations
Average expert losses per cluster: 
[[0.5080355  0.10619152 0.37778324 1.617637  ]
 [1.8268856  3.2100568  1.9967307  0.0284973 ]
 [0.2182387  0.18044242 0.06133813 2.8258064 ]
 [0.31782332 1.1023968  0.7164768  1.0155745 ]]

✔️ Gating k-means converged after 1 iterations
Average expert losses per cluster: 
[[0.49380827 0.2046778  0.3762429  1.6183075 ]
 [1.8512245  2.478786   1.9993275  0.02829865]
 [0.21505578 0.06897538 0.06109457 2.8157938 ]
 [0.28005862 0.37737936 0.7177973  1.0176566 ]]

✔️ Gating k-means converged after 1 iterations
Average expert losses per cluster: 
[[0.49161398 0.19171868 0.3762522  1.6223437 ]
 [1.8554238  2.4058874  1.999348   0.02810208]
 [0.21432061 0.06395444 0.06106228 2.8206995 ]
 [0.274268   0.34099123 0.71735287 1.017755  ]]

✔️ Gating k-means converged after 2 iterations
Average expert losses per cluster: 
[[0.4902378  0.18823762 0.3776266  1.6399891 ]
 [1.8557488  2.4079509  1.9976053  0.02792911]
 [0.21398239 0.06305599 0.06098945 2.8227124 ]
 [0.2735856  0.33898717 0.7169409  1.0156931 ]]

✔️ Gating k-means converged after 2 iterations
Average expert losses per cluster: 
[[0.48758727 0.18439001 0.3783735  1.6610644 ]
 [1.8559345  2.409067   1.9965311  0.02791099]
 [0.21376096 0.06253824 0.06094391 2.8222969 ]
 [0.27218086 0.34016585 0.7194395  1.0107517 ]]

✔️ Gating k-means converged after 1 iterations
Average expert losses per cluster: 
[[0.48483735 0.18346958 0.37789074 1.6672053 ]
 [1.8598015  2.3446696  1.9971014  0.02802968]
 [0.21310769 0.05982689 0.06087685 2.826247  ]
 [0.26668656 0.31948933 0.72056997 1.0095592 ]]

✔️ Gating k-means converged after 1 iterations
Average expert losses per cluster: 
[[0.47450545 0.12457787 0.37494132 1.6710664 ]
 [1.8806251  2.439246   2.0006125  0.02753727]
 [0.20797597 0.12558112 0.06040422 2.8266513 ]
 [0.24177425 0.47514987 0.7221154  1.011718  ]]

✔️ Gating k-means converged after 1 iterations
Average expert losses per cluster: 
[[0.4569999  0.13128187 0.37082082 1.6759522 ]
 [1.9204493  2.793945   2.0043817  0.02743958]
 [0.19464071 0.47856092 0.05969988 2.8304708 ]
 [0.2042834  1.1100941  0.72565144 1.013855  ]]

✔️ Gating k-means converged after 1 iterations
Average expert losses per cluster: 
[[0.45110402 0.14133245 0.36990443 1.6803696 ]
 [1.932737   2.8289554  2.0056825  0.02726473]
 [0.1909155  0.50313467 0.05948775 2.830278  ]
 [0.19526276 1.2232885  0.72745943 1.0127847 ]]

✔️ Gating k-means converged after 2 iterations
Average expert losses per cluster: 
[[0.450027   0.13769351 0.3709056  1.6904559 ]
 [1.9331177  2.8323193  2.004071   0.02719021]
 [0.19086288 0.4995176  0.0594557  2.8296635 ]
 [0.1946289  1.2264435  0.7300706  1.0064868 ]]

✔️ Gating k-means converged after 2 iterations
Average expert losses per cluster: 
[[0.45421076 0.11689655 0.37228027 1.673669  ]
 [1.9333222  2.8343992  2.0031266  0.02704432]
 [0.19097379 0.4973999  0.05943989 2.830125  ]
 [0.19393149 1.2218012  0.7310575  0.99988407]]

✔️ Gating k-means converged after 1 iterations
Average expert losses per cluster: 
[[0.4509024  0.07978515 0.3719339  1.6705203 ]
 [1.9445914  2.7338138  2.0042737  0.0270346 ]
 [0.18761949 0.34995458 0.05924309 2.830645  ]
 [0.18664613 1.0242938  0.7319602  0.9989332 ]]

✔️ Gating k-means converged after 1 iterations
Average expert losses per cluster: 
[[0.41639742 0.08825637 0.36840186 1.674621  ]
 [2.0199327  2.549156   2.0097058  0.02687594]
 [0.1746332  0.15254854 0.05870541 2.8323307 ]
 [0.14459583 0.93199146 0.73504186 1.0008616 ]]

✔️ Gating k-means converged after 1 iterations
Average expert losses per cluster: 
[[0.38404292 0.07681068 0.3662482  1.6791294 ]
 [2.0863287  2.595743   2.013976   0.02652562]
 [0.17001379 0.32766363 0.05825866 2.8368287 ]
 [0.11722554 1.512965   0.7362196  1.0026139 ]]

✔️ Gating k-means converged after 1 iterations
Average expert losses per cluster: 
[[0.38093534 0.0772722  0.3663272  1.6764182 ]
 [2.097089   2.5699232  2.0153232  0.0266152 ]
 [0.16981275 0.34686014 0.05819336 2.8380466 ]
 [0.11390173 1.5456939  0.7366514  1.0027797 ]]

✔️ Gating k-means converged after 2 iterations
Average expert losses per cluster: 
[[0.38607514 0.07227722 0.36883327 1.6626395 ]
 [2.0973723  2.571946   2.0144427  0.02648318]
 [0.16987051 0.34446856 0.058114   2.8357599 ]
 [0.11078187 1.5326955  0.7360901  1.0044973 ]]

✔️ Gating k-means converged after 2 iterations
Average expert losses per cluster: 
[[0.38967755 0.07057047 0.37072626 1.6528934 ]
 [2.0977697  2.575375   2.0129     0.02626638]
 [0.16989534 0.34131292 0.05804631 2.834585  ]
 [0.10881709 1.5185951  0.73586816 1.006171  ]]

✔️ Gating k-means converged after 1 iterations
Average expert losses per cluster: 
[[0.38628548 0.06866159 0.37067062 1.6519086 ]
 [2.1080205  2.5293903  2.0139928  0.02621129]
 [0.16983186 0.33332503 0.05798119 2.835531  ]
 [0.10589333 1.4679315  0.736012   1.0069308 ]]

✔️ Gating k-means converged after 1 iterations
Average expert losses per cluster: 
[[0.3740485  0.08468167 0.36322242 1.6538848 ]
 [2.148485   2.3652713  1.9915326  0.02615072]
 [0.17143954 0.32187247 0.05704067 2.828082  ]
 [0.10044745 1.2918113  0.7564925  1.0085157 ]]

✔️ Gating k-means converged after 1 iterations
Average expert losses per cluster: 
[[0.36271027 0.07671103 0.35800555 1.6588746 ]
 [2.166124   2.2623158  1.9834238  0.02593754]
 [0.17868058 0.26562506 0.05662823 2.8358858 ]
 [0.09039092 1.0724881  0.7778897  1.0101993 ]]

✔️ Gating k-means converged after 1 iterations
Average expert losses per cluster: 
[[0.35995635 0.0713876  0.35760126 1.6595623 ]
 [2.1658466  2.2343502  1.9823662  0.02583448]
 [0.18076515 0.2512606  0.05664178 2.8404882 ]
 [0.08540836 0.97372603 0.77995795 1.0107124 ]]

✔️ Gating k-means converged after 2 iterations
Average expert losses per cluster: 
[[0.36128384 0.07127688 0.3566044  1.6538659 ]
 [2.1660104  2.2364452  1.9813015  0.02567386]
 [0.18161447 0.2504303  0.05618565 2.8353298 ]
 [0.07868818 0.9487212  0.77820754 1.0136154 ]]

✔️ Gating k-means converged after 2 iterations
Average expert losses per cluster: 
[[0.36113346 0.07034183 0.3551905  1.653812  ]
 [2.1664674  2.2368414  1.9805363  0.02564051]
 [0.1836043  0.25213006 0.05573438 2.8247871 ]
 [0.07484295 0.9343653  0.7768309  1.0172998 ]]

✔️ Gating k-means converged after 1 iterations
Average expert losses per cluster: 
[[0.35229245 0.07350687 0.3542809  1.6559893 ]
 [2.1642025  2.2140932  1.9797567  0.02547573]
 [0.18495904 0.24824457 0.0556243  2.8272347 ]
 [0.07085252 0.85539114 0.77901065 1.0180315 ]]

✔️ Gating k-means converged after 1 iterations
Average expert losses per cluster: 
[[0.3256724  0.07887874 0.35198084 1.6557324 ]
 [2.1638515  2.1796944  1.9811926  0.02549036]
 [0.19119601 0.22746575 0.05514934 2.8130925 ]
 [0.06468549 0.80397856 0.7868425  1.0197495 ]]

✔️ Gating k-means converged after 1 iterations
Average expert losses per cluster: 
[[0.31341335 0.07847987 0.35010573 1.655562  ]
 [2.1697328  2.2371233  2.0016165  0.02551444]
 [0.19729379 0.20585182 0.0543865  2.8044398 ]
 [0.06486054 0.7559848  0.7822668  1.0205815 ]]

12:49:22      Epoch:   0      Batch:   0      OuterStep:  70      LossModel: 0.07990868     LossTerm2: 0.04722099     LossGates: 0.00000000      Time/Step(s): 6.6817Contributing envs to the losses:  [ 4  3  0 17  2]
Gate values for each environment (all envs): 
 [[0.17497285 0.47522742 0.17496645 0.17483336]
 [0.17485893 0.475378   0.1750156  0.17474742]
 [0.17489369 0.4755904  0.17465658 0.1748594 ]
 [0.4751726  0.17510606 0.17494927 0.17477204]
 [0.47520173 0.1751366  0.17484255 0.1748191 ]
 [0.17488791 0.17499779 0.1747053  0.47540894]
 [0.17489018 0.17513472 0.17490658 0.4750685 ]
 [0.17483756 0.17482638 0.17495778 0.47537827]
 [0.17495663 0.17482403 0.17475928 0.47546008]
 [0.17490642 0.17504908 0.17501259 0.47503188]
 [0.17480922 0.17520887 0.47508225 0.17489964]
 [0.17477739 0.17499977 0.47527415 0.17494862]
 [0.17486767 0.17478338 0.47550368 0.1748452 ]
 [0.17481661 0.1750998  0.4753082  0.17477536]
 [0.17486456 0.17495915 0.47542328 0.17475305]
 [0.17494677 0.4752204  0.17492856 0.1749043 ]
 [0.17514658 0.47444645 0.17524733 0.17515957]
 [0.47555238 0.17461783 0.17503138 0.17479835]
 [0.17473607 0.4755986  0.17474008 0.1749253 ]
 [0.17484531 0.47519445 0.17505398 0.17490621]]
/home/benchmarking/ddrous.benchmarking/miniforge3/envs/jaxgpu/lib/python3.12/multiprocessing/popen_fork.py:66: RuntimeWarning: os.fork() was called. os.fork() is incompatible with multithreaded code, and JAX is multithreaded, so this will likely lead to a deadlock.
  self.pid = os.fork()
        Validation Criterion: 0.25843680
✔️ Gating k-means converged after 1 iterations
Average expert losses per cluster: 
[[0.3120004  0.08653896 0.3494031  1.6545274 ]
 [2.1705348  2.2367454  2.004612   0.02544827]
 [0.19929661 0.18358265 0.05422098 2.8001614 ]
 [0.06331477 0.71480453 0.7820362  1.0211914 ]]

✔️ Gating k-means converged after 2 iterations
Average expert losses per cluster: 
[[0.30973554 0.08197122 0.34795034 1.6484436 ]
 [2.1722667  2.2346501  2.004257   0.02550486]
 [0.20321631 0.16835795 0.0569182  2.7250154 ]
 [0.06159645 0.7096884  0.78119075 1.0238189 ]]

✔️ Gating k-means converged after 2 iterations
Average expert losses per cluster: 
[[0.30758446 0.07955813 0.3473441  1.6440483 ]
 [2.1737468  2.235409   2.0032194  0.02537503]
 [0.20556174 0.17614646 0.06114256 2.6753235 ]
 [0.05750103 0.6999879  0.78230757 1.0220895 ]]

✔️ Gating k-means converged after 1 iterations
Average expert losses per cluster: 
[[0.30616844 0.07075521 0.34696445 1.6432272 ]
 [2.1748092  2.283861   2.0056388  0.02530864]
 [0.20734608 0.18627499 0.06152464 2.6689386 ]
 [0.05614885 0.7795452  0.7823782  1.0219134 ]]

✔️ Gating k-means converged after 1 iterations
Average expert losses per cluster: 
[[0.30349243 0.06500071 0.34427196 1.6571851 ]
 [2.1788774  2.5259461  1.9692379  0.02499576]
 [0.21479483 0.2528007  0.05989523 2.7064922 ]
 [0.05459152 1.1979078  0.81992245 1.0234565 ]]

✔️ Gating k-means converged after 1 iterations
Average expert losses per cluster: 
[[0.2546072  0.07627176 0.350283   1.6478316 ]
 [2.205037   2.6822448  1.9620157  0.02502477]
 [0.2114388  0.28817877 0.05778028 2.6651592 ]
 [0.05553954 1.3807787  0.79202974 1.0234598 ]]

✔️ Gating k-means converged after 1 iterations
Average expert losses per cluster: 
[[0.24926122 0.08107886 0.3521201  1.6367011 ]
 [2.2096558  2.7059188  1.9570026  0.02611848]
 [0.21211024 0.29623044 0.05849948 2.6281855 ]
 [0.05754074 1.4073747  0.7893677  1.0228946 ]]

✔️ Gating k-means converged after 2 iterations
Average expert losses per cluster: 
[[0.24487193 0.07531589 0.3545665  1.6251167 ]
 [2.2107234  2.7204864  1.9529068  0.02572771]
 [0.21254276 0.30633378 0.06021677 2.609843  ]
 [0.05530165 1.4195526  0.78646064 1.0227474 ]]

✔️ Gating k-means converged after 2 iterations
Average expert losses per cluster: 
[[0.2400581  0.06446264 0.36080375 1.5994002 ]
 [2.2113872  2.730043   1.9502106  0.02549754]
 [0.21256743 0.31162533 0.06048636 2.6008422 ]
 [0.05330193 1.4370636  0.77854866 1.026555  ]]

✔️ Gating k-means converged after 1 iterations
Average expert losses per cluster: 
[[0.23544593 0.06427545 0.36425817 1.5877067 ]
 [2.2230592  2.7439065  1.9450779  0.02668483]
 [0.2135406  0.31219456 0.06059116 2.572163  ]
 [0.05157324 1.4385233  0.7748889  1.0273393 ]]

✔️ Gating k-means converged after 1 iterations
Average expert losses per cluster: 
[[0.224653   0.06040342 0.3659088  1.6185755 ]
 [2.2671468  2.6309593  1.9137392  0.02425437]
 [0.21950316 0.2456946  0.05737541 2.6702151 ]
 [0.05403841 1.2292647  0.7920432  1.030247  ]]

✔️ Gating k-means converged after 1 iterations
Average expert losses per cluster: 
[[0.2239434  0.06212587 0.3647414  1.6133158 ]
 [2.3003602  2.508169   1.8978585  0.02425658]
 [0.21302728 0.19986139 0.05766691 2.6235948 ]
 [0.05034726 0.988552   0.80922097 1.03309   ]]

✔️ Gating k-means converged after 1 iterations
Average expert losses per cluster: 
[[0.22387841 0.06060461 0.36678523 1.6088084 ]
 [2.3005943  2.517844   1.8967701  0.02429837]
 [0.20903109 0.21041782 0.05747403 2.6150756 ]
 [0.04964249 1.0063778  0.8076274  1.0345725 ]]

✔️ Gating k-means converged after 2 iterations
Average expert losses per cluster: 
[[0.21815506 0.06399828 0.37230504 1.5940795 ]
 [2.3017614  2.5347254  1.8918456  0.0240892 ]
 [0.20850399 0.21231468 0.05743979 2.6110017 ]
 [0.05147251 1.0131085  0.80150783 1.0362842 ]]

✔️ Gating k-means converged after 2 iterations
Average expert losses per cluster: 
[[0.21473292 0.06498072 0.37465084 1.591138  ]
 [2.3030858  2.552073   1.8865855  0.02363994]
 [0.20825239 0.21287055 0.05744383 2.6093283 ]
 [0.05155459 1.0147021  0.7976329  1.0373    ]]

✔️ Gating k-means converged after 1 iterations
Average expert losses per cluster: 
[[0.21711017 0.06178625 0.37483117 1.596553  ]
 [2.3035998  2.5625362  1.8854144  0.02353663]
 [0.2053993  0.22354256 0.05729206 2.61092   ]
 [0.05094868 1.0316082  0.7968788  1.0383973 ]]

✔️ Gating k-means converged after 1 iterations
Average expert losses per cluster: 
[[0.23290527 0.05844889 0.38485143 1.6075219 ]
 [2.3113751  2.6059082  1.92497    0.02328151]
 [0.19950417 0.28404018 0.05518423 2.617954  ]
 [0.05133691 1.0966047  0.75985134 1.0424937 ]]

✔️ Gating k-means converged after 1 iterations
Average expert losses per cluster: 
[[0.23724227 0.05924282 0.38497874 1.6141583 ]
 [2.350514   2.6498191  1.9502805  0.02304482]
 [0.20545815 0.26911315 0.05560783 2.6230817 ]
 [0.04608422 1.1737149  0.7520034  1.0447654 ]]

✔️ Gating k-means converged after 1 iterations
Average expert losses per cluster: 
[[0.23779552 0.06137862 0.3782633  1.6176019 ]
 [2.3650367  2.6506224  1.9433607  0.02298536]
 [0.20971623 0.25815853 0.05223522 2.6238768 ]
 [0.04471074 1.1845195  0.7672245  1.0450382 ]]

✔️ Gating k-means converged after 2 iterations
Average expert losses per cluster: 
[[0.23838465 0.05781855 0.37618133 1.6325262 ]
 [2.3653495  2.6626065  1.9408029  0.02285058]
 [0.20975654 0.2588443  0.05163366 2.6218765 ]
 [0.04392604 1.1823703  0.76807976 1.0454116 ]]

✔️ Gating k-means converged after 2 iterations
Average expert losses per cluster: 
[[0.23856658 0.05650623 0.37502012 1.6452509 ]
 [2.3654876  2.6697783  1.9390497  0.02279272]
 [0.20970193 0.25951275 0.05098138 2.620649  ]
 [0.04274148 1.183024   0.77112544 1.0453155 ]]

✔️ Gating k-means converged after 1 iterations
Average expert losses per cluster: 
[[0.23963197 0.05846554 0.37007365 1.646844  ]
 [2.3786724  2.6693044  1.9332527  0.02271241]
 [0.21442838 0.25005698 0.0506697  2.6169546 ]
 [0.0416417  1.1852751  0.7872318  1.045368  ]]

✔️ Gating k-means converged after 1 iterations
Average expert losses per cluster: 
[[0.2514093  0.06274038 0.35833162 1.6468488 ]
 [2.432481   2.8654616  1.9247013  0.0225202 ]
 [0.24175549 0.39603874 0.06638044 2.603192  ]
 [0.04449552 1.773517   0.83485216 1.0455389 ]]

✔️ Gating k-means converged after 1 iterations
Average expert losses per cluster: 
[[0.26501992 0.05946157 0.37922832 1.6579988 ]
 [2.469505   2.546279   2.024552   0.02207289]
 [0.2672859  0.23794119 0.05512192 2.606812  ]
 [0.05135767 1.2209369  0.72990274 1.0491433 ]]

✔️ Gating k-means converged after 1 iterations
Average expert losses per cluster: 
[[0.26736376 0.06413601 0.38470843 1.660324  ]
 [2.4746854  2.4911597  2.047332   0.02205606]
 [0.2714355  0.21402179 0.06344136 2.602433  ]
 [0.05244039 1.1304023  0.71168756 1.0495403 ]]

✔️ Gating k-means converged after 2 iterations
Average expert losses per cluster: 
[[0.26613316 0.06167192 0.38366228 1.6694247 ]
 [2.4751987  2.4978058  2.0458245  0.02199288]
 [0.27056226 0.21111822 0.06043235 2.6087375 ]
 [0.05007618 1.1021869  0.71806896 1.0559561 ]]

✔️ Gating k-means converged after 2 iterations
Average expert losses per cluster: 
[[0.2643375  0.06009526 0.38229015 1.676765  ]
 [2.4756935  2.5034676  2.044435   0.02192423]
 [0.26939213 0.20837112 0.05595113 2.6215024 ]
 [0.04882508 1.0818524  0.7237455  1.062066  ]]

✔️ Gating k-means converged after 1 iterations
Average expert losses per cluster: 
[[0.26610246 0.06481296 0.38403466 1.6792817 ]
 [2.480628   2.4536235  2.0501096  0.02180486]
 [0.27396423 0.18904568 0.05686221 2.6210783 ]
 [0.04972795 1.0076681  0.7178809  1.0637543 ]]

✔️ Gating k-means converged after 1 iterations
Average expert losses per cluster: 
[[0.25615728 0.06115739 0.39279872 1.6898637 ]
 [2.4226635  2.6208138  2.0721498  0.0214869 ]
 [0.2505519  0.41682336 0.06460898 2.625595  ]
 [0.04025929 1.4847014  0.69514745 1.0669693 ]]

✔️ Gating k-means converged after 1 iterations
Average expert losses per cluster: 
[[0.23647042 0.05371395 0.39809263 1.7009743 ]
 [2.295543   2.372627   2.0849802  0.02133285]
 [0.21059065 0.3161825  0.07030272 2.6420543 ]
 [0.03777267 0.88900816 0.68286794 1.0699146 ]]

✔️ Gating k-means converged after 1 iterations
Average expert losses per cluster: 
[[0.231922   0.05382754 0.39328316 1.7041533 ]
 [2.287724   2.3678932  2.0616312  0.02111405]
 [0.20780945 0.3225226  0.05862209 2.6456869 ]
 [0.03853205 0.87857836 0.69634235 1.0714092 ]]

✔️ Gating k-means converged after 2 iterations
Average expert losses per cluster: 
[[0.23036279 0.05354235 0.39166158 1.7089553 ]
 [2.2882736  2.369517   2.0610368  0.02121814]
 [0.20633367 0.31695867 0.05565455 2.6553936 ]
 [0.03848575 0.8797865  0.6976368  1.072413  ]]

✔️ Gating k-means converged after 2 iterations
Average expert losses per cluster: 
[[0.22863512 0.05312396 0.39139694 1.7112536 ]
 [2.2889051  2.3688622  2.0609255  0.02112478]
 [0.20523821 0.31398866 0.05379985 2.6617448 ]
 [0.03866838 0.8814802  0.69638956 1.0721558 ]]

✔️ Gating k-means converged after 1 iterations
Average expert losses per cluster: 
[[0.2255753  0.0545378  0.38781017 1.7128721 ]
 [2.2902508  2.3573496  2.0404165  0.02105877]
 [0.20657848 0.3077666  0.0485466  2.6659153 ]
 [0.03846512 0.87367386 0.70738435 1.0721736 ]]

✔️ Gating k-means converged after 1 iterations
Average expert losses per cluster: 
[[0.21818587 0.05330105 0.37416655 1.7182074 ]
 [2.2960663  2.4801362  2.0022418  0.02102207]
 [0.21250394 0.47807106 0.04947746 2.6727872 ]
 [0.04465541 1.2484628  0.7522278  1.0733135 ]]

✔️ Gating k-means converged after 1 iterations
Average expert losses per cluster: 
[[0.21548976 0.04641006 0.37098294 1.6914777 ]
 [2.3279297  2.347072   2.0903745  0.02300028]
 [0.22255516 0.40809304 0.04600313 2.5741122 ]
 [0.03336921 1.024328   0.73398846 1.0717654 ]]

✔️ Gating k-means converged after 1 iterations
Average expert losses per cluster: 
[[0.22142856 0.04722263 0.37081516 1.6875803 ]
 [2.347287   2.308233   2.1100118  0.02367076]
 [0.2325313  0.37378776 0.04729433 2.5630164 ]
 [0.03379909 0.9702661  0.72947216 1.0715741 ]]

✔️ Gating k-means converged after 2 iterations
Average expert losses per cluster: 
[[0.22021821 0.04672896 0.37080127 1.6879827 ]
 [2.3481948  2.3234704  2.1054952  0.02306075]
 [0.23219843 0.36907044 0.04614053 2.5699441 ]
 [0.03429152 0.9724244  0.729026   1.070667  ]]

✔️ Gating k-means converged after 2 iterations
Average expert losses per cluster: 
[[0.21963377 0.04627321 0.37083733 1.6888341 ]
 [2.3491714  2.3461108  2.0992906  0.0223358 ]
 [0.23173355 0.36312458 0.04532287 2.5780296 ]
 [0.03473192 0.9776888  0.72818536 1.0704311 ]]

✔️ Gating k-means converged after 2 iterations
Average expert losses per cluster: 
[[0.22953372 0.0488332  0.37025625 1.6854044 ]
 [2.366951   2.313958   2.1112359  0.02285347]
 [0.24327998 0.33649513 0.04563034 2.5659456 ]
 [0.0361015  0.93900037 0.7282416  1.0701675 ]]

✔️ Gating k-means converged after 1 iterations
Average expert losses per cluster: 
[[0.2656144  0.04432738 0.36446053 1.6726792 ]
 [2.393643   2.3034348  2.0862122  0.02578677]
 [0.2535071  0.3869285  0.04355198 2.5214314 ]
 [0.03787594 0.9350669  0.77418756 1.0692194 ]]

✔️ Gating k-means converged after 1 iterations
Average expert losses per cluster: 
[[0.2700872  0.04537402 0.3630959  1.724814  ]
 [2.3706348  2.3432348  2.083167   0.02126803]
 [0.22368686 0.5111138  0.04291953 2.6883225 ]
 [0.04224146 0.96843827 0.80495995 1.0724367 ]]

✔️ Gating k-means converged after 1 iterations
Average expert losses per cluster: 
[[0.27676272 0.04251634 0.36278954 1.7509675 ]
 [2.3688567  2.3228643  2.082785   0.02727514]
 [0.2239443  0.48763058 0.04293644 2.777462  ]
 [0.03841818 0.90736675 0.8085389  1.0738044 ]]

✔️ Gating k-means converged after 2 iterations
Average expert losses per cluster: 
[[0.27615094 0.04165418 0.36216444 1.7487302 ]
 [2.3692026  2.3399377  2.0784402  0.02813639]
 [0.22358079 0.48643047 0.04314598 2.7801006 ]
 [0.03749499 0.912281   0.8080699  1.0734754 ]]

✔️ Gating k-means converged after 2 iterations
Average expert losses per cluster: 
[[0.2755748  0.04109769 0.36157486 1.746771  ]
 [2.3695161  2.320481   2.0829594  0.02725725]
 [0.22372459 0.4875413  0.04258189 2.7784677 ]
 [0.03668474 0.90804195 0.80647886 1.0731163 ]]

✔️ Gating k-means converged after 1 iterations
Average expert losses per cluster: 
[[0.27615073 0.04073317 0.36136466 1.7708871 ]
 [2.3703372  2.2842882  2.0842388  0.03692156]
 [0.23015793 0.46564898 0.04225514 2.860572  ]
 [0.03669377 0.8359599  0.8103041  1.0748377 ]]

✔️ Gating k-means converged after 1 iterations
Average expert losses per cluster: 
[[0.2808726  0.03879965 0.361074   1.6123188 ]
 [2.3739755  2.274301   2.086346   0.05797928]
 [0.25648373 0.5573565  0.04201233 2.3085134 ]
 [0.06894152 0.8012866  0.8254063  1.0735505 ]]

✔️ Gating k-means converged after 1 iterations
Average expert losses per cluster: 
[[0.22767527 0.03747022 0.3610497  1.777919  ]
 [2.3544595  2.2688558  2.0878155  0.07905979]
 [0.1987787  0.6628142  0.04182318 2.9202943 ]
 [0.04441019 0.7787454  0.83510125 1.0763187 ]]

✔️ Gating k-means converged after 2 iterations
Average expert losses per cluster: 
[[0.22673637 0.03893878 0.36157623 1.8047739 ]
 [2.3477225  2.229423   2.1023943  0.113019  ]
 [0.18114758 0.6301385  0.04113255 3.031623  ]
 [0.10261455 0.74254936 0.8283088  1.076934  ]]

✔️ Gating k-means converged after 2 iterations
Average expert losses per cluster: 
[[0.22548111 0.03738268 0.3625709  1.7938071 ]
 [2.351115   2.1804936  2.11772    0.09988718]
 [0.18332879 0.63812256 0.04092536 3.0246184 ]
 [0.1007333  0.7443418  0.82754517 1.0768052 ]]

✔️ Gating k-means converged after 2 iterations
Average expert losses per cluster: 
[[0.22395739 0.03604168 0.36349216 1.7824043 ]
 [2.356901   2.119792   2.1405492  0.08375198]
 [0.18454991 0.64128244 0.04100958 3.0203383 ]
 [0.09150787 0.74609244 0.8209585  1.0782125 ]]

✔️ Gating k-means converged after 2 iterations
Average expert losses per cluster: 
[[0.23621972 0.03696761 0.36387378 1.8043416 ]
 [2.3526459  2.077316   2.1558294  0.11199255]
 [0.17747955 0.6253832  0.04118443 3.1250641 ]
 [0.16879837 0.71013916 0.8119824  1.0796866 ]]

✔️ Gating k-means converged after 1 iterations
Average expert losses per cluster: 
[[0.3368617  0.03558788 0.36488718 1.8974428 ]
 [2.3992267  2.0479743  2.1714447  0.29478294]
 [0.23628107 0.9711159  0.04113491 3.5690973 ]
 [0.28559402 0.70079756 0.8050291  1.0834422 ]]

✔️ Gating k-means converged after 1 iterations
Average expert losses per cluster: 
[[0.49600255 0.03951769 0.36379614 1.2299788 ]
 [2.3857076  2.146722   2.1590602  0.5428476 ]
 [0.30387446 1.1808741  0.04023273 1.4487232 ]
 [0.64639074 0.8678357  0.81918734 1.0481389 ]]

✔️ Gating k-means converged after 2 iterations
Average expert losses per cluster: 
[[0.5132815  0.03027415 0.36358482 1.203549  ]
 [2.383569   2.1180053  2.1639535  0.63696855]
 [0.30909085 0.92853004 0.04020591 1.3690459 ]
 [0.67581975 0.8267564  0.81717175 1.0508113 ]]

✔️ Gating k-means converged after 2 iterations
Average expert losses per cluster: 
[[0.51463735 0.02848412 0.36488762 1.2003925 ]
 [2.379586   2.0922868  2.1786442  0.6407375 ]
 [0.30923977 0.933025   0.04006981 1.3687713 ]
 [0.68571675 0.83211106 0.8082471  1.052455  ]]

✔️ Gating k-means converged after 2 iterations
Average expert losses per cluster: 
[[0.5152118  0.027985   0.36575368 1.1985288 ]
 [2.3785408  2.0889802  2.1797998  0.64062124]
 [0.30920655 0.9342036  0.04002442 1.3683844 ]
 [0.6741202  0.8162899  0.81201714 1.0547733 ]]

✔️ Gating k-means converged after 1 iterations
Average expert losses per cluster: 
[[0.53031135 0.03348859 0.36570105 1.1790164 ]
 [2.3770459  2.0803163  2.1789415  0.7067974 ]
 [0.31361097 0.75151044 0.04001056 1.3061894 ]
 [0.6928649  0.80881965 0.8140348  1.0560958 ]]

✔️ Gating k-means converged after 1 iterations
Average expert losses per cluster: 
[[0.579522   0.05405747 0.36624992 1.2400454 ]
 [2.3687792  2.2158256  2.2003953  0.5518903 ]
 [0.32630068 0.6427032  0.0393534  1.2534163 ]
 [0.7484546  1.1192365  0.80463684 1.1159258 ]]

✔️ Gating k-means converged after 1 iterations
Average expert losses per cluster: 
[[0.5207752  0.06611506 0.36640996 1.3617555 ]
 [2.377944   2.340065   2.2263353  0.43270132]
 [0.21237941 1.386125   0.03889291 1.3438979 ]
 [0.4404528  1.1661112  0.7963457  1.18576   ]]

12:50:13      Epoch:   0      Batch:   0      OuterStep:  80      LossModel: 0.05386308     LossTerm2: 0.02989606     LossGates: 0.00000000      Time/Step(s): 4.3191Contributing envs to the losses:  [18 15 19  1 16]
Gate values for each environment (all envs): 
 [[0.17497545 0.47511518 0.17489956 0.17500985]
 [0.17488521 0.47514665 0.17503756 0.1749305 ]
 [0.17500253 0.47515118 0.17487645 0.1749699 ]
 [0.4751614  0.17525765 0.1746723  0.17490864]
 [0.4753423  0.17475039 0.17497745 0.17492987]
 [0.17505127 0.17468446 0.17502575 0.4752385 ]
 [0.17487903 0.17494869 0.17485069 0.47532168]
 [0.17486697 0.17506866 0.17468835 0.475376  ]
 [0.17494401 0.17493622 0.17501763 0.4751021 ]
 [0.17487507 0.17505936 0.17485578 0.47520974]
 [0.1749044  0.17467108 0.4756128  0.17481175]
 [0.17476991 0.17489275 0.47545648 0.17488082]
 [0.17490123 0.17475855 0.47537574 0.17496438]
 [0.17483033 0.17496015 0.4753491  0.17486046]
 [0.17489721 0.17488521 0.4753645  0.1748531 ]
 [0.17480189 0.47562605 0.17469229 0.17487974]
 [0.17478825 0.4755304  0.17492168 0.17475973]
 [0.47535744 0.1748792  0.17469612 0.17506726]
 [0.17474386 0.47550058 0.1748688  0.17488678]
 [0.1748608  0.47536233 0.17485242 0.17492439]]
/home/benchmarking/ddrous.benchmarking/miniforge3/envs/jaxgpu/lib/python3.12/multiprocessing/popen_fork.py:66: RuntimeWarning: os.fork() was called. os.fork() is incompatible with multithreaded code, and JAX is multithreaded, so this will likely lead to a deadlock.
  self.pid = os.fork()
        Validation Criterion: 0.21198986
        Saving best model so far ...
✔️ Gating k-means converged after 1 iterations
Average expert losses per cluster: 
[[0.5299768  0.03033079 0.36615628 1.38125   ]
 [2.3898525  2.1974473  2.2203648  0.42282477]
 [0.21178544 0.9817759  0.03866231 1.358332  ]
 [0.4381418  0.8905654  0.8045362  1.1963319 ]]

✔️ Gating k-means converged after 2 iterations
Average expert losses per cluster: 
[[0.53011227 0.02783309 0.36742994 1.378101  ]
 [2.390063   2.2071836  2.2144177  0.4217146 ]
 [0.21190552 0.9825266  0.03865606 1.3582344 ]
 [0.4362999  0.874405   0.8124682  1.1984651 ]]

✔️ Gating k-means converged after 2 iterations
Average expert losses per cluster: 
[[0.530215   0.0263067  0.36861122 1.3757548 ]
 [2.390403   2.2198665  2.2082195  0.42050073]
 [0.21189581 0.98257524 0.03859827 1.358441  ]
 [0.4347961  0.8633355  0.818742   1.1996427 ]]

✔️ Gating k-means converged after 1 iterations
Average expert losses per cluster: 
[[0.5391228  0.03383761 0.36857274 1.3936198 ]
 [2.4024312  2.0704808  2.2024832  0.4133261 ]
 [0.21259479 0.81208783 0.03847973 1.3717188 ]
 [0.4437946  0.614002   0.82543916 1.2089835 ]]

✔️ Gating k-means converged after 1 iterations
Average expert losses per cluster: 
[[0.5694987  0.18196283 0.36895955 1.4852678 ]
 [2.4327176  1.6591936  2.2193954  0.38038602]
 [0.21774225 0.5389617  0.03770387 1.486782  ]
 [0.5176418  0.4117505  0.82758045 1.2421625 ]]

✔️ Gating k-means converged after 1 iterations
Average expert losses per cluster: 
[[0.58291805 0.27170655 0.3704452  1.5470742 ]
 [2.4345698  1.5238365  2.2409253  0.35770306]
 [0.21779995 0.44301635 0.03711465 1.6205529 ]
 [0.5524372  0.5578544  0.82822776 1.2544386 ]]

✔️ Gating k-means converged after 1 iterations
Average expert losses per cluster: 
[[0.58351415 0.26929924 0.37061757 1.5551685 ]
 [2.4171836  1.5542935  2.2424068  0.3526855 ]
 [0.21239117 0.3768638  0.03699591 1.6498896 ]
 [0.52930176 0.46235177 0.83034176 1.2552189 ]]

✔️ Gating k-means converged after 2 iterations
Average expert losses per cluster: 
[[0.5835589  0.25055993 0.37367317 1.5428879 ]
 [2.418227   1.5520116  2.238392   0.3526848 ]
 [0.21236539 0.3768392  0.03698873 1.6499197 ]
 [0.5267178  0.46053022 0.8360817  1.2532176 ]]

✔️ Gating k-means converged after 2 iterations
Average expert losses per cluster: 
[[0.58350396 0.23252471 0.37662256 1.5305868 ]
 [2.4186265  1.5499595  2.2371244  0.35275805]
 [0.21247505 0.37960014 0.03696965 1.6402501 ]
 [0.5242867  0.45975268 0.84044427 1.2513254 ]]

✔️ Gating k-means converged after 1 iterations
Average expert losses per cluster: 
[[0.58416367 0.23310113 0.3776194  1.5301343 ]
 [2.4036067  1.5771595  2.2394083  0.3443768 ]
 [0.20805395 0.32967082 0.03689601 1.6676124 ]
 [0.50728714 0.3977121  0.8418087  1.2508429 ]]

✔️ Gating k-means converged after 1 iterations
Average expert losses per cluster: 
[[0.58786774 0.10098939 0.37972063 1.540196  ]
 [2.3535836  1.9737759  2.2144032  0.3187178 ]
 [0.19447537 0.6102698  0.03591911 1.7901381 ]
 [0.46703252 0.4754636  0.87704676 1.2542245 ]]

✔️ Gating k-means converged after 1 iterations
Average expert losses per cluster: 
[[0.59096664 0.09572854 0.38546    1.5163561 ]
 [2.327996   2.1286836  2.2071235  0.28350592]
 [0.18818334 0.8561043  0.03515936 1.8530797 ]
 [0.4572912  0.48129064 0.8916012  1.2639363 ]]

✔️ Gating k-means converged after 1 iterations
Average expert losses per cluster: 
[[0.59137756 0.23813644 0.38757506 1.5008374 ]
 [2.3245058  2.0773242  2.2118318  0.27224055]
 [0.18747102 0.7866595  0.03482737 1.8565797 ]
 [0.45652556 0.41562104 0.88933754 1.2660663 ]]

✔️ Gating k-means converged after 2 iterations
Average expert losses per cluster: 
[[0.59125596 0.19844408 0.39745262 1.477166  ]
 [2.3242126  2.0722103  2.2138028  0.2717496 ]
 [0.18786518 0.80753136 0.03482428 1.845941  ]
 [0.45586252 0.4181044  0.88983154 1.2652249 ]]

✔️ Gating k-means converged after 2 iterations
Average expert losses per cluster: 
[[0.5910959  0.16997816 0.40408382 1.457187  ]
 [2.3239381  2.0688713  2.215679   0.2714424 ]
 [0.18833219 0.8192019  0.03463266 1.8395792 ]
 [0.45487604 0.40152082 0.8896512  1.2554469 ]]

✔️ Gating k-means converged after 1 iterations
Average expert losses per cluster: 
[[0.5915483  0.16639243 0.40665048 1.4437648 ]
 [2.3207014  2.0420306  2.220498   0.26139227]
 [0.187744   0.7203647  0.03449138 1.8454167 ]
 [0.45446604 0.35903174 0.88541555 1.2549741 ]]

✔️ Gating k-means converged after 1 iterations
Average expert losses per cluster: 
[[0.5932177  0.14851159 0.41064483 1.408645  ]
 [2.309632   2.1133883  2.2359376  0.2271159 ]
 [0.18535957 0.5531616  0.03364132 1.8800553 ]
 [0.4546435  0.5059822  0.9071778  1.2644465 ]]

✔️ Gating k-means converged after 1 iterations
Average expert losses per cluster: 
[[0.59370166 0.12740174 0.4137181  1.3887275 ]
 [2.3046896  2.0977056  2.2412786  0.20867799]
 [0.18482248 0.50969714 0.03308    1.906792  ]
 [0.45383653 0.30923676 0.94047993 1.269321  ]]

✔️ Gating k-means converged after 2 iterations
Average expert losses per cluster: 
[[0.59336793 0.11985388 0.4154583  1.3778031 ]
 [2.3042693  2.1039062  2.242388   0.2009189 ]
 [0.18526267 0.38591847 0.03301093 1.925601  ]
 [0.45276555 0.31212667 0.9431199  1.2687944 ]]

✔️ Gating k-means converged after 2 iterations
Average expert losses per cluster: 
[[0.59331405 0.09559964 0.42158398 1.3592817 ]
 [2.3038888  2.1005635  2.2442667  0.20079708]
 [0.18558113 0.38681713 0.03288415 1.9228655 ]
 [0.4501203  0.3246847  0.9481437  1.2601709 ]]

✔️ Gating k-means converged after 2 iterations
Average expert losses per cluster: 
[[0.59316367 0.08193506 0.42688853 1.3437483 ]
 [2.3037724  2.0986867  2.2455595  0.20083113]
 [0.1858851  0.38791892 0.03285417 1.9208546 ]
 [0.44837317 0.33385217 0.9510864  1.2558854 ]]

✔️ Gating k-means converged after 1 iterations
Average expert losses per cluster: 
[[0.5928638  0.08774056 0.42846176 1.3354623 ]
 [2.3033912  2.1331758  2.2465649  0.19380246]
 [0.18626125 0.3407389  0.0327199  1.9390141 ]
 [0.44704828 0.48746857 0.9544253  1.2563689 ]]

✔️ Gating k-means converged after 1 iterations
Average expert losses per cluster: 
[[0.5918991  0.3209566  0.42659777 1.316774  ]
 [2.301855   2.2968748  2.2829998  0.16869651]
 [0.1874541  0.30500093 0.03205486 2.0174987 ]
 [0.4434912  1.6923847  0.95041764 1.2628069 ]]

✔️ Gating k-means converged after 1 iterations
Average expert losses per cluster: 
[[0.59016764 0.09344641 0.42518625 1.3039674 ]
 [2.3009083  1.7813963  2.3140178  0.14914994]
 [0.18894918 0.28503308 0.03142205 2.0923314 ]
 [0.43912238 0.3410296  0.95041007 1.2690997 ]]

✔️ Gating k-means converged after 1 iterations
Average expert losses per cluster: 
[[0.58972037 0.12135854 0.42580527 1.2981758 ]
 [2.3007617  1.757767   2.3169506  0.14259897]
 [0.18928319 0.2467672  0.0313232  2.119299  ]
 [0.43809313 0.41804418 0.9565694  1.2707142 ]]

✔️ Gating k-means converged after 2 iterations
Average expert losses per cluster: 
[[0.58996975 0.12241884 0.4294224  1.2899268 ]
 [2.3005223  1.7595981  2.3181608  0.14248316]
 [0.18943019 0.24643281 0.03127    2.1191006 ]
 [0.43638396 0.42292592 0.95962214 1.2662477 ]]

✔️ Gating k-means converged after 2 iterations
Average expert losses per cluster: 
[[0.5903794  0.12026418 0.43164554 1.2854152 ]
 [2.3003166  1.7616459  2.3190246  0.14235531]
 [0.18951643 0.24636076 0.03126239 2.1191232 ]
 [0.43494496 0.4255031  0.9631101  1.2615173 ]]

✔️ Gating k-means converged after 1 iterations
Average expert losses per cluster: 
[[0.59006447 0.18740441 0.4319853  1.2797644 ]
 [2.3000321  1.746787   2.321554   0.13217247]
 [0.18980674 0.21453992 0.03112486 2.166492  ]
 [0.43395644 0.49808007 0.9702147  1.2647429 ]]

✔️ Gating k-means converged after 1 iterations
Average expert losses per cluster: 
[[0.58671206 0.48691577 0.43299207 1.2721716 ]
 [2.3029678  1.7234831  2.3332326  0.08593962]
 [0.18178408 0.18850099 0.03070937 2.5191045 ]
 [0.41850358 0.6917714  0.9948057  1.3092927 ]]

✔️ Gating k-means converged after 1 iterations
Average expert losses per cluster: 
[[0.57406086 0.60997885 0.57136405 1.3270406 ]
 [2.294445   1.7182236  2.7020824  0.07807513]
 [0.12302139 0.21921538 0.03661451 2.5803816 ]
 [0.40107685 0.76463336 1.4415449  1.3601687 ]]

✔️ Gating k-means converged after 1 iterations
Average expert losses per cluster: 
[[0.5718214  0.6229155  1.6473199  1.3376931 ]
 [2.2926435  1.7177925  3.0702786  0.06939127]
 [0.11460543 0.22366785 0.05898606 2.5324233 ]
 [0.3994132  0.7730621  2.2714505  1.3617983 ]]

✔️ Gating k-means converged after 2 iterations
Average expert losses per cluster: 
[[0.5703746  0.6234253  1.6720812  1.3371912 ]
 [2.2923348  1.7192348  3.0667465  0.06918196]
 [0.11392303 0.22330554 0.05437338 2.5299878 ]
 [0.39840946 0.7722975  2.3062167  1.3602018 ]]

✔️ Gating k-means converged after 2 iterations
Average expert losses per cluster: 
[[0.5671407  0.62315714 1.7117312  1.3370627 ]
 [2.2918525  1.7200521  3.0620055  0.06856652]
 [0.11346851 0.22311082 0.0514226  2.528249  ]
 [0.3976836  0.7715974  2.3292704  1.3593166 ]]

✔️ Gating k-means converged after 1 iterations
Average expert losses per cluster: 
[[0.5628837  0.63328063 5.499535   1.3473758 ]
 [2.2838888  1.719441   3.4190915  0.06233357]
 [0.10879228 0.22686338 0.09082504 2.484776  ]
 [0.3958161  0.77736276 4.1330714  1.3623546 ]]

✔️ Gating k-means converged after 1 iterations
Average expert losses per cluster: 
[[  0.5408262    0.51761144 361.41437      1.3922683 ]
 [  2.2652404    1.6682805    4.889576     0.05185373]
 [  0.13330644   0.15963124   1.7818123    2.351414  ]
 [  0.39914316   0.63884014 116.60756      1.3729305 ]]

✔️ Gating k-means converged after 1 iterations
Average expert losses per cluster: 
[[   0.56232005    0.37908655 1140.7971        1.4641646 ]
 [   2.2023358     1.580745      5.7869763     0.04752064]
 [   0.10075796    0.10060678    9.1594305     2.3343399 ]
 [   0.37583718    0.58100146  350.03992       1.3823075 ]]

✔️ Gating k-means converged after 1 iterations
Average expert losses per cluster: 
[[   0.5690584     0.35756308 1304.873         1.4786965 ]
 [   2.1833646     1.5654345     5.9141927     0.04640695]
 [   0.10378297    0.09829491   11.075147      2.334174  ]
 [   0.37046868    0.5767987   396.10114       1.3846807 ]]

✔️ Gating k-means converged after 2 iterations
Average expert losses per cluster: 
[[   0.56673497    0.3568618  1308.7655        1.4785014 ]
 [   2.1838486     1.5661291     5.9127955     0.04612192]
 [   0.10316403    0.09843124   11.253303      2.3361094 ]
 [   0.3702384     0.574599    384.79623       1.3903307 ]]

✔️ Gating k-means converged after 2 iterations
Average expert losses per cluster: 
[[   0.5654722     0.356139   1314.7258        1.4778895 ]
 [   2.1842656     1.5668167     5.9148245     0.04593575]
 [   0.10052158    0.09873865   10.698188      2.341487  ]
 [   0.37009943    0.5760373   301.57602       1.4164729 ]]

✔️ Gating k-means converged after 2 iterations
Average expert losses per cluster: 
[[   0.5709993     0.34202722 1478.4557        1.4915603 ]
 [   2.1580486     1.5522052     6.0297594     0.04506668]
 [   0.10315675    0.09906086   12.392792      2.3439894 ]
 [   0.368373      0.5792002   318.25885       1.4231558 ]]

✔️ Gating k-means converged after 1 iterations
Average expert losses per cluster: 
[[0.5720119  0.3128911  3.9015892  1.5445238 ]
 [1.9940598  1.4998561  4.2025514  0.04229423]
 [0.09024916 0.12111747 0.09269919 2.3519244 ]
 [0.38972956 0.60656136 0.9938976  1.4289386 ]]

✔️ Gating k-means converged after 1 iterations
Average expert losses per cluster: 
[[0.5710539  0.26332656 1.0241984  1.5891902 ]
 [1.9045916  1.5226376  2.457653   0.03946356]
 [0.09910192 0.16087702 0.19067691 2.369785  ]
 [0.4095137  0.55654806 0.6305386  1.4300063 ]]

✔️ Gating k-means converged after 2 iterations
Average expert losses per cluster: 
[[0.5708231  0.23650241 1.0827042  1.5960892 ]
 [1.8927649  1.5544285  2.4536672  0.0391898 ]
 [0.10218471 0.18244047 0.21650381 2.373858  ]
 [0.4125193  0.5417775  0.64886636 1.4346454 ]]

✔️ Gating k-means converged after 2 iterations
Average expert losses per cluster: 
[[0.5686633  0.23521876 1.0809773  1.597852  ]
 [1.893289   1.5568657  2.4531906  0.03868045]
 [0.1030158  0.18232141 0.2165364  2.374946  ]
 [0.4135239  0.53616756 0.64348626 1.4501493 ]]

✔️ Gating k-means converged after 2 iterations
Average expert losses per cluster: 
[[0.5659784  0.23342158 1.0775187  1.5993644 ]
 [1.8938998  1.5591987  2.4525402  0.03840821]
 [0.09972779 0.18307225 0.21962757 2.3715947 ]
 [0.4140811  0.5326768  0.6406565  1.4587753 ]]

✔️ Gating k-means converged after 1 iterations
Average expert losses per cluster: 
[[0.5650176  0.20902897 1.1191806  1.6080233 ]
 [1.8828248  1.5927277  2.4654026  0.03748205]
 [0.10119779 0.21295099 0.24796839 2.3797967 ]
 [0.41728896 0.5236722  0.65977216 1.4593563 ]]

✔️ Gating k-means converged after 1 iterations
Average expert losses per cluster: 
[[0.5679203  0.14542638 1.2258743  1.6349484 ]
 [1.9163231  1.7950821  2.6272836  0.03462693]
 [0.08934842 0.42225227 0.39170432 2.411029  ]
 [0.39096266 0.3236264  0.76552963 1.4562019 ]]

✔️ Gating k-means converged after 1 iterations
Average expert losses per cluster: 
[[0.5610556  0.24974203 1.2723576  1.6518118 ]
 [1.9862956  1.8936036  2.7952955  0.03342592]
 [0.08514645 0.56415385 0.50964564 2.43105   ]
 [0.38108033 0.37174472 0.8636886  1.4545038 ]]

✔️ Gating k-means converged after 1 iterations
Average expert losses per cluster: 
[[0.5571797  0.30030996 1.27879    1.6511093 ]
 [2.006481   1.9002806  2.8232296  0.03293742]
 [0.0840938  0.5720803  0.5290383  2.4181814 ]
 [0.38126397 0.41449338 0.88039225 1.4515398 ]]

✔️ Gating k-means converged after 2 iterations
Average expert losses per cluster: 
[[0.5522487  0.28519464 1.2762268  1.6621699 ]
 [2.007057   1.9011925  2.8231182  0.0328234 ]
 [0.08376471 0.5737002  0.5316084  2.4160016 ]
 [0.38189888 0.41181093 0.88072723 1.4553703 ]]

✔️ Gating k-means converged after 2 iterations
Average expert losses per cluster: 
[[0.5465089  0.25743672 1.2749227  1.6799358 ]
 [2.0071628  1.9016653  2.822909   0.03243851]
 [0.08356684 0.5750293  0.5330249  2.4153423 ]
 [0.38265595 0.4083601  0.8786415  1.4565256 ]]

✔️ Gating k-means converged after 2 iterations
Average expert losses per cluster: 
[[0.5426383  0.30413625 1.2813172  1.6799394 ]
 [2.0262513  1.9068123  2.8501432  0.03203899]
 [0.08314354 0.58730865 0.5500218  2.3958163 ]
 [0.38296902 0.45731688 0.8942698  1.4505253 ]]

✔️ Gating k-means converged after 1 iterations
Average expert losses per cluster: 
[[0.53171825 0.50013185 1.3042357  1.6933273 ]
 [2.1037757  1.917429   2.9447503  0.0298366 ]
 [0.08672208 0.62561244 0.61236113 2.4079275 ]
 [0.38143706 0.6732366  0.94942033 1.4305198 ]]

✔️ Gating k-means converged after 1 iterations
Average expert losses per cluster: 
[[0.52528167 0.2115449  1.3035405  1.7218046 ]
 [2.1528528  1.8597176  2.8639133  0.0284717 ]
 [0.0934962  0.23375173 0.6441459  2.4360263 ]
 [0.38205123 0.3089391  0.8757636  1.4168166 ]]

✔️ Gating k-means converged after 1 iterations
Average expert losses per cluster: 
[[0.5231876  0.2389049  1.2983307  1.7294567 ]
 [2.160446   1.8522285  2.8474967  0.02843106]
 [0.09470313 0.21936892 0.6486105  2.4296002 ]
 [0.38237962 0.26435146 0.855103   1.414053  ]]

✔️ Gating k-means converged after 2 iterations
Average expert losses per cluster: 
[[0.5196514  0.24033578 1.2973573  1.7422069 ]
 [2.1609433  1.8526913  2.8472192  0.02832906]
 [0.08924095 0.2214746  0.656743   2.4210753 ]
 [0.38310772 0.25900748 0.85013914 1.4135354 ]]

✔️ Gating k-means converged after 2 iterations
Average expert losses per cluster: 
[[0.5192315  0.2392555  1.2974372  1.7436897 ]
 [2.1614082  1.8529427  2.8474786  0.0282878 ]
 [0.08481928 0.22427416 0.66759425 2.407946  ]
 [0.3838355  0.25470093 0.8463725  1.4137323 ]]

✔️ Gating k-means converged after 2 iterations
Average expert losses per cluster: 
[[0.5185064  0.25773743 1.2926695  1.7460229 ]
 [2.1667871  1.8662663  2.8330274  0.02852683]
 [0.08467589 0.21676064 0.67312306 2.400119  ]
 [0.38405037 0.23112437 0.82903904 1.4106948 ]]

✔️ Gating k-means converged after 1 iterations
Average expert losses per cluster: 
[[0.5175006  0.13698897 1.2752321  1.7704531 ]
 [2.1303496  1.9694437  2.7673814  0.02694041]
 [0.08095551 0.2479646  0.68558186 2.4285495 ]
 [0.3767396  0.1323238  0.76415575 1.4022076 ]]

✔️ Gating k-means converged after 1 iterations
Average expert losses per cluster: 
[[0.5148558  0.09877747 1.2624373  1.7928336 ]
 [2.05826    2.1253812  2.6844456  0.02719636]
 [0.07848556 0.27345154 0.69592786 2.4688692 ]
 [0.37487146 0.14813799 0.7132301  1.3979285 ]]

12:51:00      Epoch:   0      Batch:   0      OuterStep:  90      LossModel: 0.13698506     LossTerm2: 0.03800025     LossGates: 0.00000000      Time/Step(s): 6.1984Contributing envs to the losses:  [15 16 18 19  1]
Gate values for each environment (all envs): 
 [[0.1748     0.47547862 0.1748718  0.17484957]
 [0.17507724 0.47504914 0.17497852 0.17489499]
 [0.17496899 0.4751161  0.17493913 0.1749758 ]
 [0.17475715 0.17491217 0.47540462 0.17492598]
 [0.1749646  0.17470716 0.4755865  0.17474174]
 [0.1749732  0.17495196 0.17497665 0.4750981 ]
 [0.17490804 0.17508772 0.1749224  0.4750818 ]
 [0.17492765 0.1749397  0.17490596 0.47522667]
 [0.17474005 0.17501046 0.17477694 0.47547254]
 [0.17483187 0.17492245 0.17482969 0.475416  ]
 [0.4751867  0.17494783 0.17485821 0.17500725]
 [0.47530743 0.17487101 0.17487077 0.17495082]
 [0.47519845 0.17499647 0.17491858 0.17488644]
 [0.47561198 0.17476924 0.17478952 0.17482935]
 [0.4751718  0.17500548 0.17492928 0.1748934 ]
 [0.17485447 0.47535625 0.17486383 0.17492546]
 [0.17492892 0.47521245 0.17496474 0.17489384]
 [0.17499477 0.17479551 0.47531822 0.17489158]
 [0.17492266 0.47523576 0.17494461 0.17489691]
 [0.17484628 0.47538865 0.17487185 0.1748933 ]]
/home/benchmarking/ddrous.benchmarking/miniforge3/envs/jaxgpu/lib/python3.12/multiprocessing/popen_fork.py:66: RuntimeWarning: os.fork() was called. os.fork() is incompatible with multithreaded code, and JAX is multithreaded, so this will likely lead to a deadlock.
  self.pid = os.fork()
        Validation Criterion: 0.44426939
✔️ Gating k-means converged after 1 iterations
Average expert losses per cluster: 
[[0.5143494  0.08714123 1.2589566  1.7960413 ]
 [2.0467365  2.1550403  2.6736715  0.02767398]
 [0.07859596 0.3149142  0.6989772  2.4737413 ]
 [0.37534222 0.15623657 0.7056009  1.3979454 ]]

✔️ Gating k-means converged after 2 iterations
Average expert losses per cluster: 
[[0.5138744  0.08635784 1.256908   1.7970053 ]
 [2.0471544  2.156325   2.6736276  0.0274302 ]
 [0.07978842 0.31902298 0.70228904 2.467776  ]
 [0.37678283 0.14758793 0.70160574 1.3978467 ]]

✔️ Gating k-means converged after 2 iterations
Average expert losses per cluster: 
[[0.51342136 0.08555396 1.2545611  1.7979245 ]
 [2.0478756  2.1599667  2.6726654  0.02723813]
 [0.07877184 0.31576857 0.7003849  2.4728305 ]
 [0.37805328 0.14104904 0.698349   1.397727  ]]

✔️ Gating k-means converged after 1 iterations
Average expert losses per cluster: 
[[0.51278883 0.10064027 1.2511008  1.7952868 ]
 [2.0375745  2.189697   2.6620898  0.02630552]
 [0.07815447 0.35884753 0.70057917 2.4550533 ]
 [0.3785532  0.16479978 0.69189894 1.3961322 ]]

✔️ Gating k-means converged after 1 iterations
Average expert losses per cluster: 
[[0.51074034 0.08866271 1.2406212  1.8030506 ]
 [1.9997303  2.1219501  2.6047208  0.02568851]
 [0.07803699 0.14740826 0.7115712  2.4269989 ]
 [0.38012683 0.11928429 0.67050695 1.3949032 ]]

✔️ Gating k-means converged after 1 iterations
Average expert losses per cluster: 
[[0.50961953 0.08009193 1.23591    1.8300941 ]
 [1.9778489  2.1428723  2.5730848  0.02445399]
 [0.07830445 0.20018087 0.7187757  2.4472444 ]
 [0.38105866 0.17391592 0.6638368  1.4002426 ]]

✔️ Gating k-means converged after 1 iterations
Average expert losses per cluster: 
[[0.5094794  0.07649531 1.2356331  1.82962   ]
 [1.9749209  2.1488473  2.5680854  0.02463208]
 [0.07802621 0.21642259 0.7186525  2.4335263 ]
 [0.3813313  0.18146563 0.6630702  1.3996518 ]]

✔️ Gating k-means converged after 2 iterations
Average expert losses per cluster: 
[[0.509794   0.07503133 1.2383549  1.8309547 ]
 [1.9755677  2.1502612  2.5673504  0.02455138]
 [0.07733801 0.20938008 0.7140442  2.4482956 ]
 [0.38185716 0.1798291  0.6629375  1.399632  ]]

✔️ Gating k-means converged after 2 iterations
Average expert losses per cluster: 
[[0.51011705 0.07321474 1.2417029  1.8311956 ]
 [1.9758681  2.1509738  2.567455   0.02455878]
 [0.0777055  0.20564799 0.71214324 2.4569027 ]
 [0.3819248  0.17953241 0.66283745 1.3991879 ]]

✔️ Gating k-means converged after 1 iterations
Average expert losses per cluster: 
[[0.509962   0.07045551 1.2416538  1.8331904 ]
 [1.9732336  2.1560464  2.5635564  0.02449189]
 [0.0778425  0.2211426  0.7128872  2.451806  ]
 [0.38232622 0.18683621 0.66244924 1.3991816 ]]

✔️ Gating k-means converged after 1 iterations
Average expert losses per cluster: 
[[0.50919104 0.06486441 1.2302105  1.8561692 ]
 [1.9822212  2.2238357  2.5628066  0.02303861]
 [0.07678282 0.44182545 0.7138135  2.4722192 ]
 [0.37818998 0.13292089 0.6566707  1.4029338 ]]

✔️ Gating k-means converged after 1 iterations
Average expert losses per cluster: 
[[0.5084277  0.05688819 1.2106049  1.8695202 ]
 [2.011059   2.3286166  2.580734   0.02246491]
 [0.07543319 0.19356775 0.70884883 2.4730923 ]
 [0.36975265 0.12917775 0.64729375 1.405478  ]]

✔️ Gating k-means converged after 1 iterations
Average expert losses per cluster: 
[[0.50840163 0.05978306 1.2082242  1.8715385 ]
 [2.0153248  2.3719459  2.5839481  0.02243145]
 [0.07528527 0.21725333 0.7071347  2.473531  ]
 [0.36864266 0.13357668 0.6457948  1.4060591 ]]

✔️ Gating k-means converged after 1 iterations
Average expert losses per cluster: 
[[0.5080798  0.05762495 1.2085024  1.8727437 ]
 [2.015556   2.3727796  2.5861418  0.02246886]
 [0.07514462 0.21525212 0.7064914  2.4771829 ]
 [0.36872372 0.12990837 0.6462817  1.4058927 ]]

✔️ Gating k-means converged after 1 iterations
Average expert losses per cluster: 
[[0.5073966  0.05621701 1.2085304  1.8744265 ]
 [2.0156112  2.3734365  2.5888329  0.0220585 ]
 [0.07502346 0.21315639 0.7061926  2.4817615 ]
 [0.36872405 0.12842184 0.64660215 1.4058951 ]]

✔️ Gating k-means converged after 1 iterations
Average expert losses per cluster: 
[[0.50646996 0.0651451  1.2056012  1.8768914 ]
 [2.02482    2.4162395  2.59219    0.02205178]
 [0.07459782 0.23721611 0.70474756 2.4818835 ]
 [0.36740375 0.1389417  0.64518017 1.4062383 ]]

✔️ Gating k-means converged after 1 iterations
Average expert losses per cluster: 
[[0.50219864 0.05946754 1.1947408  1.8832256 ]
 [2.072785   2.4384038  2.6015973  0.02174154]
 [0.0724895  0.14419489 0.70015025 2.4772923 ]
 [0.36192298 0.06209873 0.6401391  1.4091948 ]]

✔️ Gating k-means converged after 1 iterations
Average expert losses per cluster: 
[[0.49782124 0.11330944 1.187778   1.8925864 ]
 [2.1010494  2.3724916  2.6076748  0.02111078]
 [0.07071725 0.0874271  0.69575274 2.4930384 ]
 [0.3585883  0.09844555 0.6368708  1.4121565 ]]

✔️ Gating k-means converged after 1 iterations
Average expert losses per cluster: 
[[0.49661162 0.12427835 1.1870215  1.8940854 ]
 [2.10356    2.3637042  2.6089854  0.02081169]
 [0.07026738 0.08231493 0.6953054  2.4928663 ]
 [0.35802215 0.10687145 0.63642514 1.4130812 ]]

✔️ Gating k-means converged after 2 iterations
Average expert losses per cluster: 
[[0.49815834 0.12130371 1.1853093  1.8897107 ]
 [2.1036775  2.3645153  2.6110134  0.02066533]
 [0.07039651 0.07761852 0.6956281  2.5020711 ]
 [0.3576294  0.10638411 0.63650763 1.4130023 ]]

✔️ Gating k-means converged after 2 iterations
Average expert losses per cluster: 
[[0.50013804 0.11800274 1.1836627  1.8844587 ]
 [2.103699   2.365029   2.6131246  0.02056487]
 [0.0704286  0.07504217 0.69634014 2.5041692 ]
 [0.35766134 0.10574131 0.6365224  1.4119415 ]]

✔️ Gating k-means converged after 1 iterations
Average expert losses per cluster: 
[[0.49959457 0.12122436 1.1812003  1.8845829 ]
 [2.1062467  2.3639867  2.6151628  0.02044023]
 [0.07008459 0.07422389 0.6948504  2.5040958 ]
 [0.3576021  0.11069279 0.63582724 1.4127635 ]]

✔️ Gating k-means converged after 1 iterations
Average expert losses per cluster: 
[[0.496622   0.0661528  1.1759241  1.887064  ]
 [2.114681   2.6992536  2.620291   0.02002106]
 [0.0685572  0.4985889  0.6882822  2.5004704 ]
 [0.3562367  0.25280434 0.63313043 1.416435  ]]

✔️ Gating k-means converged after 1 iterations
Average expert losses per cluster: 
[[0.49461865 0.07486235 1.1725495  1.8901474 ]
 [2.110339   2.4657857  2.6231172  0.01980108]
 [0.06709254 0.08014178 0.68323946 2.4928875 ]
 [0.35634074 0.16500902 0.6313528  1.4200448 ]]

✔️ Gating k-means converged after 1 iterations
Average expert losses per cluster: 
[[0.4946328  0.0915028  1.171975   1.8914834 ]
 [2.1078253  2.4696872  2.6237745  0.01974329]
 [0.06680417 0.06391244 0.682436   2.488712  ]
 [0.35622877 0.18972735 0.6309959  1.421842  ]]

✔️ Gating k-means converged after 2 iterations
Average expert losses per cluster: 
[[0.49560022 0.0908886  1.1714835  1.8889153 ]
 [2.107844   2.4706566  2.626862   0.01956765]
 [0.06676783 0.06328053 0.6833343  2.4887671 ]
 [0.3573184  0.18585366 0.6310645  1.4216474 ]]

✔️ Gating k-means converged after 2 iterations
Average expert losses per cluster: 
[[0.496176   0.09013769 1.1730448  1.8891263 ]
 [2.1079633  2.4717383  2.6300542  0.01949503]
 [0.06666451 0.06343249 0.6842287  2.4894547 ]
 [0.35737157 0.18229026 0.6309799  1.4212931 ]]

✔️ Gating k-means converged after 1 iterations
Average expert losses per cluster: 
[[0.496014   0.10839476 1.1727036  1.8927929 ]
 [2.1058605  2.476642   2.6310937  0.01939191]
 [0.06640162 0.05467493 0.6835247  2.4873738 ]
 [0.35779482 0.20451093 0.6306855  1.4247367 ]]

✔️ Gating k-means converged after 1 iterations
Average expert losses per cluster: 
[[0.49091777 0.13871704 1.1709946  1.9175353 ]
 [2.0874903  2.5375779  2.6304195  0.01892938]
 [0.06385305 0.04736983 0.6795315  2.4993865 ]
 [0.36110494 0.21893156 0.6287644  1.440432  ]]

✔️ Gating k-means converged after 1 iterations
Average expert losses per cluster: 
[[0.4850346  0.13635378 1.1706929  1.9270535 ]
 [2.0800714  2.89562    2.624989   0.01829671]
 [0.06131415 0.13901384 0.6747238  2.4974205 ]
 [0.36352333 0.07556187 0.6250496  1.4490241 ]]

✔️ Gating k-means converged after 1 iterations
Average expert losses per cluster: 
[[0.48406425 0.05257471 1.1701179  1.9277015 ]
 [2.079588   2.9259827  2.6250193  0.01813525]
 [0.060835   0.1301319  0.6739955  2.4937625 ]
 [0.36368483 0.07538789 0.62445843 1.4498718 ]]

✔️ Gating k-means converged after 1 iterations
Average expert losses per cluster: 
[[0.48441452 0.0509447  1.1674926  1.9249433 ]
 [2.0794919  2.9299626  2.629945   0.01797114]
 [0.06085482 0.131191   0.67474645 2.493673  ]
 [0.36440575 0.07492092 0.62452143 1.4499931 ]]

✔️ Gating k-means converged after 2 iterations
Average expert losses per cluster: 
[[0.4842642  0.04723595 1.1576807  1.9214246 ]
 [2.079456   2.9328752  2.634212   0.01795768]
 [0.06085148 0.13166583 0.6755108  2.4936044 ]
 [0.36466104 0.07370834 0.62468886 1.4490509 ]]

✔️ Gating k-means converged after 1 iterations
Average expert losses per cluster: 
[[0.48327708 0.05609727 1.1554427  1.9206785 ]
 [2.0792491  2.93379    2.6338346  0.01770402]
 [0.06043679 0.12736113 0.67460835 2.4896889 ]
 [0.36511454 0.11997636 0.624103   1.4495144 ]]

✔️ Gating k-means converged after 1 iterations
Average expert losses per cluster: 
[[0.47605518 0.05705153 1.1547134  1.923101  ]
 [2.0915444  2.9058075  2.6311407  0.01749347]
 [0.05746897 0.07673263 0.67042655 2.4661446 ]
 [0.36541784 0.09047489 0.6220612  1.4569929 ]]

✔️ Gating k-means converged after 1 iterations
Average expert losses per cluster: 
[[0.46857393 0.20228669 1.155177   1.9500082 ]
 [2.111553   2.9213605  2.6270626  0.01679748]
 [0.05442248 0.0904435  0.66869193 2.4799638 ]
 [0.36545563 0.08361852 0.6196897  1.4740098 ]]

✔️ Gating k-means converged after 2 iterations
Average expert losses per cluster: 
[[0.46758595 0.21747404 1.1503351  1.953934  ]
 [2.114402   2.932324   2.628422   0.01656122]
 [0.0539958  0.09480538 0.66715765 2.484177  ]
 [0.3659235  0.08727702 0.6189529  1.4777663 ]]

✔️ Gating k-means converged after 2 iterations
Average expert losses per cluster: 
[[0.46728826 0.19874407 1.1305507  1.9441179 ]
 [2.114613   2.9297338  2.6322124  0.01659971]
 [0.05485619 0.0838011  0.6662087  2.4591665 ]
 [0.36643445 0.08630951 0.6193186  1.4766535 ]]

✔️ Gating k-means converged after 2 iterations
Average expert losses per cluster: 
[[0.4661027  0.18103665 1.1076624  1.9350169 ]
 [2.114518   2.9290805  2.6351125  0.01652242]
 [0.05571932 0.08557495 0.6645935  2.443987  ]
 [0.36603007 0.08520877 0.61980975 1.475974  ]]

✔️ Gating k-means converged after 2 iterations
Average expert losses per cluster: 
[[0.46474862 0.16340742 1.0999465  1.9386467 ]
 [2.1173773  2.9667494  2.6411078  0.01641882]
 [0.05548259 0.08872154 0.66282487 2.4454658 ]
 [0.36631805 0.06831637 0.61854887 1.4789629 ]]

✔️ Gating k-means converged after 1 iterations
Average expert losses per cluster: 
[[0.4555663  0.41457734 1.090392   1.9484167 ]
 [2.1323233  3.1752796  2.6626942  0.01604396]
 [0.05254764 0.26697966 0.65733653 2.4212635 ]
 [0.37328094 0.57968986 0.6133632  1.4918616 ]]

✔️ Gating k-means converged after 1 iterations
Average expert losses per cluster: 
[[0.44169024 0.22166063 1.083282   1.9499029 ]
 [2.153693   2.6605499  2.6787195  0.01705102]
 [0.0482465  0.08071911 0.64896196 2.3824203 ]
 [0.37149176 0.234991   0.6090429  1.50145   ]]

✔️ Gating k-means converged after 2 iterations
Average expert losses per cluster: 
[[0.43907022 0.31283918 1.0778761  1.9556433 ]
 [2.1582708  2.532336   2.6814575  0.01535065]
 [0.04745085 0.09495929 0.6473562  2.403184  ]
 [0.37049007 0.34814876 0.6084393  1.5035547 ]]

✔️ Gating k-means converged after 2 iterations
Average expert losses per cluster: 
[[0.44095436 0.3027696  1.0587596  1.9438839 ]
 [2.1581478  2.5330665  2.68465    0.0152859 ]
 [0.04778884 0.09817638 0.6465327  2.3967507 ]
 [0.369696   0.34585017 0.6090228  1.5006135 ]]

✔️ Gating k-means converged after 2 iterations
Average expert losses per cluster: 
[[0.44224805 0.29572162 1.0446231  1.9338453 ]
 [2.1579664  2.534642   2.6893284  0.01506318]
 [0.04749634 0.09937076 0.64601684 2.3927133 ]
 [0.36955473 0.34351367 0.60973716 1.4967873 ]]

✔️ Gating k-means converged after 1 iterations
Average expert losses per cluster: 
[[0.43842602 0.37247732 1.0410165  1.9405122 ]
 [2.1645305  2.4265573  2.6925514  0.01504146]
 [0.04617122 0.11241348 0.6444782  2.4136658 ]
 [0.36909974 0.44059747 0.60909545 1.4983906 ]]

✔️ Gating k-means converged after 1 iterations
Average expert losses per cluster: 
[[0.40828338 0.49093217 1.038477   1.9707915 ]
 [2.2178268  2.2252054  2.700863   0.02612401]
 [0.03761549 0.13039169 0.6366506  2.4949791 ]
 [0.3795256  0.57841086 0.6063324  1.5064286 ]]

✔️ Gating k-means converged after 1 iterations
Average expert losses per cluster: 
[[0.38676414 0.5011022  1.0370088  1.9893887 ]
 [2.6269934  2.086177   2.706239   0.04066631]
 [0.06707536 0.11099322 0.62827176 2.547194  ]
 [0.5901091  0.5995037  0.60416687 1.5116218 ]]

✔️ Gating k-means converged after 2 iterations
Average expert losses per cluster: 
[[0.55073845 0.5009054  1.0324422  1.9895821 ]
 [2.7556038  2.0603938  2.7071397  0.0433783 ]
 [0.0736473  0.10751352 0.62645924 2.5545168 ]
 [0.6022803  0.6037723  0.60372466 1.5119928 ]]

✔️ Gating k-means converged after 2 iterations
Average expert losses per cluster: 
[[0.4708257  0.49203742 1.0145276  1.9762079 ]
 [2.7600067  2.061514   2.70385    0.04229845]
 [0.06340875 0.1061365  0.62093306 2.5468621 ]
 [0.5981081  0.6010632  0.60336065 1.5097435 ]]

✔️ Gating k-means converged after 2 iterations
Average expert losses per cluster: 
[[0.3208066  0.4787116  0.9823485  1.9514745 ]
 [2.7657044  2.0632212  2.6985073  0.04136094]
 [0.05771366 0.09331187 0.6157811  2.5370297 ]
 [0.5951295  0.59891963 0.6032257  1.5084594 ]]

✔️ Gating k-means converged after 2 iterations
Average expert losses per cluster: 
[[0.23692362 0.47876796 0.9761654  1.9481812 ]
 [2.765569   2.0423281  2.6976802  0.04327333]
 [0.04323161 0.08840916 0.6114907  2.5415483 ]
 [0.30101502 0.6040313  0.60243076 1.5089865 ]]

✔️ Gating k-means converged after 1 iterations
Average expert losses per cluster: 
[[0.31320894 0.48513633 0.97749794 1.8521357 ]
 [2.566078   1.9372053  2.6979623  0.03398909]
 [0.08824049 0.07865536 0.6006984  2.228755  ]
 [0.3985328  0.6177641  0.5996475  1.5056016 ]]

✔️ Gating k-means converged after 1 iterations
Average expert losses per cluster: 
[[0.16257755 0.48631763 0.97924536 1.9234554 ]
 [2.8708558  1.8844026  2.6978135  0.02075018]
 [0.19405936 0.07629904 0.5900573  2.43928   ]
 [0.23208158 0.6218523  0.59695446 1.5264353 ]]

✔️ Gating k-means converged after 2 iterations
Average expert losses per cluster: 
[[0.12344812 0.48429185 0.97343844 1.9320946 ]
 [2.9411523  1.8803225  2.6973603  0.02091291]
 [0.23040628 0.07371848 0.5873974  2.455581  ]
 [0.21589121 0.621125   0.5963754  1.5341549 ]]

✔️ Gating k-means converged after 2 iterations
Average expert losses per cluster: 
[[0.1204449  0.479035   0.94698775 1.9139743 ]
 [2.9357078  1.8853105  2.6903245  0.02045398]
 [0.228518   0.06898773 0.5836362  2.451516  ]
 [0.20611939 0.6213656  0.5950537  1.5383644 ]]

✔️ Gating k-means converged after 2 iterations
Average expert losses per cluster: 
[[0.12622711 0.47818717 0.93612814 1.9047625 ]
 [2.9296665  1.8914149  2.682647   0.01945457]
 [0.22727981 0.06761242 0.58072656 2.447541  ]
 [0.20015745 0.62225544 0.5943105  1.5433159 ]]

✔️ Gating k-means converged after 1 iterations
Average expert losses per cluster: 
[[0.12605715 0.47821027 0.93495804 1.9085602 ]
 [2.959461   1.8915379  2.680612   0.01951788]
 [0.24846211 0.06724446 0.5803618  2.4529204 ]
 [0.19999418 0.6223589  0.59406686 1.5470743 ]]

✔️ Gating k-means converged after 1 iterations
Average expert losses per cluster: 
[[0.14776182 0.4764265  0.9337691  1.9065828 ]
 [3.0874343  1.8912443  2.6804464  0.01556078]
 [0.38030759 0.06649062 0.5810831  2.3728797 ]
 [0.23100834 0.6192261  0.5935539  1.5584072 ]]

✔️ Gating k-means converged after 1 iterations
Average expert losses per cluster: 
[[0.18457451 0.47440007 0.93265176 1.9258139 ]
 [3.1065757  1.8951143  2.6799848  0.01411521]
 [0.4079989  0.06569456 0.58226776 2.3877373 ]
 [0.26263678 0.6153717  0.59311473 1.5702294 ]]

12:51:52      Epoch:   0      Batch:   0      OuterStep: 100      LossModel: 0.04370714     LossTerm2: 0.04775199     LossGates: 0.00000000      Time/Step(s): 5.9144Contributing envs to the losses:  [12 13 10 11 14]
Gate values for each environment (all envs): 
 [[0.47535738 0.17482407 0.17481735 0.17500117]
 [0.47518602 0.17497212 0.17493486 0.17490698]
 [0.475213   0.17492293 0.17480877 0.17505524]
 [0.17508274 0.17485806 0.47507572 0.17498344]
 [0.17483462 0.17491384 0.4754581  0.17479338]
 [0.17499906 0.17475086 0.17479417 0.47545588]
 [0.17510934 0.17485783 0.17477088 0.47526187]
 [0.17471363 0.17490202 0.17497486 0.47540948]
 [0.17493562 0.17478323 0.17472152 0.47555956]
 [0.17484733 0.17492175 0.17493783 0.47529313]
 [0.17488976 0.47539866 0.17490256 0.17480905]
 [0.1750441  0.47516853 0.17489855 0.17488876]
 [0.17482646 0.4753     0.17498149 0.17489205]
 [0.17521484 0.47509596 0.17482707 0.17486204]
 [0.17497565 0.47531456 0.17484665 0.17486319]
 [0.47538745 0.17482433 0.17489079 0.1748974 ]
 [0.47549495 0.17485614 0.17481431 0.17483461]
 [0.1749992  0.1748299  0.47514936 0.17502151]
 [0.47529647 0.17490812 0.17490922 0.1748862 ]
 [0.47508147 0.17499141 0.17495327 0.17497386]]
/home/benchmarking/ddrous.benchmarking/miniforge3/envs/jaxgpu/lib/python3.12/multiprocessing/popen_fork.py:66: RuntimeWarning: os.fork() was called. os.fork() is incompatible with multithreaded code, and JAX is multithreaded, so this will likely lead to a deadlock.
  self.pid = os.fork()
        Validation Criterion: 0.06780994
        Saving best model so far ...
✔️ Gating k-means converged after 1 iterations
Average expert losses per cluster: 
[[0.20041455 0.4738773  0.9311901  1.9286478 ]
 [3.0619514  1.8989737  2.6779668  0.01372333]
 [0.3500143  0.0650621  0.58232707 2.3931277 ]
 [0.26397642 0.61432624 0.5930194  1.5722234 ]]

✔️ Gating k-means converged after 2 iterations
Average expert losses per cluster: 
[[0.20120962 0.47591868 0.9278264  1.9249725 ]
 [3.0573237  1.9036484  2.6720061  0.01393473]
 [0.3487637  0.06337533 0.5788532  2.3920777 ]
 [0.26693425 0.6149619  0.59301215 1.5742247 ]]

✔️ Gating k-means converged after 2 iterations
Average expert losses per cluster: 
[[0.18101948 0.48039612 0.9315647  1.9242046 ]
 [3.055447   1.9061432  2.6694796  0.01396286]
 [0.34664783 0.06218233 0.57431257 2.3929765 ]
 [0.26676893 0.6149048  0.5930324  1.5744495 ]]

✔️ Gating k-means converged after 2 iterations
Average expert losses per cluster: 
[[0.18872386 0.48119622 0.93398726 1.929453  ]
 [3.019443   1.909268   2.668977   0.0136886 ]
 [0.3050194  0.06172036 0.5742256  2.399867  ]
 [0.26951548 0.61369586 0.5928724  1.5755727 ]]

✔️ Gating k-means converged after 1 iterations
Average expert losses per cluster: 
[[0.17930044 0.47734523 0.9297209  1.9478726 ]
 [2.9628196  1.9221085  2.6654336  0.01321711]
 [0.24715932 0.06043378 0.5802393  2.4247868 ]
 [0.2225846  0.60714364 0.59214425 1.5837848 ]]

✔️ Gating k-means converged after 1 iterations
Average expert losses per cluster: 
[[0.43457368 0.47359568 0.92702967 1.9571402 ]
 [3.2295787  1.9358448  2.6624684  0.01288133]
 [0.5922273  0.05936455 0.5832508  2.415099  ]
 [0.25566018 0.6008286  0.5913497  1.5914121 ]]

✔️ Gating k-means converged after 1 iterations
Average expert losses per cluster: 
[[0.34442407 0.4741696  0.9292194  1.9592317 ]
 [3.1603394  1.939297   2.6622522  0.01307009]
 [0.53444487 0.05904509 0.58305436 2.4094503 ]
 [0.25230846 0.59937906 0.5913166  1.592761  ]]

✔️ Gating k-means converged after 2 iterations
Average expert losses per cluster: 
[[0.37425056 0.48037803 0.93314654 1.9602625 ]
 [3.1609783  1.9389867  2.664052   0.01296555]
 [0.53218114 0.05871221 0.58047104 2.408531  ]
 [0.23655888 0.598176   0.5916035  1.5901906 ]]

✔️ Gating k-means converged after 2 iterations
Average expert losses per cluster: 
[[0.38434547 0.48356444 0.93344074 1.9593868 ]
 [3.1623223  1.9376086  2.6678846  0.01282254]
 [0.5304118  0.05846577 0.5780067  2.4108942 ]
 [0.2266637  0.597526   0.59219617 1.5874708 ]]

✔️ Gating k-means converged after 1 iterations
Average expert losses per cluster: 
[[0.2464189  0.48266536 0.9313773  1.9600462 ]
 [3.0680134  1.9400262  2.66877    0.01295012]
 [0.4348218  0.05824636 0.57787704 2.4044092 ]
 [0.19398199 0.59590054 0.5921093  1.5881513 ]]

✔️ Gating k-means converged after 1 iterations
Average expert losses per cluster: 
[[0.33750644 0.47895914 0.9300156  1.9636493 ]
 [2.8759902  1.954501   2.6670117  0.01503941]
 [0.26973376 0.05731921 0.57748634 2.3844523 ]
 [0.18171397 0.5899648  0.59130615 1.593739  ]]

✔️ Gating k-means converged after 1 iterations
Average expert losses per cluster: 
[[0.4632805  0.47514948 0.92835486 1.9740967 ]
 [2.830765   1.9692358  2.6656883  0.01296592]
 [0.26918548 0.05645601 0.57780516 2.4028394 ]
 [0.23873246 0.58344245 0.59032196 1.5975541 ]]

✔️ Gating k-means converged after 1 iterations
Average expert losses per cluster: 
[[0.46499634 0.47432175 0.9266443  1.9774339 ]
 [2.8356469  1.9713112  2.666476   0.01251295]
 [0.27234313 0.05623923 0.5775883  2.4104211 ]
 [0.23874693 0.58213246 0.59021986 1.5985103 ]]

✔️ Gating k-means converged after 2 iterations
Average expert losses per cluster: 
[[0.46562827 0.47438934 0.92213947 1.9789171 ]
 [2.8368886  1.9701998  2.670424   0.0123706 ]
 [0.27218506 0.05616057 0.5762295  2.4047585 ]
 [0.23830652 0.5822797  0.59048027 1.5976552 ]]

✔️ Gating k-means converged after 2 iterations
Average expert losses per cluster: 
[[0.46580485 0.4746355  0.91969997 1.980495  ]
 [2.8379662  1.9691099  2.6746979  0.01227084]
 [0.27219173 0.05640191 0.57445216 2.3958325 ]
 [0.23802724 0.58209693 0.59044236 1.5969151 ]]

✔️ Gating k-means converged after 1 iterations
Average expert losses per cluster: 
[[0.4657942  0.47408146 0.91920686 1.9856969 ]
 [2.8427544  1.9710754  2.6753845  0.01198802]
 [0.274819   0.05633236 0.5742743  2.4027576 ]
 [0.2375058  0.58139676 0.5904319  1.5987852 ]]

✔️ Gating k-means converged after 1 iterations
Average expert losses per cluster: 
[[0.4663475  0.4711215  0.91821545 2.0046797 ]
 [2.8584821  1.9807793  2.6752756  0.01173026]
 [0.28402317 0.05556642 0.5746933  2.4016035 ]
 [0.23898456 0.576367   0.5898744  1.6101803 ]]

✔️ Gating k-means converged after 1 iterations
Average expert losses per cluster: 
[[0.3837317  0.46784762 0.91772246 2.015377  ]
 [2.9148624  1.989891   2.674715   0.01305463]
 [0.29259402 0.0548319  0.5737387  2.3755176 ]
 [0.22564392 0.57139754 0.5891249  1.6198044 ]]

✔️ Gating k-means converged after 1 iterations
Average expert losses per cluster: 
[[0.37264344 0.4674298  0.9175208  2.0190427 ]
 [2.9280138  1.9911664  2.6759224  0.01262259]
 [0.29544806 0.0547719  0.57326144 2.3753507 ]
 [0.22709176 0.57064176 0.58895326 1.6216886 ]]

✔️ Gating k-means converged after 2 iterations
Average expert losses per cluster: 
[[0.37095407 0.46831566 0.9170406  2.0213187 ]
 [2.928985   1.9898812  2.6799748  0.01240605]
 [0.2949048  0.05491225 0.5716786  2.3711808 ]
 [0.22591734 0.5709392  0.58877957 1.6207247 ]]

✔️ Gating k-means converged after 2 iterations
Average expert losses per cluster: 
[[0.36928704 0.4689392  0.91656685 2.0233352 ]
 [2.9313164  1.9860756  2.689367   0.01205329]
 [0.2946056  0.05504375 0.57064307 2.3698938 ]
 [0.22471766 0.5711179  0.58869576 1.6201667 ]]

✔️ Gating k-means converged after 1 iterations
Average expert losses per cluster: 
[[0.36009458 0.46827    0.9164531  2.0265098 ]
 [2.942788   1.9874985  2.6906104  0.01181194]
 [0.2975472  0.05481742 0.57033795 2.3705046 ]
 [0.22717719 0.5699538  0.58838546 1.621378  ]]

✔️ Gating k-means converged after 1 iterations
Average expert losses per cluster: 
[[0.29055142 0.4653674  0.915971   2.0381918 ]
 [3.1418462  1.9941189  2.6919377  0.01113966]
 [0.33698046 0.0540453  0.5679529  2.3774505 ]
 [0.2385405  0.5653833  0.58697665 1.6266527 ]]

✔️ Gating k-means converged after 1 iterations
Average expert losses per cluster: 
[[0.21290766 0.4635818  0.91592056 2.0555894 ]
 [3.6107247  1.9980315  2.6923766  0.01082484]
 [0.46764985 0.05365151 0.56442535 2.3901963 ]
 [0.33048952 0.562354   0.5853163  1.6347746 ]]

✔️ Gating k-means converged after 1 iterations
Average expert losses per cluster: 
[[0.20248395 0.46354994 0.9159111  2.0584002 ]
 [3.8351848  1.99803    2.6934464  0.01081851]
 [0.5541638  0.05359672 0.5627853  2.3904626 ]
 [0.40140247 0.5620987  0.58485794 1.6352942 ]]

✔️ Gating k-means converged after 2 iterations
Average expert losses per cluster: 
[[0.19635981 0.46485955 0.9159511  2.0594597 ]
 [3.8367314  1.9962494  2.6981378  0.01078771]
 [0.5536494  0.0536014  0.5620429  2.3909822 ]
 [0.39074752 0.56120914 0.5850426  1.6300291 ]]

✔️ Gating k-means converged after 2 iterations
Average expert losses per cluster: 
[[0.20490733 0.51444197 0.97060263 2.170537  ]
 [3.8373535  1.9957904  2.700229   0.01080405]
 [0.5533299  0.05355344 0.56169504 2.3912928 ]
 [0.30482972 0.46400166 0.58657867 1.5634942 ]]

✔️ Gating k-means converged after 1 iterations
Average expert losses per cluster: 
[[0.20399551 0.5144721  0.9707756  2.1716757 ]
 [4.1321764  1.9961928  2.7004356  0.01078371]
 [0.6924426  0.05349357 0.559951   2.3934906 ]
 [0.3949836  0.46352935 0.586228   1.5629185 ]]

✔️ Gating k-means converged after 1 iterations
Average expert losses per cluster: 
[[0.2526385  0.51202166 0.9719259  2.180837  ]
 [4.367252   2.0016956  2.7002578  0.01059449]
 [0.78756076 0.05297153 0.55184376 2.3796608 ]
 [0.3662207  0.46088564 0.58436096 1.5680904 ]]

✔️ Gating k-means converged after 1 iterations
Average expert losses per cluster: 
[[0.19359937 0.50813365 0.9734096  1.9326404 ]
 [3.4002807  2.009764   2.7000268  0.0320639 ]
 [0.23130508 0.05223254 0.54345745 2.040055  ]
 [0.12103502 0.4564877  0.5826714  1.4774829 ]]

✔️ Gating k-means converged after 1 iterations
Average expert losses per cluster: 
[[0.18638942 0.5076033  0.9736144  1.8803486 ]
 [3.366656   2.0111477  2.7002447  0.04355132]
 [0.22377491 0.05201498 0.54136944 1.9664448 ]
 [0.11433328 0.45521972 0.5823473  1.4576707 ]]

✔️ Gating k-means converged after 2 iterations
Average expert losses per cluster: 
[[0.18349862 0.5083029  0.9742093  1.8804741 ]
 [3.3624744  2.011709   2.6925476  0.04330892]
 [0.22348963 0.05182965 0.540633   1.9662265 ]
 [0.11865293 0.45519483 0.58262926 1.4521561 ]]

✔️ Gating k-means converged after 2 iterations
Average expert losses per cluster: 
[[0.18193041 0.5092826  0.972826   1.881068  ]
 [3.354646   2.0127652  2.6780238  0.04281517]
 [0.22304857 0.05167416 0.54028577 1.9639349 ]
 [0.12210397 0.45505768 0.5827111  1.4490755 ]]

✔️ Gating k-means converged after 1 iterations
Average expert losses per cluster: 
[[0.18485796 0.5087282  0.97197    1.8376944 ]
 [3.3094788  2.0145319  2.6741984  0.05409614]
 [0.21047437 0.05158245 0.539952   1.9008197 ]
 [0.11714336 0.45413014 0.58231604 1.4350977 ]]

✔️ Gating k-means converged after 1 iterations
Average expert losses per cluster: 
[[0.17645991 0.50459385 0.9689128  1.7074668 ]
 [3.2983882  2.022777   2.6727834  0.10298248]
 [0.17149356 0.05072562 0.5426491  1.7021278 ]
 [0.10833734 0.44930947 0.5815081  1.393537  ]]

✔️ Gating k-means converged after 1 iterations
Average expert losses per cluster: 
[[0.14367077 0.49828622 0.96617293 1.6702484 ]
 [3.4359405  2.031779   2.6725595  0.11679089]
 [0.164585   0.04952253 0.546367   1.641927  ]
 [0.11313534 0.44201565 0.58194715 1.375867  ]]

✔️ Gating k-means converged after 1 iterations
Average expert losses per cluster: 
[[0.14016905 0.4977542  0.96421325 1.6874032 ]
 [3.4630678  2.033741   2.6691453  0.1044871 ]
 [0.167465   0.04931995 0.54734826 1.6667084 ]
 [0.11738877 0.4402095  0.5819396  1.3749913 ]]

✔️ Gating k-means converged after 2 iterations
Average expert losses per cluster: 
[[0.13725656 0.5023073  0.9555749  1.6858678 ]
 [3.4595535  2.0347788  2.6567857  0.10391133]
 [0.16709773 0.04959644 0.5485861  1.6608784 ]
 [0.11751343 0.4398058  0.5806149  1.3747418 ]]

✔️ Gating k-means converged after 3 iterations
Average expert losses per cluster: 
[[0.16111067 0.58671594 1.1869535  1.7222679 ]
 [3.4551606  2.0361598  2.638266   0.10328668]
 [0.16657147 0.04957961 0.5489556  1.6578273 ]
 [0.10682698 0.4088546  0.5438176  1.4528431 ]]

✔️ Gating k-means converged after 2 iterations
Average expert losses per cluster: 
[[0.15997715 0.58530915 1.1871774  1.7231741 ]
 [3.480045   2.038056   2.6328366  0.09268234]
 [0.1702104  0.04933463 0.5517158  1.682193  ]
 [0.10803309 0.4090248  0.5406365  1.4694446 ]]

✔️ Gating k-means converged after 1 iterations
Average expert losses per cluster: 
[[0.15002698 0.57883483 1.1877536  1.760117  ]
 [3.5887883  2.0448067  2.6293209  0.02929893]
 [0.21188894 0.0481993  0.56282514 1.9283739 ]
 [0.12757534 0.4030014  0.5388676  1.6867473 ]]

✔️ Gating k-means converged after 1 iterations
Average expert losses per cluster: 
[[0.11345568 0.57360315 1.1881571  1.8529798 ]
 [3.5961912  2.0503345  2.626586   0.02631065]
 [0.2884743  0.04736931 0.571177   2.2814062 ]
 [0.15280513 0.3979888  0.5387775  2.0287805 ]]

✔️ Gating k-means converged after 1 iterations
Average expert losses per cluster: 
[[0.10863459 0.57239014 1.1881135  1.8691775 ]
 [3.587211   2.0519648  2.6228726  0.0295777 ]
 [0.30324727 0.04716048 0.5723189  2.3372161 ]
 [0.1543292  0.39808625 0.53703624 2.0705752 ]]

✔️ Gating k-means converged after 2 iterations
Average expert losses per cluster: 
[[0.10761908 0.5720919  1.1871717  1.8678706 ]
 [3.588152   2.0518913  2.615877   0.02913595]
 [0.3027529  0.04700448 0.57238173 2.3356528 ]
 [0.15373835 0.40327713 0.53128564 2.0703163 ]]

✔️ Gating k-means converged after 2 iterations
Average expert losses per cluster: 
[[0.10688537 0.57186294 1.1855838  1.867518  ]
 [3.5881298  2.0519865  2.6156313  0.02891689]
 [0.30203977 0.04679563 0.5722728  2.333863  ]
 [0.15424256 0.4074702  0.5271334  2.0699177 ]]

✔️ Gating k-means converged after 1 iterations
Average expert losses per cluster: 
[[0.10330428 0.5701704  1.1851779  1.8824635 ]
 [3.5758762  2.0535922  2.6152885  0.03204247]
 [0.30870894 0.04653987 0.5735075  2.387407  ]
 [0.15511084 0.4069453  0.5269863  2.1096764 ]]

✔️ Gating k-means converged after 1 iterations
Average expert losses per cluster: 
[[0.09640722 0.5639564  1.1787906  1.8551311 ]
 [3.5300522  2.0618317  2.6244004  0.01696798]
 [0.3394175  0.04563294 0.56903297 2.3027492 ]
 [0.15979132 0.40157145 0.5242943  1.9407101 ]]

✔️ Gating k-means converged after 1 iterations
Average expert losses per cluster: 
[[0.09956705 0.554178   1.1734059  1.8169699 ]
 [3.4764931  2.0785093  2.6334991  0.0148112 ]
 [0.30620834 0.04423777 0.56382626 2.1523223 ]
 [0.16329168 0.39396423 0.52309513 1.7377043 ]]

✔️ Gating k-means converged after 1 iterations
Average expert losses per cluster: 
[[0.10091713 0.5515928  1.1722944  1.81337   ]
 [3.46669    2.083104   2.634787   0.01593483]
 [0.29297072 0.04384873 0.5631543  2.1352487 ]
 [0.16497047 0.39265466 0.52256507 1.7139456 ]]

✔️ Gating k-means converged after 2 iterations
Average expert losses per cluster: 
[[0.10048659 0.5511018  1.1706488  1.8128271 ]
 [3.4668744  2.0839443  2.6319096  0.01589005]
 [0.29113492 0.04382744 0.563149   2.135604  ]
 [0.166383   0.39718255 0.52015156 1.7140346 ]]

✔️ Gating k-means converged after 2 iterations
Average expert losses per cluster: 
[[0.09985624 0.5510911  1.17047    1.8120043 ]
 [3.468643   2.0856342  2.6253793  0.01575202]
 [0.2895971  0.04375153 0.5630197  2.135369  ]
 [0.16768116 0.40071273 0.519175   1.7133198 ]]

✔️ Gating k-means converged after 1 iterations
Average expert losses per cluster: 
[[0.10111298 0.54881865 1.1691288  1.8086673 ]
 [3.4603584  2.0903513  2.626619   0.01700272]
 [0.27818203 0.04342038 0.5622409  2.120674  ]
 [0.16917996 0.39954263 0.51879394 1.6928384 ]]

✔️ Gating k-means converged after 1 iterations
Average expert losses per cluster: 
[[0.0828798  0.5356894  1.1650703  1.8006079 ]
 [3.537813   2.1123743  2.6341968  0.02348047]
 [0.30992064 0.04163409 0.5578619  2.0718617 ]
 [0.20153044 0.3897571  0.5181634  1.6249382 ]]

✔️ Gating k-means converged after 1 iterations
Average expert losses per cluster: 
[[0.07633693 0.5243286  1.1615506  1.7971966 ]
 [3.6041818  2.1305587  2.638046   0.02814501]
 [0.30766544 0.04009945 0.5617731  2.0452614 ]
 [0.22520614 0.38200304 0.5163585  1.5890753 ]]

✔️ Gating k-means converged after 1 iterations
Average expert losses per cluster: 
[[0.07849921 0.52209437 1.1609468  1.7965877 ]
 [3.6012027  2.1342905  2.636788   0.02896019]
 [0.28872988 0.03987036 0.5625553  2.041779  ]
 [0.22312424 0.3813001  0.5159271  1.5846622 ]]

✔️ Gating k-means converged after 2 iterations
Average expert losses per cluster: 
[[0.0771591  0.5220734  1.1599479  1.7954754 ]
 [3.6033552  2.1357737  2.6291168  0.02881993]
 [0.2865997  0.03980243 0.5635068  2.0424514 ]
 [0.22416393 0.3837652  0.5155778  1.5841782 ]]

✔️ Gating k-means converged after 2 iterations
Average expert losses per cluster: 
[[0.07599406 0.52205145 1.1589687  1.7942455 ]
 [3.606427   2.1368148  2.6215978  0.02846241]
 [0.2852844  0.03977077 0.5638032  2.0429132 ]
 [0.22401415 0.38589725 0.5155746  1.5849724 ]]

✔️ Gating k-means converged after 1 iterations
Average expert losses per cluster: 
[[0.07911655 0.5194434  1.1581414  1.7939537 ]
 [3.5902042  2.1414125  2.6204066  0.02912731]
 [0.25332993 0.03950885 0.5647081  2.0393128 ]
 [0.21939938 0.38469768 0.51532    1.5802424 ]]

✔️ Gating k-means converged after 1 iterations
Average expert losses per cluster: 
[[0.08366637 0.50831664 1.1544555  1.7926471 ]
 [3.5677698  2.1597378  2.6261423  0.03178124]
 [0.18816923 0.03819315 0.56407356 2.0279355 ]
 [0.21930712 0.3782391  0.5137717  1.5650394 ]]

✔️ Gating k-means converged after 1 iterations
Average expert losses per cluster: 
[[0.08244575 0.49935937 1.1489627  1.8033432 ]
 [3.5753942  2.1728673  2.6356008  0.02257128]
 [0.19162898 0.03716171 0.55905956 2.0739126 ]
 [0.22578698 0.37264156 0.51173776 1.617792  ]]

12:52:44      Epoch:   0      Batch:   0      OuterStep: 110      LossModel: 0.15898177     LossTerm2: 0.04204268     LossGates: 0.00000000      Time/Step(s): 4.9992Contributing envs to the losses:  [19 15 16 17 18]
Gate values for each environment (all envs): 
 [[0.17474248 0.17491701 0.4754634  0.1748772 ]
 [0.17491354 0.17478643 0.47535205 0.17494795]
 [0.17503121 0.17488861 0.4751933  0.17488688]
 [0.17476407 0.17487244 0.47552204 0.17484154]
 [0.17493598 0.17481679 0.47534958 0.17489769]
 [0.17492999 0.17489073 0.17485528 0.47532392]
 [0.17491747 0.17486736 0.17484033 0.4753748 ]
 [0.17497753 0.17476588 0.17479622 0.47546035]
 [0.17491536 0.17483728 0.17487621 0.47537124]
 [0.17473046 0.17490569 0.17495465 0.47540915]
 [0.17482315 0.47539312 0.17485118 0.17493252]
 [0.17494975 0.47528192 0.17487042 0.1748979 ]
 [0.17486297 0.475376   0.1748345  0.17492647]
 [0.17470546 0.4756261  0.17486456 0.17480384]
 [0.17488495 0.47534072 0.17495494 0.17481929]
 [0.47530377 0.17484352 0.17497243 0.17488031]
 [0.4752943  0.17494278 0.17489246 0.17487048]
 [0.17475592 0.17495078 0.4753805  0.17491275]
 [0.4751282  0.17495947 0.17495592 0.1749564 ]
 [0.47529903 0.17488275 0.17491144 0.17490678]]
/home/benchmarking/ddrous.benchmarking/miniforge3/envs/jaxgpu/lib/python3.12/multiprocessing/popen_fork.py:66: RuntimeWarning: os.fork() was called. os.fork() is incompatible with multithreaded code, and JAX is multithreaded, so this will likely lead to a deadlock.
  self.pid = os.fork()
        Validation Criterion: 0.46249077
✔️ Gating k-means converged after 1 iterations
Average expert losses per cluster: 
[[0.07764894 0.49814302 1.1476845  1.8054446 ]
 [3.5742748  2.174938   2.635669   0.02112085]
 [0.20301305 0.03703145 0.55761564 2.083056  ]
 [0.2215819  0.37224174 0.5112741  1.6294923 ]]

✔️ Gating k-means converged after 2 iterations
Average expert losses per cluster: 
[[0.07679739 0.49796858 1.1465034  1.804245  ]
 [3.5760274  2.1754987  2.629959   0.02098391]
 [0.20263655 0.03697229 0.55751705 2.084005  ]
 [0.22168534 0.37383807 0.5110777  1.6295557 ]]

✔️ Gating k-means converged after 2 iterations
Average expert losses per cluster: 
[[0.07590883 0.54726547 1.0999603  1.9028828 ]
 [3.5775483  2.1754818  2.6261327  0.02106615]
 [0.20230459 0.03694968 0.557491   2.0834546 ]
 [0.24937795 0.30121598 0.42789793 1.4942186 ]]

✔️ Gating k-means converged after 1 iterations
Average expert losses per cluster: 
[[0.07388828 0.5459634  1.0983752  1.9069523 ]
 [3.574976   2.1772149  2.6277452  0.01982727]
 [0.21332459 0.03683217 0.55595624 2.0940933 ]
 [0.24487257 0.30094907 0.42735955 1.5048716 ]]

✔️ Gating k-means converged after 1 iterations
Average expert losses per cluster: 
[[0.0765271  0.54053813 1.0929717  1.9218994 ]
 [3.5712464  2.1863983  2.6355898  0.01638733]
 [0.247768   0.03629525 0.5528489  2.1269205 ]
 [0.23495245 0.29922304 0.42456397 1.5477524 ]]

✔️ Gating k-means converged after 1 iterations
Average expert losses per cluster: 
[[0.06613584 0.5372068  1.0893015  1.9699768 ]
 [3.474598   2.1922133  2.6391618  0.01206125]
 [0.24416707 0.03596149 0.55215144 2.2457054 ]
 [0.20806757 0.29804975 0.42235795 1.672566  ]]

✔️ Gating k-means converged after 1 iterations
Average expert losses per cluster: 
[[0.07166341 0.53588915 1.0881528  1.9814209 ]
 [3.3889565  2.1933422  2.6390362  0.01202303]
 [0.21722005 0.03581935 0.55208796 2.2719603 ]
 [0.17392898 0.29803544 0.4219787  1.7021372 ]]

✔️ Gating k-means converged after 2 iterations
Average expert losses per cluster: 
[[0.07062219 0.53623    1.0867051  1.9808458 ]
 [3.3895595  2.193896   2.6384685  0.01203256]
 [0.21697107 0.0357874  0.55200547 2.271647  ]
 [0.17265797 0.299465   0.42164508 1.7008988 ]]

✔️ Gating k-means converged after 2 iterations
Average expert losses per cluster: 
[[0.07012315 0.536393   1.0858839  1.980654  ]
 [3.388951   2.1949759  2.6399846  0.01191318]
 [0.21701582 0.03580922 0.5519535  2.2722356 ]
 [0.1715234  0.30107996 0.4214185  1.7003632 ]]

✔️ Gating k-means converged after 1 iterations
Average expert losses per cluster: 
[[0.07820518 0.5353766  1.0848144  1.9913492 ]
 [3.3170872  2.1963747  2.641019   0.01218665]
 [0.19573136 0.0357031  0.5517659  2.2969177 ]
 [0.14632487 0.30091044 0.42096135 1.7273314 ]]

✔️ Gating k-means converged after 1 iterations
Average expert losses per cluster: 
[[0.12305178 0.531753   1.0805072  2.0281138 ]
 [3.0848796  2.2005687  2.6440914  0.01470838]
 [0.1403582  0.03530264 0.550872   2.3732796 ]
 [0.08751371 0.29945076 0.41795865 1.8139555 ]]

✔️ Gating k-means converged after 1 iterations
Average expert losses per cluster: 
[[0.06793338 0.52881587 1.0766734  2.0070915 ]
 [3.2853692  2.205468   2.6461086  0.01228799]
 [0.26351854 0.03504633 0.5509533  2.2990482 ]
 [0.13621734 0.2985977  0.41517922 1.7640889 ]]

✔️ Gating k-means converged after 1 iterations
Average expert losses per cluster: 
[[0.06166037 0.5286873  1.0758557  1.9976872 ]
 [3.3835435  2.2065003  2.6467922  0.0117826 ]
 [0.33500135 0.03497194 0.55102944 2.2702465 ]
 [0.17091553 0.29889938 0.41476616 1.7401097 ]]

✔️ Gating k-means converged after 2 iterations
Average expert losses per cluster: 
[[0.059532   0.528916   1.0747225  1.9972605 ]
 [3.3842106  2.2073905  2.6490283  0.01167003]
 [0.33493906 0.03496912 0.55094075 2.2693317 ]
 [0.16866954 0.30029234 0.4145785  1.7393221 ]]

✔️ Gating k-means converged after 2 iterations
Average expert losses per cluster: 
[[0.0561808  0.5291638  1.0713303  1.996993  ]
 [3.384967   2.2076929  2.6503494  0.01158594]
 [0.3301813  0.0349573  0.55190605 2.2703817 ]
 [0.16776809 0.30158138 0.4145127  1.7377732 ]]

✔️ Gating k-means converged after 1 iterations
Average expert losses per cluster: 
[[0.0570455  0.528821   1.070307   1.9874932 ]
 [3.483654   2.2084644  2.6507611  0.01133528]
 [0.4098092  0.03494209 0.5520082  2.2412388 ]
 [0.20800796 0.30171657 0.4140888  1.7152773 ]]

✔️ Gating k-means converged after 1 iterations
Average expert losses per cluster: 
[[0.05646453 0.52385926 1.0685337  1.9657673 ]
 [3.465199   2.214331   2.6517055  0.01256723]
 [0.4515627  0.03437132 0.55171424 2.1622906 ]
 [0.18773866 0.29979667 0.41274357 1.6579087 ]]

✔️ Gating k-means converged after 1 iterations
Average expert losses per cluster: 
[[0.09145669 0.5177464  1.0656558  1.9586964 ]
 [3.205288   2.2207298  2.6535897  0.01401179]
 [0.28905472 0.03375586 0.5494625  2.126671  ]
 [0.0924365  0.29719895 0.41069442 1.6382751 ]]

✔️ Gating k-means converged after 1 iterations
Average expert losses per cluster: 
[[0.07852345 0.51650554 1.0648712  1.9579754 ]
 [3.1950183  2.2221534  2.653944   0.01427358]
 [0.2742857  0.03357697 0.54901564 2.1215546 ]
 [0.09515981 0.29712448 0.41021386 1.6355639 ]]

✔️ Gating k-means converged after 2 iterations
Average expert losses per cluster: 
[[0.07857227 0.5165753  1.0630654  1.9576848 ]
 [3.1954536  2.221959   2.654879   0.01425226]
 [0.2722653  0.03360527 0.5493823  2.12239   ]
 [0.09469923 0.29963073 0.40985608 1.6347584 ]]

✔️ Gating k-means converged after 1 iterations
Average expert losses per cluster: 
[[0.07648823 0.5177641  1.0646926  1.9589545 ]
 [3.1957676  2.2208912  2.6562989  0.01411411]
 [0.26948288 0.03355894 0.5503606  2.1231997 ]
 [0.09469538 0.3012226  0.40967795 1.6337805 ]]

✔️ Gating k-means converged after 1 iterations
Average expert losses per cluster: 
[[0.06911967 0.51697606 1.0645249  1.9648701 ]
 [3.1864314  2.2219982  2.6566105  0.01352858]
 [0.2580773  0.0334851  0.5499551  2.1321354 ]
 [0.09808435 0.30110872 0.40924034 1.6471628 ]]

✔️ Gating k-means converged after 1 iterations
Average expert losses per cluster: 
[[0.07179394 0.5108479  1.0622715  2.022165  ]
 [3.1490257  2.22875    2.6576617  0.01038028]
 [0.22857316 0.0328559  0.54805034 2.2405818 ]
 [0.11958694 0.29858732 0.40740544 1.7913986 ]]

✔️ Gating k-means converged after 1 iterations
Average expert losses per cluster: 
[[0.04977826 0.50452965 1.0607988  2.0822952 ]
 [3.4190118  2.235816   2.656979   0.01345811]
 [0.5175295  0.03216925 0.54714274 2.340528  ]
 [0.18827835 0.295873   0.40592805 1.9288644 ]]

✔️ Gating k-means converged after 1 iterations
Average expert losses per cluster: 
[[0.05733163 0.5036539  1.0607182  2.0923731 ]
 [3.4763582  2.2369606  2.6564507  0.01431668]
 [0.5972574  0.03205128 0.5474582  2.3563883 ]
 [0.21046458 0.29578882 0.40539828 1.9508011 ]]

✔️ Gating k-means converged after 2 iterations
Average expert losses per cluster: 
[[0.0571252  0.50466704 1.0615463  2.093496  ]
 [3.477956   2.2367063  2.6601374  0.01392913]
 [0.594627   0.03207518 0.5480214  2.3574507 ]
 [0.20960799 0.29784045 0.4051752  1.9507169 ]]

✔️ Gating k-means converged after 2 iterations
Average expert losses per cluster: 
[[0.0563479  0.5049816  1.0614817  2.0937424 ]
 [3.4814591  2.2371109  2.6660006  0.013834  ]
 [0.5908362  0.03201419 0.5485172  2.3567777 ]
 [0.20914686 0.29918858 0.40508577 1.9490985 ]]

✔️ Gating k-means converged after 1 iterations
Average expert losses per cluster: 
[[0.06652667 0.50401586 1.0606383  2.1028838 ]
 [3.5372016  2.238733   2.6669695  0.01461996]
 [0.6702638  0.03193447 0.5487482  2.3714626 ]
 [0.2322387  0.2989575  0.40458283 1.9704536 ]]

✔️ Gating k-means converged after 1 iterations
Average expert losses per cluster: 
[[0.04526521 0.5002664  1.057532   2.1405716 ]
 [3.4027207  2.2432702  2.6678414  0.01904065]
 [0.536185   0.03157286 0.54566014 2.4326558 ]
 [0.20606856 0.29725155 0.401594   2.04864   ]]

✔️ Gating k-means converged after 1 iterations
Average expert losses per cluster: 
[[0.04893833 0.49180958 1.0548124  2.0691156 ]
 [3.2776363  2.255386   2.6690662  0.01052269]
 [0.41947865 0.03072353 0.5426516  2.2924867 ]
 [0.18605515 0.29348013 0.39943346 1.8931675 ]]

✔️ Gating k-means converged after 1 iterations
Average expert losses per cluster: 
[[0.04484151 0.48915038 1.0540538  2.0606306 ]
 [3.2624073  2.2591093  2.6702945  0.01004911]
 [0.41701657 0.03047922 0.54253095 2.2744303 ]
 [0.1745486  0.29264778 0.39911652 1.8729159 ]]

✔️ Gating k-means converged after 2 iterations
Average expert losses per cluster: 
[[0.04457911 0.48864847 1.0530169  2.0599093 ]
 [3.2647026  2.2599952  2.674776   0.00999819]
 [0.41301784 0.03060291 0.54373974 2.2758024 ]
 [0.1745536  0.2933705  0.3989379  1.8720804 ]]

✔️ Gating k-means converged after 2 iterations
Average expert losses per cluster: 
[[0.0440972  0.48770484 1.0514612  2.0604641 ]
 [3.2661588  2.2602327  2.6774018  0.00989178]
 [0.4094482  0.03056556 0.54460424 2.2754166 ]
 [0.17436166 0.29435176 0.39882213 1.87128   ]]

✔️ Gating k-means converged after 1 iterations
Average expert losses per cluster: 
[[0.04292357 0.48525167 1.0511585  2.05261   ]
 [3.252765   2.2638164  2.6771922  0.00964957]
 [0.4085923  0.03032531 0.5446411  2.2607217 ]
 [0.16425195 0.29384047 0.39837995 1.8536671 ]]

✔️ Gating k-means converged after 1 iterations
Average expert losses per cluster: 
[[0.05721554 0.47354418 1.0498899  2.0299466 ]
 [3.1886468  2.281984   2.6750813  0.00978544]
 [0.43099308 0.02922822 0.54356074 2.199877  ]
 [0.12461813 0.28857294 0.3968757  1.7960442 ]]

✔️ Gating k-means converged after 1 iterations
Average expert losses per cluster: 
[[0.05360113 0.45911494 1.0487231  2.018419  ]
 [3.0744557  2.3059053  2.674178   0.01062637]
 [0.30692634 0.02798054 0.5423509  2.1635022 ]
 [0.13207951 0.28192782 0.39601868 1.7660979 ]]

✔️ Gating k-means converged after 1 iterations
Average expert losses per cluster: 
[[0.06121042 0.456323   1.0484415  2.0221193 ]
 [3.03913    2.3096461  2.6743596  0.01038497]
 [0.271597   0.02773624 0.54230183 2.1687343 ]
 [0.13357705 0.2812891  0.39583135 1.7738761 ]]

✔️ Gating k-means converged after 2 iterations
Average expert losses per cluster: 
[[0.06101123 0.45575452 1.0476923  2.0210865 ]
 [3.039702   2.309686   2.6755261  0.0104355 ]
 [0.26948768 0.0276241  0.5425178  2.1688993 ]
 [0.13339019 0.28328356 0.3955693  1.7727625 ]]

✔️ Gating k-means converged after 2 iterations
Average expert losses per cluster: 
[[0.06073501 0.4549801  1.0475711  2.021118  ]
 [3.0409126  2.3098521  2.6765356  0.01038938]
 [0.26822424 0.02757536 0.54272443 2.1693463 ]
 [0.13278024 0.28616837 0.3952834  1.771541  ]]

✔️ Gating k-means converged after 1 iterations
Average expert losses per cluster: 
[[0.0692197  0.45275432 1.0472914  2.024414  ]
 [3.0096786  2.3130658  2.6763065  0.01025314]
 [0.24040039 0.02741699 0.5424966  2.174121  ]
 [0.13554941 0.28565356 0.39500844 1.7785887 ]]

✔️ Gating k-means converged after 1 iterations
Average expert losses per cluster: 
[[0.04564991 0.44241676 1.0464092  2.0531933 ]
 [3.0269353  2.330528   2.6754615  0.00928547]
 [0.2739811  0.02662517 0.5412429  2.2230725 ]
 [0.12425273 0.28135395 0.39421454 1.8491306 ]]

✔️ Gating k-means converged after 1 iterations
Average expert losses per cluster: 
[[0.05823691 0.43449935 1.0458231  2.0837624 ]
 [3.1410902  2.3443868  2.674835   0.00948676]
 [0.4851206  0.02602874 0.5395084  2.2710652 ]
 [0.14001414 0.27809787 0.3936931  1.9219077 ]]

✔️ Gating k-means converged after 1 iterations
Average expert losses per cluster: 
[[0.04906065 0.43262634 1.0456089  2.0881817 ]
 [3.1460974  2.3485317  2.6749527  0.00953569]
 [0.4848171  0.02586683 0.53924835 2.275316  ]
 [0.14964645 0.2776221  0.39360067 1.9313602 ]]

✔️ Gating k-means converged after 2 iterations
Average expert losses per cluster: 
[[0.04821512 0.43257737 1.0444319  2.0888083 ]
 [3.1474528  2.3481412  2.6769352  0.00947972]
 [0.47384787 0.02586683 0.5379952  2.2762191 ]
 [0.1493276  0.27894446 0.39350864 1.9307097 ]]

✔️ Gating k-means converged after 2 iterations
Average expert losses per cluster: 
[[0.0474217  0.43292505 1.0431435  2.0882041 ]
 [3.149763   2.3483598  2.6795375  0.00942335]
 [0.46332055 0.02599779 0.5366818  2.2749178 ]
 [0.14879046 0.2799123  0.39341128 1.931227  ]]

✔️ Gating k-means converged after 1 iterations
Average expert losses per cluster: 
[[0.04313579 0.4312407  1.0426741  2.0888932 ]
 [3.1535826  2.3523977  2.6797585  0.0093453 ]
 [0.46111462 0.02590567 0.53629684 2.2720392 ]
 [0.15887791 0.2793617  0.39329132 1.9310791 ]]

✔️ Gating k-means converged after 1 iterations
Average expert losses per cluster: 
[[0.04145875 0.4205918  1.0423344  2.0879707 ]
 [3.0579145  2.37417    2.6787317  0.00915991]
 [0.3119265  0.0250588  0.5353696  2.251187  ]
 [0.14469185 0.27545938 0.3928396  1.9287242 ]]

✔️ Gating k-means converged after 1 iterations
Average expert losses per cluster: 
[[0.0459249  0.41049576 1.0421789  2.0793056 ]
 [2.971579   2.395989   2.6770043  0.00897152]
 [0.24775617 0.0243513  0.534625   2.2238271 ]
 [0.10222924 0.27217576 0.392233   1.908008  ]]

✔️ Gating k-means converged after 1 iterations
Average expert losses per cluster: 
[[0.05137686 0.40866423 1.0415199  2.0783336 ]
 [2.9618814  2.4005923  2.676738   0.00899221]
 [0.23943137 0.02419058 0.53432226 2.2199233 ]
 [0.09837054 0.2715881  0.39196286 1.9055184 ]]

✔️ Gating k-means converged after 1 iterations
Average expert losses per cluster: 
[[0.05121532 0.40917164 1.0404838  2.0778425 ]
 [2.9631097  2.4007897  2.6785035  0.00894909]
 [0.23678851 0.02414727 0.5338081  2.2198074 ]
 [0.09849896 0.27258703 0.39189768 1.9053669 ]]

✔️ Gating k-means converged after 1 iterations
Average expert losses per cluster: 
[[0.04995643 0.41015813 1.0407842  2.0790677 ]
 [2.965309   2.4005702  2.680376   0.00882472]
 [0.2350064  0.02405113 0.5334136  2.2203104 ]
 [0.09837438 0.27349475 0.39183328 1.9039887 ]]

✔️ Gating k-means converged after 1 iterations
Average expert losses per cluster: 
[[0.05512555 0.4087896  1.0409464  2.078986  ]
 [2.9564083  2.404644   2.6802814  0.00885327]
 [0.22933416 0.02393039 0.5331974  2.2183456 ]
 [0.09569548 0.27296478 0.39162853 1.904291  ]]

✔️ Gating k-means converged after 1 iterations
Average expert losses per cluster: 
[[0.03643064 0.400842   1.0400784  2.0789356 ]
 [3.0444152  2.4230213  2.6780632  0.00875947]
 [0.26121867 0.02338485 0.53137    2.210727  ]
 [0.13001019 0.2702721  0.39044166 1.9033607 ]]

✔️ Gating k-means converged after 1 iterations
Average expert losses per cluster: 
[[0.03936895 0.39571387 1.0393069  2.0782807 ]
 [3.0273066  2.4357624  2.6762493  0.00878008]
 [0.31748298 0.02310134 0.529637   2.2047622 ]
 [0.12163498 0.26842043 0.38933668 1.9023936 ]]

✔️ Gating k-means converged after 1 iterations
Average expert losses per cluster: 
[[0.04272978 0.39478776 1.0395688  2.0782826 ]
 [3.0150478  2.438977   2.6759593  0.00878908]
 [0.32266125 0.0230328  0.5292861  2.2048287 ]
 [0.11846437 0.2681995  0.3891058  1.901522  ]]

✔️ Gating k-means converged after 2 iterations
Average expert losses per cluster: 
[[0.04136366 0.39613542 1.0405754  2.0788343 ]
 [3.0156956  2.4391105  2.6768405  0.00877127]
 [0.32125244 0.02290571 0.5289144  2.2069218 ]
 [0.11828589 0.2691082  0.38902628 1.9009594 ]]

✔️ Gating k-means converged after 1 iterations
Average expert losses per cluster: 
[[0.04007001 0.39755565 1.0416791  2.079107  ]
 [3.0163162  2.4389622  2.6775503  0.00874382]
 [0.32051954 0.0228918  0.52861977 2.205532  ]
 [0.11836352 0.2697987  0.38898554 1.9016656 ]]

✔️ Gating k-means converged after 1 iterations
Average expert losses per cluster: 
[[0.04325169 0.3969493  1.0416778  2.0813994 ]
 [3.0059202  2.441611   2.6770744  0.00866436]
 [0.32585198 0.02278546 0.52852297 2.207568  ]
 [0.11561766 0.26949129 0.38874832 1.9060001 ]]

✔️ Gating k-means converged after 1 iterations
Average expert losses per cluster: 
[[0.06614944 0.39157495 1.0411389  2.1011934 ]
 [2.9648263  2.4559598  2.674804   0.0085733 ]
 [0.34490135 0.02244147 0.5274208  2.232667  ]
 [0.10937949 0.26716825 0.38779685 1.9523712 ]]

✔️ Gating k-means converged after 1 iterations
Average expert losses per cluster: 
[[0.08655299 0.38578248 1.0404701  2.1142464 ]
 [2.9408731  2.4711032  2.6721933  0.00843853]
 [0.35738477 0.02215127 0.5263378  2.2443023 ]
 [0.1081055  0.26451513 0.3869032  1.984319  ]]

12:53:36      Epoch:   0      Batch:   0      OuterStep: 120      LossModel: 0.01548799     LossTerm2: 0.06178451     LossGates: 0.00000000      Time/Step(s): 5.4016Contributing envs to the losses:  [4 1 2 3 0]
Gate values for each environment (all envs): 
 [[0.17491105 0.17477386 0.4754552  0.17485994]
 [0.17513521 0.17482196 0.47512212 0.17492062]
 [0.17490046 0.17493232 0.475385   0.17478219]
 [0.17498359 0.1747552  0.47538707 0.17487414]
 [0.17508632 0.17488934 0.47515598 0.17486839]
 [0.17486274 0.1749451  0.17493649 0.4752557 ]
 [0.17497326 0.1748276  0.17490262 0.47529656]
 [0.1748476  0.1748929  0.17488109 0.47537845]
 [0.17497787 0.17479476 0.17477927 0.4754482 ]
 [0.1747596  0.17495267 0.17487594 0.47541186]
 [0.1747701  0.47548386 0.17491245 0.17483366]
 [0.17495084 0.4752385  0.17485054 0.17496014]
 [0.17483865 0.4753848  0.17486277 0.17491378]
 [0.17488019 0.47545296 0.1748202  0.17484659]
 [0.17479303 0.47547093 0.17491205 0.17482395]
 [0.47546428 0.17491572 0.1748449  0.17477503]
 [0.47557923 0.17473651 0.17485914 0.17482512]
 [0.47516787 0.17482862 0.17500544 0.17499809]
 [0.47572762 0.17480606 0.17463222 0.17483413]
 [0.4752411  0.17497331 0.1749456  0.17483997]]
/home/benchmarking/ddrous.benchmarking/miniforge3/envs/jaxgpu/lib/python3.12/multiprocessing/popen_fork.py:66: RuntimeWarning: os.fork() was called. os.fork() is incompatible with multithreaded code, and JAX is multithreaded, so this will likely lead to a deadlock.
  self.pid = os.fork()
        Validation Criterion: 0.45663044
✔️ Gating k-means converged after 1 iterations
Average expert losses per cluster: 
[[0.0886341  0.3852131  1.0408297  2.1149411 ]
 [2.9373882  2.473912   2.6716785  0.00844986]
 [0.35886654 0.02203423 0.5261199  2.2437327 ]
 [0.10792861 0.2641308  0.38662916 1.985631  ]]

✔️ Gating k-means converged after 2 iterations
Average expert losses per cluster: 
[[0.07920412 0.38928613 1.0435709  2.116768  ]
 [2.9377692  2.4738283  2.6723573  0.00845379]
 [0.3576097  0.02195641 0.5262583  2.2440243 ]
 [0.10813637 0.26511726 0.38654438 1.9852337 ]]

✔️ Gating k-means converged after 2 iterations
Average expert losses per cluster: 
[[0.07225486 0.39264223 1.046903   2.1173928 ]
 [2.9383454  2.4737318  2.67292    0.00839161]
 [0.35723948 0.02190299 0.52661    2.2433684 ]
 [0.10823613 0.26616624 0.38643476 1.9853306 ]]

✔️ Gating k-means converged after 1 iterations
Average expert losses per cluster: 
[[0.07307553 0.3926704  1.0473909  2.118436  ]
 [2.9355958  2.4766407  2.6724327  0.00833741]
 [0.35882375 0.02183761 0.52617484 2.242621  ]
 [0.10832141 0.26584643 0.386106   1.987593  ]]

✔️ Gating k-means converged after 1 iterations
Average expert losses per cluster: 
[[0.06816895 0.38804555 1.0465487  2.1191027 ]
 [2.9564934  2.4891336  2.6693795  0.00826253]
 [0.2863458  0.02154895 0.52424824 2.2307134 ]
 [0.15335345 0.2635714  0.38489655 1.986874  ]]

✔️ Gating k-means converged after 1 iterations
Average expert losses per cluster: 
[[0.03546136 0.38501245 1.0456241  2.117946  ]
 [2.88008    2.4982545  2.6642375  0.00825641]
 [0.25204226 0.02141852 0.5226632  2.2180371 ]
 [0.11207807 0.26175043 0.38330406 1.9838959 ]]

✔️ Gating k-means converged after 1 iterations
Average expert losses per cluster: 
[[0.04014934 0.38509575 1.0461992  2.119004  ]
 [2.8459342  2.4990668  2.6635387  0.00826243]
 [0.22291704 0.02135422 0.5224499  2.2183077 ]
 [0.10369831 0.26151288 0.38294005 1.9871584 ]]

✔️ Gating k-means converged after 2 iterations
Average expert losses per cluster: 
[[0.03870753 0.38859865 1.0489043  2.1200562 ]
 [2.847471   2.4991267  2.6652005  0.0081818 ]
 [0.22249964 0.02129136 0.52249473 2.2191136 ]
 [0.1038899  0.26258534 0.38284945 1.9865227 ]]

✔️ Gating k-means converged after 2 iterations
Average expert losses per cluster: 
[[0.03770287 0.3906847  1.0512339  2.1208856 ]
 [2.8492293  2.4990578  2.6669748  0.00815516]
 [0.21548109 0.02131219 0.5222544  2.2184877 ]
 [0.10375044 0.263238   0.382846   1.9862871 ]]

✔️ Gating k-means converged after 1 iterations
Average expert losses per cluster: 
[[0.04472066 0.3902032  1.0517803  2.1224194 ]
 [2.8154566  2.5005085  2.6663535  0.00808323]
 [0.1762926  0.0212956  0.52190346 2.2204902 ]
 [0.09670444 0.26322848 0.3825471  1.9884409 ]]

✔️ Gating k-means converged after 1 iterations
Average expert losses per cluster: 
[[0.03433238 0.38759238 1.0509671  2.126203  ]
 [2.8915875  2.508398   2.6628444  0.00803672]
 [0.1770723  0.02117121 0.5204685  2.2212207 ]
 [0.10414898 0.26165992 0.38139927 1.9978703 ]]

✔️ Gating k-means converged after 1 iterations
Average expert losses per cluster: 
[[0.06195929 0.38391125 1.0501928  2.1324444 ]
 [3.0494125  2.518828   2.65994    0.00793007]
 [0.23184271 0.02093442 0.5185943  2.2261794 ]
 [0.15239911 0.2597712  0.38033524 2.0144334 ]]

✔️ Gating k-means converged after 1 iterations
Average expert losses per cluster: 
[[0.07407387 0.38320217 1.0503639  2.1348493 ]
 [3.0752134  2.5214474  2.6597219  0.00798513]
 [0.24068724 0.02093375 0.51821816 2.2285109 ]
 [0.16290762 0.2594862  0.38012418 2.0195963 ]]

✔️ Gating k-means converged after 2 iterations
Average expert losses per cluster: 
[[0.06976732 0.38183382 1.0491388  2.1340537 ]
 [3.077132   2.5215127  2.6612887  0.00788209]
 [0.23687866 0.020991   0.5181173  2.2289655 ]
 [0.16246961 0.26085338 0.37998262 2.0186257 ]]

✔️ Gating k-means converged after 1 iterations
Average expert losses per cluster: 
[[0.06743431 0.38109308 1.0483712  2.1335294 ]
 [3.0791578  2.52167    2.6630943  0.0078772 ]
 [0.2354058  0.02095125 0.5179412  2.2291021 ]
 [0.16171806 0.26215336 0.37987992 2.0182207 ]]

✔️ Gating k-means converged after 1 iterations
Average expert losses per cluster: 
[[0.07830109 0.37998515 1.0479139  2.1352766 ]
 [3.1035874  2.5240073  2.663112   0.00788702]
 [0.24438433 0.02090957 0.5174409  2.2290199 ]
 [0.17226836 0.26189125 0.3796062  2.0209782 ]]

✔️ Gating k-means converged after 1 iterations
Average expert losses per cluster: 
[[0.055203   0.37537894 1.047315   2.1409588 ]
 [3.056005   2.5380228  2.659455   0.0078787 ]
 [0.22967215 0.020604   0.51535475 2.2345393 ]
 [0.15098913 0.25941703 0.3782733  2.03736   ]]

✔️ Gating k-means converged after 1 iterations
Average expert losses per cluster: 
[[0.2866704  0.3704445  1.0467215  2.1438015 ]
 [2.5748935  2.5535355  2.6566236  0.00788597]
 [0.12317768 0.02033603 0.5142231  2.2372513 ]
 [0.14013116 0.25658533 0.3773671  2.0448804 ]]

✔️ Gating k-means converged after 1 iterations
Average expert losses per cluster: 
[[0.350766   0.3692963  1.046578   2.143708  ]
 [2.5337238  2.5566757  2.656141   0.0078361 ]
 [0.11927133 0.0202967  0.5140552  2.2365475 ]
 [0.15878238 0.2562572  0.37711436 2.045586  ]]

✔️ Gating k-means converged after 1 iterations
Average expert losses per cluster: 
[[0.34591708 0.37065312 1.0477586  2.144922  ]
 [2.5352201  2.556954   2.6579843  0.00783354]
 [0.11962625 0.02019612 0.5137548  2.2370214 ]
 [0.15940323 0.2574055  0.37700233 2.0441253 ]]

✔️ Gating k-means converged after 2 iterations
Average expert losses per cluster: 
[[0.32452455 0.37752342 1.0529333  2.1483107 ]
 [2.5364833  2.556847   2.6596181  0.00777889]
 [0.11955929 0.02019095 0.51352525 2.2357817 ]
 [0.1604576  0.25875267 0.37688977 2.0442371 ]]

✔️ Gating k-means converged after 2 iterations
Average expert losses per cluster: 
[[0.3710004  0.37948442 1.0550034  2.149584  ]
 [2.504027   2.560359   2.6591823  0.00771699]
 [0.11700132 0.02014226 0.5133869  2.2359233 ]
 [0.17807582 0.25833723 0.3766877  2.0445504 ]]

✔️ Gating k-means converged after 1 iterations
Average expert losses per cluster: 
[[0.55677795 0.37608775 1.0548708  2.1489804 ]
 [2.4117212  2.5725675  2.65591    0.00770294]
 [0.11054094 0.01996422 0.5124538  2.225976  ]
 [0.23965347 0.25605154 0.37588015 2.0456383 ]]

✔️ Gating k-means converged after 1 iterations
Average expert losses per cluster: 
[[0.5197615  0.37386772 1.0543635  2.1503944 ]
 [2.395789   2.5793824  2.6535726  0.00765392]
 [0.05467    0.01987599 0.5110109  2.2193916 ]
 [0.2445621  0.25457674 0.37519857 2.0493762 ]]

✔️ Gating k-means converged after 2 iterations
Average expert losses per cluster: 
[[0.5114193  0.37645793 1.0563215  2.1534665 ]
 [2.3951752  2.5805564  2.6532688  0.00764102]
 [0.05176888 0.0198317  0.51070976 2.2211273 ]
 [0.2485359  0.25472942 0.3750077  2.0537083 ]]

✔️ Gating k-means converged after 2 iterations
Average expert losses per cluster: 
[[0.49637157 0.38206068 1.0628794  2.15719   ]
 [2.3958917  2.5806713  2.6542275  0.00756795]
 [0.05134397 0.01988468 0.51094717 2.2210166 ]
 [0.24915333 0.25592917 0.3749103  2.0520198 ]]

✔️ Gating k-means converged after 2 iterations
Average expert losses per cluster: 
[[0.4939603  0.37571308 1.0639849  2.1587245 ]
 [2.3968618  2.581024   2.6554585  0.0075866 ]
 [0.05094619 0.01996912 0.5112314  2.2217689 ]
 [0.24963906 0.25685117 0.3748133  2.0528886 ]]

✔️ Gating k-means converged after 1 iterations
Average expert losses per cluster: 
[[0.49410382 0.37419918 1.0642937  2.161473  ]
 [2.39653    2.5819592  2.6553342  0.00752519]
 [0.05014974 0.01999038 0.5109576  2.2256489 ]
 [0.25411937 0.25678918 0.37464076 2.0590053 ]]

✔️ Gating k-means converged after 1 iterations
Average expert losses per cluster: 
[[0.50617504 0.21600275 1.0633941  2.1717937 ]
 [2.3857708  2.6702526  2.6529012  0.00738215]
 [0.05727284 0.02870127 0.50951946 2.2371087 ]
 [0.27556315 0.23491421 0.3738647  2.0865784 ]]

✔️ Gating k-means converged after 1 iterations
Average expert losses per cluster: 
[[0.51043034 0.13794532 1.06298    2.1781116 ]
 [2.359005   2.815229   2.6491363  0.00740622]
 [0.05268201 0.10053166 0.50845855 2.2407978 ]
 [0.28477308 0.25490203 0.37298694 2.1029797 ]]

✔️ Gating k-means converged after 1 iterations
Average expert losses per cluster: 
[[0.5127639  0.13585465 1.0631951  2.1784446 ]
 [2.3519268  2.853625   2.648646   0.00737939]
 [0.05021849 0.12192225 0.50827175 2.241493  ]
 [0.28502083 0.26205274 0.37275323 2.1054423 ]]

✔️ Gating k-means converged after 2 iterations
Average expert losses per cluster: 
[[0.50950354 0.12884717 1.0676697  2.1831653 ]
 [2.3528423  2.854882   2.6497865  0.00732881]
 [0.0492371  0.12230674 0.5075304  2.2426648 ]
 [0.2852872  0.2625919  0.37269452 2.1044462 ]]

✔️ Gating k-means converged after 2 iterations
Average expert losses per cluster: 
[[0.50554174 0.11901017 1.074088   2.1887975 ]
 [2.3535118  2.8552794  2.6507623  0.00730836]
 [0.04832456 0.12264035 0.5066696  2.2415428 ]
 [0.28568637 0.26350257 0.37265676 2.1036642 ]]

✔️ Gating k-means converged after 1 iterations
Average expert losses per cluster: 
[[0.5052903  0.12018847 1.075119   2.1908495 ]
 [2.3472276  2.8927808  2.650172   0.00734429]
 [0.04658767 0.14633754 0.5060081  2.2416484 ]
 [0.28587338 0.27309468 0.37237546 2.1062896 ]]

✔️ Gating k-means converged after 1 iterations
Average expert losses per cluster: 
[[0.50684327 0.07876938 1.0741763  2.191035  ]
 [2.3220062  3.0883179  2.64692    0.00734661]
 [0.04410322 0.20952518 0.50435907 2.2371101 ]
 [0.28638208 0.271748   0.37141034 2.1099536 ]]

✔️ Gating k-means converged after 1 iterations
Average expert losses per cluster: 
[[0.50759006 0.12877052 1.0730919  2.1914666 ]
 [2.307697   3.2241058  2.642077   0.00718949]
 [0.04445419 0.26879272 0.50199693 2.2334924 ]
 [0.2859008  0.2742196  0.37018445 2.1137574 ]]

✔️ Gating k-means converged after 1 iterations
Average expert losses per cluster: 
[[0.50695884 0.14483634 1.0737455  2.1939204 ]
 [2.306303   3.2457778  2.6412697  0.00727049]
 [0.04397549 0.28075102 0.50154495 2.2342    ]
 [0.28537703 0.27659598 0.36995625 2.1151025 ]]

✔️ Gating k-means converged after 2 iterations
Average expert losses per cluster: 
[[0.51223624 0.12522429 1.0721008  2.1915548 ]
 [2.3067586  3.2463186  2.642095   0.00719241]
 [0.04400807 0.2802699  0.5007063  2.2338777 ]
 [0.28571627 0.27778018 0.36984006 2.1160536 ]]

✔️ Gating k-means converged after 2 iterations
Average expert losses per cluster: 
[[0.5244896  0.09428739 1.0657047  2.186797  ]
 [2.3072896  3.2469952  2.6429107  0.00714479]
 [0.04411687 0.2793985  0.5002573  2.2340233 ]
 [0.28593928 0.27843305 0.36983645 2.115675  ]]

✔️ Gating k-means converged after 2 iterations
Average expert losses per cluster: 
[[0.5265647  0.09898598 1.0641016  2.1860044 ]
 [2.307373   3.266033   2.6421633  0.00709351]
 [0.04258652 0.29151738 0.50002307 2.2347786 ]
 [0.28471527 0.28036997 0.36957994 2.1176326 ]]

✔️ Gating k-means converged after 1 iterations
Average expert losses per cluster: 
[[0.52431315 0.0431628  1.0635668  2.1891835 ]
 [2.3077755  3.0929508  2.6352422  0.00713697]
 [0.03994693 0.22118771 0.49784595 2.235278  ]
 [0.28030607 0.2403915  0.36811656 2.126352  ]]

✔️ Gating k-means converged after 1 iterations
Average expert losses per cluster: 
[[0.5177315  0.26879126 1.06308    2.1914601 ]
 [2.3122456  2.7143815  2.6291323  0.0070392 ]
 [0.03844132 0.13936421 0.4958902  2.2361197 ]
 [0.27380717 0.25783846 0.36684462 2.1316943 ]]

✔️ Gating k-means converged after 2 iterations
Average expert losses per cluster: 
[[0.51810265 0.33544397 1.0616252  2.1911492 ]
 [2.313671   2.676413   2.6280324  0.00704901]
 [0.03791951 0.13692498 0.49552384 2.2358358 ]
 [0.27220675 0.26718223 0.36656487 2.1341915 ]]

✔️ Gating k-means converged after 2 iterations
Average expert losses per cluster: 
[[0.5262267  0.36274594 1.0583419  2.1884573 ]
 [2.314018   2.6763282  2.6285794  0.00705735]
 [0.03725996 0.13762663 0.4959798  2.236102  ]
 [0.27245164 0.26768437 0.36653766 2.1341796 ]]

✔️ Gating k-means converged after 1 iterations
Average expert losses per cluster: 
[[0.52743447 0.36505547 1.0596031  2.1876142 ]
 [2.3143244  2.676432   2.6288736  0.00703527]
 [0.03658312 0.13823645 0.49678737 2.2370987 ]
 [0.2724895  0.26786026 0.36649    2.135165  ]]

✔️ Gating k-means converged after 1 iterations
Average expert losses per cluster: 
[[0.5252625  0.4170607  1.0603043  2.1883762 ]
 [2.3156784  2.6442497  2.6275795  0.00704668]
 [0.03607458 0.13633165 0.49641332 2.2376475 ]
 [0.27097562 0.27645293 0.36615145 2.1371322 ]]

✔️ Gating k-means converged after 1 iterations
Average expert losses per cluster: 
[[0.5118823  0.60499614 1.0597948  2.195155  ]
 [2.3287716  2.5436368  2.6225066  0.00704084]
 [0.03342149 0.13243888 0.49449864 2.2444465 ]
 [0.26153162 0.30647963 0.36510807 2.153795  ]]

✔️ Gating k-means converged after 1 iterations
Average expert losses per cluster: 
[[0.5016069  0.647419   1.059395   2.1997716 ]
 [2.3405511  2.5015607  2.6180475  0.00688977]
 [0.03174349 0.10379811 0.4933784  2.2470953 ]
 [0.25466594 0.3043359  0.36421385 2.1693377 ]]

✔️ Gating k-means converged after 1 iterations
Average expert losses per cluster: 
[[0.4836018  0.6344699  1.0601772  2.2009604 ]
 [2.354413   2.4989374  2.6173055  0.00690552]
 [0.03067867 0.0911566  0.49368596 2.2475972 ]
 [0.24799739 0.29809856 0.3640563  2.170576  ]]

✔️ Gating k-means converged after 2 iterations
Average expert losses per cluster: 
[[0.4777412  0.62595856 1.0644808  2.2024288 ]
 [2.3548398  2.4987123  2.6178887  0.0069031 ]
 [0.03059338 0.08929252 0.49560022 2.2482946 ]
 [0.24805966 0.29822192 0.36409444 2.1715162 ]]

✔️ Gating k-means converged after 2 iterations
Average expert losses per cluster: 
[[0.4675757  0.61401695 1.0692991  2.2052624 ]
 [2.3553724  2.4984314  2.6188207  0.00685367]
 [0.0305706  0.08836541 0.49667126 2.2469184 ]
 [0.24809039 0.29834235 0.36407426 2.1709955 ]]

✔️ Gating k-means converged after 1 iterations
Average expert losses per cluster: 
[[0.44949898 0.6054076  1.0703028  2.2065609 ]
 [2.368473   2.4961038  2.6182313  0.00686147]
 [0.02994136 0.07955482 0.49665508 2.2469563 ]
 [0.24215205 0.29382953 0.3639575  2.1724637 ]]

✔️ Gating k-means converged after 1 iterations
Average expert losses per cluster: 
[[0.3877463  0.5843603  1.0697966  2.2085896 ]
 [2.4215925  2.488239   2.6131353  0.00687341]
 [0.02944097 0.0543153  0.49504834 2.244645  ]
 [0.2203544  0.28017452 0.36291283 2.18034   ]]

✔️ Gating k-means converged after 1 iterations
Average expert losses per cluster: 
[[0.35018685 0.56865996 1.0695504  2.2116146 ]
 [2.4567993  2.4838076  2.6087787  0.00675552]
 [0.0308425  0.04199999 0.49346873 2.2460923 ]
 [0.2079637  0.27262172 0.36201513 2.1899312 ]]

✔️ Gating k-means converged after 1 iterations
Average expert losses per cluster: 
[[0.32450333 0.56480587 1.0706909  2.213507  ]
 [2.4788935  2.4827812  2.6081557  0.00680627]
 [0.03136533 0.04045002 0.4933866  2.2463214 ]
 [0.20100935 0.27169117 0.36188355 2.1926982 ]]

✔️ Gating k-means converged after 2 iterations
Average expert losses per cluster: 
[[0.31352952 0.5575077  1.0770205  2.217057  ]
 [2.479227   2.482699   2.6086729  0.00677676]
 [0.03148751 0.04027518 0.49438095 2.2451708 ]
 [0.20105234 0.2718281  0.36188385 2.1918044 ]]

✔️ Gating k-means converged after 2 iterations
Average expert losses per cluster: 
[[0.3046142  0.5507028  1.0832345  2.2206297 ]
 [2.4796398  2.4826207  2.609347   0.00672551]
 [0.03148518 0.04003059 0.49575216 2.242682  ]
 [0.20108898 0.2720119  0.36185995 2.191952  ]]

✔️ Gating k-means converged after 1 iterations
Average expert losses per cluster: 
[[0.28285468 0.54858434 1.0841106  2.221771  ]
 [2.5001266  2.481714   2.608315   0.00672604]
 [0.0322331  0.0387598  0.495924   2.243239  ]
 [0.1950402  0.27133083 0.36162782 2.1953595 ]]

✔️ Gating k-means converged after 1 iterations
Average expert losses per cluster: 
[[0.12368043 0.5409404  1.0837092  2.2247913 ]
 [2.6891086  2.4760644  2.6049736  0.00667477]
 [0.05322941 0.03455229 0.49455214 2.245236  ]
 [0.15189762 0.26798752 0.36087132 2.2050438 ]]

✔️ Gating k-means converged after 1 iterations
Average expert losses per cluster: 
[[0.06933855 0.5299661  1.0833725  2.2278242 ]
 [3.0429208  2.4711416  2.6011498  0.00669088]
 [0.17502697 0.03169002 0.4934003  2.2463763 ]
 [0.16458976 0.26517305 0.36022842 2.211438  ]]

12:54:30      Epoch:   0      Batch:   0      OuterStep: 130      LossModel: 0.05219267     LossTerm2: 0.04316137     LossGates: 0.00000000      Time/Step(s): 5.1775Contributing envs to the losses:  [15 16 19 18 17]
Gate values for each environment (all envs): 
 [[0.17494786 0.17494652 0.47527725 0.1748284 ]
 [0.1748289  0.17483419 0.4754176  0.17491929]
 [0.17498465 0.17486367 0.47527227 0.17487945]
 [0.17486852 0.17495842 0.47529608 0.174877  ]
 [0.17480141 0.17480853 0.47549453 0.17489555]
 [0.17485711 0.17477013 0.17481412 0.4755587 ]
 [0.17495455 0.1748651  0.17478092 0.47539935]
 [0.17484382 0.17495431 0.17493597 0.47526592]
 [0.17478615 0.17491382 0.17485657 0.47544342]
 [0.17485727 0.1749309  0.1748819  0.47532985]
 [0.17489633 0.47529387 0.17490633 0.17490351]
 [0.17488207 0.47525924 0.17489913 0.17495954]
 [0.17501451 0.47516352 0.17483914 0.17498282]
 [0.17490625 0.47531843 0.17489217 0.17488317]
 [0.17490031 0.47532445 0.17483976 0.17493543]
 [0.4751596  0.17511202 0.17487346 0.17485487]
 [0.47549766 0.174907   0.17478089 0.17481436]
 [0.475547   0.17479293 0.17479269 0.17486739]
 [0.4753207  0.1748589  0.17487131 0.1749491 ]
 [0.47549614 0.17485349 0.17484221 0.1748082 ]]
/home/benchmarking/ddrous.benchmarking/miniforge3/envs/jaxgpu/lib/python3.12/multiprocessing/popen_fork.py:66: RuntimeWarning: os.fork() was called. os.fork() is incompatible with multithreaded code, and JAX is multithreaded, so this will likely lead to a deadlock.
  self.pid = os.fork()
        Validation Criterion: 0.45366827
✔️ Gating k-means converged after 1 iterations
Average expert losses per cluster: 
[[0.07818589 0.5269598  1.0846409  2.228458  ]
 [3.0848236  2.4704483  2.6007926  0.00672745]
 [0.19208834 0.03122105 0.49371973 2.2445433 ]
 [0.17285302 0.26478922 0.36006606 2.2135317 ]]

✔️ Gating k-means converged after 2 iterations
Average expert losses per cluster: 
[[0.07999998 0.5251097  1.0875053  2.228604  ]
 [3.0866754  2.4705877  2.6015673  0.0066391 ]
 [0.19348407 0.03101799 0.49604845 2.2419822 ]
 [0.173117   0.2650853  0.35999194 2.2133586 ]]

✔️ Gating k-means converged after 2 iterations
Average expert losses per cluster: 
[[0.08061662 0.52417165 1.089033   2.2287633 ]
 [3.0868871  2.4704843  2.602104   0.0066337 ]
 [0.19539237 0.03061211 0.49778453 2.2433336 ]
 [0.1730191  0.26554003 0.35992655 2.2123358 ]]

✔️ Gating k-means converged after 1 iterations
Average expert losses per cluster: 
[[0.09052432 0.52188426 1.0893354  2.2285292 ]
 [3.1269574  2.4697895  2.6016748  0.00666022]
 [0.21458207 0.03010154 0.49802342 2.2442331 ]
 [0.1823817  0.26524332 0.35981485 2.2141924 ]]

✔️ Gating k-means converged after 1 iterations
Average expert losses per cluster: 
[[0.05654369 0.51340574 1.089207   2.2307858 ]
 [2.9040055  2.4689927  2.5999634  0.00663729]
 [0.09031334 0.0288091  0.49748716 2.24546   ]
 [0.13829218 0.26387253 0.35949594 2.2213998 ]]

✔️ Gating k-means converged after 1 iterations
Average expert losses per cluster: 
[[0.07178637 0.5030953  1.0885963  2.233141  ]
 [2.8657393  2.472307   2.5986736  0.0065419 ]
 [0.08077697 0.02736438 0.49607134 2.2448711 ]
 [0.13079657 0.2631615  0.3590525  2.2273762 ]]

✔️ Gating k-means converged after 1 iterations
Average expert losses per cluster: 
[[0.06358081 0.5014061  1.0885686  2.2335694 ]
 [2.8946025  2.4728389  2.5983217  0.0065644 ]
 [0.09083892 0.02706945 0.49589005 2.2476127 ]
 [0.1276762  0.26307234 0.35891813 2.2285569 ]]

✔️ Gating k-means converged after 2 iterations
Average expert losses per cluster: 
[[0.0630646  0.5009165  1.089319   2.2331302 ]
 [2.8959289  2.4728818  2.598788   0.00656087]
 [0.09051737 0.02651653 0.49644834 2.251561  ]
 [0.1277229  0.26339602 0.35886893 2.2284486 ]]

✔️ Gating k-means converged after 2 iterations
Average expert losses per cluster: 
[[0.0626151  0.50072736 1.0895548  2.233412  ]
 [2.8973184  2.472567   2.5998194  0.00652192]
 [0.09065973 0.02628217 0.49683863 2.2548378 ]
 [0.1275968  0.26362038 0.3588252  2.2280579 ]]

✔️ Gating k-means converged after 1 iterations
Average expert losses per cluster: 
[[0.05641977 0.49848673 1.0897313  2.2337635 ]
 [2.925689   2.4736447  2.5991523  0.00656028]
 [0.10104793 0.02597577 0.49651137 2.2554398 ]
 [0.12573884 0.26348308 0.35868344 2.2293873 ]]

✔️ Gating k-means converged after 1 iterations
Average expert losses per cluster: 
[[0.0433613  0.490448   1.0886862  2.2351153 ]
 [3.0411239  2.4775984  2.5943677  0.00649158]
 [0.14253324 0.0251703  0.49441257 2.25576   ]
 [0.12091374 0.26253906 0.35757035 2.236325  ]]

✔️ Gating k-means converged after 1 iterations
Average expert losses per cluster: 
[[0.04400188 0.48389482 1.0885826  2.2380722 ]
 [3.1064527  2.4822729  2.5912213  0.00655073]
 [0.16595256 0.02455156 0.4928262  2.2577128 ]
 [0.11879708 0.26160327 0.35681817 2.242214  ]]

✔️ Gating k-means converged after 1 iterations
Average expert losses per cluster: 
[[0.04384859 0.48187485 1.0883354  2.2384706 ]
 [3.113563   2.4842992  2.5907888  0.00652355]
 [0.16867273 0.02439039 0.49256095 2.2587068 ]
 [0.11883213 0.26135477 0.3566578  2.2444859 ]]

✔️ Gating k-means converged after 1 iterations
Average expert losses per cluster: 
[[0.0425115  0.48223087 1.0880556  2.2380428 ]
 [3.1153243  2.4843953  2.5912647  0.00649537]
 [0.16727726 0.02437553 0.49237728 2.2592015 ]
 [0.11867607 0.2620438  0.35653302 2.245167  ]]

✔️ Gating k-means converged after 1 iterations
Average expert losses per cluster: 
[[0.04164881 0.48248634 1.0878986  2.2373474 ]
 [3.1161125  2.4843404  2.5917873  0.00648579]
 [0.16607435 0.02428426 0.49251    2.2589784 ]
 [0.11869798 0.2626707  0.3564466  2.2434835 ]]

✔️ Gating k-means converged after 1 iterations
Average expert losses per cluster: 
[[0.0416932  0.4807615  1.08754    2.2371988 ]
 [3.1230226  2.48625    2.591114   0.00653279]
 [0.16896321 0.02410512 0.49179515 2.2600784 ]
 [0.11871123 0.2624827  0.3561653  2.244643  ]]

✔️ Gating k-means converged after 1 iterations
Average expert losses per cluster: 
[[0.03696546 0.4715817  1.086022   2.2392623 ]
 [3.0726469  2.495982   2.5864713  0.00648252]
 [0.147234   0.02340836 0.488199   2.260845  ]
 [0.10539708 0.26030084 0.3548929  2.2486644 ]]

✔️ Gating k-means converged after 1 iterations
Average expert losses per cluster: 
[[0.03568599 0.4623997  1.086034   2.239932  ]
 [3.0325747  2.5075903  2.577999   0.00652649]
 [0.13500054 0.02278477 0.48668262 2.2618263 ]
 [0.0978312  0.25753504 0.35345313 2.2526655 ]]

✔️ Gating k-means converged after 1 iterations
Average expert losses per cluster: 
[[0.03556278 0.46106187 1.0857838  2.240317  ]
 [3.0280006  2.5092084  2.576205   0.00652648]
 [0.13447449 0.02269724 0.48587012 2.2609174 ]
 [0.09735797 0.25727043 0.3530054  2.2521932 ]]

✔️ Gating k-means converged after 1 iterations
Average expert losses per cluster: 
[[0.03472146 0.46131703 1.0856357  2.239001  ]
 [3.0281246  2.5093396  2.5764225  0.00647366]
 [0.1342032  0.02262963 0.48619357 2.2596555 ]
 [0.09713459 0.25821358 0.3528561  2.252339  ]]

✔️ Gating k-means converged after 1 iterations
Average expert losses per cluster: 
[[0.03407238 0.461411   1.0854741  2.2387898 ]
 [3.0292864  2.509425   2.576901   0.00649027]
 [0.13000612 0.02256483 0.48504367 2.2601511 ]
 [0.09691978 0.25912032 0.352799   2.2514138 ]]

✔️ Gating k-means converged after 1 iterations
Average expert losses per cluster: 
[[0.03397514 0.46007738 1.0847888  2.2397053 ]
 [3.0259378  2.5105464  2.576121   0.00645258]
 [0.12859382 0.02248063 0.48330855 2.260306  ]
 [0.09660869 0.2589385  0.35233358 2.2525737 ]]

✔️ Gating k-means converged after 1 iterations
Average expert losses per cluster: 
[[0.03415387 0.4555772  1.0829643  2.2396317 ]
 [3.0416768  2.518418   2.5691183  0.00646122]
 [0.11804929 0.02224327 0.47869283 2.260397  ]
 [0.08992606 0.2572346  0.3504139  2.253556  ]]

✔️ Gating k-means converged after 1 iterations
Average expert losses per cluster: 
[[0.03507692 0.45233437 1.082868   2.2395961 ]
 [3.113903   2.5245113  2.5595334  0.00639159]
 [0.1388562  0.02205191 0.47689447 2.2608263 ]
 [0.09881123 0.25602517 0.34859794 2.2523913 ]]

✔️ Gating k-means converged after 1 iterations
Average expert losses per cluster: 
[[0.03606091 0.45151225 1.0825084  2.2387521 ]
 [3.125179   2.5262797  2.558258   0.00637168]
 [0.14161079 0.02198279 0.47566396 2.2611501 ]
 [0.10030974 0.2558967  0.34817716 2.2522802 ]]

✔️ Gating k-means converged after 1 iterations
Average expert losses per cluster: 
[[0.03573856 0.45145974 1.0824909  2.2393444 ]
 [3.1264045  2.5268133  2.5589972  0.00639643]
 [0.13813475 0.0219123  0.4744999  2.262556  ]
 [0.10017629 0.25647178 0.34816    2.251715  ]]

✔️ Gating k-means converged after 2 iterations
Average expert losses per cluster: 
[[0.03417072 0.45208666 1.0820026  2.2381516 ]
 [3.1279542  2.5269423  2.5594528  0.00631038]
 [0.13600288 0.02188334 0.47365975 2.2631242 ]
 [0.10001919 0.25698793 0.3481369  2.2514894 ]]

✔️ Gating k-means converged after 1 iterations
Average expert losses per cluster: 
[[0.03470115 0.45148182 1.0816109  2.2381976 ]
 [3.1369298  2.5287018  2.558216   0.00633112]
 [0.13912801 0.02183198 0.47268754 2.2627969 ]
 [0.10171814 0.25685188 0.34773934 2.2506716 ]]

✔️ Gating k-means converged after 1 iterations
Average expert losses per cluster: 
[[0.04003469 0.44353566 1.0800828  2.2378073 ]
 [3.1756933  2.5473428  2.5528572  0.00626456]
 [0.15278335 0.02135403 0.4681985  2.2619185 ]
 [0.10789901 0.25368473 0.34612736 2.2502997 ]]

✔️ Gating k-means converged after 1 iterations
Average expert losses per cluster: 
[[0.03200653 0.43669635 1.0796264  2.237716  ]
 [3.0772343  2.5630822  2.54563    0.0062926 ]
 [0.11812865 0.02102039 0.46585065 2.2602465 ]
 [0.08799585 0.25114164 0.34454462 2.2529638 ]]

✔️ Gating k-means converged after 1 iterations
Average expert losses per cluster: 
[[0.03119789 0.4358831  1.0796205  2.238176  ]
 [3.0586739  2.5652368  2.544534   0.00634485]
 [0.10683842 0.02095178 0.46548834 2.2593725 ]
 [0.08704855 0.25087574 0.34431255 2.2533784 ]]

✔️ Gating k-means converged after 2 iterations
Average expert losses per cluster: 
[[0.03097211 0.4364531  1.0794737  2.2379768 ]
 [3.0588586  2.5654478  2.5451913  0.00632979]
 [0.10578509 0.02093075 0.4651671  2.2596405 ]
 [0.08717608 0.25124425 0.34424374 2.2525477 ]]

✔️ Gating k-means converged after 1 iterations
Average expert losses per cluster: 
[[0.03082648 0.43663684 1.0796248  2.237689  ]
 [3.0593271  2.565499   2.545595   0.00632778]
 [0.10474968 0.02091662 0.46497497 2.2600725 ]
 [0.08703277 0.25178534 0.344158   2.2523875 ]]

✔️ Gating k-means converged after 1 iterations
Average expert losses per cluster: 
[[0.03231506 0.43530914 1.0793803  2.2386765 ]
 [3.0430353  2.5685852  2.544525   0.00630598]
 [0.09582467 0.02084736 0.46473885 2.2591822 ]
 [0.08693685 0.25136578 0.34396368 2.2530754 ]]

✔️ Gating k-means converged after 1 iterations
Average expert losses per cluster: 
[[0.03704694 0.43029556 1.0789708  2.241742  ]
 [3.0118778  2.5800354  2.5406404  0.00632321]
 [0.08505066 0.02058823 0.46275145 2.2643325 ]
 [0.08701748 0.24921869 0.3429564  2.2637787 ]]

✔️ Gating k-means converged after 1 iterations
Average expert losses per cluster: 
[[0.02950745 0.425498   1.0782689  2.2435484 ]
 [3.0701742  2.5894203  2.538272   0.006237  ]
 [0.12283371 0.02036312 0.46111345 2.2650273 ]
 [0.09119792 0.24743545 0.34225875 2.2701406 ]]

✔️ Gating k-means converged after 1 iterations
Average expert losses per cluster: 
[[0.02988016 0.42476273 1.0782661  2.243747  ]
 [3.1064973  2.5907247  2.5380192  0.00624566]
 [0.14187655 0.0203747  0.4608856  2.2648878 ]
 [0.0979938  0.24740385 0.34214482 2.27022   ]]

✔️ Gating k-means converged after 1 iterations
Average expert losses per cluster: 
[[0.02956651 0.42482573 1.0782884  2.2437916 ]
 [3.107195   2.5910301  2.5384636  0.00623714]
 [0.14100915 0.02032271 0.46077466 2.2651901 ]
 [0.09799414 0.24799962 0.34203187 2.2717052 ]]

✔️ Gating k-means converged after 1 iterations
Average expert losses per cluster: 
[[0.02941941 0.42490664 1.0785605  2.2444851 ]
 [3.10733    2.5911498  2.538677   0.00619257]
 [0.14069681 0.02028539 0.46064672 2.2654579 ]
 [0.09773471 0.24863239 0.34195632 2.270777  ]]

✔️ Gating k-means converged after 1 iterations
Average expert losses per cluster: 
[[0.03178554 0.42408857 1.0783025  2.2447784 ]
 [3.1416352  2.592072   2.5382574  0.00619099]
 [0.16069262 0.02026085 0.46023923 2.2662091 ]
 [0.10506117 0.24847396 0.3417527  2.2712808 ]]

✔️ Gating k-means converged after 1 iterations
Average expert losses per cluster: 
[[0.0281491  0.42038256 1.0775331  2.2453594 ]
 [3.1217659  2.5996788  2.5350416  0.00618576]
 [0.15568069 0.02010491 0.45853528 2.2665565 ]
 [0.10213381 0.24694543 0.34081793 2.274415  ]]

✔️ Gating k-means converged after 1 iterations
Average expert losses per cluster: 
[[0.03199621 0.41535267 1.0773044  2.2460947 ]
 [3.015762   2.612503   2.5331314  0.00619646]
 [0.12862594 0.0198604  0.4574143  2.264505  ]
 [0.07926717 0.24481371 0.3401583  2.2785268 ]]

✔️ Gating k-means converged after 1 iterations
Average expert losses per cluster: 
[[0.03626725 0.41396138 1.0771385  2.247058  ]
 [2.9975824  2.6163294  2.533098   0.00621107]
 [0.12510659 0.01984697 0.45724425 2.2647855 ]
 [0.07590193 0.24422336 0.34008098 2.2796571 ]]

✔️ Gating k-means converged after 1 iterations
Average expert losses per cluster: 
[[0.03565506 0.41384134 1.077503   2.247297  ]
 [2.9980166  2.616429   2.5331585  0.00619265]
 [0.12435339 0.01977728 0.45703125 2.2649791 ]
 [0.07609274 0.24510054 0.33994558 2.2780025 ]]

✔️ Gating k-means converged after 2 iterations
Average expert losses per cluster: 
[[0.03373218 0.41269422 1.0784194  2.248745  ]
 [2.9978263  2.616513   2.5332148  0.00620561]
 [0.12407086 0.01979553 0.45685425 2.2658303 ]
 [0.07592838 0.24616125 0.3398694  2.277928  ]]

✔️ Gating k-means converged after 1 iterations
Average expert losses per cluster: 
[[0.03102325 0.41122207 1.0783834  2.249283  ]
 [2.9991148  2.6197176  2.5331974  0.00625146]
 [0.12384944 0.01972221 0.45668718 2.26529   ]
 [0.07712477 0.24564321 0.33973163 2.277834  ]]

✔️ Gating k-means converged after 1 iterations
Average expert losses per cluster: 
[[0.02714046 0.40509033 1.0775881  2.2503636 ]
 [3.0048826  2.635651   2.5326242  0.00616195]
 [0.12466282 0.01949151 0.45486194 2.2677386 ]
 [0.08118775 0.24266544 0.3392181  2.2809184 ]]

✔️ Gating k-means converged after 1 iterations
Average expert losses per cluster: 
[[0.02577532 0.39960378 1.0771382  2.250759  ]
 [3.0812259  2.648731   2.5308554  0.00610604]
 [0.18080565 0.01934828 0.45363602 2.2700756 ]
 [0.09656375 0.23979361 0.3387195  2.2853296 ]]

✔️ Gating k-means converged after 1 iterations
Average expert losses per cluster: 
[[0.02736075 0.3986256  1.0775255  2.251566  ]
 [3.096755   2.6506586  2.5287092  0.00607884]
 [0.19441305 0.01927512 0.45397335 2.2695408 ]
 [0.10035829 0.23957746 0.33839434 2.287068  ]]

✔️ Gating k-means converged after 2 iterations
Average expert losses per cluster: 
[[0.02703541 0.39792895 1.078525   2.2525518 ]
 [3.0974417  2.6506526  2.5287638  0.00607766]
 [0.19413076 0.01928311 0.45390406 2.269847  ]
 [0.10044219 0.24015763 0.33834618 2.285775  ]]

✔️ Gating k-means converged after 1 iterations
Average expert losses per cluster: 
[[0.02682834 0.39761508 1.0787518  2.2533758 ]
 [3.0973454  2.6502686  2.528818   0.00611264]
 [0.19287956 0.01922533 0.45369172 2.2699273 ]
 [0.10039579 0.24076371 0.33833656 2.2852697 ]]

✔️ Gating k-means converged after 1 iterations
Average expert losses per cluster: 
[[0.02876199 0.39676654 1.079071   2.2537515 ]
 [3.1116421  2.6521852  2.5269887  0.00610256]
 [0.20589726 0.01919409 0.45363823 2.2705312 ]
 [0.10386069 0.2404119  0.33809304 2.285396  ]]

✔️ Gating k-means converged after 1 iterations
Average expert losses per cluster: 
[[0.02380931 0.39356008 1.0795126  2.2548578 ]
 [3.0458412  2.6590867  2.520623   0.00608025]
 [0.15543912 0.01910078 0.45324373 2.2685163 ]
 [0.09082723 0.23886214 0.3374218  2.2880845 ]]

✔️ Gating k-means converged after 1 iterations
Average expert losses per cluster: 
[[0.02477784 0.39112327 1.076052   2.2549102 ]
 [3.036263   2.6639287  2.5238173  0.0062069 ]
 [0.14614628 0.01902722 0.4467431  2.2664433 ]
 [0.08679575 0.23747872 0.33646438 2.2925167 ]]

✔️ Gating k-means converged after 1 iterations
Average expert losses per cluster: 
[[0.02467457 0.39057297 1.0754596  2.255606  ]
 [3.0474432  2.6648464  2.5246956  0.00631393]
 [0.1502699  0.01899242 0.44552132 2.2663991 ]
 [0.08812677 0.23735932 0.3368197  2.2925184 ]]

✔️ Gating k-means converged after 2 iterations
Average expert losses per cluster: 
[[0.02439064 0.39030105 1.0754331  2.2557063 ]
 [3.0480297  2.6646485  2.5249538  0.00625282]
 [0.14980188 0.01901781 0.44535074 2.2666447 ]
 [0.0882025  0.23884638 0.33652395 2.2912695 ]]

✔️ Gating k-means converged after 2 iterations
Average expert losses per cluster: 
[[0.02424802 0.39028293 1.0758966  2.2566414 ]
 [3.0493138  2.6651256  2.5256104  0.00618016]
 [0.14935294 0.01895959 0.44524318 2.2669647 ]
 [0.08821671 0.2405416  0.33624026 2.2904165 ]]

✔️ Gating k-means converged after 1 iterations
Average expert losses per cluster: 
[[0.02420216 0.38971767 1.0754097  2.2558475 ]
 [3.0591025  2.6664789  2.5263999  0.00617283]
 [0.15315282 0.01893558 0.44414255 2.266866  ]
 [0.08949468 0.24050093 0.33657917 2.2919548 ]]

✔️ Gating k-means converged after 1 iterations
Average expert losses per cluster: 
[[0.02332129 0.38710815 1.0731678  2.2570481 ]
 [3.0688074  2.672447   2.5292268  0.00603823]
 [0.14791322 0.01885619 0.44013324 2.2704403 ]
 [0.08865913 0.2389152  0.33945554 2.2964017 ]]

✔️ Gating k-means converged after 1 iterations
Average expert losses per cluster: 
[[0.02574874 0.38572073 1.0849218  2.2582104 ]
 [3.0499132  2.6758976  2.500634   0.00602437]
 [0.1307611  0.01881305 0.4579532  2.270757  ]
 [0.08466662 0.23799053 0.3523217  2.3005376 ]]

12:55:28      Epoch:   0      Batch:   0      OuterStep: 140      LossModel: 0.01898610     LossTerm2: 0.06636190     LossGates: 0.00000000      Time/Step(s): 6.0106Contributing envs to the losses:  [1 2 0 4 3]
Gate values for each environment (all envs): 
 [[0.17487434 0.17493093 0.47531182 0.17488295]
 [0.17479594 0.17491609 0.4753888  0.17489916]
 [0.17478105 0.17489283 0.47544774 0.17487834]
 [0.17483868 0.17489913 0.4753452  0.17491698]
 [0.1747317  0.17487296 0.47553638 0.17485897]
 [0.17483532 0.17493652 0.17486358 0.47536454]
 [0.17471568 0.17495175 0.17496502 0.47536758]
 [0.17488258 0.17482421 0.17488661 0.47540668]
 [0.17501855 0.17485379 0.17480284 0.47532484]
 [0.1749031  0.17487846 0.17486608 0.47535238]
 [0.17478824 0.47552428 0.1748647  0.17482276]
 [0.17482956 0.47533718 0.17491409 0.17491917]
 [0.17482269 0.475493   0.17487763 0.17480664]
 [0.17490342 0.47537792 0.1748648  0.17485388]
 [0.1747699  0.47546968 0.17493013 0.17483032]
 [0.475397   0.17484759 0.17487441 0.17488095]
 [0.47510076 0.1750049  0.17502664 0.17486772]
 [0.4755559  0.1747807  0.17479135 0.17487206]
 [0.47510946 0.1750493  0.17496035 0.17488085]
 [0.4754008  0.17482051 0.17487164 0.17490701]]
/home/benchmarking/ddrous.benchmarking/miniforge3/envs/jaxgpu/lib/python3.12/multiprocessing/popen_fork.py:66: RuntimeWarning: os.fork() was called. os.fork() is incompatible with multithreaded code, and JAX is multithreaded, so this will likely lead to a deadlock.
  self.pid = os.fork()
        Validation Criterion: 0.54115379
✔️ Gating k-means converged after 1 iterations
Average expert losses per cluster: 
[[0.02658461 0.38541374 1.0819805  2.2584321 ]
 [3.0478408  2.6767042  2.5059633  0.00608868]
 [0.12840405 0.01876699 0.4534974  2.2704246 ]
 [0.08423602 0.23784879 0.34272957 2.2999477 ]]

✔️ Gating k-means converged after 2 iterations
Average expert losses per cluster: 
[[0.02658782 0.3852472  1.0817623  2.2587492 ]
 [3.0480933  2.6768448  2.5064735  0.00604095]
 [0.1281585  0.01875885 0.45337543 2.2702172 ]
 [0.08410149 0.235417   0.34141105 2.301234  ]]

✔️ Gating k-means converged after 2 iterations
Average expert losses per cluster: 
[[0.02629279 0.3855424  1.0820019  2.2585602 ]
 [3.0488966  2.677286   2.506887   0.00601989]
 [0.1277827  0.01875012 0.45327646 2.270767  ]
 [0.08431808 0.2321885  0.3401899  2.3022058 ]]

✔️ Gating k-means converged after 1 iterations
Average expert losses per cluster: 
[[0.02714313 0.38543087 1.0793089  2.259095  ]
 [3.0463998  2.6778     2.5117958  0.00608132]
 [0.12563837 0.01877645 0.44932458 2.2693176 ]
 [0.08380567 0.23137486 0.3359073  2.3016121 ]]

✔️ Gating k-means converged after 1 iterations
Average expert losses per cluster: 
[[0.02757151 0.38413522 1.0719938  2.2601068 ]
 [3.0396428  2.6799908  2.5222917  0.00601512]
 [0.13821347 0.01870142 0.43739563 2.2718518 ]
 [0.07841077 0.2305117  0.3374163  2.3083482 ]]

✔️ Gating k-means converged after 1 iterations
Average expert losses per cluster: 
[[0.02367703 0.3831365  1.077361   2.2624056 ]
 [3.0528302  2.68208    2.5015     0.00587055]
 [0.13235536 0.01863264 0.44319034 2.2770426 ]
 [0.08028965 0.22951268 0.33169326 2.31529   ]]

✔️ Gating k-means converged after 1 iterations
Average expert losses per cluster: 
[[0.02313877 0.38294014 1.0778626  2.2626507 ]
 [3.059364   2.682771   2.4985921  0.00590116]
 [0.12656187 0.01862225 0.44411683 2.2761707 ]
 [0.08228296 0.22859898 0.33163196 2.3161488 ]]

✔️ Gating k-means converged after 2 iterations
Average expert losses per cluster: 
[[0.02303444 0.3834564  1.0778435  2.2622986 ]
 [3.0599952  2.6828296  2.498725   0.00588846]
 [0.12628707 0.01861312 0.44388127 2.2760541 ]
 [0.08254813 0.22670412 0.33183667 2.3157208 ]]

✔️ Gating k-means converged after 2 iterations
Average expert losses per cluster: 
[[0.02295722 0.38394365 1.0778296  2.262366  ]
 [3.0594146  2.6825602  2.4986954  0.00587286]
 [0.12574509 0.01860605 0.4436894  2.2764125 ]
 [0.08251607 0.22597551 0.33193964 2.316233  ]]

✔️ Gating k-means converged after 1 iterations
Average expert losses per cluster: 
[[0.02557635 0.38380536 1.0786892  2.2619643 ]
 [3.065605   2.6829617  2.4954734  0.00589668]
 [0.12102097 0.01858368 0.44441992 2.276183  ]
 [0.08531892 0.22562575 0.33176813 2.3155444 ]]

✔️ Gating k-means converged after 1 iterations
Average expert losses per cluster: 
[[0.03074284 0.383108   1.0802134  2.2635438 ]
 [3.0664704  2.6844199  2.4863641  0.00610136]
 [0.14371242 0.01851636 0.44544062 2.2706578 ]
 [0.08146326 0.22478724 0.33163434 2.3183167 ]]

✔️ Gating k-means converged after 1 iterations
Average expert losses per cluster: 
[[0.0331881  0.3822908  1.0745479  2.263765  ]
 [3.0881286  2.6849082  2.4945996  0.00636454]
 [0.12046441 0.01846689 0.4372258  2.267812  ]
 [0.09162665 0.22419885 0.3304673  2.3210514 ]]

✔️ Gating k-means converged after 1 iterations
Average expert losses per cluster: 
[[0.04812922 0.38216045 1.0741887  2.2639663 ]
 [3.092576   2.6851318  2.4946654  0.00618026]
 [0.11507972 0.01852153 0.436546   2.270205  ]
 [0.09647395 0.22432914 0.3302811  2.3224967 ]]

✔️ Gating k-means converged after 2 iterations
Average expert losses per cluster: 
[[0.04759889 0.38255084 1.0741248  2.263867  ]
 [3.0934823  2.6851666  2.4952714  0.00616512]
 [0.11488309 0.0185153  0.43641838 2.2705655 ]
 [0.09599896 0.2258772  0.32988754 2.3204296 ]]

✔️ Gating k-means converged after 2 iterations
Average expert losses per cluster: 
[[0.04658391 0.3829843  1.0740668  2.2635715 ]
 [3.0949361  2.6857986  2.496142   0.00606032]
 [0.11429335 0.01844701 0.43625543 2.2711408 ]
 [0.09554545 0.22773348 0.32941523 2.3195531 ]]

✔️ Gating k-means converged after 1 iterations
Average expert losses per cluster: 
[[0.06390799 0.3830841  1.0735059  2.2633743 ]
 [3.098313   2.6862495  2.4963887  0.00595281]
 [0.11031926 0.01842325 0.4356916  2.2729776 ]
 [0.10006721 0.22770183 0.32922572 2.320514  ]]

✔️ Gating k-means converged after 1 iterations
Average expert losses per cluster: 
[[0.02855912 0.38220343 1.0758678  2.2639005 ]
 [3.0367684  2.6887028  2.485508   0.00583997]
 [0.10148231 0.01835765 0.43997717 2.2789018 ]
 [0.08345502 0.22671442 0.3276696  2.3253272 ]]

✔️ Gating k-means converged after 1 iterations
Average expert losses per cluster: 
[[0.19703488 0.38209677 1.0742377  2.2649217 ]
 [2.9051077  2.690279   2.4838085  0.00605078]
 [0.13991785 0.01831159 0.4375678  2.2703667 ]
 [0.07316165 0.22600737 0.32577085 2.326212  ]]

✔️ Gating k-means converged after 1 iterations
Average expert losses per cluster: 
[[0.25309324 0.3821013  1.0741223  2.2647526 ]
 [2.886439   2.6910958  2.4836628  0.00617555]
 [0.15100834 0.01832468 0.43717366 2.2707672 ]
 [0.07737755 0.22609778 0.32554132 2.3274016 ]]

✔️ Gating k-means converged after 1 iterations
Average expert losses per cluster: 
[[0.25144768 0.3818863  1.0737754  2.2658556 ]
 [2.887746   2.6917033  2.4844398  0.00610463]
 [0.15110473 0.01833219 0.4369296  2.2711809 ]
 [0.07805394 0.22729205 0.32548502 2.3268409 ]]

✔️ Gating k-means converged after 2 iterations
Average expert losses per cluster: 
[[0.24391983 0.3804637  1.0740455  2.2677782 ]
 [2.8886478  2.6933055  2.485962   0.00606831]
 [0.1508617  0.01826655 0.43686995 2.2711637 ]
 [0.07864016 0.22806679 0.3254294  2.3257434 ]]

✔️ Gating k-means converged after 1 iterations
Average expert losses per cluster: 
[[0.13012198 0.38031116 1.0739303  2.268091  ]
 [2.9009683  2.6940994  2.4858925  0.00604287]
 [0.10794344 0.01824744 0.43651628 2.2701204 ]
 [0.06805661 0.22812168 0.3251452  2.3270147 ]]

✔️ Gating k-means converged after 1 iterations
Average expert losses per cluster: 
[[0.0744127  0.3794942  1.0731924  2.2691536 ]
 [3.080351   2.6956935  2.4851785  0.00587376]
 [0.08676483 0.01821743 0.43526992 2.2747273 ]
 [0.12617235 0.22703806 0.32429105 2.330571  ]]

✔️ Gating k-means converged after 1 iterations
Average expert losses per cluster: 
[[0.10204761 0.37881884 1.0695947  2.2697532 ]
 [3.2168465  2.697446   2.4891791  0.00574905]
 [0.12940364 0.01814642 0.42900753 2.2788196 ]
 [0.1699317  0.22603469 0.3229998  2.3357322 ]]

✔️ Gating k-means converged after 1 iterations
Average expert losses per cluster: 
[[0.03660251 0.37857533 1.0693871  2.2700102 ]
 [3.1506293  2.697951   2.4889114  0.00577044]
 [0.11904323 0.01814362 0.42810613 2.2799783 ]
 [0.13425887 0.22592798 0.3228868  2.3352184 ]]

✔️ Gating k-means converged after 1 iterations
Average expert losses per cluster: 
[[0.03615657 0.37902984 1.0691532  2.270753  ]
 [3.1520603  2.6985269  2.489433   0.00575303]
 [0.11863136 0.01810641 0.4279561  2.280756  ]
 [0.13405637 0.22632389 0.32281196 2.3355942 ]]

✔️ Gating k-means converged after 1 iterations
Average expert losses per cluster: 
[[0.0357392  0.37943205 1.0687774  2.2711368 ]
 [3.1521413  2.6987255  2.4897842  0.00570997]
 [0.11800366 0.01804573 0.42772552 2.2812822 ]
 [0.13399333 0.22664253 0.32273898 2.3367615 ]]

✔️ Gating k-means converged after 1 iterations
Average expert losses per cluster: 
[[0.02766664 0.37961835 1.0688518  2.2705994 ]
 [3.0917273  2.69888    2.4867647  0.00572313]
 [0.11366115 0.01803414 0.42789483 2.2817006 ]
 [0.10938587 0.22657461 0.32183203 2.3360202 ]]

✔️ Gating k-means converged after 1 iterations
Average expert losses per cluster: 
[[0.16725616 0.37870118 1.070157   2.2707975 ]
 [2.8999195  2.700573   2.476277   0.00572043]
 [0.10448339 0.0179867  0.42835647 2.2838078 ]
 [0.07382238 0.22532777 0.31962916 2.3367465 ]]

✔️ Gating k-means converged after 1 iterations
Average expert losses per cluster: 
[[0.1234827  0.37800795 1.0667783  2.27174   ]
 [2.9688852  2.7019508  2.4772232  0.00571023]
 [0.04850141 0.01795201 0.423135   2.2824814 ]
 [0.17705153 0.22457552 0.3167236  2.3375328 ]]

✔️ Gating k-means converged after 1 iterations
Average expert losses per cluster: 
[[0.17482571 0.3778904  1.066349   2.2712924 ]
 [2.9764633  2.7019331  2.477627   0.00572185]
 [0.05037633 0.01787689 0.42194062 2.278043  ]
 [0.20690548 0.2244393  0.31630313 2.3380458 ]]

✔️ Gating k-means converged after 2 iterations
Average expert losses per cluster: 
[[0.17152756 0.3787654  1.0658096  2.2710054 ]
 [2.9763415  2.701156   2.4773624  0.00574812]
 [0.04988041 0.01786072 0.42175436 2.278981  ]
 [0.20685124 0.22454576 0.3162597  2.3382554 ]]

✔️ Gating k-means converged after 2 iterations
Average expert losses per cluster: 
[[0.16877453 0.37970576 1.0654612  2.270396  ]
 [2.9762642  2.7006638  2.4773865  0.00570194]
 [0.04946037 0.01784173 0.42155504 2.2796535 ]
 [0.20633236 0.22572604 0.31599516 2.3373253 ]]

✔️ Gating k-means converged after 1 iterations
Average expert losses per cluster: 
[[0.16201723 0.3796651  1.0648178  2.2699337 ]
 [2.9937582  2.7009766  2.4776201  0.0058646 ]
 [0.0524857  0.01782634 0.42051885 2.2764218 ]
 [0.21065812 0.22579299 0.3156676  2.3379586 ]]

✔️ Gating k-means converged after 1 iterations
Average expert losses per cluster: 
[[0.04137583 0.37907347 1.0626594  2.270888  ]
 [3.0722845  2.70213    2.4789255  0.00580284]
 [0.07898461 0.0177402  0.4168554  2.2779126 ]
 [0.16873884 0.22501472 0.31489345 2.3387256 ]]

✔️ Gating k-means converged after 1 iterations
Average expert losses per cluster: 
[[0.09993004 0.3781143  1.0637176  2.2713666 ]
 [3.1160553  2.70367    2.4712799  0.00566574]
 [0.14725475 0.01765615 0.4178966  2.2870395 ]
 [0.1391137  0.22408834 0.3122305  2.3453112 ]]

✔️ Gating k-means converged after 1 iterations
Average expert losses per cluster: 
[[0.12991594 0.37803632 1.0643548  2.2718563 ]
 [3.1222644  2.7039359  2.4666684  0.00565331]
 [0.16297886 0.0176539  0.41882563 2.2851665 ]
 [0.13893472 0.22404757 0.3117538  2.3451378 ]]

✔️ Gating k-means converged after 2 iterations
Average expert losses per cluster: 
[[0.1309926  0.3784805  1.064346   2.272188  ]
 [3.1220348  2.7034945  2.466396   0.00563025]
 [0.16209923 0.01764724 0.41856918 2.2865276 ]
 [0.13867556 0.225402   0.31163344 2.3444757 ]]

✔️ Gating k-means converged after 2 iterations
Average expert losses per cluster: 
[[0.12997134 0.37831637 1.0639889  2.27226   ]
 [3.1213112  2.7030709  2.4661744  0.00563715]
 [0.16185595 0.01760713 0.4184309  2.2860982 ]
 [0.13861345 0.22695804 0.31155774 2.3433242 ]]

✔️ Gating k-means converged after 1 iterations
Average expert losses per cluster: 
[[0.08444192 0.37797782 1.0648087  2.272268  ]
 [3.1192176  2.7032158  2.4619834  0.00571934]
 [0.14052324 0.0176054  0.41928872 2.284229  ]
 [0.14477041 0.22717996 0.31206003 2.342343  ]]

✔️ Gating k-means converged after 1 iterations
Average expert losses per cluster: 
[[0.06317704 0.37702432 1.065144   2.2740142 ]
 [3.1344464  2.7044716  2.4552667  0.00623655]
 [0.093832   0.01753097 0.41840068 2.2751577 ]
 [0.23423953 0.22640136 0.31165168 2.3411267 ]]

✔️ Gating k-means converged after 1 iterations
Average expert losses per cluster: 
[[0.03397209 0.37644374 1.0568691  2.2742558 ]
 [3.114974   2.7059498  2.4778795  0.00688296]
 [0.13140057 0.01749671 0.40530404 2.270794  ]
 [0.16023116 0.22570026 0.31866083 2.3419926 ]]

✔️ Gating k-means converged after 1 iterations
Average expert losses per cluster: 
[[0.05802072 0.37610695 1.055549   2.2734694 ]
 [3.1134858  2.7061203  2.4812775  0.0062969 ]
 [0.15211466 0.01748631 0.4035127  2.2753072 ]
 [0.14698336 0.22580564 0.32343814 2.3421996 ]]

✔️ Gating k-means converged after 2 iterations
Average expert losses per cluster: 
[[0.05620616 0.37487873 1.0553159  2.2746353 ]
 [3.1131136  2.706183   2.4813254  0.00624804]
 [0.15179288 0.01747626 0.4034462  2.2753818 ]
 [0.14604287 0.22899175 0.32153633 2.3414538 ]]

✔️ Gating k-means converged after 2 iterations
Average expert losses per cluster: 
[[0.05470035 0.37433988 1.0553964  2.275277  ]
 [3.1147046  2.7081091  2.4823937  0.00618684]
 [0.1514782  0.01743889 0.40334684 2.2765884 ]
 [0.14496937 0.23289171 0.31939936 2.3406866 ]]

✔️ Gating k-means converged after 1 iterations
Average expert losses per cluster: 
[[0.08995851 0.37376672 1.0544335  2.2747903 ]
 [3.1123652  2.7088742  2.4855144  0.00585042]
 [0.17443676 0.01743432 0.40171286 2.2788637 ]
 [0.13743882 0.23340492 0.32377073 2.340045  ]]

✔️ Gating k-means converged after 1 iterations
Average expert losses per cluster: 
[[0.04326551 0.37315008 1.060695   2.274554  ]
 [3.1098354  2.7103317  2.462005   0.00563427]
 [0.15342109 0.01736435 0.41207114 2.2846558 ]
 [0.15348326 0.2328618  0.30632886 2.3436174 ]]

✔️ Gating k-means converged after 1 iterations
Average expert losses per cluster: 
[[0.02935495 0.37258077 1.0582036  2.2766914 ]
 [3.1078286  2.7113001  2.4667     0.00610394]
 [0.14558423 0.01732439 0.40881005 2.2784173 ]
 [0.16673225 0.23239325 0.30335575 2.3479278 ]]

✔️ Gating k-means converged after 1 iterations
Average expert losses per cluster: 
[[0.02789592 0.37240458 1.0569775  2.2772148 ]
 [3.1082554  2.7119713  2.4699874  0.00596888]
 [0.14378473 0.0173237  0.4069565  2.2792957 ]
 [0.168113   0.23308325 0.30238318 2.3479614 ]]

✔️ Gating k-means converged after 2 iterations
Average expert losses per cluster: 
[[0.02727961 0.37170735 1.0573372  2.2774656 ]
 [3.109219   2.7136588  2.4709628  0.00588071]
 [0.14388333 0.01732063 0.40687257 2.2790654 ]
 [0.16697161 0.23679166 0.30190042 2.34712   ]]

✔️ Gating k-means converged after 2 iterations
Average expert losses per cluster: 
[[0.02673225 0.37120315 1.0580477  2.2774684 ]
 [3.1110408  2.7153277  2.4718237  0.00581546]
 [0.14356257 0.0173073  0.40683612 2.27938   ]
 [0.16603822 0.23935945 0.30170342 2.3463972 ]]

✔️ Gating k-means converged after 1 iterations
Average expert losses per cluster: 
[[0.02594705 0.37099156 1.0566981  2.2773685 ]
 [3.1107783  2.7156484  2.4757793  0.0057872 ]
 [0.14243771 0.01727625 0.40420994 2.2820225 ]
 [0.16748007 0.23971353 0.30073962 2.3473    ]]

✔️ Gating k-means converged after 1 iterations
Average expert losses per cluster: 
[[0.0240233  0.37044796 1.0545701  2.2773368 ]
 [3.1370008  2.7171695  2.4746292  0.00561263]
 [0.1502314  0.01722948 0.40015125 2.2850199 ]
 [0.1902423  0.23908857 0.29926202 2.3507621 ]]

✔️ Gating k-means converged after 1 iterations
Average expert losses per cluster: 
[[0.02364121 0.3697663  1.0586892  2.2780216 ]
 [3.1548555  2.7178986  2.4554493  0.0056167 ]
 [0.17504553 0.01717802 0.4044908  2.2815778 ]
 [0.19398203 0.23877504 0.2991779  2.351875  ]]

✔️ Gating k-means converged after 1 iterations
Average expert losses per cluster: 
[[0.02372276 0.36980876 1.0593033  2.2785652 ]
 [3.1545577  2.7181826  2.4528055  0.0056746 ]
 [0.17773521 0.01714067 0.40512475 2.2820868 ]
 [0.19393085 0.23903687 0.30103382 2.3530068 ]]

✔️ Gating k-means converged after 1 iterations
Average expert losses per cluster: 
[[0.02349745 0.36981502 1.0598282  2.2776859 ]
 [3.155315   2.7193177  2.4534605  0.00563192]
 [0.17752191 0.01718035 0.40501857 2.2819662 ]
 [0.19348544 0.23978506 0.30116424 2.3526409 ]]

✔️ Gating k-means converged after 2 iterations
Average expert losses per cluster: 
[[0.02329621 0.36949652 1.0603431  2.2781534 ]
 [3.1557975  2.7201757  2.4538972  0.00564454]
 [0.17748135 0.01715221 0.40494868 2.282023  ]
 [0.19358721 0.23773575 0.29971144 2.352453  ]]

✔️ Gating k-means converged after 1 iterations
Average expert losses per cluster: 
[[0.02341262 0.36947522 1.0610496  2.2788372 ]
 [3.1558414  2.7203264  2.451618   0.00568123]
 [0.17980917 0.01716103 0.40552554 2.2818277 ]
 [0.19378841 0.23720849 0.30097723 2.353258  ]]

✔️ Gating k-means converged after 1 iterations
Average expert losses per cluster: 
[[0.0223991  0.3692257  1.0546407  2.2798371 ]
 [3.1494107  2.7209663  2.4677935  0.00566617]
 [0.18481229 0.01711771 0.3960016  2.2838707 ]
 [0.19709001 0.23709856 0.29589942 2.3613062 ]]

✔️ Gating k-means converged after 1 iterations
Average expert losses per cluster: 
[[0.02182322 0.3688552  1.0496392  2.2804496 ]
 [3.146143   2.7218406  2.482872   0.00551954]
 [0.19006792 0.01712249 0.38834912 2.285736  ]
 [0.20042582 0.2366343  0.31687722 2.3638585 ]]

12:56:27      Epoch:   0      Batch:   0      OuterStep: 150      LossModel: 0.01714979     LossTerm2: 0.04328824     LossGates: 0.00000000      Time/Step(s): 5.3210Contributing envs to the losses:  [18 15 16 19 17]
Gate values for each environment (all envs): 
 [[0.17484392 0.17491543 0.47547776 0.17476285]
 [0.17495732 0.17480761 0.47529775 0.1749374 ]
 [0.17493607 0.17488544 0.47533345 0.17484498]
 [0.17473382 0.17493725 0.47550234 0.17482659]
 [0.17490111 0.17489907 0.4753834  0.17481647]
 [0.17500512 0.17465879 0.17472214 0.47561392]
 [0.17478189 0.17488416 0.17486222 0.4754718 ]
 [0.17486341 0.1748292  0.17490819 0.4753992 ]
 [0.17482248 0.17491658 0.17494859 0.4753123 ]
 [0.17481479 0.17485525 0.17485693 0.47547308]
 [0.17477658 0.47551072 0.17489216 0.17482051]
 [0.17494492 0.47535723 0.17482656 0.1748713 ]
 [0.17476363 0.47555557 0.17486927 0.1748116 ]
 [0.17488857 0.4753791  0.17489359 0.1748387 ]
 [0.17478238 0.475478   0.17489158 0.1748481 ]
 [0.47541508 0.17484975 0.17486268 0.17487243]
 [0.47559887 0.17478158 0.17477779 0.17484173]
 [0.47535738 0.17490399 0.17488621 0.17485243]
 [0.47535077 0.1749459  0.17491437 0.174789  ]
 [0.4750612  0.17498343 0.17502482 0.17493054]]
/home/benchmarking/ddrous.benchmarking/miniforge3/envs/jaxgpu/lib/python3.12/multiprocessing/popen_fork.py:66: RuntimeWarning: os.fork() was called. os.fork() is incompatible with multithreaded code, and JAX is multithreaded, so this will likely lead to a deadlock.
  self.pid = os.fork()
        Validation Criterion: 0.46601978
✔️ Gating k-means converged after 1 iterations
Average expert losses per cluster: 
[[0.02182242 0.3687187  1.0491171  2.2802405 ]
 [3.147132   2.7217126  2.485173   0.0055332 ]
 [0.19431539 0.01709206 0.38729784 2.2853923 ]
 [0.19941202 0.23623593 0.3223147  2.3633544 ]]

✔️ Gating k-means converged after 1 iterations
Average expert losses per cluster: 
[[0.02169235 0.36886352 1.0496383  2.2798352 ]
 [3.148162   2.721839   2.4852908  0.00553807]
 [0.19410168 0.01707533 0.38735294 2.285106  ]
 [0.19919498 0.23616014 0.32277158 2.3632605 ]]

✔️ Gating k-means converged after 2 iterations
Average expert losses per cluster: 
[[0.02166678 0.36906767 1.0498549  2.280512  ]
 [3.1481192  2.7217999  2.4853575  0.00552975]
 [0.19361065 0.01708945 0.3872876  2.286912  ]
 [0.19862899 0.23753066 0.32142323 2.363145  ]]

✔️ Gating k-means converged after 1 iterations
Average expert losses per cluster: 
[[0.02170887 0.36903864 1.0495335  2.27986   ]
 [3.148999   2.7219176  2.4872615  0.00553099]
 [0.19763465 0.01709586 0.38631287 2.2854733 ]
 [0.19789022 0.23773375 0.32593596 2.3628187 ]]

✔️ Gating k-means converged after 1 iterations
Average expert losses per cluster: 
[[0.02203627 0.36870146 1.051666   2.2811909 ]
 [3.158261   2.7226002  2.476456   0.00569007]
 [0.21852939 0.01702482 0.3896226  2.2845821 ]
 [0.19575992 0.23753238 0.30562708 2.3652847 ]]

✔️ Gating k-means converged after 1 iterations
Average expert losses per cluster: 
[[0.02099328 0.36839125 1.0828379  2.2811706 ]
 [3.1544974  2.7229755  2.3873935  0.00556605]
 [0.22181387 0.01700245 0.43009692 2.2859275 ]
 [0.197794   0.2373104  0.5835316  2.3659923 ]]

✔️ Gating k-means converged after 1 iterations
Average expert losses per cluster: 
[[0.02103989 0.3684277  1.0723385  2.280086  ]
 [3.1535168  2.722893   2.4135075  0.0055256 ]
 [0.22126947 0.0170078  0.41932008 2.2864637 ]
 [0.19794951 0.23742583 0.4120379  2.3665526 ]]

✔️ Gating k-means converged after 2 iterations
Average expert losses per cluster: 
[[0.02096951 0.36859474 1.0725237  2.2807927 ]
 [3.153692   2.7224283  2.4135222  0.00547856]
 [0.22092524 0.01699267 0.4191308  2.2872472 ]
 [0.19907053 0.23515235 0.4053087  2.3667836 ]]

✔️ Gating k-means converged after 2 iterations
Average expert losses per cluster: 
[[0.02083172 0.3687385  1.0726099  2.2801082 ]
 [3.1537101  2.7218473  2.413529   0.00556752]
 [0.22135134 0.01701443 0.4190204  2.2867289 ]
 [0.20768301 0.2202007  0.36667675 2.3681045 ]]

✔️ Gating k-means converged after 2 iterations
Average expert losses per cluster: 
[[0.0208445  0.3687137  1.063888   2.280062  ]
 [3.1525216  2.7218258  2.4379566  0.00549098]
 [0.22248021 0.01700821 0.41008195 2.2875464 ]
 [0.20844007 0.21686946 0.30936143 2.368838  ]]

✔️ Gating k-means converged after 1 iterations
Average expert losses per cluster: 
[[0.02079124 0.36863792 1.0408173  2.279578  ]
 [3.150299   2.7223816  2.5119479  0.00544639]
 [0.23110342 0.01697543 0.38539848 2.2919624 ]
 [0.20272732 0.21678178 0.39387438 2.3701866 ]]

✔️ Gating k-means converged after 1 iterations
Average expert losses per cluster: 
[[0.02173181 0.36834034 1.0455787  2.2793972 ]
 [3.1655324  2.7229888  2.4968822  0.00550086]
 [0.25309935 0.01696192 0.39919528 2.294877  ]
 [0.20171061 0.21653128 0.35706425 2.3692863 ]]

✔️ Gating k-means converged after 2 iterations
Average expert losses per cluster: 
[[0.02200921 0.36828014 1.0515412  2.2801003 ]
 [3.1680508  2.7233849  2.4777582  0.0054876 ]
 [0.2570021  0.01692148 0.4097421  2.2941332 ]
 [0.20391093 0.21350704 0.31889102 2.3700101 ]]

✔️ Gating k-means converged after 2 iterations
Average expert losses per cluster: 
[[0.02193123 0.36839196 1.0516351  2.279882  ]
 [3.168445   2.7228568  2.4778552  0.0055089 ]
 [0.2566094  0.01693046 0.40976286 2.2944095 ]
 [0.21076487 0.20374107 0.32725474 2.371172  ]]

✔️ Gating k-means converged after 2 iterations
Average expert losses per cluster: 
[[0.02179408 0.3684207  1.0517896  2.2801602 ]
 [3.1678236  2.7225225  2.4776516  0.00547964]
 [0.25663772 0.01693824 0.4097167  2.2943478 ]
 [0.21318756 0.20031273 0.3299457  2.3722298 ]]

✔️ Gating k-means converged after 1 iterations
Average expert losses per cluster: 
[[0.02209708 0.3684101  1.0575289  2.279802  ]
 [3.16915    2.72204    2.4612567  0.00547315]
 [0.25972527 0.01692211 0.41939375 2.2952998 ]
 [0.21331418 0.19999795 0.30791923 2.3719232 ]]

✔️ Gating k-means converged after 1 iterations
Average expert losses per cluster: 
[[0.02336722 0.367825   1.0781189  2.2819765 ]
 [3.1783435  2.7233932  2.412959   0.00584468]
 [0.27235812 0.0168308  0.45262915 2.2840202 ]
 [0.21358263 0.19976231 0.3304421  2.37352   ]]

✔️ Gating k-means converged after 1 iterations
Average expert losses per cluster: 
[[0.02423692 0.36730862 1.0775783  2.2827685 ]
 [3.1831956  2.7243104  2.4129102  0.0055585 ]
 [0.27947912 0.01677226 0.45444712 2.2900748 ]
 [0.21405569 0.19953416 0.33463106 2.3785071 ]]

✔️ Gating k-means converged after 1 iterations
Average expert losses per cluster: 
[[0.02431089 0.36727482 1.0733817  2.2836957 ]
 [3.1839287  2.7239506  2.4204457  0.00548078]
 [0.28035125 0.01679852 0.4493323  2.2934341 ]
 [0.21368034 0.19918458 0.320601   2.3800762 ]]

✔️ Gating k-means converged after 1 iterations
Average expert losses per cluster: 
[[0.02400596 0.36741993 1.0735587  2.2834477 ]
 [3.1825664  2.7218177  2.4194894  0.00555776]
 [0.27981278 0.01676172 0.44912535 2.2936287 ]
 [0.21467121 0.19830202 0.32035965 2.3798003 ]]

✔️ Gating k-means converged after 2 iterations
Average expert losses per cluster: 
[[0.02394334 0.367454   1.0738173  2.2838154 ]
 [3.1819093  2.720863   2.4191046  0.00555382]
 [0.2798272  0.0167479  0.44905367 2.293754  ]
 [0.21641123 0.1961177  0.3188927  2.3788633 ]]

✔️ Gating k-means converged after 1 iterations
Average expert losses per cluster: 
[[0.0217234  0.36721197 1.0702777  2.2842443 ]
 [3.1757677  2.720643   2.426308   0.00548252]
 [0.2730689  0.01674421 0.4445059  2.295654  ]
 [0.21809553 0.19571233 0.310119   2.3805063 ]]

✔️ Gating k-means converged after 1 iterations
Average expert losses per cluster: 
[[0.02091813 0.36690527 1.0572653  2.2827816 ]
 [3.1545525  2.7216842  2.4534633  0.0054918 ]
 [0.24831975 0.01672191 0.4285234  2.2929194 ]
 [0.22378373 0.1955076  0.3002084  2.3751855 ]]

✔️ Gating k-means converged after 1 iterations
Average expert losses per cluster: 
[[0.02560073 0.3664749  1.0518508  2.2828822 ]
 [3.142763   2.722353   2.4647248  0.00555635]
 [0.23594227 0.01664197 0.42196724 2.2915072 ]
 [0.22835115 0.19527487 0.30477569 2.3743389 ]]

✔️ Gating k-means converged after 1 iterations
Average expert losses per cluster: 
[[0.02649337 0.3663961  1.0515964  2.283098  ]
 [3.1406572  2.722545   2.4655232  0.00555939]
 [0.23419292 0.01663984 0.42132235 2.2919676 ]
 [0.22865658 0.19532117 0.30535468 2.3741033 ]]

✔️ Gating k-means converged after 2 iterations
Average expert losses per cluster: 
[[0.02656372 0.3663819  1.0516146  2.2831337 ]
 [3.1407533  2.7223563  2.4654806  0.00553838]
 [0.23384674 0.01665074 0.4212997  2.2914288 ]
 [0.22640796 0.19810824 0.30300912 2.3724031 ]]

✔️ Gating k-means converged after 2 iterations
Average expert losses per cluster: 
[[0.02645097 0.3665013  1.051838   2.2833488 ]
 [3.1404579  2.7222977  2.4655476  0.00555507]
 [0.2335027  0.01658178 0.42120838 2.2921574 ]
 [0.2246338  0.20061456 0.30089036 2.3736582 ]]

✔️ Gating k-means converged after 1 iterations
Average expert losses per cluster: 
[[0.0273117  0.3667048  1.0518405  2.2829678 ]
 [3.13909    2.7223828  2.4641063  0.00553692]
 [0.23167427 0.01660984 0.42170534 2.2917929 ]
 [0.22460885 0.20091692 0.29955932 2.3731437 ]]

✔️ Gating k-means converged after 1 iterations
Average expert losses per cluster: 
[[0.03112605 0.36610496 1.0558199  2.283819  ]
 [3.1333385  2.7232006  2.448538   0.00554772]
 [0.2260919  0.01652217 0.42714125 2.294391  ]
 [0.226758   0.20077324 0.29274508 2.3743694 ]]

✔️ Gating k-means converged after 1 iterations
Average expert losses per cluster: 
[[0.02851209 0.3658061  1.0594345  2.2844777 ]
 [3.1557777  2.7242455  2.4334376  0.00548119]
 [0.27714735 0.01647352 0.43244955 2.2963517 ]
 [0.19576965 0.20060492 0.29339316 2.3762918 ]]

✔️ Gating k-means converged after 1 iterations
Average expert losses per cluster: 
[[0.03064292 0.365805   1.0602129  2.2851586 ]
 [3.1639514  2.7241287  2.4312203  0.00543184]
 [0.28592566 0.01647511 0.4332175  2.296762  ]
 [0.19764732 0.20098522 0.29416296 2.3772204 ]]

✔️ Gating k-means converged after 1 iterations
Average expert losses per cluster: 
[[0.03068171 0.3659026  1.0600373  2.2844727 ]
 [3.1643264  2.7242143  2.4314518  0.00541095]
 [0.28570268 0.016428   0.4330154  2.297076  ]
 [0.1969221  0.20219198 0.2940864  2.3780708 ]]

✔️ Gating k-means converged after 2 iterations
Average expert losses per cluster: 
[[0.0305883  0.36583883 1.0601896  2.285652  ]
 [3.1647134  2.7242339  2.4315557  0.00544986]
 [0.28485367 0.01644716 0.43284607 2.2970872 ]
 [0.1958077  0.20336533 0.2938022  2.3767838 ]]

✔️ Gating k-means converged after 1 iterations
Average expert losses per cluster: 
[[0.03291071 0.36585602 1.0607345  2.2851105 ]
 [3.172285   2.7243822  2.4297988  0.00544215]
 [0.29350066 0.01642733 0.4335351  2.297457  ]
 [0.19733348 0.20362218 0.2946926  2.3766723 ]]

✔️ Gating k-means converged after 1 iterations
Average expert losses per cluster: 
[[0.02162676 0.36528397 1.0626405  2.2853754 ]
 [3.1854749  2.726064   2.4226844  0.00549717]
 [0.2743365  0.01635053 0.43616277 2.2964094 ]
 [0.23191856 0.20341285 0.29965955 2.375602  ]]

✔️ Gating k-means converged after 1 iterations
Average expert losses per cluster: 
[[0.02286747 0.36499426 1.057825   2.284874  ]
 [3.138804   2.7273293  2.4320538  0.00560613]
 [0.26364508 0.01633056 0.42903858 2.2932086 ]
 [0.1913697  0.2034097  0.28913423 2.3728147 ]]

✔️ Gating k-means converged after 1 iterations
Average expert losses per cluster: 
[[0.02535794 0.364702   1.0557219  2.2847416 ]
 [3.1311169  2.7278109  2.4370942  0.00557511]
 [0.26328304 0.0163043  0.4257047  2.2939484 ]
 [0.1851459  0.20358424 0.28613693 2.373577  ]]

✔️ Gating k-means converged after 2 iterations
Average expert losses per cluster: 
[[0.02516482 0.36468586 1.0557317  2.284664  ]
 [3.1313317  2.7277966  2.4374306  0.00557824]
 [0.26295725 0.0162509  0.4256261  2.2940154 ]
 [0.18393567 0.20527422 0.28580505 2.3716075 ]]

✔️ Gating k-means converged after 2 iterations
Average expert losses per cluster: 
[[0.02491249 0.36451015 1.0558532  2.2849858 ]
 [3.1323903  2.72832    2.437828   0.00559782]
 [0.26220378 0.01631971 0.42548695 2.2938383 ]
 [0.18287107 0.20711207 0.28526103 2.3712423 ]]

✔️ Gating k-means converged after 1 iterations
Average expert losses per cluster: 
[[0.02363656 0.3644452  1.0537486  2.2851696 ]
 [3.1349285  2.7284296  2.442516   0.00550088]
 [0.26396894 0.0162662  0.42261744 2.2951179 ]
 [0.18441412 0.20751333 0.2834885  2.3705575 ]]

✔️ Gating k-means converged after 1 iterations
Average expert losses per cluster: 
[[0.02041088 0.36423922 1.0473437  2.2861438 ]
 [3.1723104  2.73029    2.4576814  0.0053656 ]
 [0.276022   0.01625576 0.41287613 2.2986684 ]
 [0.21455602 0.20748477 0.28540683 2.372322  ]]

✔️ Gating k-means converged after 1 iterations
Average expert losses per cluster: 
[[0.02322928 0.3638355  1.0454818  2.2861187 ]
 [3.1549554  2.731229   2.4607244  0.00537277]
 [0.28704634 0.01623916 0.40958697 2.2991207 ]
 [0.18704565 0.20738196 0.2865827  2.3751402 ]]

✔️ Gating k-means converged after 1 iterations
Average expert losses per cluster: 
[[0.02466089 0.36377484 1.045055   2.2864444 ]
 [3.1511822  2.7315655  2.4611695  0.00545061]
 [0.28723687 0.01620219 0.4090694  2.2967052 ]
 [0.18312445 0.20773542 0.28666663 2.3728323 ]]

✔️ Gating k-means converged after 2 iterations
Average expert losses per cluster: 
[[0.02442362 0.3635058  1.0451386  2.2868423 ]
 [3.1515946  2.732394   2.4615636  0.00542718]
 [0.2872258  0.0161787  0.4090065  2.297309  ]
 [0.18175629 0.20981362 0.28536797 2.3726616 ]]

✔️ Gating k-means converged after 2 iterations
Average expert losses per cluster: 
[[0.02428878 0.3634977  1.0451372  2.2871056 ]
 [3.152519   2.7326372  2.4617493  0.00545063]
 [0.28674003 0.01618755 0.4090104  2.297524  ]
 [0.17995973 0.2128967  0.28323373 2.3712418 ]]

✔️ Gating k-means converged after 1 iterations
Average expert losses per cluster: 
[[0.0257157  0.36330882 1.0449448  2.2870672 ]
 [3.1490924  2.7330952  2.4623668  0.00552723]
 [0.2877428  0.01616328 0.40855718 2.2949288 ]
 [0.1762818  0.2140485  0.28249383 2.371659  ]]

✔️ Gating k-means converged after 1 iterations
Average expert losses per cluster: 
[[0.02025405 0.3631887  1.0476943  2.2877355 ]
 [3.1478174  2.7340715  2.4481103  0.00590505]
 [0.27993166 0.01616328 0.4132553  2.2900834 ]
 [0.18118094 0.2140461  0.27465075 2.3714037 ]]

✔️ Gating k-means converged after 1 iterations
Average expert losses per cluster: 
[[0.01887382 0.36268088 1.0509878  2.2877522 ]
 [3.1618166  2.735335   2.4351938  0.00532183]
 [0.28561458 0.01609717 0.41813716 2.2999122 ]
 [0.19176911 0.21405688 0.27628157 2.3748653 ]]

✔️ Gating k-means converged after 1 iterations
Average expert losses per cluster: 
[[0.01892318 0.3627072  1.0513954  2.2876186 ]
 [3.1646178  2.735504   2.4330826  0.00535135]
 [0.29002833 0.0161282  0.41889587 2.3005862 ]
 [0.18997501 0.21507452 0.27737755 2.3748968 ]]

✔️ Gating k-means converged after 2 iterations
Average expert losses per cluster: 
[[0.01882609 0.36262214 1.0514358  2.2878582 ]
 [3.1644053  2.734945   2.4330528  0.0053795 ]
 [0.290099   0.01610386 0.41886425 2.3010156 ]
 [0.1870113  0.219116   0.27764508 2.3732102 ]]

✔️ Gating k-means converged after 2 iterations
Average expert losses per cluster: 
[[0.01878897 0.36278906 1.0513047  2.2880642 ]
 [3.163519   2.7335567  2.4328353  0.0053712 ]
 [0.29107255 0.01611647 0.41883603 2.3025913 ]
 [0.18545096 0.22162877 0.27805355 2.3723636 ]]

✔️ Gating k-means converged after 1 iterations
Average expert losses per cluster: 
[[0.01901357 0.36278653 1.0505955  2.2879803 ]
 [3.1659245  2.733382   2.4344306  0.00533438]
 [0.2938804  0.01612794 0.41739225 2.3024175 ]
 [0.18458875 0.2219808  0.27560186 2.372537  ]]

✔️ Gating k-means converged after 1 iterations
Average expert losses per cluster: 
[[0.0191386  0.3627309  1.0449598  2.2883909 ]
 [3.1621091  2.7340627  2.447054   0.00532637]
 [0.29653555 0.01608434 0.40808806 2.3036346 ]
 [0.18018095 0.22204088 0.26667425 2.3730133 ]]

✔️ Gating k-means converged after 1 iterations
Average expert losses per cluster: 
[[0.01869377 0.3625133  1.0407641  2.2886817 ]
 [3.1509576  2.734853   2.4557042  0.0053279 ]
 [0.28834423 0.01607946 0.40034398 2.303003  ]
 [0.17854375 0.22202635 0.2667558  2.3732052 ]]

✔️ Gating k-means converged after 1 iterations
Average expert losses per cluster: 
[[0.01868332 0.36246657 1.0401363  2.2883232 ]
 [3.1519961  2.7344089  2.4567688  0.00541597]
 [0.2888578  0.0160506  0.3993278  2.3005764 ]
 [0.17702699 0.22232585 0.26698357 2.371518  ]]

✔️ Gating k-means converged after 1 iterations
Average expert losses per cluster: 
[[0.01865617 0.36265555 1.0402597  2.2879293 ]
 [3.150005   2.7338226  2.4566333  0.00546768]
 [0.2886083  0.01603481 0.39933524 2.2984273 ]
 [0.17640455 0.22382389 0.2663268  2.3727682 ]]

✔️ Gating k-means converged after 2 iterations
Average expert losses per cluster: 
[[0.0186334  0.36277512 1.0403627  2.2881505 ]
 [3.1495545  2.7331884  2.4567494  0.00547297]
 [0.28865156 0.01606947 0.39926383 2.2993515 ]
 [0.17428021 0.22683923 0.26455602 2.3703554 ]]

✔️ Gating k-means converged after 1 iterations
Average expert losses per cluster: 
[[0.01859734 0.3626583  1.0398673  2.288215  ]
 [3.149615   2.7336004  2.4577348  0.00566223]
 [0.2888875  0.01600437 0.39830872 2.2963858 ]
 [0.17303531 0.22724484 0.26466885 2.368874  ]]

✔️ Gating k-means converged after 1 iterations
Average expert losses per cluster: 
[[0.01867965 0.36256537 1.0401013  2.2896168 ]
 [3.1460972  2.7341695  2.4492068  0.005372  ]
 [0.2915001  0.01603267 0.39816433 2.3021095 ]
 [0.16908403 0.22737396 0.25846913 2.3731208 ]]

✔️ Gating k-means converged after 1 iterations
Average expert losses per cluster: 
[[0.01871121 0.36240193 1.0400227  2.290175  ]
 [3.163718   2.7351568  2.4369168  0.00553327]
 [0.30781874 0.01603023 0.3971692  2.3155267 ]
 [0.172099   0.22737864 0.25298142 2.378496  ]]

12:57:25      Epoch:   0      Batch:   0      OuterStep: 160      LossModel: 0.01862542     LossTerm2: 0.05463797     LossGates: 0.00000000      Time/Step(s): 6.2669Contributing envs to the losses:  [5 6 7 8 9]
Gate values for each environment (all envs): 
 [[0.17470993 0.17498939 0.47552747 0.1747732 ]
 [0.17490025 0.17489345 0.47539568 0.17481062]
 [0.17492911 0.17489219 0.47533745 0.17484124]
 [0.17490295 0.17491034 0.4752887  0.17489797]
 [0.17484841 0.17494914 0.47523594 0.17496644]
 [0.17481658 0.17494497 0.17496899 0.4752694 ]
 [0.17486407 0.17479321 0.17488827 0.47545442]
 [0.17487629 0.17490593 0.1748826  0.47533524]
 [0.17488025 0.17493242 0.17492194 0.47526532]
 [0.17498168 0.17483585 0.17478634 0.47539613]
 [0.17490567 0.47528502 0.17493013 0.17487915]
 [0.17480688 0.47541922 0.17493431 0.17483954]
 [0.1749351  0.4752886  0.17489879 0.17487751]
 [0.17493346 0.47524264 0.17490263 0.17492118]
 [0.17498958 0.47517347 0.17486256 0.1749744 ]
 [0.475372   0.17485677 0.17486995 0.1749013 ]
 [0.47507402 0.17504545 0.1749983  0.17488225]
 [0.47529107 0.17491913 0.17487854 0.17491123]
 [0.4752315  0.17495076 0.17491664 0.17490111]
 [0.4753633  0.17487314 0.17489755 0.17486599]]
/home/benchmarking/ddrous.benchmarking/miniforge3/envs/jaxgpu/lib/python3.12/multiprocessing/popen_fork.py:66: RuntimeWarning: os.fork() was called. os.fork() is incompatible with multithreaded code, and JAX is multithreaded, so this will likely lead to a deadlock.
  self.pid = os.fork()
        Validation Criterion: 0.44023615
✔️ Gating k-means converged after 1 iterations
Average expert losses per cluster: 
[[0.01872593 0.36241665 1.039728   2.289732  ]
 [3.1685927  2.7352035  2.4361446  0.00535738]
 [0.31213585 0.01598146 0.3961729  2.3110812 ]
 [0.1729065  0.2278995  0.25178248 2.3749557 ]]

✔️ Gating k-means converged after 2 iterations
Average expert losses per cluster: 
[[0.01870875 0.36241484 1.039358   2.2903209 ]
 [3.167193   2.7324846  2.435557   0.00527369]
 [0.31192526 0.01602207 0.3961843  2.3111115 ]
 [0.17170952 0.22982846 0.25144237 2.3753567 ]]

✔️ Gating k-means converged after 2 iterations
Average expert losses per cluster: 
[[0.01871618 0.36264965 1.0397075  2.2898977 ]
 [3.1656523  2.7291698  2.4348686  0.00529705]
 [0.311577   0.01597068 0.39614376 2.311416  ]
 [0.17062491 0.23156689 0.2511631  2.3745224 ]]

✔️ Gating k-means converged after 1 iterations
Average expert losses per cluster: 
[[0.01879983 0.3627204  1.0392687  2.2890096 ]
 [3.1694825  2.7284706  2.4341218  0.00547795]
 [0.314778   0.01598694 0.39530098 2.304897  ]
 [0.1714959  0.23206475 0.2500865  2.3707867 ]]

✔️ Gating k-means converged after 1 iterations
Average expert losses per cluster: 
[[0.01837653 0.36256307 1.0371854  2.2884192 ]
 [3.1646087  2.7285607  2.4337158  0.00547892]
 [0.3120601  0.01596802 0.39069706 2.302411  ]
 [0.16919044 0.23205486 0.24503052 2.3654773 ]]

✔️ Gating k-means converged after 1 iterations
Average expert losses per cluster: 
[[0.01832144 0.3624087  1.0331627  2.2888637 ]
 [3.1529183  2.7294064  2.44068    0.00535187]
 [0.30509517 0.01594992 0.38233265 2.3086705 ]
 [0.16421878 0.23217641 0.23868795 2.3670065 ]]

✔️ Gating k-means converged after 1 iterations
Average expert losses per cluster: 
[[0.01829368 0.36261263 1.0324829  2.2891042 ]
 [3.1514113  2.729144   2.4413872  0.00536533]
 [0.30388656 0.0159613  0.38090786 2.3080177 ]
 [0.16304813 0.23290233 0.23768659 2.3679934 ]]

✔️ Gating k-means converged after 2 iterations
Average expert losses per cluster: 
[[0.01830523 0.36253157 1.0325183  2.289344  ]
 [3.1502023  2.7266262  2.441112   0.00540897]
 [0.30377674 0.01596257 0.38091382 2.3082078 ]
 [0.16140439 0.23625295 0.23642102 2.365647  ]]

✔️ Gating k-means converged after 2 iterations
Average expert losses per cluster: 
[[0.01821437 0.36260387 1.0326331  2.2898688 ]
 [3.1500294  2.7252605  2.441015   0.00541335]
 [0.3034807  0.01593799 0.38089603 2.3074887 ]
 [0.16000736 0.23879679 0.23537591 2.3659308 ]]

✔️ Gating k-means converged after 1 iterations
Average expert losses per cluster: 
[[0.01825503 0.36265466 1.0318778  2.2896342 ]
 [3.1480882  2.7252512  2.4409714  0.00550617]
 [0.30239582 0.01593446 0.3794206  2.3076024 ]
 [0.1590246  0.23945753 0.23374525 2.3651917 ]]

✔️ Gating k-means converged after 1 iterations
Average expert losses per cluster: 
[[0.01844873 0.36261475 1.0294595  2.2909794 ]
 [3.1589494  2.7259672  2.4407494  0.00541237]
 [0.31383163 0.01594317 0.3740032  2.3110976 ]
 [0.1595037  0.23936248 0.22817676 2.3669126 ]]

✔️ Gating k-means converged after 1 iterations
Average expert losses per cluster: 
[[0.01843403 0.36241722 1.027961   2.290589  ]
 [3.1723745  2.726698   2.4395025  0.00532982]
 [0.32804856 0.01591006 0.37096092 2.31344   ]
 [0.16135705 0.2393649  0.22378635 2.3642023 ]]

✔️ Gating k-means converged after 1 iterations
Average expert losses per cluster: 
[[0.01835541 0.36249503 1.027667   2.2906234 ]
 [3.1731567  2.7264445  2.4382792  0.00529458]
 [0.32695758 0.01589774 0.3705258  2.312973  ]
 [0.16150664 0.23995464 0.22212258 2.3641243 ]]

✔️ Gating k-means converged after 2 iterations
Average expert losses per cluster: 
[[0.01834908 0.36236715 1.0279533  2.2902071 ]
 [3.172636   2.7253115  2.4380994  0.00528915]
 [0.32725143 0.01589979 0.37057114 2.31296   ]
 [0.16003977 0.24315727 0.22098969 2.3607242 ]]

✔️ Gating k-means converged after 2 iterations
Average expert losses per cluster: 
[[0.01838117 0.3624546  1.0278101  2.2902038 ]
 [3.171756   2.7238996  2.438045   0.00529253]
 [0.3263212  0.01589771 0.37063396 2.3136754 ]
 [0.15855888 0.24599579 0.22021675 2.3601105 ]]

✔️ Gating k-means converged after 1 iterations
Average expert losses per cluster: 
[[0.01820854 0.36235112 1.0276368  2.290669  ]
 [3.1720781  2.7238739  2.4370823  0.00530189]
 [0.3272329  0.01586787 0.36985973 2.314306  ]
 [0.15870969 0.24663873 0.21839097 2.3603628 ]]

✔️ Gating k-means converged after 1 iterations
Average expert losses per cluster: 
[[0.01819541 0.36218938 1.0258604  2.290789  ]
 [3.1457906  2.7245607  2.4334831  0.00534367]
 [0.30983374 0.01587245 0.36687198 2.3116167 ]
 [0.14843047 0.24674483 0.21468353 2.3582885 ]]

✔️ Gating k-means converged after 1 iterations
Average expert losses per cluster: 
[[0.01793328 0.3620782  1.0248114  2.2912905 ]
 [3.1563766  2.7255905  2.4314337  0.0053908 ]
 [0.31999215 0.01585892 0.36513156 2.313335  ]
 [0.14878343 0.24677816 0.2141168  2.3566253 ]]

✔️ Gating k-means converged after 1 iterations
Average expert losses per cluster: 
[[0.01793    0.3622342  1.024673   2.2908065 ]
 [3.1619956  2.7254238  2.431136   0.00537139]
 [0.32388636 0.01585662 0.36483017 2.313189  ]
 [0.1498247  0.24736054 0.21417789 2.3584108 ]]

✔️ Gating k-means converged after 2 iterations
Average expert losses per cluster: 
[[0.01786934 0.3621615  1.0246823  2.2912595 ]
 [3.1614525  2.7246695  2.4311004  0.00535365]
 [0.32383665 0.01585267 0.36492822 2.314048  ]
 [0.14882846 0.24918929 0.21415578 2.3575583 ]]

✔️ Gating k-means converged after 1 iterations
Average expert losses per cluster: 
[[0.01783597 0.36239153 1.0247713  2.2913864 ]
 [3.161504   2.7241533  2.4310553  0.00535498]
 [0.323473   0.01588074 0.36495653 2.3139188 ]
 [0.1484786  0.25002593 0.21418571 2.3575208 ]]

✔️ Gating k-means converged after 1 iterations
Average expert losses per cluster: 
[[0.01788206 0.36221024 1.024563   2.292133  ]
 [3.1666365  2.7241485  2.430825   0.00534674]
 [0.32809138 0.01581134 0.36473748 2.3153603 ]
 [0.14954233 0.25015974 0.2142779  2.3571923 ]]

✔️ Gating k-means converged after 1 iterations
Average expert losses per cluster: 
[[0.01798125 0.36203972 1.0241107  2.2925172 ]
 [3.1753643  2.7256675  2.4299767  0.00530829]
 [0.33701998 0.01580635 0.3639074  2.3166406 ]
 [0.1491323  0.2502892  0.21488987 2.359335  ]]

✔️ Gating k-means converged after 1 iterations
Average expert losses per cluster: 
[[0.01811032 0.3619605  1.0222133  2.292411  ]
 [3.1808736  2.7270143  2.4432886  0.00533817]
 [0.34213823 0.01579587 0.3581743  2.3156497 ]
 [0.14900443 0.25029036 0.20584536 2.3563876 ]]

✔️ Gating k-means converged after 1 iterations
Average expert losses per cluster: 
[[0.01794077 0.36176687 1.0220488  2.291672  ]
 [3.1744766  2.7269678  2.4453518  0.0053177 ]
 [0.33736742 0.01578874 0.3573834  2.3162649 ]
 [0.14683743 0.25050133 0.20809832 2.356541  ]]

✔️ Gating k-means converged after 2 iterations
Average expert losses per cluster: 
[[0.01791109 0.36200413 1.0219522  2.2924583 ]
 [3.1745005  2.727001   2.4454534  0.00531513]
 [0.3366827  0.01574323 0.35753438 2.3159544 ]
 [0.14601056 0.25237477 0.20701824 2.3552377 ]]

✔️ Gating k-means converged after 2 iterations
Average expert losses per cluster: 
[[0.01787809 0.36207095 1.0220343  2.2923367 ]
 [3.1751065  2.7269616  2.4454157  0.00535755]
 [0.33671856 0.01574921 0.35762072 2.3149595 ]
 [0.14492786 0.25521538 0.20596905 2.3528078 ]]

✔️ Gating k-means converged after 1 iterations
Average expert losses per cluster: 
[[0.0178503  0.3618005  1.0218735  2.2924054 ]
 [3.1686223  2.7272606  2.4472706  0.00526529]
 [0.3321671  0.01577793 0.3568753  2.3164005 ]
 [0.14286089 0.2558014  0.2079802  2.353917  ]]

✔️ Gating k-means converged after 1 iterations
Average expert losses per cluster: 
[[0.01782583 0.36200944 1.019827   2.29242   ]
 [3.1478255  2.7276802  2.4387994  0.00531969]
 [0.31695238 0.01575918 0.35466108 2.3158662 ]
 [0.1366695  0.25587064 0.19551487 2.354936  ]]

✔️ Gating k-means converged after 1 iterations
Average expert losses per cluster: 
[[0.01763939 0.36190277 1.0177367  2.293747  ]
 [3.1623394  2.7286434  2.4322824  0.00533221]
 [0.3290382  0.01571183 0.35191867 2.3154006 ]
 [0.13902132 0.25592685 0.2023383  2.3563254 ]]

✔️ Gating k-means converged after 1 iterations
Average expert losses per cluster: 
[[0.01759923 0.36177543 1.017559   2.293821  ]
 [3.1645224  2.7287407  2.4314735  0.00536482]
 [0.33138844 0.01567697 0.35150924 2.3158898 ]
 [0.1392139  0.25620547 0.20481627 2.355807  ]]

✔️ Gating k-means converged after 1 iterations
Average expert losses per cluster: 
[[0.01760971 0.3617181  1.0176116  2.294365  ]
 [3.1657383  2.7289057  2.4314818  0.00534818]
 [0.331277   0.01569869 0.35158277 2.3155556 ]
 [0.1387765  0.2560278  0.20449734 2.3554604 ]]

✔️ Gating k-means converged after 2 iterations
Average expert losses per cluster: 
[[0.01762974 0.36206204 1.0175809  2.2933726 ]
 [3.1650655  2.729585   2.4316106  0.00531972]
 [0.3308927  0.01572257 0.351605   2.3158069 ]
 [0.13924704 0.25329703 0.20318536 2.357248  ]]

✔️ Gating k-means converged after 1 iterations
Average expert losses per cluster: 
[[0.01756866 0.36181965 1.0169388  2.2940402 ]
 [3.1676717  2.7298188  2.4358883  0.00533589]
 [0.33318457 0.01571925 0.35002902 2.3161304 ]
 [0.13985248 0.25298068 0.19209303 2.357289  ]]

✔️ Gating k-means converged after 1 iterations
Average expert losses per cluster: 
[[0.01766528 0.36162338 1.0145656  2.294485  ]
 [3.1671588  2.7308185  2.4553564  0.00529426]
 [0.3339645  0.01569266 0.34210992 2.3181648 ]
 [0.1381822  0.25290582 0.18755005 2.3593118 ]]

✔️ Gating k-means converged after 1 iterations
Average expert losses per cluster: 
[[0.01753286 0.36153474 1.0106586  2.2943733 ]
 [3.1518981  2.731611   2.438648   0.00526923]
 [0.3235856  0.01563826 0.33817196 2.317814  ]
 [0.13314982 0.25319338 0.18255103 2.3592212 ]]

✔️ Gating k-means converged after 1 iterations
Average expert losses per cluster: 
[[0.0174599  0.36174172 1.0098019  2.2939408 ]
 [3.1529195  2.7319028  2.4351811  0.00522504]
 [0.32407722 0.01563991 0.33764148 2.3187225 ]
 [0.13330217 0.25232968 0.19630313 2.3603737 ]]

✔️ Gating k-means converged after 2 iterations
Average expert losses per cluster: 
[[0.01760445 0.3615974  1.0099372  2.2945426 ]
 [3.152608   2.7326043  2.4353511  0.00524989]
 [0.3240451  0.01565085 0.33777818 2.3180058 ]
 [0.13397409 0.249167   0.19371152 2.3602083 ]]

✔️ Gating k-means converged after 2 iterations
Average expert losses per cluster: 
[[0.01748234 0.36169094 1.0100302  2.2950838 ]
 [3.152833   2.7322004  2.435435   0.00528595]
 [0.3239797  0.01564275 0.33786118 2.3177755 ]
 [0.13466927 0.2461371  0.19106953 2.362861  ]]

✔️ Gating k-means converged after 1 iterations
Average expert losses per cluster: 
[[0.0174319  0.36151358 1.0091921  2.2947483 ]
 [3.1559703  2.7327654  2.4323132  0.00522945]
 [0.3268199  0.01561589 0.33735546 2.3175693 ]
 [0.1354193  0.24561429 0.20589714 2.3650398 ]]

✔️ Gating k-means converged after 1 iterations
Average expert losses per cluster: 
[[0.01749986 0.36155078 1.0081824  2.2946143 ]
 [3.168052   2.7339258  2.4765038  0.00530703]
 [0.33724132 0.01559407 0.33041355 2.3175485 ]
 [0.13711081 0.24564925 0.17864035 2.362712  ]]

✔️ Gating k-means converged after 1 iterations
Average expert losses per cluster: 
[[0.0173418  0.36160153 1.0060698  2.2950847 ]
 [3.1669016  2.735058   2.4852324  0.00530875]
 [0.3365892  0.01559174 0.3296063  2.3163035 ]
 [0.1356527  0.24582008 0.18360871 2.3627849 ]]

✔️ Gating k-means converged after 1 iterations
Average expert losses per cluster: 
[[0.01728892 0.36129138 1.004736   2.2944064 ]
 [3.1657057  2.735348   2.4763184  0.00530633]
 [0.33609235 0.01559539 0.32983446 2.3167465 ]
 [0.1358758  0.24533875 0.1561344  2.3653998 ]]

✔️ Gating k-means converged after 2 iterations
Average expert losses per cluster: 
[[0.01723899 0.361442   1.0048156  2.2960153 ]
 [3.165871   2.7351673  2.4763591  0.00529587]
 [0.33633327 0.01554771 0.3299457  2.3181558 ]
 [0.13629079 0.24333978 0.15750873 2.3643494 ]]

✔️ Gating k-means converged after 2 iterations
Average expert losses per cluster: 
[[0.01725028 0.36141643 1.0049356  2.2951415 ]
 [3.1657705  2.7352402  2.4761689  0.00530565]
 [0.33627418 0.01555497 0.33001953 2.3177023 ]
 [0.13464892 0.24596183 0.15528445 2.3627107 ]]

✔️ Gating k-means converged after 1 iterations
Average expert losses per cluster: 
[[0.01722835 0.3614913  1.0029463  2.2954147 ]
 [3.1645148  2.7352867  2.4674716  0.00534343]
 [0.3353117  0.01556791 0.3296172  2.3174145 ]
 [0.13389051 0.2467654  0.14459194 2.363605  ]]

✔️ Gating k-means converged after 1 iterations
Average expert losses per cluster: 
[[0.01728929 0.3614393  0.9995314  2.2953787 ]
 [3.1575477  2.7362838  2.4839866  0.00525774]
 [0.33144578 0.01555748 0.3265483  2.3179424 ]
 [0.13087821 0.24686782 0.13997096 2.3624887 ]]

✔️ Gating k-means converged after 1 iterations
Average expert losses per cluster: 
[[0.01721347 0.3614883  1.0000628  2.2959874 ]
 [3.1566067  2.737265   2.505537   0.00528403]
 [0.33140558 0.01552221 0.32753354 2.317272  ]
 [0.12945502 0.24684225 0.12932865 2.3631666 ]]

✔️ Gating k-means converged after 1 iterations
Average expert losses per cluster: 
[[0.01723071 0.36144495 0.99949306 2.2958803 ]
 [3.1568794  2.7373111  2.5079582  0.00526704]
 [0.33275172 0.01548917 0.32687494 2.3173912 ]
 [0.12926288 0.24763727 0.12254709 2.3617299 ]]

✔️ Gating k-means converged after 2 iterations
Average expert losses per cluster: 
[[0.017236   0.3613375  0.9995821  2.295897  ]
 [3.157538   2.73728    2.5080726  0.00529829]
 [0.33256367 0.01550027 0.32706302 2.3168876 ]
 [0.12718573 0.25223893 0.11932609 2.3591197 ]]

✔️ Gating k-means converged after 2 iterations
Average expert losses per cluster: 
[[0.01713669 0.36152554 0.9995715  2.2963226 ]
 [3.1567438  2.7374597  2.5080287  0.00529321]
 [0.33268473 0.01549242 0.32727402 2.3177629 ]
 [0.12575491 0.25545582 0.11748792 2.3582542 ]]

✔️ Gating k-means converged after 1 iterations
Average expert losses per cluster: 
[[0.01710382 0.36141655 0.9986815  2.296262  ]
 [3.1587656  2.7376182  2.5104053  0.00533859]
 [0.33332923 0.01552834 0.32598522 2.316491  ]
 [0.12561548 0.25595936 0.11150008 2.3567653 ]]

✔️ Gating k-means converged after 1 iterations
Average expert losses per cluster: 
[[0.0170087  0.3613817  0.9953287  2.295651  ]
 [3.1667683  2.7381773  2.5195258  0.00527187]
 [0.3401154  0.01550138 0.3215867  2.318523  ]
 [0.12621851 0.25619653 0.14701962 2.3561716 ]]

✔️ Gating k-means converged after 1 iterations
Average expert losses per cluster: 
[[0.01697598 0.36126116 0.9980772  2.2956645 ]
 [3.1658626  2.738662   2.5097995  0.00526191]
 [0.34126696 0.01547915 0.33154154 2.3182456 ]
 [0.12451184 0.25609747 0.1418458  2.3549702 ]]

✔️ Gating k-means converged after 1 iterations
Average expert losses per cluster: 
[[0.01699046 0.3614888  0.9990864  2.296271  ]
 [3.1661537  2.7386749  2.506844   0.00530539]
 [0.3414866  0.01547272 0.33478522 2.3171716 ]
 [0.12415832 0.2565717  0.20884049 2.3554502 ]]

✔️ Gating k-means converged after 2 iterations
Average expert losses per cluster: 
[[0.01690708 0.3614193  0.99920815 2.2962162 ]
 [3.1662621  2.7388625  2.5068252  0.00526259]
 [0.34093806 0.01549746 0.33495528 2.319039  ]
 [0.12355292 0.25345358 0.18573147 2.3517556 ]]

✔️ Gating k-means converged after 2 iterations
Average expert losses per cluster: 
[[0.01699212 0.3612636  0.9992238  2.296089  ]
 [3.1679516  2.73905    2.5070245  0.00529631]
 [0.34112027 0.01549659 0.3351531  2.318444  ]
 [0.12383378 0.2495931  0.1655402  2.3483486 ]]

✔️ Gating k-means converged after 2 iterations
Average expert losses per cluster: 
[[0.01699067 0.3613736  0.9992405  2.2966306 ]
 [3.167436   2.7389393  2.522129   0.00529403]
 [0.34126154 0.01546225 0.33208415 2.3185494 ]
 [0.12387548 0.24839965 0.11375461 2.3471663 ]]

✔️ Gating k-means converged after 1 iterations
Average expert losses per cluster: 
[[0.01712318 0.36137065 0.9970953  2.296618  ]
 [3.1619925  2.739667   2.5622327  0.00536978]
 [0.33807227 0.01545001 0.3205063  2.317175  ]
 [0.12169982 0.24835347 0.20804071 2.347091  ]]

✔️ Gating k-means converged after 1 iterations
Average expert losses per cluster: 
[[0.01678526 0.3613824  0.9972955  2.2969816 ]
 [3.1595314  2.7405767  2.5364099  0.00522382]
 [0.33729348 0.01544988 0.34215534 2.3207853 ]
 [0.12027242 0.24845986 0.09073493 2.3466206 ]]

12:58:22      Epoch:   0      Batch:   0      OuterStep: 170      LossModel: 0.06482183     LossTerm2: 0.05988204     LossGates: 0.00000000      Time/Step(s): 6.0573Contributing envs to the losses:  [11 14 10 13 12]
Gate values for each environment (all envs): 
 [[0.17477962 0.1749638  0.47552085 0.17473571]
 [0.17487913 0.1748456  0.47539148 0.1748838 ]
 [0.1749583  0.1748416  0.47536767 0.17483245]
 [0.17480057 0.17494316 0.47542146 0.17483476]
 [0.17482962 0.1749145  0.47537047 0.17488545]
 [0.17485236 0.17484267 0.17485741 0.4754476 ]
 [0.17485152 0.1749654  0.17496482 0.4752182 ]
 [0.17484437 0.17488852 0.17490219 0.47536498]
 [0.17490037 0.17496341 0.17491889 0.47521728]
 [0.17481129 0.17485107 0.17490532 0.47543228]
 [0.17480746 0.47545367 0.17489308 0.17484574]
 [0.17487115 0.47546107 0.17489137 0.17477643]
 [0.17490429 0.47535807 0.17490497 0.17483258]
 [0.17489442 0.47535205 0.17482333 0.17493019]
 [0.17483637 0.4755865  0.17482005 0.17475706]
 [0.47536033 0.17493565 0.17487334 0.17483063]
 [0.475302   0.17485228 0.17489578 0.17494988]
 [0.4753894  0.17491814 0.17484757 0.17484485]
 [0.47545102 0.17481908 0.17488395 0.17484595]
 [0.47516498 0.17501275 0.17494933 0.17487293]]
/home/benchmarking/ddrous.benchmarking/miniforge3/envs/jaxgpu/lib/python3.12/multiprocessing/popen_fork.py:66: RuntimeWarning: os.fork() was called. os.fork() is incompatible with multithreaded code, and JAX is multithreaded, so this will likely lead to a deadlock.
  self.pid = os.fork()
        Validation Criterion: 0.24624525
✔️ Gating k-means converged after 2 iterations
Average expert losses per cluster: 
[[0.01681573 0.36124334 0.9974267  2.2967675 ]
 [3.1622643  2.7403462  2.5627823  0.00521663]
 [0.33820584 0.01542974 0.33915383 2.322665  ]
 [0.11983591 0.24725418 0.11491289 2.3460052 ]]

✔️ Gating k-means converged after 2 iterations
Average expert losses per cluster: 
[[0.01684404 0.36146176 0.99748945 2.2968102 ]
 [3.1606805  2.7401328  2.5628831  0.00519432]
 [0.33760813 0.01545125 0.33930656 2.3214297 ]
 [0.12066849 0.24421242 0.12172356 2.342199  ]]

✔️ Gating k-means converged after 2 iterations
Average expert losses per cluster: 
[[0.01715549 0.36138883 0.9974643  2.2967966 ]
 [3.1591237  2.7387977  2.5630302  0.00520077]
 [0.3374405  0.01542248 0.33948395 2.32116   ]
 [0.12022933 0.24409111 0.12365399 2.340497  ]]

✔️ Gating k-means converged after 1 iterations
Average expert losses per cluster: 
[[0.01681774 0.36137342 0.99771875 2.2970448 ]
 [3.159439   2.7386687  2.587505   0.00518923]
 [0.33825293 0.01543859 0.33701953 2.3219197 ]
 [0.12005565 0.24404903 0.20078945 2.3449376 ]]

✔️ Gating k-means converged after 1 iterations
Average expert losses per cluster: 
[[0.01688722 0.36105785 0.99773073 2.2975357 ]
 [3.1596153  2.7403018  2.637979   0.00529555]
 [0.34038886 0.01539998 0.3436047  2.320523  ]
 [0.11845978 0.2441751  0.38567883 2.3404946 ]]

✔️ Gating k-means converged after 1 iterations
Average expert losses per cluster: 
[[0.01703452 0.36110577 0.9951683  2.2977328 ]
 [3.1596394  2.7419086  2.5307925  0.00524964]
 [0.3416745  0.01539864 0.4050103  2.321142  ]
 [0.11750436 0.2443707  0.18550988 2.3397214 ]]

✔️ Gating k-means converged after 1 iterations
Average expert losses per cluster: 
[[0.01736944 0.3611767  0.9947341  2.2974234 ]
 [3.1598065  2.7418022  2.5187726  0.00530245]
 [0.3419598  0.01535959 0.4129555  2.320865  ]
 [0.11727276 0.24438691 0.24889605 2.339703  ]]

✔️ Gating k-means converged after 1 iterations
Average expert losses per cluster: 
[[0.01705745 0.36094725 0.9947669  2.2982109 ]
 [3.1583188  2.7408473  2.5186918  0.0052632 ]
 [0.34180918 0.01537136 0.41309538 2.3217385 ]
 [0.11721676 0.24441722 0.24741097 2.339174  ]]

✔️ Gating k-means converged after 2 iterations
Average expert losses per cluster: 
[[0.01702028 0.36102343 0.9949066  2.2974186 ]
 [3.158919   2.7402298  2.5189137  0.00526773]
 [0.3412766  0.01538911 0.41333953 2.321766  ]
 [0.11869045 0.24054776 0.23345827 2.3391092 ]]

✔️ Gating k-means converged after 2 iterations
Average expert losses per cluster: 
[[0.01659998 0.36103836 0.9945694  2.2979467 ]
 [3.15987    2.7403438  2.5082338  0.0052435 ]
 [0.34136382 0.01534976 0.42061362 2.321943  ]
 [0.12034164 0.23814972 0.290701   2.3386512 ]]

✔️ Gating k-means converged after 1 iterations
Average expert losses per cluster: 
[[0.01654194 0.36103958 0.99458754 2.2974885 ]
 [3.1657722  2.7415788  2.4708488  0.00520479]
 [0.34425572 0.01536109 0.44807377 2.3228729 ]
 [0.12167513 0.23828338 0.6539173  2.3374174 ]]

✔️ Gating k-means converged after 1 iterations
Average expert losses per cluster: 
[[0.01748068 0.3609901  0.99503595 2.2982535 ]
 [3.1604939  2.7426918  2.4500554  0.00525043]
 [0.34572503 0.01535375 0.46483055 2.3221161 ]
 [0.11593794 0.23837557 0.95716965 2.33626   ]]

✔️ Gating k-means converged after 2 iterations
Average expert losses per cluster: 
[[0.01794124 0.3609359  0.9951701  2.2973075 ]
 [3.162687   2.7427957  2.447035   0.0052272 ]
 [0.34590825 0.01532572 0.46728492 2.3232048 ]
 [0.11624935 0.23632741 0.97182924 2.336239  ]]

✔️ Gating k-means converged after 2 iterations
Average expert losses per cluster: 
[[0.01768919 0.3610571  0.99521846 2.2974534 ]
 [3.1599638  2.74269    2.447064   0.00523476]
 [0.3465362  0.01535405 0.46732306 2.3224952 ]
 [0.1293764  0.21125798 0.66048616 2.3425164 ]]

✔️ Gating k-means converged after 2 iterations
Average expert losses per cluster: 
[[0.01772966 0.3609012  0.9951766  2.2978358 ]
 [3.1598415  2.74287    2.4471116  0.00524409]
 [0.34557435 0.01533343 0.4673632  2.323378  ]
 [0.15993635 0.1732273  0.42052183 2.3478973 ]]

✔️ Gating k-means converged after 2 iterations
Average expert losses per cluster: 
[[0.01821638 0.3609035  0.9953762  2.296543  ]
 [3.1587906  2.7430096  2.4445255  0.00522845]
 [0.3457623  0.01533878 0.46966815 2.323579  ]
 [0.16511302 0.16658537 0.41130993 2.348815  ]]

✔️ Gating k-means converged after 1 iterations
Average expert losses per cluster: 
[[0.01722541 0.36081347 0.9895197  2.2981498 ]
 [3.1581578  2.7442605  2.5097914  0.00518906]
 [0.34464347 0.01532381 0.4605417  2.3237398 ]
 [0.1654039  0.16664155 0.30061245 2.348894  ]]

✔️ Gating k-means converged after 1 iterations
Average expert losses per cluster: 
[[0.01758792 0.36084792 0.98423034 2.297465  ]
 [3.1652067  2.7453218  2.574752   0.00523333]
 [0.3383978  0.01526286 0.44193584 2.323743  ]
 [0.17992432 0.16685711 0.24994223 2.347695  ]]

✔️ Gating k-means converged after 2 iterations
Average expert losses per cluster: 
[[0.01840651 0.36104596 0.9834738  2.297818  ]
 [3.1658006  2.745625   2.584758   0.00522598]
 [0.33796492 0.01530979 0.4378735  2.3241584 ]
 [0.18950468 0.16088592 0.2620369  2.3484485 ]]

✔️ Gating k-means converged after 2 iterations
Average expert losses per cluster: 
[[0.01869982 0.36107048 0.9834135  2.2979379 ]
 [3.1656766  2.7455842  2.5846546  0.00525087]
 [0.33774897 0.01527862 0.43790457 2.3221064 ]
 [0.21290858 0.14342825 0.3272576  2.3503702 ]]

✔️ Gating k-means converged after 2 iterations
Average expert losses per cluster: 
[[0.01816126 0.36171576 0.98284954 2.298519  ]
 [3.165409   2.7456243  2.584742   0.00521768]
 [0.33796188 0.0152847  0.43805012 2.3231645 ]
 [0.22393675 0.13705416 0.3527061  2.3518674 ]]

✔️ Gating k-means converged after 1 iterations
Average expert losses per cluster: 
[[0.01890897 0.3619717  0.9822008  2.2978947 ]
 [3.166561   2.7455647  2.5906386  0.00525498]
 [0.33713108 0.01527646 0.4368394  2.3239205 ]
 [0.22812581 0.13627109 0.34075245 2.3507662 ]]

✔️ Gating k-means converged after 1 iterations
Average expert losses per cluster: 
[[0.01622025 0.36205843 0.98185253 2.2981555 ]
 [3.1613302  2.7469976  2.606609   0.00527079]
 [0.34127352 0.01524035 0.44059274 2.323543  ]
 [0.21155503 0.13645339 0.2800102  2.3516061 ]]

✔️ Gating k-means converged after 1 iterations
Average expert losses per cluster: 
[[0.01955531 0.36217567 0.98178333 2.299421  ]
 [3.1543875  2.7475626  2.6181304  0.00519702]
 [0.34485552 0.01519731 0.44534418 2.325762  ]
 [0.19597505 0.1365118  0.26539347 2.3528192 ]]

✔️ Gating k-means converged after 1 iterations
Average expert losses per cluster: 
[[0.01793631 0.36220348 0.98210377 2.2997289 ]
 [3.1560597  2.7479985  2.6192403  0.00517914]
 [0.34275937 0.01521941 0.44794747 2.325224  ]
 [0.2012101  0.13582021 0.26177964 2.352471  ]]

✔️ Gating k-means converged after 2 iterations
Average expert losses per cluster: 
[[0.01828978 0.3628209  0.9814362  2.2991734 ]
 [3.1558006  2.7478397  2.619252   0.00520899]
 [0.342985   0.01521082 0.4480349  2.3254592 ]
 [0.20286325 0.13599955 0.25982162 2.3521225 ]]

✔️ Gating k-means converged after 2 iterations
Average expert losses per cluster: 
[[0.01826655 0.36330366 0.9811017  2.2993138 ]
 [3.155848   2.7479713  2.6193511  0.00518834]
 [0.34323648 0.01523345 0.44806919 2.3252542 ]
 [0.1995643  0.14035632 0.24913822 2.3530443 ]]

✔️ Gating k-means converged after 1 iterations
Average expert losses per cluster: 
[[0.01722185 0.36347672 0.9813639  2.2996428 ]
 [3.1570795  2.748034   2.6201055  0.00518748]
 [0.34119126 0.01520581 0.4504594  2.326451  ]
 [0.20175369 0.14139284 0.24362424 2.3534667 ]]

✔️ Gating k-means converged after 1 iterations
Average expert losses per cluster: 
[[0.01626293 0.3634143  0.9838735  2.2991264 ]
 [3.1653452  2.7495718  2.6231816  0.00522756]
 [0.3415709  0.01517493 0.46379432 2.3246152 ]
 [0.21244602 0.14149038 0.2200594  2.3511932 ]]

✔️ Gating k-means converged after 1 iterations
Average expert losses per cluster: 
[[0.01733152 0.36338842 0.9868415  2.2991211 ]
 [3.1776059  2.7501974  2.627756   0.0052117 ]
 [0.35667974 0.01513653 0.4756179  2.3236127 ]
 [0.2072145  0.14158346 0.19227277 2.3499496 ]]

✔️ Gating k-means converged after 1 iterations
Average expert losses per cluster: 
[[0.01789314 0.36355564 0.9877116  2.299051  ]
 [3.176906   2.7506306  2.6310575  0.00525493]
 [0.35927    0.01512825 0.47812104 2.324885  ]
 [0.20559216 0.14269744 0.18175128 2.349798  ]]

✔️ Gating k-means converged after 2 iterations
Average expert losses per cluster: 
[[0.01778539 0.3633219  0.9876434  2.2984438 ]
 [3.1786425  2.7505212  2.6308937  0.00523   ]
 [0.35913303 0.01516028 0.47828394 2.3240757 ]
 [0.20201707 0.1464587  0.17710184 2.35083   ]]

✔️ Gating k-means converged after 2 iterations
Average expert losses per cluster: 
[[0.017656   0.36341643 0.98778325 2.2991016 ]
 [3.179358   2.750652   2.6308317  0.00524422]
 [0.35888407 0.01514503 0.47834072 2.3239512 ]
 [0.20014027 0.14869483 0.17491296 2.3516302 ]]

✔️ Gating k-means converged after 1 iterations
Average expert losses per cluster: 
[[0.017067   0.3633866  0.9889106  2.299403  ]
 [3.1758366  2.7508476  2.6336803  0.00520126]
 [0.3553068  0.0151897  0.4806958  2.3235636 ]
 [0.20001398 0.1492344  0.16703872 2.351302  ]]

✔️ Gating k-means converged after 1 iterations
Average expert losses per cluster: 
[[0.01597796 0.3633346  0.99225634 2.299331  ]
 [3.162743   2.7513833  2.6549528  0.00523705]
 [0.34371683 0.01512451 0.4845214  2.3253994 ]
 [0.20215245 0.14931609 0.14357764 2.352034  ]]

✔️ Gating k-means converged after 1 iterations
Average expert losses per cluster: 
[[0.01791517 0.36335465 0.99319136 2.3015893 ]
 [3.1593666  2.7518797  2.6755657  0.00518431]
 [0.35088053 0.01509372 0.4787562  2.3278518 ]
 [0.19203924 0.14931686 0.12637505 2.356094  ]]

✔️ Gating k-means converged after 1 iterations
Average expert losses per cluster: 
[[0.0182607  0.3633481  0.99280244 2.3016546 ]
 [3.1593122  2.752319   2.67929    0.00521178]
 [0.35307613 0.01516311 0.4759024  2.3272607 ]
 [0.18981817 0.14977077 0.12004616 2.3565187 ]]

✔️ Gating k-means converged after 2 iterations
Average expert losses per cluster: 
[[0.01811156 0.3633312  0.9930259  2.3012023 ]
 [3.1597447  2.7517953  2.6793602  0.00519935]
 [0.35273433 0.01512114 0.47597095 2.3285694 ]
 [0.18558729 0.15272434 0.11679335 2.355972  ]]

✔️ Gating k-means converged after 2 iterations
Average expert losses per cluster: 
[[0.01819993 0.36319044 0.99325675 2.3022153 ]
 [3.1594644  2.7520828  2.6792748  0.00521415]
 [0.35259363 0.01511224 0.47613356 2.3284757 ]
 [0.18091306 0.15555155 0.11411674 2.3554425 ]]

✔️ Gating k-means converged after 1 iterations
Average expert losses per cluster: 
[[0.01735495 0.3630866  0.99300855 2.3018138 ]
 [3.162167   2.7523487  2.6829515  0.00518919]
 [0.35246792 0.01511208 0.47353944 2.328961  ]
 [0.18245213 0.1559594  0.10925414 2.3559499 ]]

✔️ Gating k-means converged after 1 iterations
Average expert losses per cluster: 
[[0.01597689 0.36328828 0.9900609  2.3025594 ]
 [3.1645577  2.7529087  2.6819503  0.00520453]
 [0.3502494  0.01510215 0.4447777  2.3295484 ]
 [0.19510393 0.15595374 0.09551203 2.3572538 ]]

✔️ Gating k-means converged after 1 iterations
Average expert losses per cluster: 
[[0.01681049 0.36317763 0.9891512  2.300256  ]
 [3.1616876  2.7534351  2.6756177  0.00521201]
 [0.35764503 0.01509723 0.41867623 2.32536   ]
 [0.18250462 0.15596475 0.08695894 2.3500223 ]]

✔️ Gating k-means converged after 1 iterations
Average expert losses per cluster: 
[[0.01725418 0.36320058 0.98953456 2.3001397 ]
 [3.1599233  2.7535274  2.677073   0.00517367]
 [0.35860467 0.01509184 0.41557065 2.3246047 ]
 [0.18012933 0.15637222 0.08103091 2.348405  ]]

✔️ Gating k-means converged after 1 iterations
Average expert losses per cluster: 
[[0.01711051 0.36298767 0.9901146  2.3004148 ]
 [3.158407   2.7538927  2.6768916  0.00518489]
 [0.35858375 0.01508175 0.4157146  2.3249776 ]
 [0.17816727 0.15758224 0.08038606 2.3490617 ]]

✔️ Gating k-means converged after 1 iterations
Average expert losses per cluster: 
[[0.01696065 0.36279964 0.99071735 2.300789  ]
 [3.1601272  2.7537596  2.6768563  0.00521184]
 [0.35835218 0.01507773 0.41588655 2.3244061 ]
 [0.17701298 0.15798567 0.07942804 2.349763  ]]

✔️ Gating k-means converged after 1 iterations
Average expert losses per cluster: 
[[0.01740908 0.3627672  0.9910969  2.2999825 ]
 [3.1581469  2.7539873  2.6781418  0.00519165]
 [0.35927096 0.01507741 0.41312742 2.3247056 ]
 [0.17556202 0.15805538 0.07399195 2.3494143 ]]

✔️ Gating k-means converged after 1 iterations
Average expert losses per cluster: 
[[0.01701741 0.36265758 0.9934953  2.3023732 ]
 [3.1556482  2.7544773  2.6910362  0.00520801]
 [0.3584418  0.01508877 0.40397015 2.3280473 ]
 [0.17469847 0.15806115 0.05946113 2.352715  ]]

✔️ Gating k-means converged after 1 iterations
Average expert losses per cluster: 
[[0.01556934 0.36278883 0.993947   2.303723  ]
 [3.1548347  2.7550442  2.7029035  0.00520278]
 [0.3531551  0.0150676  0.39528427 2.33108   ]
 [0.17965375 0.1580542  0.04890223 2.356733  ]]

✔️ Gating k-means converged after 1 iterations
Average expert losses per cluster: 
[[0.01619594 0.36278787 0.99420464 2.3034205 ]
 [3.155728   2.7547703  2.7047918  0.00522814]
 [0.35731116 0.01507651 0.3940426  2.3315525 ]
 [0.17517269 0.15799974 0.04754549 2.3575993 ]]

✔️ Gating k-means converged after 1 iterations
Average expert losses per cluster: 
[[0.01613822 0.3627527  0.9945679  2.3043983 ]
 [3.1554506  2.7550597  2.7046497  0.00517405]
 [0.35675082 0.01507171 0.39414236 2.3320386 ]
 [0.17479745 0.15777254 0.04694004 2.3590636 ]]

✔️ Gating k-means converged after 1 iterations
Average expert losses per cluster: 
[[0.0164798  0.3627993  0.99378794 2.3036041 ]
 [3.1562707  2.755031   2.7045207  0.00519051]
 [0.35676524 0.01506847 0.3942905  2.331799  ]
 [0.17366971 0.15851338 0.04603208 2.3588226 ]]

✔️ Gating k-means converged after 1 iterations
Average expert losses per cluster: 
[[0.01766529 0.36297017 0.9937658  2.3037744 ]
 [3.1553574  2.7556422  2.7061937  0.00521248]
 [0.36059204 0.01508113 0.3932012  2.3307874 ]
 [0.16934206 0.15895382 0.04491658 2.3566625 ]]

✔️ Gating k-means converged after 1 iterations
Average expert losses per cluster: 
[[0.01981598 0.36290643 0.9946254  2.3013332 ]
 [3.1545975  2.7558987  2.7159505  0.00518801]
 [0.36326644 0.01507413 0.3915927  2.326928  ]
 [0.16379872 0.15891783 0.04103034 2.3500335 ]]

✔️ Gating k-means converged after 1 iterations
Average expert losses per cluster: 
[[0.01704076 0.3629269  0.99764407 2.3000028 ]
 [3.150084   2.7564926  2.7213209  0.00520144]
 [0.34263113 0.0150136  0.38818955 2.325326  ]
 [0.1820364  0.1589574  0.03963055 2.3470464 ]]

✔️ Gating k-means converged after 1 iterations
Average expert losses per cluster: 
[[0.0155909  0.3630236  0.9979726  2.300887  ]
 [3.1490514  2.756246   2.7222438  0.00518806]
 [0.34713367 0.01505413 0.38748312 2.3253188 ]
 [0.17364004 0.15939826 0.03999895 2.3464634 ]]

✔️ Gating k-means converged after 2 iterations
Average expert losses per cluster: 
[[0.01548336 0.3637133  0.9956482  2.3003294 ]
 [3.1501215  2.756141   2.7222211  0.005174  ]
 [0.3473629  0.01504627 0.3876006  2.3256328 ]
 [0.17117165 0.16142216 0.03900576 2.3454485 ]]

✔️ Gating k-means converged after 2 iterations
Average expert losses per cluster: 
[[0.01543962 0.3639252  0.9939529  2.3002553 ]
 [3.1493633  2.756354   2.7219255  0.00520363]
 [0.34712112 0.01505735 0.3876885  2.3248327 ]
 [0.16934729 0.16293508 0.03872972 2.3451183 ]]

✔️ Gating k-means converged after 1 iterations
Average expert losses per cluster: 
[[0.01649903 0.3640634  0.99420434 2.3011034 ]
 [3.1478539  2.7565808  2.7224317  0.00518487]
 [0.3514535  0.01504071 0.38699007 2.325532  ]
 [0.16228239 0.16325215 0.03917403 2.3457391 ]]

✔️ Gating k-means converged after 1 iterations
Average expert losses per cluster: 
[[0.01583345 0.36408678 0.9949436  2.302588  ]
 [3.1538923  2.7571747  2.7267082  0.00516284]
 [0.3513579  0.01499544 0.38348117 2.3294325 ]
 [0.16793315 0.16320686 0.03683904 2.349198  ]]

✔️ Gating k-means converged after 1 iterations
Average expert losses per cluster: 
[[0.0154576  0.36407876 0.99576133 2.3048916 ]
 [3.150097   2.7581787  2.7294052  0.00516717]
 [0.34448263 0.01496807 0.38413075 2.3307025 ]
 [0.17203937 0.1633902  0.03645545 2.3533244 ]]

12:59:12      Epoch:   0      Batch:   0      OuterStep: 180      LossModel: 0.01784272     LossTerm2: 0.04368534     LossGates: 0.00000000      Time/Step(s): 4.1785Contributing envs to the losses:  [17 16 19 15 18]
Gate values for each environment (all envs): 
 [[0.17482397 0.17485933 0.4754728  0.17484389]
 [0.17482252 0.17494087 0.4753012  0.17493534]
 [0.17492692 0.17480916 0.4753583  0.17490558]
 [0.17499922 0.17474923 0.47537473 0.17487682]
 [0.17481138 0.17489573 0.4754575  0.17483537]
 [0.174867   0.17497234 0.17494573 0.47521493]
 [0.17492169 0.17483477 0.17483538 0.47540808]
 [0.17489694 0.17483929 0.17484991 0.47541386]
 [0.17493965 0.17480224 0.17487425 0.47538388]
 [0.1748589  0.17495729 0.17493105 0.47525278]
 [0.17502356 0.47525853 0.17484854 0.17486939]
 [0.1747677  0.4755993  0.17486355 0.17476945]
 [0.17483327 0.47547954 0.17484218 0.17484495]
 [0.17494963 0.47520792 0.17489865 0.17494382]
 [0.17474002 0.47558036 0.17492741 0.17475224]
 [0.47507843 0.17497997 0.17499772 0.17494395]
 [0.47576696 0.17466177 0.1747558  0.17481545]
 [0.4753723  0.17480989 0.17487518 0.17494254]
 [0.47522488 0.1749561  0.17489861 0.1749204 ]
 [0.47553724 0.17472674 0.17480996 0.17492607]]
/home/benchmarking/ddrous.benchmarking/miniforge3/envs/jaxgpu/lib/python3.12/multiprocessing/popen_fork.py:66: RuntimeWarning: os.fork() was called. os.fork() is incompatible with multithreaded code, and JAX is multithreaded, so this will likely lead to a deadlock.
  self.pid = os.fork()
        Validation Criterion: 0.07670021
✔️ Gating k-means converged after 1 iterations
Average expert losses per cluster: 
[[0.01876318 0.36433527 0.9959281  2.3047807 ]
 [3.14486    2.758427   2.7298007  0.00519439]
 [0.35346437 0.01498763 0.38485765 2.3310423 ]
 [0.15774332 0.1635341  0.03617583 2.3512795 ]]

✔️ Gating k-means converged after 1 iterations
Average expert losses per cluster: 
[[0.01854729 0.36435297 0.99518365 2.3041794 ]
 [3.1466198  2.7585797  2.7298746  0.00514769]
 [0.35395548 0.01498153 0.3849819  2.3314846 ]
 [0.15719795 0.16425356 0.03611274 2.351491  ]]

✔️ Gating k-means converged after 1 iterations
Average expert losses per cluster: 
[[0.01833637 0.36408707 0.9953662  2.305248  ]
 [3.1460178  2.758904   2.729458   0.00514878]
 [0.35381344 0.0149653  0.38515463 2.3315392 ]
 [0.15682815 0.16472268 0.03609834 2.3522573 ]]

✔️ Gating k-means converged after 1 iterations
Average expert losses per cluster: 
[[0.03000782 0.36392426 0.99570847 2.30535   ]
 [3.1421547  2.758816   2.731021   0.00520816]
 [0.36419713 0.0149897  0.38685995 2.333015  ]
 [0.14524443 0.16480951 0.03550664 2.351409  ]]

✔️ Gating k-means converged after 1 iterations
Average expert losses per cluster: 
[[0.02754203 0.364041   0.99701613 2.3033507 ]
 [3.1399078  2.7598207  2.736735   0.00515997]
 [0.36121318 0.01495095 0.39302784 2.3281186 ]
 [0.14691581 0.16479924 0.03446196 2.346257  ]]

✔️ Gating k-means converged after 1 iterations
Average expert losses per cluster: 
[[0.0528582  0.36397263 0.9978157  2.301688  ]
 [3.164749   2.7606938  2.740171   0.00517463]
 [0.33941066 0.01492019 0.3967018  2.3257635 ]
 [0.22155426 0.16484177 0.03479722 2.3415468 ]]

✔️ Gating k-means converged after 1 iterations
Average expert losses per cluster: 
[[0.07224187 0.36407194 0.9978208  2.3027065 ]
 [3.1678379  2.7608125  2.742197   0.00519142]
 [0.33901215 0.01495976 0.39642498 2.3261678 ]
 [0.23581748 0.16492586 0.03334603 2.3419118 ]]

✔️ Gating k-means converged after 2 iterations
Average expert losses per cluster: 
[[0.06736024 0.36531863 0.9928245  2.30169   ]
 [3.1677318  2.761003   2.742193   0.00520537]
 [0.33887652 0.01494851 0.39653945 2.325453  ]
 [0.23536961 0.16509764 0.03295601 2.3416224 ]]

✔️ Gating k-means converged after 2 iterations
Average expert losses per cluster: 
[[0.06137029 0.36745247 0.9871254  2.3013256 ]
 [3.1684048  2.760959   2.7419116  0.00515494]
 [0.33894464 0.01495013 0.39656204 2.326763  ]
 [0.23495102 0.16531532 0.03257487 2.3422225 ]]

✔️ Gating k-means converged after 1 iterations
Average expert losses per cluster: 
[[0.03645599 0.36808917 0.98560303 2.3016114 ]
 [3.1562753  2.7608917  2.7440574  0.00516983]
 [0.3341088  0.01494547 0.39642164 2.3281605 ]
 [0.21093273 0.16552678 0.0320468  2.3420281 ]]

✔️ Gating k-means converged after 1 iterations
Average expert losses per cluster: 
[[0.02941674 0.36803126 0.9858495  2.303295  ]
 [3.1123555  2.7619724  2.7529943  0.00517585]
 [0.33065775 0.01492668 0.3999128  2.330278  ]
 [0.13735512 0.16561128 0.03141162 2.3471594 ]]

✔️ Gating k-means converged after 1 iterations
Average expert losses per cluster: 
[[0.02235161 0.36820778 0.98634624 2.3032143 ]
 [3.1723585  2.7627404  2.7587945  0.00517223]
 [0.34001788 0.01491347 0.4051399  2.3310058 ]
 [0.20037618 0.16573632 0.03005834 2.3439276 ]]

✔️ Gating k-means converged after 1 iterations
Average expert losses per cluster: 
[[0.04420946 0.36877602 0.98524994 2.3023245 ]
 [3.194462   2.7632034  2.7603173  0.00515964]
 [0.3492404  0.01491592 0.4064219  2.330194  ]
 [0.23358634 0.16591752 0.02971661 2.3437366 ]]

✔️ Gating k-means converged after 2 iterations
Average expert losses per cluster: 
[[0.041134   0.37097955 0.98030484 2.3028722 ]
 [3.1957028  2.763067   2.760063   0.00513871]
 [0.34876677 0.01487061 0.4066084  2.330896  ]
 [0.23239218 0.1667294  0.02914456 2.343177  ]]

✔️ Gating k-means converged after 2 iterations
Average expert losses per cluster: 
[[0.03824674 0.3734842  0.9755911  2.3019414 ]
 [3.1944883  2.7631123  2.760168   0.0051458 ]
 [0.34917456 0.01490973 0.40673843 2.3300664 ]
 [0.23155999 0.16727178 0.02883549 2.3431256 ]]

✔️ Gating k-means converged after 1 iterations
Average expert losses per cluster: 
[[0.03761984 0.37398756 0.97426075 2.302232  ]
 [3.2083554  2.762885   2.7613082  0.00515459]
 [0.35656482 0.01487309 0.40793762 2.330938  ]
 [0.23606126 0.16743636 0.02862363 2.3424835 ]]

✔️ Gating k-means converged after 1 iterations
Average expert losses per cluster: 
[[0.07666437 0.3742406  0.9747391  2.3008988 ]
 [3.171347   2.7634397  2.7700107  0.0051442 ]
 [0.38294873 0.01486234 0.41267082 2.330077  ]
 [0.13273862 0.16751683 0.02756774 2.3405051 ]]

✔️ Gating k-means converged after 1 iterations
Average expert losses per cluster: 
[[0.11132343 0.37407675 0.9750083  2.3020394 ]
 [3.1565926  2.7638538  2.776653   0.00515071]
 [0.30850264 0.01491877 0.4149414  2.3316038 ]
 [0.27646667 0.1675148  0.02682999 2.3415658 ]]

✔️ Gating k-means converged after 1 iterations
Average expert losses per cluster: 
[[0.17337343 0.37470075 0.97391284 2.3026073 ]
 [3.151785   2.7638748  2.7777736  0.0051714 ]
 [0.31051427 0.01490334 0.41542807 2.331441  ]
 [0.3153266  0.1676611  0.02682194 2.3407996 ]]

✔️ Gating k-means converged after 2 iterations
Average expert losses per cluster: 
[[0.16143917 0.37915394 0.9660372  2.3018556 ]
 [3.1525364  2.7638645  2.7777402  0.00516425]
 [0.30988163 0.01490746 0.4154469  2.3311822 ]
 [0.31445333 0.16855063 0.02670548 2.3406463 ]]

✔️ Gating k-means converged after 2 iterations
Average expert losses per cluster: 
[[0.14851213 0.38479844 0.9577779  2.3009052 ]
 [3.151582   2.7637477  2.7777202  0.00514635]
 [0.31035453 0.01487358 0.41555506 2.3311965 ]
 [0.31310734 0.16870502 0.02574729 2.3423204 ]]

✔️ Gating k-means converged after 1 iterations
Average expert losses per cluster: 
[[0.11666614 0.38563672 0.95663816 2.3016636 ]
 [3.1363475  2.763729   2.7786574  0.00514366]
 [0.29585412 0.01485499 0.4159207  2.3319094 ]
 [0.28474033 0.16876441 0.02544063 2.3447118 ]]

✔️ Gating k-means converged after 1 iterations
Average expert losses per cluster: 
[[0.02349684 0.38561174 0.95670456 2.3009584 ]
 [3.1161127  2.7638521  2.7808626  0.00513345]
 [0.28087488 0.01486749 0.41811553 2.331004  ]
 [0.16111973 0.16874172 0.02478161 2.341406  ]]

✔️ Gating k-means converged after 1 iterations
Average expert losses per cluster: 
[[0.10880544 0.38571078 0.95672256 2.3014457 ]
 [3.3966186  2.7641246  2.7839196  0.00514918]
 [0.5250085  0.01487594 0.41930112 2.3305202 ]
 [0.214884   0.16875844 0.02419296 2.3391588 ]]

✔️ Gating k-means converged after 1 iterations
Average expert losses per cluster: 
[[0.0517185  0.38658342 0.9555745  2.300803  ]
 [3.3613412  2.7639205  2.7850792  0.00512657]
 [0.47443017 0.01489829 0.4193712  2.331027  ]
 [0.22051822 0.16878068 0.02404645 2.340433  ]]

✔️ Gating k-means converged after 2 iterations
Average expert losses per cluster: 
[[0.05415946 0.38993937 0.95124847 2.3000681 ]
 [3.3639219  2.7638986  2.7848184  0.00511253]
 [0.47360465 0.01487719 0.41953006 2.3310997 ]
 [0.21994658 0.16862762 0.02371971 2.3411863 ]]

✔️ Gating k-means converged after 1 iterations
Average expert losses per cluster: 
[[0.05411534 0.39134523 0.95012647 2.3001554 ]
 [3.3634884  2.7641041  2.78477    0.00516036]
 [0.47325644 0.01491455 0.41958556 2.330383  ]
 [0.21964899 0.16864124 0.02362988 2.3431723 ]]

✔️ Gating k-means converged after 1 iterations
Average expert losses per cluster: 
[[0.02534314 0.39142838 0.9499656  2.3003435 ]
 [3.329249   2.7641761  2.7859447  0.00513543]
 [0.4348297  0.01488399 0.41956797 2.3309162 ]
 [0.23183237 0.16878246 0.02362956 2.3434784 ]]

✔️ Gating k-means converged after 1 iterations
Average expert losses per cluster: 
[[0.03177656 0.39132756 0.94973737 2.3012083 ]
 [3.159935   2.7643979  2.7876213  0.00517827]
 [0.30744028 0.0148478  0.42025366 2.3337002 ]
 [0.23155467 0.16873796 0.02286738 2.3442097 ]]

✔️ Gating k-means converged after 1 iterations
Average expert losses per cluster: 
[[0.01965444 0.39147428 0.94953316 2.3011758 ]
 [3.1529033  2.7654805  2.7873194  0.00515934]
 [0.31730503 0.01484415 0.42080417 2.3333623 ]
 [0.19308665 0.16877589 0.02283072 2.344216  ]]

✔️ Gating k-means converged after 1 iterations
Average expert losses per cluster: 
[[0.021374   0.39162636 0.94950336 2.3014271 ]
 [3.1975076  2.765667   2.7886064  0.00512424]
 [0.35533944 0.01485268 0.4209809  2.3344007 ]
 [0.19329326 0.168963   0.02236927 2.3437388 ]]

✔️ Gating k-means converged after 1 iterations
Average expert losses per cluster: 
[[0.02119806 0.39132687 0.94991714 2.3014126 ]
 [3.1966527  2.7657351  2.788331   0.00512053]
 [0.3549192  0.01481378 0.4210529  2.3350763 ]
 [0.19292443 0.16960281 0.02221167 2.3444326 ]]

✔️ Gating k-means converged after 1 iterations
Average expert losses per cluster: 
[[0.02043926 0.39030376 0.95116705 2.300717  ]
 [3.1983948  2.7661102  2.7880268  0.00514252]
 [0.35449427 0.0148431  0.42100444 2.33412   ]
 [0.19217718 0.17019267 0.02196143 2.3437939 ]]

✔️ Gating k-means converged after 1 iterations
Average expert losses per cluster: 
[[0.02942084 0.39006385 0.9515514  2.3010087 ]
 [3.2392075  2.7662823  2.7896385  0.0051317 ]
 [0.39406422 0.0148259  0.42130762 2.3339117 ]
 [0.19562156 0.17032163 0.0216132  2.3433144 ]]

✔️ Gating k-means converged after 1 iterations
Average expert losses per cluster: 
[[0.12353325 0.38988906 0.952065   2.3002584 ]
 [3.4292886  2.7667189  2.7895834  0.00512295]
 [0.5960385  0.01483316 0.4260622  2.3324356 ]
 [0.25157398 0.17039768 0.02145525 2.3397467 ]]

✔️ Gating k-means converged after 1 iterations
Average expert losses per cluster: 
[[0.02934082 0.39006722 0.95189637 2.2986326 ]
 [3.2108276  2.7674227  2.7832696  0.00511839]
 [0.35433245 0.01481926 0.42266417 2.3306005 ]
 [0.266674   0.17043822 0.02151501 2.3354692 ]]

✔️ Gating k-means converged after 1 iterations
Average expert losses per cluster: 
[[0.06242714 0.38972408 0.9523298  2.2986095 ]
 [3.1406536  2.7674417  2.783236   0.00512003]
 [0.30336317 0.01480159 0.42202994 2.3300884 ]
 [0.27618787 0.17045747 0.02124855 2.335135  ]]

✔️ Gating k-means converged after 1 iterations
Average expert losses per cluster: 
[[0.06274774 0.38964853 0.9524498  2.2979631 ]
 [3.1411617  2.767597   2.7832534  0.00514591]
 [0.3032495  0.01481952 0.42213002 2.3304007 ]
 [0.2762329  0.17024122 0.02069185 2.3362768 ]]

✔️ Gating k-means converged after 1 iterations
Average expert losses per cluster: 
[[0.06225268 0.3907393  0.95118964 2.2974    ]
 [3.1408403  2.7676537  2.783078   0.00515673]
 [0.30306855 0.01482227 0.42219287 2.3305995 ]
 [0.27667084 0.1698194  0.02021675 2.3363101 ]]

✔️ Gating k-means converged after 1 iterations
Average expert losses per cluster: 
[[0.10318704 0.39116374 0.9506192  2.2982252 ]
 [3.0822825  2.767997   2.7830396  0.00511447]
 [0.26726654 0.0147996  0.42152616 2.3317814 ]
 [0.28921935 0.16972175 0.01991333 2.3377552 ]]

✔️ Gating k-means converged after 1 iterations
Average expert losses per cluster: 
[[0.30219936 0.3914045  0.9506718  2.2995102 ]
 [2.8924425  2.7685878  2.7873921  0.00513464]
 [0.19237691 0.01477616 0.4199619  2.3346145 ]
 [0.34939763 0.16983795 0.01921836 2.342347  ]]

✔️ Gating k-means converged after 1 iterations
Average expert losses per cluster: 
[[0.09727545 0.3914124  0.9508899  2.3017368 ]
 [2.8579824  2.7687786  2.7884595  0.00509933]
 [0.1393833  0.01478099 0.42056513 2.337343  ]
 [0.15296586 0.16990732 0.01867378 2.3449502 ]]

✔️ Gating k-means converged after 1 iterations
Average expert losses per cluster: 
[[0.10556362 0.39196223 0.9503285  2.3006887 ]
 [2.8538425  2.7690237  2.78858    0.00509503]
 [0.14093527 0.01474117 0.4208924  2.3379605 ]
 [0.12392271 0.16979744 0.01849064 2.343125  ]]

✔️ Gating k-means converged after 1 iterations
Average expert losses per cluster: 
[[0.10338461 0.39016625 0.9501986  2.3010163 ]
 [2.853249   2.7691407  2.7888324  0.00511387]
 [0.1408909  0.01476088 0.42091137 2.338064  ]
 [0.12435009 0.16943014 0.01826339 2.3444254 ]]

✔️ Gating k-means converged after 2 iterations
Average expert losses per cluster: 
[[0.09935279 0.38692936 0.95157784 2.303202  ]
 [2.8530998  2.7683742  2.7887704  0.00508773]
 [0.14083003 0.01481339 0.42098543 2.3375185 ]
 [0.12425146 0.16917059 0.0179316  2.3445785 ]]

✔️ Gating k-means converged after 1 iterations
Average expert losses per cluster: 
[[0.11625322 0.38625836 0.9522479  2.3030016 ]
 [2.857243   2.7685988  2.7912705  0.0051138 ]
 [0.15038326 0.01476044 0.42259032 2.3379657 ]
 [0.10451808 0.16916843 0.0189594  2.3452232 ]]

✔️ Gating k-means converged after 1 iterations
Average expert losses per cluster: 
[[0.32252988 0.3863491  0.95379585 2.2919555 ]
 [2.867248   2.7691903  2.7937706  0.00505737]
 [0.23124461 0.01475462 0.42972413 2.3268356 ]
 [0.0646925  0.1693651  0.02693811 2.3195863 ]]

✔️ Gating k-means converged after 1 iterations
Average expert losses per cluster: 
[[0.30849624 0.38652712 0.95451814 2.2948344 ]
 [2.9024622  2.7703815  2.7758844  0.00533123]
 [0.23596027 0.01473084 0.43508115 2.3300169 ]
 [0.0717729  0.16945183 0.02902389 2.3206716 ]]

✔️ Gating k-means converged after 1 iterations
Average expert losses per cluster: 
[[0.17744312 0.3860219  0.9550337  2.2971904 ]
 [2.928973   2.770807   2.773598   0.00540311]
 [0.19504853 0.01473735 0.43603274 2.3311937 ]
 [0.09357031 0.16943164 0.03609246 2.3231573 ]]

✔️ Gating k-means converged after 2 iterations
Average expert losses per cluster: 
[[0.17030132 0.3822814  0.9570471  2.2989306 ]
 [2.9305348  2.7727811  2.7731063  0.0053598 ]
 [0.19497395 0.0147207  0.43593192 2.3311763 ]
 [0.09414847 0.16801812 0.0342912  2.3246548 ]]

✔️ Gating k-means converged after 2 iterations
Average expert losses per cluster: 
[[0.16006124 0.37679633 0.96146107 2.3015249 ]
 [2.932452   2.777738   2.7720954  0.00525608]
 [0.19492903 0.01469961 0.43606398 2.3352976 ]
 [0.09437431 0.16673358 0.0326841  2.3265636 ]]

✔️ Gating k-means converged after 1 iterations
Average expert losses per cluster: 
[[0.05579462 0.37598696 0.962323   2.3034828 ]
 [3.0022438  2.7784853  2.7700613  0.00525323]
 [0.1872731  0.01468614 0.436735   2.3320694 ]
 [0.16634338 0.16667688 0.04002134 2.3287125 ]]

✔️ Gating k-means converged after 1 iterations
Average expert losses per cluster: 
[[0.35953212 0.3761991  0.9625527  2.3012168 ]
 [3.2546914  2.7792811  2.7632177  0.0050769 ]
 [0.338037   0.01468908 0.43947074 2.337051  ]
 [0.59441996 0.16680019 0.08089782 2.3240201 ]]

✔️ Gating k-means converged after 1 iterations
Average expert losses per cluster: 
[[0.0950556  0.37659773 0.96283114 2.291399  ]
 [2.9360425  2.7798448  2.7595005  0.00503503]
 [0.03777731 0.01466999 0.44106847 2.322813  ]
 [0.2403493  0.16705126 0.11566859 2.2961986 ]]

✔️ Gating k-means converged after 1 iterations
Average expert losses per cluster: 
[[0.07957247 0.37580806 0.9636063  2.2909544 ]
 [2.9247527  2.7803917  2.7589357  0.00508074]
 [0.05306502 0.01464113 0.44137326 2.320449  ]
 [0.17917041 0.16576888 0.11753237 2.2942064 ]]

✔️ Gating k-means converged after 2 iterations
Average expert losses per cluster: 
[[0.07583907 0.37196657 0.96594566 2.292787  ]
 [2.9253225  2.782786   2.7586124  0.00508256]
 [0.05307264 0.01468949 0.44128633 2.3205092 ]
 [0.18096255 0.16165309 0.10474129 2.2990193 ]]

✔️ Gating k-means converged after 2 iterations
Average expert losses per cluster: 
[[0.07264028 0.36888042 0.9670114  2.2950523 ]
 [2.9258244  2.7828128  2.7585166  0.0051099 ]
 [0.05326622 0.01465087 0.4413992  2.3196    ]
 [0.18381594 0.15554716 0.08764743 2.3073623 ]]

✔️ Gating k-means converged after 1 iterations
Average expert losses per cluster: 
[[0.09638079 0.36848402 0.96708184 2.2942562 ]
 [2.90908    2.7825534  2.7578213  0.00510455]
 [0.08383504 0.01470101 0.44159904 2.3172953 ]
 [0.1358078  0.15440519 0.08878934 2.3051965 ]]

✔️ Gating k-means converged after 1 iterations
Average expert losses per cluster: 
[[0.5441435  0.36883077 0.97150403 2.301624  ]
 [2.8239727  2.7832506  2.8028789  0.00516026]
 [0.2568201  0.01460984 0.44472533 2.3262467 ]
 [0.06853813 0.15452136 0.11432517 2.3200438 ]]

✔️ Gating k-means converged after 1 iterations
Average expert losses per cluster: 
[[0.677278   0.3014103  0.9749693  2.313317  ]
 [2.594661   2.8733215  2.838881   0.00507228]
 [0.12079189 0.01617472 0.4473354  2.3474064 ]
 [0.08334868 0.13502479 0.35689816 2.3487332 ]]

12:59:57      Epoch:   0      Batch:   0      OuterStep: 190      LossModel: 0.01471711     LossTerm2: 0.04280257     LossGates: 0.00000000      Time/Step(s): 4.6278Contributing envs to the losses:  [19 15 16 17 18]
Gate values for each environment (all envs): 
 [[0.17485161 0.17492393 0.4752459  0.17497855]
 [0.17494448 0.1748913  0.4753526  0.17481159]
 [0.17490825 0.17481034 0.4754252  0.1748561 ]
 [0.17488924 0.1748393  0.47541896 0.17485243]
 [0.17475958 0.17502365 0.47535992 0.17485689]
 [0.17466813 0.17506377 0.17466635 0.47560176]
 [0.17505166 0.17487808 0.17502926 0.47504097]
 [0.17490575 0.17483556 0.17484353 0.4754152 ]
 [0.1749327  0.17476866 0.17493986 0.47535884]
 [0.17475647 0.17507301 0.17476238 0.47540808]
 [0.47525704 0.17501299 0.17487882 0.17485112]
 [0.4751977  0.1750135  0.17487982 0.17490903]
 [0.4750301  0.17513011 0.17483921 0.17500055]
 [0.4754176  0.17482704 0.17492343 0.17483191]
 [0.47531748 0.17496754 0.17488143 0.1748336 ]
 [0.17495658 0.4751893  0.17495282 0.17490132]
 [0.17484386 0.47548234 0.17480521 0.17486858]
 [0.17489265 0.4756014  0.17472003 0.17478587]
 [0.17490044 0.4753195  0.17489167 0.17488842]
 [0.1751673  0.4748663  0.17510107 0.17486532]]
/home/benchmarking/ddrous.benchmarking/miniforge3/envs/jaxgpu/lib/python3.12/multiprocessing/popen_fork.py:66: RuntimeWarning: os.fork() was called. os.fork() is incompatible with multithreaded code, and JAX is multithreaded, so this will likely lead to a deadlock.
  self.pid = os.fork()
        Validation Criterion: 0.35364580
✔️ Gating k-means converged after 1 iterations
Average expert losses per cluster: 
[[0.68113244 0.23566054 0.97571385 2.3129375 ]
 [2.570483   2.9697158  2.8448486  0.00509352]
 [0.11026285 0.02210488 0.44780514 2.3458314 ]
 [0.0924333  0.114937   0.39896962 2.349591  ]]

✔️ Gating k-means converged after 2 iterations
Average expert losses per cluster: 
[[0.6757233  0.23164514 0.9796196  2.3142312 ]
 [2.5700843  2.9686837  2.8449993  0.00511055]
 [0.10790741 0.02126404 0.4450128  2.345575  ]
 [0.09090646 0.11034273 0.39299282 2.352043  ]]

✔️ Gating k-means converged after 2 iterations
Average expert losses per cluster: 
[[0.6739312  0.22994308 0.9756822  2.313528  ]
 [2.569886   2.9681878  2.8451931  0.00511182]
 [0.10515162 0.02076546 0.44100484 2.3451288 ]
 [0.08926046 0.10680667 0.37969968 2.3511279 ]]

✔️ Gating k-means converged after 1 iterations
Average expert losses per cluster: 
[[0.6635407  0.17542268 0.9731688  2.3136797 ]
 [2.545222   3.0674753  2.8503146  0.00513895]
 [0.09388114 0.03011295 0.4402744  2.3431623 ]
 [0.0986434  0.08902973 0.41081133 2.3486059 ]]

✔️ Gating k-means converged after 1 iterations
Average expert losses per cluster: 
[[0.6117125  0.08729323 0.9692071  2.3043375 ]
 [2.4569926  3.7565792  2.8203325  0.00516114]
 [0.07020678 0.26601022 0.44200802 2.326421  ]
 [0.14619862 0.1124438  0.19767098 2.3248527 ]]

✔️ Gating k-means converged after 1 iterations
Average expert losses per cluster: 
[[0.56865263 0.343952   0.9593871  2.297382  ]
 [2.3822274  4.291293   2.7432048  0.00511421]
 [0.05962909 0.6908549  0.45096055 2.315827  ]
 [0.17522974 0.3215106  0.11061464 2.3079782 ]]

✔️ Gating k-means converged after 1 iterations
Average expert losses per cluster: 
[[0.5627692  0.39327174 0.9560424  2.3003352 ]
 [2.3691027  4.3557463  2.7365205  0.00517884]
 [0.06019873 0.7527787  0.45354596 2.320287  ]
 [0.17900619 0.35793206 0.15295471 2.3104596 ]]

✔️ Gating k-means converged after 2 iterations
Average expert losses per cluster: 
[[0.5654351  0.38664815 0.94554037 2.3040316 ]
 [2.369047   4.3556395  2.736439   0.00510589]
 [0.06057741 0.74313897 0.44921327 2.3187506 ]
 [0.17692676 0.35254437 0.13568412 2.3139532 ]]

✔️ Gating k-means converged after 2 iterations
Average expert losses per cluster: 
[[0.56951046 0.3710628  0.93632644 2.3178813 ]
 [2.369006   4.356914   2.7365525  0.00512008]
 [0.05967929 0.7495945  0.44427595 2.3195126 ]
 [0.1751812  0.34829983 0.11912584 2.3195357 ]]

✔️ Gating k-means converged after 1 iterations
Average expert losses per cluster: 
[[0.5650534  0.41516614 0.9349009  2.3255222 ]
 [2.3569615  4.419536   2.7310834  0.0051209 ]
 [0.06093523 0.8190177  0.4468657  2.3259668 ]
 [0.17869411 0.38559005 0.15013325 2.3304937 ]]

✔️ Gating k-means converged after 1 iterations
Average expert losses per cluster: 
[[0.54685926 0.08334112 0.9342478  2.3415518 ]
 [2.3622332  3.6022384  2.7150016  0.00507534]
 [0.0569364  0.0863231  0.44999525 2.3506808 ]
 [0.18996109 0.06151278 0.19737577 2.3666847 ]]

✔️ Gating k-means converged after 1 iterations
Average expert losses per cluster: 
[[0.530442   0.19778997 0.93199795 2.335177  ]
 [2.4103572  3.3201694  2.7240486  0.00508752]
 [0.05229647 0.10320532 0.44348112 2.3386528 ]
 [0.19054268 0.08766989 0.09480955 2.350897  ]]

✔️ Gating k-means converged after 1 iterations
Average expert losses per cluster: 
[[0.52722186 0.19629851 0.9298634  2.3369355 ]
 [2.4187057  3.3314836  2.7314744  0.00508758]
 [0.0518362  0.1131954  0.44078514 2.3364496 ]
 [0.18955658 0.08696686 0.07577818 2.349532  ]]

✔️ Gating k-means converged after 2 iterations
Average expert losses per cluster: 
[[0.5298759  0.19900787 0.9234312  2.349242  ]
 [2.418773   3.331665   2.7313626  0.00511291]
 [0.05208001 0.09920767 0.43992254 2.3273091 ]
 [0.18897593 0.0843442  0.07495356 2.353594  ]]

✔️ Gating k-means converged after 2 iterations
Average expert losses per cluster: 
[[0.530601   0.19906448 0.9194588  2.35659   ]
 [2.4189193  3.333009   2.7313507  0.00513251]
 [0.0520683  0.09107973 0.43961462 2.3193328 ]
 [0.18926588 0.08355738 0.07285107 2.3565001 ]]

✔️ Gating k-means converged after 1 iterations
Average expert losses per cluster: 
[[0.525526   0.19720434 0.91801846 2.3568027 ]
 [2.424298   3.3424795  2.7384632  0.00513217]
 [0.05062675 0.09779339 0.43743283 2.3170724 ]
 [0.18793471 0.08376817 0.06717225 2.3548958 ]]

✔️ Gating k-means converged after 1 iterations
Average expert losses per cluster: 
[[0.5058508  0.0667621  0.916933   2.3535473 ]
 [2.4446168  4.0314794  2.7691019  0.00508093]
 [0.0468277  0.24230276 0.4309648  2.311819  ]
 [0.1831297  0.1033638  0.09489781 2.3464525 ]]

✔️ Gating k-means converged after 1 iterations
Average expert losses per cluster: 
[[0.49257985 0.52491957 0.91448987 2.352081  ]
 [2.4552138  5.042907   2.7513282  0.00507325]
 [0.04465985 0.750195   0.4239892  2.309609  ]
 [0.1798162  0.4492859  0.07238372 2.344217  ]]

✔️ Gating k-means converged after 1 iterations
Average expert losses per cluster: 
[[0.48941183 0.24563523 0.9134647  2.3536675 ]
 [2.4549997  4.4286895  2.74596    0.00507919]
 [0.04376928 0.4242111  0.42310467 2.3093994 ]
 [0.17896633 0.15088467 0.06629665 2.3446739 ]]

✔️ Gating k-means converged after 2 iterations
Average expert losses per cluster: 
[[0.4897538  0.23932509 0.9112012  2.3549306 ]
 [2.4548125  4.428884   2.7460163  0.00508222]
 [0.04333653 0.4229951  0.4225978  2.3054063 ]
 [0.17977364 0.15065807 0.06362239 2.345164  ]]

✔️ Gating k-means converged after 2 iterations
Average expert losses per cluster: 
[[0.49238172 0.22832401 0.9104091  2.3553293 ]
 [2.454823   4.42668    2.7462087  0.00507138]
 [0.04309427 0.42224184 0.4222723  2.3047912 ]
 [0.18185228 0.14896385 0.05465398 2.3412848 ]]

✔️ Gating k-means converged after 1 iterations
Average expert losses per cluster: 
[[0.49042478 0.10613399 0.90988934 2.3555384 ]
 [2.4547148  4.028235   2.741021   0.00507792]
 [0.04245047 0.26502845 0.42148075 2.303183  ]
 [0.1814646  0.0446447  0.04838736 2.339806  ]]

✔️ Gating k-means converged after 1 iterations
Average expert losses per cluster: 
[[0.48014137 0.1529784  0.90895665 2.3579862 ]
 [2.4522073  3.1273086  2.7224646  0.00505577]
 [0.04012293 0.0998867  0.41894364 2.3081918 ]
 [0.1780143  0.21854663 0.04890358 2.346751  ]]

✔️ Gating k-means converged after 1 iterations
Average expert losses per cluster: 
[[0.46911645 0.28841233 0.9074057  2.358317  ]
 [2.4579754  2.8430939  2.733371   0.00505147]
 [0.03670205 0.09575426 0.4110666  2.3087652 ]
 [0.17263685 0.43946168 0.04157067 2.3459032 ]]

✔️ Gating k-means converged after 1 iterations
Average expert losses per cluster: 
[[0.4675559  0.29451892 0.90673745 2.3579683 ]
 [2.4595082  2.8188899  2.7358348  0.00504403]
 [0.03610521 0.09460998 0.4075931  2.309641  ]
 [0.1718666  0.47327134 0.03998542 2.3457239 ]]

✔️ Gating k-means converged after 2 iterations
Average expert losses per cluster: 
[[0.468417   0.29722694 0.90744364 2.3571932 ]
 [2.4602723  2.8189561  2.735769   0.00507911]
 [0.03537599 0.09304603 0.40680274 2.3089964 ]
 [0.17299841 0.4808335  0.04324804 2.3428285 ]]

✔️ Gating k-means converged after 2 iterations
Average expert losses per cluster: 
[[0.4657584  0.28793287 0.9103428  2.353419  ]
 [2.459287   2.818335   2.7357266  0.00506416]
 [0.03503835 0.0904249  0.40946156 2.306083  ]
 [0.17353301 0.48442325 0.04364391 2.3443098 ]]

✔️ Gating k-means converged after 2 iterations
Average expert losses per cluster: 
[[0.46134526 0.2887333  0.9112447  2.352651  ]
 [2.461901   2.7967494  2.7375798  0.00505841]
 [0.03436858 0.08914323 0.4072218  2.305074  ]
 [0.17197995 0.51550967 0.04141469 2.3423142 ]]

✔️ Gating k-means converged after 1 iterations
Average expert losses per cluster: 
[[0.44380423 0.17895167 0.9104981  2.3508492 ]
 [2.4767044  2.8472202  2.7625241  0.00508083]
 [0.03139367 0.08130214 0.39729175 2.3027754 ]
 [0.16412951 0.61816275 0.02388122 2.3404164 ]]

✔️ Gating k-means converged after 1 iterations
Average expert losses per cluster: 
[[0.42910114 0.06831858 0.9113308  2.35146   ]
 [2.4932516  3.070171   2.7919655  0.00501917]
 [0.02894926 0.09322102 0.39289647 2.3052163 ]
 [0.15801437 0.7190673  0.04003295 2.3405704 ]]

✔️ Gating k-means converged after 2 iterations
Average expert losses per cluster: 
[[0.4251411  0.06877306 0.91294193 2.3503602 ]
 [2.4980867  3.1169279  2.7965722  0.00501923]
 [0.0284081  0.09943023 0.3928358  2.3055303 ]
 [0.15699434 0.73950464 0.04545688 2.3406296 ]]

✔️ Gating k-means converged after 2 iterations
Average expert losses per cluster: 
[[0.42257047 0.06848538 0.9149685  2.3493316 ]
 [2.4981792  3.1171641  2.7962692  0.00502228]
 [0.02820045 0.09942042 0.39458686 2.303682  ]
 [0.15744941 0.7440893  0.04413621 2.3394437 ]]

✔️ Gating k-means converged after 2 iterations
Average expert losses per cluster: 
[[0.42235723 0.06272608 0.91353035 2.352612  ]
 [2.4981363  3.1162066  2.7966962  0.00503679]
 [0.02805042 0.09724732 0.3955896  2.3050141 ]
 [0.15799701 0.7491027  0.04136656 2.3381793 ]]

✔️ Gating k-means converged after 1 iterations
Average expert losses per cluster: 
[[0.41968185 0.05810691 0.91368836 2.3536372 ]
 [2.5023377  3.1683452  2.8006718  0.00504663]
 [0.02764647 0.10131367 0.39536    2.3052454 ]
 [0.15706936 0.7593842  0.04578449 2.3354554 ]]

✔️ Gating k-means converged after 1 iterations
Average expert losses per cluster: 
[[0.40683857 0.06547625 0.9139315  2.3539608 ]
 [2.5245407  3.383646   2.8077145  0.00507951]
 [0.02565651 0.1405352  0.39471635 2.3074126 ]
 [0.15224443 0.8101     0.0521449  2.3356595 ]]

✔️ Gating k-means converged after 1 iterations
Average expert losses per cluster: 
[[0.3948279  0.08120351 0.9120585  2.3536675 ]
 [2.5476673  3.5155072  2.7822635  0.00503125]
 [0.02399644 0.17493133 0.3965684  2.3068483 ]
 [0.14754932 0.8443158  0.01942751 2.3334627 ]]

✔️ Gating k-means converged after 1 iterations
Average expert losses per cluster: 
[[0.39288262 0.08244576 0.9116322  2.3548741 ]
 [2.5514784  3.531489   2.777354   0.00505432]
 [0.02374764 0.17737511 0.39670426 2.3083565 ]
 [0.1471396  0.84715825 0.01930184 2.3323183 ]]

✔️ Gating k-means converged after 2 iterations
Average expert losses per cluster: 
[[0.39402634 0.07863458 0.9101184  2.3578718 ]
 [2.5515172  3.5305004  2.7776518  0.0050676 ]
 [0.02378971 0.17220202 0.39833286 2.3131795 ]
 [0.14753735 0.85062677 0.02001903 2.3285859 ]]

✔️ Gating k-means converged after 2 iterations
Average expert losses per cluster: 
[[0.39821967 0.06933468 0.9078188  2.3552022 ]
 [2.551457   3.5298314  2.777603   0.00506266]
 [0.02396217 0.16797307 0.3992575  2.322635  ]
 [0.1477927  0.8523671  0.02058792 2.3270469 ]]

✔️ Gating k-means converged after 1 iterations
Average expert losses per cluster: 
[[0.39728674 0.07012951 0.9072234  2.3553503 ]
 [2.5548246  3.543247   2.7732744  0.00508834]
 [0.02376956 0.17196445 0.3992258  2.32527   ]
 [0.14722815 0.85525876 0.02347337 2.328135  ]]

✔️ Gating k-means converged after 1 iterations
Average expert losses per cluster: 
[[0.390664   0.03803466 0.90868205 2.3549016 ]
 [2.568377   3.4292157  2.7806816  0.00505888]
 [0.02299389 0.13068964 0.39878058 2.3268335 ]
 [0.14468418 0.8137867  0.02007088 2.3269572 ]]

✔️ Gating k-means converged after 1 iterations
Average expert losses per cluster: 
[[0.38539824 0.0416457  0.9104273  2.3558006 ]
 [2.5803423  3.2993371  2.7849908  0.00502423]
 [0.02223941 0.10450774 0.40252087 2.3274415 ]
 [0.1423089  0.7719814  0.01999565 2.3271701 ]]

✔️ Gating k-means converged after 1 iterations
Average expert losses per cluster: 
[[0.38508484 0.04150116 0.9103136  2.3549707 ]
 [2.5819998  3.2800782  2.7855089  0.00506579]
 [0.02209615 0.10422293 0.4034739  2.328636  ]
 [0.14173268 0.75976765 0.02025952 2.3254402 ]]

✔️ Gating k-means converged after 2 iterations
Average expert losses per cluster: 
[[0.38707113 0.0408757  0.9109308  2.3512692 ]
 [2.5821953  3.2800236  2.7850947  0.00506962]
 [0.02208052 0.11023475 0.40422615 2.3363836 ]
 [0.14185534 0.76070535 0.02004447 2.3241825 ]]

✔️ Gating k-means converged after 1 iterations
Average expert losses per cluster: 
[[0.38783592 0.04038135 0.91174966 2.3472505 ]
 [2.582031   3.2814972  2.7848995  0.00504389]
 [0.0219384  0.1148717  0.40495226 2.3403192 ]
 [0.14209639 0.7625834  0.01993274 2.3237858 ]]

✔️ Gating k-means converged after 1 iterations
Average expert losses per cluster: 
[[0.38675964 0.04027895 0.91239434 2.3460507 ]
 [2.5840433  3.2639434  2.7837987  0.00508803]
 [0.02178701 0.11435125 0.40657312 2.340954  ]
 [0.14146303 0.75132716 0.01939266 2.3227136 ]]

✔️ Gating k-means converged after 1 iterations
Average expert losses per cluster: 
[[0.38166606 0.03024735 0.9132252  2.346161  ]
 [2.5939598  3.2445207  2.7800107  0.00503831]
 [0.02109777 0.11925798 0.4121479  2.3406663 ]
 [0.13779186 0.7191095  0.01817357 2.3216856 ]]

✔️ Gating k-means converged after 1 iterations
Average expert losses per cluster: 
[[0.37775773 0.02968596 0.9137319  2.3470495 ]
 [2.6055655  3.2824814  2.7778494  0.00503557]
 [0.02056815 0.13942109 0.4154659  2.3413098 ]
 [0.13442925 0.709094   0.0178706  2.3221567 ]]

✔️ Gating k-means converged after 1 iterations
Average expert losses per cluster: 
[[0.37712327 0.02978985 0.9141871  2.3460042 ]
 [2.6080534  3.285238   2.777415   0.00504058]
 [0.02044535 0.14533396 0.4161295  2.341995  ]
 [0.13392821 0.7027356  0.01784573 2.3208997 ]]

✔️ Gating k-means converged after 1 iterations
Average expert losses per cluster: 
[[0.3770082  0.03028005 0.91498584 2.3437378 ]
 [2.6081464  3.2855706  2.7771585  0.00504814]
 [0.02035796 0.1479709  0.41658244 2.3443553 ]
 [0.13408631 0.7046196  0.0174688  2.3217587 ]]

✔️ Gating k-means converged after 1 iterations
Average expert losses per cluster: 
[[0.37778017 0.02983868 0.9146353  2.3425863 ]
 [2.6081283  3.2857792  2.77717    0.0050203 ]
 [0.02024559 0.14946291 0.41699392 2.345719  ]
 [0.13439327 0.70642483 0.01727999 2.3219259 ]]

✔️ Gating k-means converged after 1 iterations
Average expert losses per cluster: 
[[0.37753147 0.02975408 0.91412    2.3432932 ]
 [2.611772   3.2879105  2.7768743  0.00504692]
 [0.0201207  0.1547195  0.41752273 2.3452415 ]
 [0.13376924 0.7007822  0.01726513 2.3216121 ]]

✔️ Gating k-means converged after 1 iterations
Average expert losses per cluster: 
[[0.37645054 0.03067769 0.91453916 2.341952  ]
 [2.6248062  3.2943082  2.7758882  0.00504504]
 [0.01983809 0.17587213 0.41921854 2.3445718 ]
 [0.13114023 0.6805242  0.0172581  2.3189764 ]]

✔️ Gating k-means converged after 1 iterations
Average expert losses per cluster: 
[[0.37628275 0.03021488 0.9147259  2.34258   ]
 [2.6329782  3.2463052  2.7753968  0.00506244]
 [0.0195947  0.173985   0.42013213 2.344992  ]
 [0.12895992 0.63421196 0.0174708  2.3186677 ]]

✔️ Gating k-means converged after 1 iterations
Average expert losses per cluster: 
[[0.37681937 0.03304413 0.91417325 2.3428917 ]
 [2.634343   3.239249   2.7751882  0.00504306]
 [0.01956647 0.17387848 0.4204     2.3492248 ]
 [0.12867194 0.62789166 0.01744193 2.3192902 ]]

✔️ Gating k-means converged after 1 iterations
Average expert losses per cluster: 
[[0.37790424 0.0335455  0.9132194  2.3428857 ]
 [2.6344497  3.2386692  2.775193   0.00501399]
 [0.01949117 0.17447081 0.42112848 2.3466868 ]
 [0.12871578 0.62858963 0.01732582 2.3185651 ]]

✔️ Gating k-means converged after 2 iterations
Average expert losses per cluster: 
[[0.37857437 0.03377047 0.9125199  2.3445077 ]
 [2.6341574  3.2404373  2.7749794  0.00500617]
 [0.01941779 0.17415076 0.4220279  2.3471715 ]
 [0.12890474 0.62908405 0.01711257 2.3187597 ]]

✔️ Gating k-means converged after 1 iterations
Average expert losses per cluster: 
[[0.3783198  0.03451414 0.9123514  2.3440163 ]
 [2.6348069  3.2366006  2.7749746  0.00497473]
 [0.01944377 0.17385374 0.42123994 2.3468945 ]
 [0.12872162 0.62772685 0.01686466 2.3195662 ]]

✔️ Gating k-means converged after 1 iterations
Average expert losses per cluster: 
[[0.37878463 0.03077839 0.9119253  2.3442469 ]
 [2.6363976  3.2484493  2.776982   0.00500266]
 [0.01940434 0.17592096 0.41704568 2.3478043 ]
 [0.12821557 0.6368764  0.01594981 2.3191447 ]]

✔️ Gating k-means converged after 1 iterations
Average expert losses per cluster: 
[[0.37897843 0.02596864 0.91162235 2.3446095 ]
 [2.6375172  3.2765458  2.7790558  0.00501741]
 [0.01933924 0.1805104  0.41409037 2.3468537 ]
 [0.12787558 0.65684336 0.01673792 2.3183172 ]]

13:00:45      Epoch:   0      Batch:   0      OuterStep: 200      LossModel: 0.01674405     LossTerm2: 0.03925545     LossGates: 0.00000000      Time/Step(s): 4.3468Contributing envs to the losses:  [19 15 16 17 18]
Gate values for each environment (all envs): 
 [[0.17494994 0.17493804 0.47524685 0.17486513]
 [0.17482202 0.17501761 0.47519532 0.17496495]
 [0.17494157 0.17493813 0.47517094 0.17494938]
 [0.1748496  0.17502789 0.4751254  0.1749971 ]
 [0.17483465 0.17486595 0.475395   0.1749044 ]
 [0.17500383 0.17470755 0.17499997 0.4752886 ]
 [0.17479926 0.17494528 0.17476407 0.47549134]
 [0.17491633 0.17486043 0.17492208 0.4753011 ]
 [0.17491789 0.17481698 0.17493223 0.47533292]
 [0.17489113 0.17483221 0.1749175  0.47535917]
 [0.4748835  0.17523365 0.17482531 0.17505755]
 [0.4754634  0.17476371 0.17489198 0.17488098]
 [0.47552288 0.1747619  0.17490374 0.17481154]
 [0.4753345  0.17482133 0.17491704 0.17492722]
 [0.4753682  0.17489882 0.17487636 0.1748566 ]
 [0.17479897 0.4754519  0.17484084 0.17490824]
 [0.174769   0.47553858 0.17476895 0.1749235 ]
 [0.1748812  0.47544008 0.17479457 0.17488416]
 [0.17487794 0.47528476 0.17497993 0.1748573 ]
 [0.17498666 0.47521487 0.17490055 0.17489791]]
/home/benchmarking/ddrous.benchmarking/miniforge3/envs/jaxgpu/lib/python3.12/multiprocessing/popen_fork.py:66: RuntimeWarning: os.fork() was called. os.fork() is incompatible with multithreaded code, and JAX is multithreaded, so this will likely lead to a deadlock.
  self.pid = os.fork()
        Validation Criterion: 0.08040384
✔️ Gating k-means converged after 1 iterations
Average expert losses per cluster: 
[[0.37887776 0.02549023 0.9115019  2.3441064 ]
 [2.6378076  3.2834842  2.77928    0.00498448]
 [0.01930732 0.1814591  0.41399512 2.3472533 ]
 [0.12778766 0.6605379  0.01703996 2.3187182 ]]

✔️ Gating k-means converged after 1 iterations
Average expert losses per cluster: 
[[0.37913063 0.02567686 0.9112673  2.3439093 ]
 [2.6378813  3.2836564  2.7793086  0.00505006]
 [0.01926541 0.17914885 0.41542158 2.3468845 ]
 [0.12795153 0.6609645  0.01698226 2.3180234 ]]

✔️ Gating k-means converged after 1 iterations
Average expert losses per cluster: 
[[0.3787771  0.02573853 0.91067743 2.3441045 ]
 [2.637938   3.2832096  2.7794216  0.00499202]
 [0.01922272 0.17722525 0.4170088  2.3478763 ]
 [0.12791    0.66107696 0.01692561 2.3182714 ]]

✔️ Gating k-means converged after 1 iterations
Average expert losses per cluster: 
[[0.37916753 0.02546843 0.91051054 2.3432567 ]
 [2.6381643  3.290877   2.7790678  0.00500676]
 [0.01923315 0.17835698 0.4167757  2.3477714 ]
 [0.12797228 0.6650377  0.01686651 2.3182945 ]]

✔️ Gating k-means converged after 1 iterations
Average expert losses per cluster: 
[[0.3793567  0.02508799 0.91042036 2.3430154 ]
 [2.6389165  3.3161905  2.7783337  0.0050106 ]
 [0.01919078 0.18617268 0.41487485 2.348181  ]
 [0.12768467 0.65814036 0.01742219 2.3167598 ]]

✔️ Gating k-means converged after 1 iterations
Average expert losses per cluster: 
[[0.37958965 0.02639595 0.91080564 2.3430395 ]
 [2.6398435  3.3254254  2.775363   0.0049848 ]
 [0.01915484 0.1894002  0.41673395 2.3477304 ]
 [0.12745325 0.650685   0.01563013 2.3166325 ]]

✔️ Gating k-means converged after 1 iterations
Average expert losses per cluster: 
[[0.37943625 0.02644088 0.9107713  2.3427162 ]
 [2.640271   3.3257928  2.7745802  0.0049646 ]
 [0.01916085 0.19008529 0.41714808 2.3470943 ]
 [0.12734091 0.65084356 0.01539493 2.316937  ]]

✔️ Gating k-means converged after 1 iterations
Average expert losses per cluster: 
[[0.3797914  0.02632881 0.91029626 2.343514  ]
 [2.6401033  3.3250787  2.7745643  0.00498871]
 [0.01912127 0.1928057  0.41839305 2.3501668 ]
 [0.12745284 0.65193844 0.0153603  2.317701  ]]

✔️ Gating k-means converged after 1 iterations
Average expert losses per cluster: 
[[0.38051578 0.02622662 0.9098857  2.3440678 ]
 [2.6397862  3.3247917  2.7743335  0.0049861 ]
 [0.0191115  0.1941299  0.41953388 2.350973  ]
 [0.12755111 0.652852   0.01524642 2.316016  ]]

✔️ Gating k-means converged after 1 iterations
Average expert losses per cluster: 
[[0.3803291  0.02612116 0.90992796 2.3441648 ]
 [2.6400697  3.3246262  2.774139   0.00498416]
 [0.01911246 0.19419183 0.42023382 2.351965  ]
 [0.12745379 0.6529814  0.01516332 2.3172572 ]]

✔️ Gating k-means converged after 1 iterations
Average expert losses per cluster: 
[[0.38037738 0.02456717 0.9101737  2.3440826 ]
 [2.6407466  3.3147938  2.77398    0.00502303]
 [0.01908008 0.19024871 0.42094594 2.3509455 ]
 [0.12742005 0.6571312  0.0149839  2.316985  ]]

✔️ Gating k-means converged after 1 iterations
Average expert losses per cluster: 
[[0.38022143 0.02429568 0.91026765 2.3444848 ]
 [2.642315   3.3092968  2.7757826  0.00499619]
 [0.01902628 0.18757431 0.41926685 2.3505414 ]
 [0.12723374 0.66096264 0.01482418 2.3162477 ]]

✔️ Gating k-means converged after 1 iterations
Average expert losses per cluster: 
[[0.38042447 0.02430966 0.91014767 2.3453052 ]
 [2.6428564  3.3077798  2.775933   0.00499832]
 [0.01901631 0.18715328 0.41923952 2.3517587 ]
 [0.12716155 0.66205186 0.01492013 2.3164861 ]]

✔️ Gating k-means converged after 1 iterations
Average expert losses per cluster: 
[[0.38050064 0.02431081 0.9099619  2.3448865 ]
 [2.6425426  3.3075035  2.776019   0.00505151]
 [0.01896269 0.18783061 0.42072597 2.3527615 ]
 [0.12735222 0.66225684 0.01482628 2.3161166 ]]

✔️ Gating k-means converged after 1 iterations
Average expert losses per cluster: 
[[0.3808908  0.02418362 0.9096956  2.3450265 ]
 [2.6427102  3.3080013  2.7760475  0.00502616]
 [0.01896099 0.18813078 0.4219319  2.352821  ]
 [0.12730534 0.6630934  0.01482303 2.31765   ]]

✔️ Gating k-means converged after 1 iterations
Average expert losses per cluster: 
[[0.380907   0.02424128 0.90972704 2.3449066 ]
 [2.6428523  3.3064747  2.7761278  0.00503215]
 [0.01893052 0.18754427 0.42185298 2.3537786 ]
 [0.12736008 0.66382146 0.01481878 2.3172472 ]]

✔️ Gating k-means converged after 1 iterations
Average expert losses per cluster: 
[[0.38086748 0.02426967 0.9098155  2.34568   ]
 [2.6443791  3.3027604  2.7765157  0.00500474]
 [0.01892383 0.18657073 0.42188197 2.3545897 ]
 [0.1271721  0.6627005  0.01462711 2.3179095 ]]

✔️ Gating k-means converged after 1 iterations
Average expert losses per cluster: 
[[0.38051024 0.02436465 0.9099124  2.3449674 ]
 [2.6453342  3.2956872  2.7765472  0.00500401]
 [0.01887345 0.18664879 0.42240843 2.3544414 ]
 [0.12717037 0.64880365 0.01460393 2.3167841 ]]

✔️ Gating k-means converged after 1 iterations
Average expert losses per cluster: 
[[0.38017067 0.02459534 0.9098272  2.3448503 ]
 [2.6458626  3.295166   2.7764904  0.00502237]
 [0.01889117 0.1863713  0.42290178 2.3555634 ]
 [0.12722297 0.64716303 0.01442742 2.3157566 ]]

✔️ Gating k-means converged after 1 iterations
Average expert losses per cluster: 
[[0.38044444 0.02442881 0.90999454 2.3451104 ]
 [2.6456327  3.2947042  2.7764869  0.00498296]
 [0.01887682 0.18652037 0.42356586 2.3555279 ]
 [0.1272392  0.64782214 0.0143567  2.316549  ]]

✔️ Gating k-means converged after 1 iterations
Average expert losses per cluster: 
[[0.38037592 0.02427072 0.90999377 2.3457625 ]
 [2.6455772  3.2933662  2.776537   0.00500031]
 [0.01881403 0.18675059 0.42452365 2.3554878 ]
 [0.12736206 0.6488238  0.01431025 2.316563  ]]

✔️ Gating k-means converged after 1 iterations
Average expert losses per cluster: 
[[0.38052678 0.02440419 0.91008043 2.345965  ]
 [2.6461494  3.2926147  2.77645    0.00500095]
 [0.01882633 0.18665951 0.42492756 2.3572602 ]
 [0.1272863  0.6473591  0.01418797 2.316192  ]]

✔️ Gating k-means converged after 1 iterations
Average expert losses per cluster: 
[[0.38019213 0.02441958 0.9103012  2.3452835 ]
 [2.6468241  3.294642   2.7768767  0.00499154]
 [0.01880005 0.18659976 0.42626175 2.3554745 ]
 [0.12725991 0.64562285 0.01392568 2.3136013 ]]

✔️ Gating k-means converged after 1 iterations
Average expert losses per cluster: 
[[0.38020808 0.02387164 0.9104757  2.346326  ]
 [2.6476753  3.2977188  2.7775917  0.00499631]
 [0.01875897 0.18655954 0.42717418 2.356212  ]
 [0.12734276 0.6492211  0.01382021 2.3149467 ]]

✔️ Gating k-means converged after 1 iterations
Average expert losses per cluster: 
[[0.38000265 0.02374697 0.9105161  2.3464563 ]
 [2.647874   3.2979984  2.7777233  0.0050123 ]
 [0.0187787  0.18653992 0.42694077 2.3581998 ]
 [0.12733951 0.6501936  0.01371136 2.3147507 ]]

✔️ Gating k-means converged after 1 iterations
Average expert losses per cluster: 
[[0.38037238 0.02365157 0.9104544  2.346462  ]
 [2.648346   3.2992513  2.7775552  0.00499106]
 [0.01873053 0.18647848 0.42766878 2.3594987 ]
 [0.12748091 0.65067095 0.01363584 2.3152044 ]]

✔️ Gating k-means converged after 1 iterations
Average expert losses per cluster: 
[[0.38035592 0.02369874 0.91033965 2.346417  ]
 [2.647898   3.2978916  2.7774906  0.00500661]
 [0.01875379 0.18639062 0.42841658 2.356486  ]
 [0.12743208 0.65133154 0.01356472 2.31447   ]]

✔️ Gating k-means converged after 1 iterations
Average expert losses per cluster: 
[[0.38056174 0.02362682 0.9102322  2.3467662 ]
 [2.6482046  3.2989426  2.7775874  0.00499372]
 [0.01872713 0.18623881 0.4282487  2.3559167 ]
 [0.12757389 0.6525304  0.01355583 2.3147576 ]]

✔️ Gating k-means converged after 1 iterations
Average expert losses per cluster: 
[[0.38006067 0.02340463 0.9102325  2.3465602 ]
 [2.6491838  3.299278   2.7774258  0.00502719]
 [0.01873763 0.18559802 0.42647967 2.3556821 ]
 [0.12752163 0.65284383 0.01349425 2.3150578 ]]

✔️ Gating k-means converged after 1 iterations
Average expert losses per cluster: 
[[0.37975177 0.02342772 0.91029817 2.3464067 ]
 [2.6500845  3.293541   2.7776148  0.00504803]
 [0.01869736 0.18579355 0.42545328 2.3558881 ]
 [0.12756775 0.64878076 0.01335631 2.3150449 ]]

✔️ Gating k-means converged after 1 iterations
Average expert losses per cluster: 
[[0.37946    0.02345994 0.91021216 2.3469527 ]
 [2.650678   3.293649   2.77749    0.00500078]
 [0.01869344 0.18579233 0.42548457 2.3562443 ]
 [0.12779689 0.6478114  0.01330824 2.314818  ]]

✔️ Gating k-means converged after 1 iterations
Average expert losses per cluster: 
[[0.379643   0.02332763 0.9099863  2.3464277 ]
 [2.6505656  3.2969627  2.7774472  0.00500741]
 [0.01868642 0.18720959 0.4263382  2.360152  ]
 [0.12777416 0.6479587  0.01328361 2.3158834 ]]

✔️ Gating k-means converged after 1 iterations
Average expert losses per cluster: 
[[0.38027212 0.02335874 0.90984946 2.345873  ]
 [2.6506157  3.294344   2.777375   0.0050053 ]
 [0.01867558 0.18829547 0.42735362 2.3579    ]
 [0.12788604 0.6490241  0.01333041 2.3148541 ]]

✔️ Gating k-means converged after 1 iterations
Average expert losses per cluster: 
[[0.38005453 0.02340001 0.9098832  2.3462095 ]
 [2.6507077  3.292751   2.7771807  0.00502916]
 [0.01863095 0.18826966 0.42764464 2.3586688 ]
 [0.1279189  0.64818764 0.01328516 2.314884  ]]

✔️ Gating k-means converged after 1 iterations
Average expert losses per cluster: 
[[0.37946197 0.02337814 0.9100763  2.3465762 ]
 [2.6523368  3.2905407  2.776988   0.00499679]
 [0.01858358 0.18868874 0.4274945  2.35844   ]
 [0.12799999 0.6465743  0.0131012  2.3155684 ]]

✔️ Gating k-means converged after 1 iterations
Average expert losses per cluster: 
[[0.3788968  0.02325114 0.91005546 2.3463452 ]
 [2.653919   3.2939537  2.7762055  0.00498682]
 [0.0185817  0.18951674 0.4269824  2.358772  ]
 [0.12802379 0.64691395 0.01299092 2.3152757 ]]

✔️ Gating k-means converged after 1 iterations
Average expert losses per cluster: 
[[0.37892953 0.02320991 0.9100294  2.3466814 ]
 [2.6543362  3.2944767  2.7757928  0.00502816]
 [0.01854883 0.18984984 0.42680106 2.359635  ]
 [0.12805472 0.64733493 0.01297818 2.3156087 ]]

✔️ Gating k-means converged after 1 iterations
Average expert losses per cluster: 
[[0.37889212 0.02311953 0.9098021  2.3470306 ]
 [2.6544616  3.2949338  2.7758484  0.00502552]
 [0.01854446 0.19005962 0.42764193 2.3595245 ]
 [0.12829645 0.64865035 0.01302321 2.3141353 ]]

✔️ Gating k-means converged after 1 iterations
Average expert losses per cluster: 
[[0.3793482  0.02302654 0.90977687 2.3471055 ]
 [2.6543705  3.2945294  2.7758174  0.00502922]
 [0.01850118 0.19024768 0.42864147 2.360961  ]
 [0.1283311  0.6495488  0.01306688 2.3155065 ]]

✔️ Gating k-means converged after 1 iterations
Average expert losses per cluster: 
[[0.37928316 0.02297166 0.90993214 2.34811   ]
 [2.6544435  3.294614   2.7756753  0.00500615]
 [0.01848913 0.19027412 0.42861834 2.3610966 ]
 [0.12828146 0.649559   0.01305929 2.314984  ]]

✔️ Gating k-means converged after 1 iterations
Average expert losses per cluster: 
[[0.3787808  0.02296758 0.9095939  2.347192  ]
 [2.6556823  3.2975261  2.7749088  0.00502728]
 [0.01848989 0.18926176 0.42573738 2.360805  ]
 [0.12840198 0.6513605  0.01306277 2.3150077 ]]

✔️ Gating k-means converged after 1 iterations
Average expert losses per cluster: 
[[0.37832737 0.02303868 0.9095505  2.346745  ]
 [2.657059   3.2970474  2.774523   0.00501517]
 [0.01840284 0.18624389 0.42271027 2.360883  ]
 [0.12865715 0.6518956  0.01316606 2.3147075 ]]

✔️ Gating k-means converged after 1 iterations
Average expert losses per cluster: 
[[0.3782777  0.02304573 0.9093815  2.3471944 ]
 [2.657327   3.2966626  2.7741895  0.00499539]
 [0.01841651 0.1859098  0.42236668 2.361344  ]
 [0.12865847 0.6520958  0.01326389 2.315173  ]]

✔️ Gating k-means converged after 1 iterations
Average expert losses per cluster: 
[[0.378646   0.02292571 0.9094295  2.3473923 ]
 [2.6571314  3.297294   2.7742023  0.00500277]
 [0.01840957 0.18568829 0.42376098 2.361933  ]
 [0.1286816  0.65266937 0.0132472  2.31548   ]]

✔️ Gating k-means converged after 1 iterations
Average expert losses per cluster: 
[[0.3786385  0.02302712 0.9092807  2.3460827 ]
 [2.6575725  3.297189   2.7741315  0.00501985]
 [0.0183991  0.18550551 0.42492992 2.3618162 ]
 [0.12874386 0.65288883 0.01321477 2.3155653 ]]

✔️ Gating k-means converged after 1 iterations
Average expert losses per cluster: 
[[0.37885755 0.02291001 0.9092555  2.3462944 ]
 [2.6578474  3.2979     2.7739964  0.00499398]
 [0.0184065  0.18507503 0.42458543 2.3621874 ]
 [0.12868837 0.6528514  0.01324783 2.314123  ]]

✔️ Gating k-means converged after 1 iterations
Average expert losses per cluster: 
[[0.37795287 0.02298368 0.90911466 2.345172  ]
 [2.659209   3.2950528  2.7733843  0.00499623]
 [0.01831362 0.18290944 0.42261514 2.3608568 ]
 [0.12853138 0.6528895  0.01344721 2.313432  ]]

✔️ Gating k-means converged after 1 iterations
Average expert losses per cluster: 
[[0.37759608 0.02296112 0.90934354 2.34452   ]
 [2.6608613  3.2902863  2.7734716  0.0049895 ]
 [0.01827338 0.18140034 0.4227284  2.3598888 ]
 [0.12871262 0.65216106 0.01283103 2.3113716 ]]

✔️ Gating k-means converged after 1 iterations
Average expert losses per cluster: 
[[0.37755737 0.02283848 0.9095068  2.3444734 ]
 [2.6611068  3.2912757  2.7736108  0.00498739]
 [0.01825298 0.18118457 0.42290792 2.3605008 ]
 [0.12851988 0.652237   0.01277432 2.3114328 ]]

✔️ Gating k-means converged after 1 iterations
Average expert losses per cluster: 
[[0.37784413 0.02295053 0.90931493 2.3445165 ]
 [2.661528   3.2909565  2.773529   0.0049643 ]
 [0.01824739 0.18126123 0.42389542 2.3606322 ]
 [0.12855373 0.6537184  0.01271225 2.3113554 ]]

✔️ Gating k-means converged after 1 iterations
Average expert losses per cluster: 
[[0.37817454 0.02287855 0.9092501  2.3441515 ]
 [2.6611595  3.2919438  2.77334    0.00498423]
 [0.01827409 0.18228382 0.42477664 2.3611176 ]
 [0.12869537 0.6543576  0.01268369 2.3119237 ]]

✔️ Gating k-means converged after 1 iterations
Average expert losses per cluster: 
[[0.37798616 0.02290163 0.9093119  2.3445575 ]
 [2.6617606  3.2912304  2.77342    0.00496197]
 [0.01824291 0.18260211 0.42513767 2.3610845 ]
 [0.12869805 0.6542605  0.01271963 2.312001  ]]

✔️ Gating k-means converged after 1 iterations
Average expert losses per cluster: 
[[0.37735218 0.02285893 0.9096981  2.344853  ]
 [2.6637917  3.2885888  2.7729323  0.00498939]
 [0.01818674 0.1815575  0.425397   2.3624418 ]
 [0.12853579 0.6543215  0.01290435 2.3120134 ]]

✔️ Gating k-means converged after 1 iterations
Average expert losses per cluster: 
[[0.37702757 0.02273133 0.90957004 2.3451483 ]
 [2.6654365  3.2897725  2.7711034  0.00501322]
 [0.0181592  0.18131565 0.42398253 2.36194   ]
 [0.12837797 0.6551089  0.01236521 2.3113728 ]]

✔️ Gating k-means converged after 1 iterations
Average expert losses per cluster: 
[[0.37695178 0.022719   0.90954775 2.3450096 ]
 [2.6657298  3.2894993  2.7711682  0.00500381]
 [0.01815221 0.18131201 0.42395732 2.3626788 ]
 [0.12839551 0.6553586  0.01232361 2.3113086 ]]

✔️ Gating k-means converged after 1 iterations
Average expert losses per cluster: 
[[0.37681666 0.02263542 0.9097382  2.34554   ]
 [2.6657977  3.2898118  2.7710042  0.00497604]
 [0.0180986  0.18245138 0.424546   2.3623598 ]
 [0.12844567 0.65587044 0.01239865 2.3113399 ]]

✔️ Gating k-means converged after 1 iterations
Average expert losses per cluster: 
[[0.37701222 0.02257653 0.90969086 2.3463376 ]
 [2.6657858  3.2899144  2.7707329  0.00498459]
 [0.01808405 0.18292232 0.4253521  2.3631656 ]
 [0.1285016  0.6560921  0.01232857 2.3108835 ]]

✔️ Gating k-means converged after 1 iterations
Average expert losses per cluster: 
[[0.3770499  0.02254566 0.9097089  2.3467681 ]
 [2.6661246  3.290777   2.770874   0.00501839]
 [0.01810106 0.18294673 0.42532665 2.3634045 ]
 [0.12844609 0.65674853 0.0122827  2.3112266 ]]

✔️ Gating k-means converged after 1 iterations
Average expert losses per cluster: 
[[0.3765256  0.02251977 0.9096858  2.3461292 ]
 [2.668066   3.2906456  2.768809   0.00498901]
 [0.01802277 0.1826936  0.42450777 2.3639257 ]
 [0.12841468 0.65720576 0.0121994  2.3123157 ]]

✔️ Gating k-means converged after 1 iterations
Average expert losses per cluster: 
[[0.376146   0.02259212 0.9095246  2.3461876 ]
 [2.6696937  3.2882364  2.7676356  0.00495874]
 [0.01796223 0.18219581 0.42366883 2.3629835 ]
 [0.12842536 0.65466183 0.01233411 2.310294  ]]

13:01:35      Epoch:   0      Batch:   0      OuterStep: 210      LossModel: 0.01812483     LossTerm2: 0.03911346     LossGates: 0.00000000      Time/Step(s): 4.1930Contributing envs to the losses:  [16 15 18 19 17]
Gate values for each environment (all envs): 
 [[0.17493756 0.17471679 0.47544855 0.17489712]
 [0.17490655 0.17480284 0.47541562 0.17487493]
 [0.1749508  0.17489438 0.4753431  0.17481172]
 [0.17490445 0.17480628 0.47541648 0.1748728 ]
 [0.17487098 0.17487627 0.4752887  0.17496392]
 [0.1749796  0.17481318 0.17489725 0.47530994]
 [0.17497127 0.17486744 0.17489745 0.47526383]
 [0.17496644 0.17481902 0.17493266 0.47528192]
 [0.17511503 0.17478155 0.17500995 0.47509342]
 [0.17485598 0.17476177 0.1749341  0.47544807]
 [0.4753259  0.17489222 0.17488487 0.17489694]
 [0.47536618 0.17484042 0.17491785 0.17487553]
 [0.47528473 0.17489496 0.17490548 0.17491485]
 [0.47543752 0.17493896 0.174859   0.17476456]
 [0.47539842 0.17485242 0.17485654 0.17489257]
 [0.1749039  0.4753555  0.17489445 0.17484623]
 [0.17477714 0.4755214  0.17478257 0.17491898]
 [0.17495987 0.47523022 0.17494768 0.17486222]
 [0.17478493 0.4755178  0.17482187 0.17487535]
 [0.17491615 0.4753598  0.17486495 0.17485912]]
/home/benchmarking/ddrous.benchmarking/miniforge3/envs/jaxgpu/lib/python3.12/multiprocessing/popen_fork.py:66: RuntimeWarning: os.fork() was called. os.fork() is incompatible with multithreaded code, and JAX is multithreaded, so this will likely lead to a deadlock.
  self.pid = os.fork()
        Validation Criterion: 0.05335739
        Saving best model so far ...
✔️ Gating k-means converged after 1 iterations
Average expert losses per cluster: 
[[0.3759073  0.02262919 0.90962696 2.3468409 ]
 [2.6699827  3.2878118  2.7672303  0.00500882]
 [0.01799001 0.18218888 0.4237054  2.363067  ]
 [0.12835982 0.6548071  0.01232893 2.3105302 ]]

✔️ Gating k-means converged after 1 iterations
Average expert losses per cluster: 
[[0.37584966 0.02255025 0.9096077  2.3454092 ]
 [2.6699734  3.2885156  2.767176   0.0049898 ]
 [0.01795753 0.18156609 0.42457214 2.3641086 ]
 [0.12838145 0.6550287  0.01237154 2.3110282 ]]

✔️ Gating k-means converged after 1 iterations
Average expert losses per cluster: 
[[0.37604335 0.02255806 0.9094966  2.3454363 ]
 [2.6701143  3.2874932  2.7671907  0.00501837]
 [0.01797936 0.1813274  0.42509413 2.3628547 ]
 [0.12837265 0.6554754  0.01244094 2.3110728 ]]

✔️ Gating k-means converged after 1 iterations
Average expert losses per cluster: 
[[0.3764288  0.02257321 0.90929604 2.3456743 ]
 [2.6706827  3.2883854  2.7668016  0.00498168]
 [0.01798142 0.1808425  0.42507276 2.3629062 ]
 [0.12845646 0.65550333 0.01241118 2.310495  ]]

✔️ Gating k-means converged after 1 iterations
Average expert losses per cluster: 
[[0.37614137 0.02238783 0.9093323  2.3459172 ]
 [2.671346   3.285277   2.7665257  0.00500592]
 [0.01789566 0.18029061 0.4244763  2.3641305 ]
 [0.12847586 0.65445477 0.01233049 2.31121   ]]

✔️ Gating k-means converged after 1 iterations
Average expert losses per cluster: 
[[0.37583205 0.02228977 0.9096904  2.3465254 ]
 [2.6727483  3.2854688  2.7676017  0.00497177]
 [0.01787381 0.17983387 0.42459974 2.3641093 ]
 [0.12849616 0.6553051  0.01187044 2.3100827 ]]

✔️ Gating k-means converged after 1 iterations
Average expert losses per cluster: 
[[0.37609044 0.02224281 0.9096649  2.3460772 ]
 [2.672756   3.285994   2.768038   0.00501178]
 [0.01787539 0.17965697 0.4249273  2.3638494 ]
 [0.12842469 0.6556955  0.01184765 2.3094342 ]]

✔️ Gating k-means converged after 1 iterations
Average expert losses per cluster: 
[[0.3761135  0.02226215 0.9093973  2.3456767 ]
 [2.6729476  3.2858033  2.767657   0.00498345]
 [0.01787972 0.18021557 0.42564604 2.3632164 ]
 [0.1284903  0.6561336  0.01198927 2.3105192 ]]

✔️ Gating k-means converged after 1 iterations
Average expert losses per cluster: 
[[0.37663797 0.02227894 0.909207   2.3459647 ]
 [2.672866   3.284805   2.7675362  0.00499975]
 [0.01783583 0.18168558 0.42649195 2.364887  ]
 [0.12847774 0.6571961  0.01194108 2.309654  ]]

✔️ Gating k-means converged after 1 iterations
Average expert losses per cluster: 
[[0.37668762 0.02228081 0.90911657 2.346008  ]
 [2.673153   3.2850487  2.7679288  0.00500937]
 [0.01782656 0.18140107 0.42660385 2.3642166 ]
 [0.12858386 0.65693706 0.01195479 2.310725  ]]

✔️ Gating k-means converged after 1 iterations
Average expert losses per cluster: 
[[0.37672278 0.022289   0.9091903  2.346156  ]
 [2.6738315  3.284659   2.767487   0.00499556]
 [0.0178224  0.18159923 0.42601237 2.364631  ]
 [0.12858807 0.65564185 0.011846   2.310642  ]]

✔️ Gating k-means converged after 1 iterations
Average expert losses per cluster: 
[[0.37624583 0.02224561 0.90913314 2.3459775 ]
 [2.6742427  3.2835126  2.7668061  0.00496122]
 [0.0178379  0.18095158 0.42540893 2.3643844 ]
 [0.12857164 0.65384126 0.01160169 2.310286  ]]

✔️ Gating k-means converged after 1 iterations
Average expert losses per cluster: 
[[0.37637863 0.02230501 0.90881854 2.345612  ]
 [2.6747346  3.2831178  2.766925   0.00499061]
 [0.01777375 0.18108854 0.4255298  2.3644617 ]
 [0.12849626 0.65343636 0.01160347 2.3096254 ]]

✔️ Gating k-means converged after 1 iterations
Average expert losses per cluster: 
[[0.37643176 0.02230746 0.90874785 2.345576  ]
 [2.6747484  3.2829514  2.7668345  0.00497862]
 [0.01777878 0.18134205 0.42631918 2.365077  ]
 [0.1285845  0.65357393 0.01167391 2.3094347 ]]

✔️ Gating k-means converged after 1 iterations
Average expert losses per cluster: 
[[0.3764835  0.02218759 0.90885633 2.3459425 ]
 [2.674528   3.2835233  2.766957   0.00505471]
 [0.01778888 0.18171895 0.42687702 2.3651824 ]
 [0.1286258  0.6548461  0.01159901 2.309914  ]]

✔️ Gating k-means converged after 1 iterations
Average expert losses per cluster: 
[[0.3767085  0.02218475 0.9088074  2.346091  ]
 [2.6748962  3.28262    2.766681   0.00500084]
 [0.01775046 0.18143094 0.42689833 2.364893  ]
 [0.12874722 0.65449834 0.01161907 2.3102973 ]]

✔️ Gating k-means converged after 1 iterations
Average expert losses per cluster: 
[[0.3763764  0.02204787 0.908786   2.3466377 ]
 [2.6755543  3.2821088  2.7665575  0.00499304]
 [0.01773129 0.18100105 0.42652306 2.3650239 ]
 [0.12880991 0.6548989  0.01152446 2.310268  ]]

✔️ Gating k-means converged after 1 iterations
Average expert losses per cluster: 
[[0.37607706 0.02193605 0.90879774 2.3468719 ]
 [2.676775   3.2818253  2.7660656  0.00500054]
 [0.01773914 0.18053181 0.42599607 2.3664331 ]
 [0.12864783 0.6549317  0.01139007 2.3097286 ]]

✔️ Gating k-means converged after 1 iterations
Average expert losses per cluster: 
[[0.37597606 0.02196668 0.909007   2.3468678 ]
 [2.677326   3.2808564  2.766116   0.00500965]
 [0.01768932 0.18030842 0.42612788 2.3656042 ]
 [0.12875228 0.65481764 0.01140703 2.3091974 ]]

✔️ Gating k-means converged after 1 iterations
Average expert losses per cluster: 
[[0.3762954  0.02185508 0.9090113  2.3470025 ]
 [2.6773374  3.2812963  2.7660828  0.00497276]
 [0.01771483 0.1808549  0.4264272  2.3669271 ]
 [0.12875545 0.6553581  0.01136639 2.3110251 ]]

✔️ Gating k-means converged after 1 iterations
Average expert losses per cluster: 
[[0.37653062 0.02181681 0.909066   2.3469248 ]
 [2.6769047  3.2811553  2.7661598  0.00498781]
 [0.01769871 0.18101077 0.4270692  2.373059  ]
 [0.1287342  0.65534633 0.01136004 2.3103483 ]]

✔️ Gating k-means converged after 1 iterations
Average expert losses per cluster: 
[[0.37660933 0.0217957  0.90900034 2.3474367 ]
 [2.677687   3.2803369  2.766206   0.0049649 ]
 [0.01765965 0.18105698 0.42722273 2.3666735 ]
 [0.12879463 0.6554238  0.0113053  2.3102748 ]]

✔️ Gating k-means converged after 1 iterations
Average expert losses per cluster: 
[[0.3759481  0.02185815 0.90921766 2.3478653 ]
 [2.6787946  3.2777386  2.7659426  0.00501293]
 [0.01767913 0.18050735 0.42723998 2.366779  ]
 [0.12888852 0.6524024  0.01121356 2.3112333 ]]

✔️ Gating k-means converged after 1 iterations
Average expert losses per cluster: 
[[0.37530953 0.02184958 0.90916884 2.3474228 ]
 [2.6800542  3.276512   2.7663908  0.00498038]
 [0.01760784 0.18019553 0.42738095 2.3675926 ]
 [0.12891655 0.6506097  0.01121277 2.3107088 ]]

✔️ Gating k-means converged after 1 iterations
Average expert losses per cluster: 
[[0.375417   0.02188613 0.9092168  2.3474436 ]
 [2.680568   3.2763622  2.7662113  0.00500491]
 [0.01757456 0.18013306 0.42772013 2.3672626 ]
 [0.12875505 0.6510141  0.01109731 2.3108997 ]]

✔️ Gating k-means converged after 1 iterations
Average expert losses per cluster: 
[[0.37539917 0.02180258 0.9092126  2.3472412 ]
 [2.6803174  3.2759252  2.7660472  0.00499487]
 [0.01760008 0.18069094 0.42842913 2.3680189 ]
 [0.12891595 0.65090317 0.0111137  2.3111017 ]]

✔️ Gating k-means converged after 1 iterations
Average expert losses per cluster: 
[[0.37542635 0.02186836 0.9091174  2.347299  ]
 [2.6803794  3.2763093  2.766054   0.00498234]
 [0.01755854 0.18149218 0.42960507 2.3685973 ]
 [0.12884821 0.6510726  0.01107324 2.311751  ]]

✔️ Gating k-means converged after 1 iterations
Average expert losses per cluster: 
[[0.3755228  0.02189333 0.9093277  2.3467553 ]
 [2.6806395  3.2765706  2.7662003  0.00499652]
 [0.01759827 0.18154669 0.42979646 2.3712943 ]
 [0.12882288 0.6510168  0.01107215 2.309883  ]]

✔️ Gating k-means converged after 1 iterations
Average expert losses per cluster: 
[[0.3745564  0.02186318 0.9090786  2.3471124 ]
 [2.6821427  3.2770183  2.7652302  0.00499713]
 [0.01750174 0.18117425 0.42841068 2.368549  ]
 [0.12894647 0.65065444 0.01103393 2.308954  ]]

✔️ Gating k-means converged after 1 iterations
Average expert losses per cluster: 
[[0.37429544 0.02173797 0.908827   2.3461452 ]
 [2.6839113  3.2780557  2.7648418  0.00500041]
 [0.01745666 0.18104944 0.42723045 2.3683202 ]
 [0.12886915 0.6506819  0.01107097 2.3088274 ]]

✔️ Gating k-means converged after 1 iterations
Average expert losses per cluster: 
[[0.37440205 0.02179289 0.9087722  2.3465714 ]
 [2.6840904  3.2774925  2.7650373  0.00504593]
 [0.01748692 0.18107961 0.427134   2.3682468 ]
 [0.12898083 0.65037316 0.01104258 2.309508  ]]

✔️ Gating k-means converged after 1 iterations
Average expert losses per cluster: 
[[0.3741757  0.02183723 0.9087691  2.3464859 ]
 [2.6840968  3.2783043  2.7650843  0.00495808]
 [0.01742798 0.18197052 0.42826325 2.368328  ]
 [0.12895006 0.65056753 0.01101271 2.3103752 ]]

✔️ Gating k-means converged after 1 iterations
Average expert losses per cluster: 
[[0.3740259  0.02193436 0.9088301  2.3460758 ]
 [2.6841302  3.2774084  2.7649748  0.00498595]
 [0.01745813 0.18225677 0.42939454 2.3682213 ]
 [0.12902933 0.65135497 0.01095995 2.309923  ]]

✔️ Gating k-means converged after 1 iterations
Average expert losses per cluster: 
[[0.37374803 0.0218969  0.908774   2.3464057 ]
 [2.6843815  3.277665   2.765232   0.00496497]
 [0.0174272  0.18243034 0.42930862 2.3689203 ]
 [0.12888299 0.6514707  0.01093563 2.310358  ]]

✔️ Gating k-means converged after 1 iterations
Average expert losses per cluster: 
[[0.37321886 0.02176647 0.90868235 2.3461554 ]
 [2.6855857  3.2738483  2.764681   0.00496833]
 [0.01736863 0.18118958 0.42835194 2.368275  ]
 [0.12908685 0.65210736 0.01087362 2.3098035 ]]

✔️ Gating k-means converged after 1 iterations
Average expert losses per cluster: 
[[0.37231383 0.02166767 0.9086774  2.346257  ]
 [2.686797   3.2702012  2.7647479  0.00499899]
 [0.0173551  0.17963561 0.42775354 2.3694952 ]
 [0.12921825 0.6508239  0.01087497 2.3098752 ]]

✔️ Gating k-means converged after 1 iterations
Average expert losses per cluster: 
[[0.37246302 0.02167828 0.90880126 2.3460546 ]
 [2.6868768  3.2682698  2.7648046  0.00500602]
 [0.0173408  0.17965537 0.4278178  2.3688293 ]
 [0.12930878 0.65113014 0.01074942 2.308826  ]]

✔️ Gating k-means converged after 1 iterations
Average expert losses per cluster: 
[[0.37225586 0.0215773  0.908889   2.3461502 ]
 [2.6869767  3.2688396  2.7647378  0.00501062]
 [0.01734708 0.17912655 0.42856494 2.3685873 ]
 [0.12923579 0.6516275  0.01074697 2.309234  ]]

✔️ Gating k-means converged after 1 iterations
Average expert losses per cluster: 
[[0.3721977  0.02162279 0.9089611  2.3460524 ]
 [2.6870759  3.2692487  2.764973   0.00497595]
 [0.01734344 0.17901629 0.4296635  2.3688612 ]
 [0.12901103 0.65201586 0.0107025  2.3100033 ]]

✔️ Gating k-means converged after 1 iterations
Average expert losses per cluster: 
[[0.37241617 0.02161926 0.9089169  2.345906  ]
 [2.6870542  3.268156   2.7647035  0.0050117 ]
 [0.0173238  0.17882878 0.4296096  2.3705077 ]
 [0.12922347 0.6523418  0.01061965 2.3105142 ]]

✔️ Gating k-means converged after 1 iterations
Average expert losses per cluster: 
[[0.37207907 0.02151002 0.9089183  2.3466182 ]
 [2.6877809  3.2667599  2.7641387  0.00498506]
 [0.01732979 0.17819178 0.42905217 2.3720381 ]
 [0.12923193 0.65235424 0.01061635 2.3094451 ]]

✔️ Gating k-means converged after 1 iterations
Average expert losses per cluster: 
[[0.37220845 0.02149687 0.9088842  2.346708  ]
 [2.6878927  3.2674263  2.7625926  0.00496642]
 [0.0173193  0.17824623 0.42730007 2.3700168 ]
 [0.12948655 0.65201586 0.01047821 2.3080359 ]]

✔️ Gating k-means converged after 1 iterations
Average expert losses per cluster: 
[[0.37217852 0.02147267 0.90871495 2.346146  ]
 [2.6878107  3.267711   2.7624357  0.00496188]
 [0.01731084 0.17802678 0.42694402 2.3699386 ]
 [0.12934488 0.65198463 0.0105375  2.3087614 ]]

✔️ Gating k-means converged after 1 iterations
Average expert losses per cluster: 
[[0.37182125 0.02145728 0.908916   2.3466723 ]
 [2.687933   3.2681713  2.7621987  0.00499024]
 [0.01727954 0.17809568 0.4275634  2.3702786 ]
 [0.12933777 0.65256476 0.01042152 2.30776   ]]

✔️ Gating k-means converged after 1 iterations
Average expert losses per cluster: 
[[0.37193662 0.02135593 0.9089633  2.3478608 ]
 [2.6879175  3.2674606  2.7622087  0.00495986]
 [0.01728277 0.17821231 0.42814645 2.3699496 ]
 [0.12928529 0.6527859  0.01046355 2.3090246 ]]

✔️ Gating k-means converged after 1 iterations
Average expert losses per cluster: 
[[0.37171027 0.02133957 0.90875465 2.34681   ]
 [2.6880925  3.2686563  2.76179    0.00499067]
 [0.01732581 0.17819558 0.42796087 2.3705153 ]
 [0.12938023 0.65258914 0.0103771  2.3079014 ]]

✔️ Gating k-means converged after 1 iterations
Average expert losses per cluster: 
[[0.3714994  0.02128674 0.9088344  2.3470514 ]
 [2.6881895  3.2694585  2.761087   0.00501335]
 [0.01730483 0.17821722 0.42679927 2.3689468 ]
 [0.12927155 0.6534109  0.01035249 2.3073652 ]]

✔️ Gating k-means converged after 1 iterations
Average expert losses per cluster: 
[[0.37123066 0.0212609  0.9088487  2.3470237 ]
 [2.6891282  3.2672029  2.7609205  0.00496033]
 [0.01725625 0.1777751  0.42657638 2.3700864 ]
 [0.12936695 0.65321773 0.01033416 2.3074794 ]]

✔️ Gating k-means converged after 1 iterations
Average expert losses per cluster: 
[[0.37147307 0.02133562 0.9086712  2.347594  ]
 [2.6890392  3.2669778  2.7609375  0.00497728]
 [0.01724481 0.17806193 0.42665812 2.3707995 ]
 [0.12926689 0.6535611  0.01030004 2.3056803 ]]

✔️ Gating k-means converged after 1 iterations
Average expert losses per cluster: 
[[0.3715596  0.02119552 0.90843576 2.3474605 ]
 [2.6890876  3.2675526  2.760877   0.00496682]
 [0.01725694 0.17799033 0.42713037 2.3706243 ]
 [0.12940186 0.6543488  0.01042458 2.3065727 ]]

✔️ Gating k-means converged after 1 iterations
Average expert losses per cluster: 
[[0.3721234  0.02112199 0.90812236 2.3482244 ]
 [2.6889312  3.266285   2.7609453  0.00497536]
 [0.01724547 0.17838469 0.4276298  2.3704655 ]
 [0.12956743 0.6546798  0.01033718 2.3051674 ]]

✔️ Gating k-means converged after 1 iterations
Average expert losses per cluster: 
[[0.37185806 0.02124101 0.9080333  2.3481042 ]
 [2.6892633  3.265862   2.7611217  0.00497253]
 [0.01725599 0.17827298 0.42777202 2.3702297 ]
 [0.12967478 0.6544677  0.01037234 2.3058455 ]]

✔️ Gating k-means converged after 1 iterations
Average expert losses per cluster: 
[[0.37155268 0.02121423 0.90803987 2.3480666 ]
 [2.6896017  3.264551   2.7611504  0.0049727 ]
 [0.0172483  0.17788559 0.42738232 2.3717694 ]
 [0.12954898 0.65210164 0.01036566 2.30565   ]]

✔️ Gating k-means converged after 1 iterations
Average expert losses per cluster: 
[[0.37139913 0.02124618 0.9080437  2.347827  ]
 [2.6902578  3.263048   2.7621577  0.00493253]
 [0.01721939 0.17748003 0.42721534 2.3711145 ]
 [0.12953752 0.65154237 0.0102653  2.3057752 ]]

✔️ Gating k-means converged after 1 iterations
Average expert losses per cluster: 
[[0.37160954 0.02121358 0.90803605 2.3474472 ]
 [2.6905057  3.263237   2.7625082  0.00498773]
 [0.01725693 0.17743668 0.42732677 2.3704631 ]
 [0.12953086 0.65168124 0.01026593 2.3053434 ]]

✔️ Gating k-means converged after 1 iterations
Average expert losses per cluster: 
[[0.3720635  0.02122218 0.9076255  2.347552  ]
 [2.6905017  3.2625005  2.7624247  0.00497661]
 [0.01719715 0.17745565 0.4282771  2.3715725 ]
 [0.12953918 0.6520027  0.01032484 2.3047843 ]]

✔️ Gating k-means converged after 1 iterations
Average expert losses per cluster: 
[[0.37217718 0.0212769  0.90732235 2.3472416 ]
 [2.6904056  3.2621076  2.7627382  0.00497909]
 [0.01722544 0.1777331  0.42893836 2.3715413 ]
 [0.12979539 0.65229976 0.01032383 2.3048794 ]]

✔️ Gating k-means converged after 1 iterations
Average expert losses per cluster: 
[[0.37215278 0.02131509 0.90719527 2.3465455 ]
 [2.6906815  3.2607586  2.762883   0.00496697]
 [0.01719046 0.17773552 0.42904735 2.3715303 ]
 [0.12962778 0.65209603 0.0103005  2.3058317 ]]

✔️ Gating k-means converged after 1 iterations
Average expert losses per cluster: 
[[0.37207603 0.02111753 0.907149   2.3468642 ]
 [2.6913724  3.2620976  2.7640615  0.00495525]
 [0.01716797 0.17700918 0.4286967  2.3715956 ]
 [0.12965243 0.65306187 0.01027943 2.3054657 ]]

✔️ Gating k-means converged after 1 iterations
Average expert losses per cluster: 
[[0.37195417 0.02107108 0.9072555  2.3473325 ]
 [2.6922524  3.262306   2.7652154  0.00497754]
 [0.01713243 0.17678852 0.42867288 2.3734958 ]
 [0.12948982 0.65392804 0.0102654  2.30528   ]]

13:02:26      Epoch:   0      Batch:   0      OuterStep: 220      LossModel: 0.01376955     LossTerm2: 0.06252538     LossGates: 0.00000000      Time/Step(s): 5.6953Contributing envs to the losses:  [12 13 10 11 14]
Gate values for each environment (all envs): 
 [[0.17488758 0.17496686 0.4752832  0.17486231]
 [0.1749496  0.17486162 0.47532558 0.17486311]
 [0.17487666 0.17478456 0.4755188  0.17481993]
 [0.17488417 0.17474313 0.47553152 0.17484112]
 [0.17481644 0.17491464 0.4753694  0.17489952]
 [0.17483391 0.17485954 0.17484757 0.475459  ]
 [0.17498228 0.17477912 0.17498942 0.47524905]
 [0.17487946 0.17489809 0.17481655 0.47540593]
 [0.17480278 0.1748563  0.17485526 0.47548568]
 [0.17497206 0.17484872 0.17492002 0.47525918]
 [0.47523174 0.17488891 0.17488347 0.17499593]
 [0.47548822 0.17476241 0.17493281 0.17481655]
 [0.47533518 0.17485683 0.17490062 0.17490737]
 [0.47557288 0.1747879  0.17486383 0.17477542]
 [0.47556525 0.17478335 0.17488712 0.17476434]
 [0.17482147 0.47554925 0.17477094 0.17485835]
 [0.17486502 0.47539574 0.17484507 0.17489417]
 [0.17477953 0.47556004 0.17481743 0.17484301]
 [0.17471865 0.47552073 0.17478257 0.174978  ]
 [0.17496616 0.47516528 0.17498918 0.1748794 ]]
/home/benchmarking/ddrous.benchmarking/miniforge3/envs/jaxgpu/lib/python3.12/multiprocessing/popen_fork.py:66: RuntimeWarning: os.fork() was called. os.fork() is incompatible with multithreaded code, and JAX is multithreaded, so this will likely lead to a deadlock.
  self.pid = os.fork()
        Validation Criterion: 0.02781736
        Saving best model so far ...
✔️ Gating k-means converged after 1 iterations
Average expert losses per cluster: 
[[0.3720844  0.02106465 0.90715593 2.3467798 ]
 [2.6926897  3.2634068  2.7655067  0.004975  ]
 [0.01709558 0.17686583 0.42884037 2.370882  ]
 [0.12949596 0.6540812  0.01018045 2.304176  ]]

✔️ Gating k-means converged after 1 iterations
Average expert losses per cluster: 
[[0.37198955 0.02106947 0.9070365  2.3465116 ]
 [2.6926963  3.2633579  2.765468   0.00499369]
 [0.01712484 0.17721315 0.42978188 2.3723035 ]
 [0.1295636  0.65412176 0.01027216 2.3058336 ]]

✔️ Gating k-means converged after 1 iterations
Average expert losses per cluster: 
[[0.37247583 0.02112568 0.9068891  2.3467844 ]
 [2.6924627  3.262219   2.765484   0.00497352]
 [0.01713432 0.177425   0.43051192 2.373338  ]
 [0.12959987 0.6543939  0.01020529 2.3055377 ]]

✔️ Gating k-means converged after 1 iterations
Average expert losses per cluster: 
[[0.372431   0.02115158 0.9068014  2.3467486 ]
 [2.692519   3.2616017  2.7654977  0.00495366]
 [0.01712048 0.17752706 0.4306645  2.3726861 ]
 [0.12954149 0.65423226 0.01006851 2.3048828 ]]

✔️ Gating k-means converged after 1 iterations
Average expert losses per cluster: 
[[0.37193185 0.02116496 0.9068246  2.346841  ]
 [2.6940236  3.2578027  2.7662818  0.00494774]
 [0.01707251 0.17715843 0.43057105 2.3778427 ]
 [0.1295906  0.6511655  0.01011704 2.3047025 ]]

✔️ Gating k-means converged after 1 iterations
Average expert losses per cluster: 
[[0.37175533 0.02118303 0.90679723 2.347063  ]
 [2.6954277  3.25359    2.7665012  0.00493813]
 [0.01706911 0.17685436 0.4306448  2.374213  ]
 [0.12952054 0.6499776  0.0100681  2.3041363 ]]

✔️ Gating k-means converged after 1 iterations
Average expert losses per cluster: 
[[0.37137455 0.02118416 0.9067953  2.347284  ]
 [2.6957102  3.2534223  2.7667637  0.00496814]
 [0.01704905 0.17670482 0.4306974  2.373655  ]
 [0.12958567 0.6498538  0.01011286 2.3046615 ]]

✔️ Gating k-means converged after 1 iterations
Average expert losses per cluster: 
[[0.3716171  0.02118916 0.9069052  2.3465745 ]
 [2.6954365  3.2519414  2.766803   0.00496088]
 [0.01703599 0.17713764 0.43150076 2.373364  ]
 [0.12951595 0.64956325 0.01006028 2.3034308 ]]

✔️ Gating k-means converged after 1 iterations
Average expert losses per cluster: 
[[0.37171197 0.02113499 0.90698445 2.3472137 ]
 [2.6955278  3.2517269  2.7667403  0.00496931]
 [0.01705213 0.17723471 0.43208596 2.3736482 ]
 [0.1293443  0.64947844 0.0099476  2.3042636 ]]

✔️ Gating k-means converged after 1 iterations
Average expert losses per cluster: 
[[0.37140185 0.0210861  0.9069654  2.347771  ]
 [2.695738   3.252529   2.7668245  0.00496443]
 [0.01705786 0.17704186 0.4322675  2.373409  ]
 [0.12937121 0.64926225 0.01001609 2.3042448 ]]

✔️ Gating k-means converged after 1 iterations
Average expert losses per cluster: 
[[0.37123394 0.02084146 0.90700597 2.3465984 ]
 [2.6968577  3.2493856  2.7669256  0.00497994]
 [0.01699661 0.17611901 0.4323162  2.3722432 ]
 [0.12946615 0.65147    0.01002665 2.3037992 ]]

✔️ Gating k-means converged after 1 iterations
Average expert losses per cluster: 
[[0.3707058  0.02087806 0.9069605  2.3469765 ]
 [2.6977065  3.2458405  2.766982   0.00494841]
 [0.01695632 0.1757767  0.4322748  2.3732095 ]
 [0.12961893 0.64966804 0.00998749 2.302385  ]]

✔️ Gating k-means converged after 1 iterations
Average expert losses per cluster: 
[[0.37055218 0.0208906  0.9069401  2.3470027 ]
 [2.6981633  3.2452896  2.7671525  0.00495467]
 [0.01695834 0.17586552 0.43246427 2.3737292 ]
 [0.12948905 0.64932907 0.01000389 2.3027103 ]]

✔️ Gating k-means converged after 1 iterations
Average expert losses per cluster: 
[[0.37070334 0.02090668 0.90671855 2.3466835 ]
 [2.69794    3.2458646  2.766982   0.00493401]
 [0.0169559  0.17592902 0.4336033  2.373736  ]
 [0.12950633 0.64937145 0.01000604 2.302847  ]]

✔️ Gating k-means converged after 1 iterations
Average expert losses per cluster: 
[[0.3707385  0.02094008 0.9066538  2.347223  ]
 [2.6980171  3.2445927  2.766952   0.00494361]
 [0.0169509  0.17604274 0.43415672 2.3726957 ]
 [0.12938522 0.64999056 0.01002522 2.3011663 ]]

✔️ Gating k-means converged after 1 iterations
Average expert losses per cluster: 
[[0.370651   0.02089044 0.906822   2.3473203 ]
 [2.6980474  3.2445512  2.7671516  0.00495295]
 [0.01698106 0.17606306 0.43435255 2.3736918 ]
 [0.12929647 0.64932865 0.0100029  2.3021152 ]]

✔️ Gating k-means converged after 1 iterations
Average expert losses per cluster: 
[[0.37023926 0.02082496 0.90683794 2.3466058 ]
 [2.6987872  3.2413805  2.7667     0.00499241]
 [0.01690126 0.17550114 0.43445784 2.3742797 ]
 [0.12938878 0.64866847 0.00988159 2.300966  ]]

✔️ Gating k-means converged after 1 iterations
Average expert losses per cluster: 
[[0.369847   0.0207104  0.9066414  2.3482568 ]
 [2.6997106  3.237407   2.7668493  0.00497931]
 [0.01684394 0.17439432 0.43500075 2.3735833 ]
 [0.12943582 0.6490995  0.00983847 2.3011396 ]]

✔️ Gating k-means converged after 1 iterations
Average expert losses per cluster: 
[[0.36981034 0.02072442 0.90666765 2.3478782 ]
 [2.699725   3.2380292  2.7671983  0.0049451 ]
 [0.01687126 0.1744586  0.43509635 2.3746629 ]
 [0.12950253 0.6496176  0.0097869  2.3024547 ]]

✔️ Gating k-means converged after 1 iterations
Average expert losses per cluster: 
[[0.37008265 0.02071835 0.9064747  2.3477535 ]
 [2.6998074  3.2392335  2.7666874  0.00495655]
 [0.01689905 0.17414044 0.4356725  2.3739872 ]
 [0.12944596 0.6494848  0.00977526 2.3015804 ]]

✔️ Gating k-means converged after 1 iterations
Average expert losses per cluster: 
[[0.3702063  0.02070278 0.9065588  2.347122  ]
 [2.6997802  3.2394905  2.7664647  0.00494589]
 [0.01688852 0.1739891  0.43614396 2.3735893 ]
 [0.1293445  0.6495553  0.00967898 2.3021147 ]]

✔️ Gating k-means converged after 1 iterations
Average expert losses per cluster: 
[[0.37002096 0.02064196 0.90644944 2.3474815 ]
 [2.7001839  3.240357   2.7666054  0.0049649 ]
 [0.01686663 0.17402048 0.4361785  2.37416   ]
 [0.12930085 0.64977133 0.00967564 2.3015447 ]]

✔️ Gating k-means converged after 1 iterations
Average expert losses per cluster: 
[[0.36966625 0.02068838 0.9062997  2.347489  ]
 [2.700681   3.2400742  2.766885   0.00494284]
 [0.01683996 0.1735733  0.43522254 2.372999  ]
 [0.12928423 0.65122324 0.00961209 2.3012567 ]]

✔️ Gating k-means converged after 1 iterations
Average expert losses per cluster: 
[[0.3697894  0.02061538 0.906275   2.3485935 ]
 [2.7011535  3.2396867  2.7670624  0.00495008]
 [0.01685354 0.17328301 0.43488404 2.3821526 ]
 [0.1293134  0.65013796 0.00949676 2.30238   ]]

✔️ Gating k-means converged after 1 iterations
Average expert losses per cluster: 
[[0.36967275 0.02061365 0.9062424  2.3483539 ]
 [2.7016852  3.2398832  2.7673435  0.00494201]
 [0.01683589 0.17327157 0.43473744 2.3747003 ]
 [0.12920307 0.6500366  0.00946967 2.3040445 ]]

✔️ Gating k-means converged after 1 iterations
Average expert losses per cluster: 
[[0.36971673 0.02063287 0.9062662  2.3485696 ]
 [2.7014053  3.2413945  2.767142   0.00495342]
 [0.01677944 0.17321031 0.4352195  2.3753986 ]
 [0.12912443 0.6498727  0.0094522  2.3032815 ]]

✔️ Gating k-means converged after 1 iterations
Average expert losses per cluster: 
[[0.36955005 0.02061323 0.9061746  2.3483078 ]
 [2.7013116  3.2404716  2.7670906  0.00491844]
 [0.01680768 0.17308696 0.43562242 2.37471   ]
 [0.12925158 0.64968866 0.00940076 2.3034399 ]]

✔️ Gating k-means converged after 1 iterations
Average expert losses per cluster: 
[[0.36993796 0.02060523 0.9061122  2.3484638 ]
 [2.7014425  3.2392108  2.7673886  0.00495211]
 [0.01681852 0.17318209 0.43557224 2.378534  ]
 [0.12918103 0.6498804  0.00937546 2.304003  ]]

✔️ Gating k-means converged after 1 iterations
Average expert losses per cluster: 
[[0.3697146  0.02071139 0.90597624 2.3486717 ]
 [2.7019494  3.2387416  2.7677293  0.00493834]
 [0.0167912  0.17292525 0.4351448  2.3756042 ]
 [0.12912244 0.6485562  0.00927007 2.3043382 ]]

✔️ Gating k-means converged after 1 iterations
Average expert losses per cluster: 
[[0.36940223 0.02069641 0.90591145 2.3482823 ]
 [2.7027688  3.2395241  2.768089   0.00495331]
 [0.01679135 0.17286769 0.43481883 2.373969  ]
 [0.12910257 0.64842755 0.00922179 2.3018122 ]]

✔️ Gating k-means converged after 1 iterations
Average expert losses per cluster: 
[[0.36914784 0.02060888 0.9058407  2.347756  ]
 [2.7029707  3.240462   2.7680657  0.00495341]
 [0.01675089 0.17311303 0.43479925 2.3733299 ]
 [0.1291547  0.64819616 0.00916289 2.301767  ]]

✔️ Gating k-means converged after 1 iterations
Average expert losses per cluster: 
[[0.36944133 0.02064787 0.9058327  2.3476436 ]
 [2.7030303  3.2402236  2.7680328  0.00500281]
 [0.0167517  0.17312518 0.43552667 2.373634  ]
 [0.12905017 0.64876384 0.00915269 2.302034  ]]

✔️ Gating k-means converged after 1 iterations
Average expert losses per cluster: 
[[0.36949158 0.0206577  0.9056403  2.3475282 ]
 [2.7028148  3.241451   2.7677908  0.00497386]
 [0.01676351 0.17394964 0.4363742  2.3731828 ]
 [0.12919806 0.64854974 0.00920403 2.3020444 ]]

✔️ Gating k-means converged after 1 iterations
Average expert losses per cluster: 
[[0.36957523 0.02076349 0.90549374 2.3474672 ]
 [2.7031384  3.2412832  2.7677345  0.00496416]
 [0.01675842 0.17424884 0.43633547 2.3738878 ]
 [0.12917478 0.6489929  0.00916383 2.3005548 ]]

✔️ Gating k-means converged after 1 iterations
Average expert losses per cluster: 
[[0.3691008  0.02068436 0.9055554  2.3479302 ]
 [2.7040722  3.241523   2.7680924  0.00496117]
 [0.0167319  0.17404191 0.43592367 2.3743684 ]
 [0.12933531 0.64957255 0.0091095  2.3006039 ]]

✔️ Gating k-means converged after 1 iterations
Average expert losses per cluster: 
[[0.36890638 0.02060111 0.9051857  2.347962  ]
 [2.7049916  3.242757   2.7678714  0.00494164]
 [0.01671954 0.17375945 0.434861   2.3755717 ]
 [0.12914054 0.6503729  0.00909021 2.3019302 ]]

✔️ Gating k-means converged after 1 iterations
Average expert losses per cluster: 
[[0.3687614  0.02057943 0.9051909  2.3486304 ]
 [2.7053578  3.2424958  2.7678814  0.00495777]
 [0.01669238 0.17350939 0.43485093 2.3758137 ]
 [0.12922667 0.65104955 0.00910426 2.3015037 ]]

✔️ Gating k-means converged after 1 iterations
Average expert losses per cluster: 
[[0.36885557 0.02059818 0.9051172  2.3483865 ]
 [2.7053478  3.2430913  2.7677753  0.00495885]
 [0.01670169 0.17424428 0.43545714 2.3761528 ]
 [0.1291924  0.65097696 0.00908909 2.3016043 ]]

✔️ Gating k-means converged after 1 iterations
Average expert losses per cluster: 
[[0.36973283 0.0206266  0.908054   2.3466878 ]
 [2.7050667  3.2417066  2.768062   0.00494865]
 [0.01669217 0.17423514 0.43604636 2.3752275 ]
 [0.12914968 0.65027434 0.00906188 2.3025424 ]]

✔️ Gating k-means converged after 1 iterations
Average expert losses per cluster: 
[[0.37013736 0.02068115 0.91077864 2.345929  ]
 [2.705119   3.2424572  2.7678883  0.00493955]
 [0.01670408 0.17435318 0.4360729  2.3758779 ]
 [0.12907384 0.65052164 0.00908334 2.302921  ]]

✔️ Gating k-means converged after 1 iterations
Average expert losses per cluster: 
[[0.36968422 0.0205738  0.9108105  2.3454845 ]
 [2.706763   3.2391922  2.7684193  0.00496715]
 [0.01664549 0.17401943 0.43586883 2.3748264 ]
 [0.12908247 0.6481578  0.00899028 2.3008249 ]]

✔️ Gating k-means converged after 1 iterations
Average expert losses per cluster: 
[[0.36926228 0.02064312 0.910659   2.3457325 ]
 [2.7067878  3.2347038  2.768767   0.00495122]
 [0.01663481 0.17383814 0.4360251  2.3806484 ]
 [0.12904324 0.6446573  0.0089422  2.299286  ]]

✔️ Gating k-means converged after 1 iterations
Average expert losses per cluster: 
[[0.36978438 0.02083768 0.9133274  2.3451405 ]
 [2.70674    3.2324364  2.7690449  0.0049329 ]
 [0.01665214 0.17390014 0.43606043 2.3757627 ]
 [0.12911372 0.64421135 0.00887621 2.2997844 ]]

✔️ Gating k-means converged after 2 iterations
Average expert losses per cluster: 
[[0.37107024 0.0208683  0.9222002  2.3429158 ]
 [2.7068994  3.2324865  2.7689404  0.00494642]
 [0.01662809 0.17381804 0.43662682 2.375532  ]
 [0.12910208 0.6432881  0.00883596 2.3005443 ]]

✔️ Gating k-means converged after 1 iterations
Average expert losses per cluster: 
[[0.37173355 0.02100693 0.9271149  2.3412669 ]
 [2.706812   3.2321312  2.768735   0.00494944]
 [0.01663833 0.17387737 0.43704516 2.3757906 ]
 [0.12897627 0.6423716  0.00883301 2.301865  ]]

✔️ Gating k-means converged after 1 iterations
Average expert losses per cluster: 
[[0.37176505 0.02118641 0.92781126 2.342077  ]
 [2.7069116  3.2319844  2.7687814  0.00493981]
 [0.01663032 0.17400841 0.43718553 2.3750126 ]
 [0.12893274 0.6169076  0.00879979 2.3013146 ]]

✔️ Gating k-means converged after 1 iterations
Average expert losses per cluster: 
[[0.37159258 0.02107108 0.9277712  2.3417907 ]
 [2.7070615  3.244196   2.7684608  0.00493467]
 [0.01663142 0.17443657 0.43713847 2.3758163 ]
 [0.12918001 0.54046863 0.00872271 2.3013468 ]]

✔️ Gating k-means converged after 1 iterations
Average expert losses per cluster: 
[[0.37130752 0.02083224 0.92761993 2.3417697 ]
 [2.7073765  3.2688541  2.767968   0.00496197]
 [0.01662249 0.17647757 0.43615633 2.3754232 ]
 [0.12904993 0.4514546  0.00863927 2.3012168 ]]

✔️ Gating k-means converged after 1 iterations
Average expert losses per cluster: 
[[0.3715081  0.02081827 0.92682517 2.3420346 ]
 [2.7072349  3.2741337  2.7679138  0.00493236]
 [0.01660969 0.1770855  0.4360164  2.3762388 ]
 [0.12902619 0.4402421  0.00857744 2.2999458 ]]

✔️ Gating k-means converged after 2 iterations
Average expert losses per cluster: 
[[0.37205073 0.02066405 0.92386913 2.3422236 ]
 [2.7071276  3.2736073  2.768171   0.00493035]
 [0.01659723 0.17684352 0.43677112 2.3755486 ]
 [0.12900127 0.44054633 0.00860242 2.3009088 ]]

✔️ Gating k-means converged after 1 iterations
Average expert losses per cluster: 
[[0.37243232 0.02064279 0.9211521  2.3420455 ]
 [2.7075646  3.273529   2.7681854  0.00494495]
 [0.01658052 0.17682122 0.4373579  2.3760858 ]
 [0.12892672 0.44125006 0.00857828 2.299875  ]]

✔️ Gating k-means converged after 1 iterations
Average expert losses per cluster: 
[[0.3725186  0.02046588 0.9201704  2.3424344 ]
 [2.7073574  3.2789776  2.7683234  0.0049553 ]
 [0.01660031 0.1773682  0.43727326 2.376497  ]
 [0.12894557 0.43159038 0.00862834 2.3012612 ]]

✔️ Gating k-means converged after 1 iterations
Average expert losses per cluster: 
[[0.37255695 0.02024263 0.92019856 2.3431337 ]
 [2.7077405  3.3029983  2.7699714  0.00495825]
 [0.01660082 0.17951113 0.43779254 2.3763266 ]
 [0.12887691 0.3975523  0.00873957 2.300865  ]]

✔️ Gating k-means converged after 1 iterations
Average expert losses per cluster: 
[[0.37225634 0.02057615 0.920086   2.3422534 ]
 [2.7082012  3.3290455  2.7739983  0.00495193]
 [0.01654081 0.18302964 0.44029483 2.3760247 ]
 [0.12882666 0.35187772 0.01246328 2.3003595 ]]

✔️ Gating k-means converged after 1 iterations
Average expert losses per cluster: 
[[0.37222868 0.0206725  0.9189808  2.3419125 ]
 [2.7081301  3.333037   2.7742925  0.00495174]
 [0.01659326 0.18356115 0.44055292 2.3756154 ]
 [0.12886503 0.34600517 0.01274173 2.300724  ]]

✔️ Gating k-means converged after 2 iterations
Average expert losses per cluster: 
[[0.3730155  0.02069308 0.9148902  2.342377  ]
 [2.7079823  3.3326707  2.7744868  0.00493368]
 [0.01660424 0.1834823  0.44111338 2.3758469 ]
 [0.12902151 0.34652886 0.01256512 2.2994676 ]]

✔️ Gating k-means converged after 1 iterations
Average expert losses per cluster: 
[[0.37396118 0.02067805 0.91147643 2.3436751 ]
 [2.7080371  3.3330777  2.7746847  0.00498197]
 [0.01660137 0.18345545 0.44168597 2.3758335 ]
 [0.12887    0.34492487 0.01221645 2.2973812 ]]

✔️ Gating k-means converged after 1 iterations
Average expert losses per cluster: 
[[0.37401637 0.02066135 0.9102936  2.3443124 ]
 [2.7081351  3.3364213  2.7752075  0.00493945]
 [0.01656989 0.1839521  0.44198522 2.3773534 ]
 [0.12897913 0.34002334 0.01240873 2.297249  ]]

✔️ Gating k-means converged after 1 iterations
Average expert losses per cluster: 
[[0.37370968 0.0201951  0.9093694  2.3442662 ]
 [2.7086818  3.3572176  2.7767284  0.00497282]
 [0.01657073 0.18503185 0.44187185 2.377562  ]
 [0.12893501 0.3246573  0.01172829 2.2969286 ]]

✔️ Gating k-means converged after 1 iterations
Average expert losses per cluster: 
[[0.37341723 0.02000558 0.90812796 2.3435981 ]
 [2.709271   3.3647687  2.7783003  0.00492414]
 [0.0165266  0.18545927 0.43989712 2.3770692 ]
 [0.12886173 0.31560197 0.00928888 2.295836  ]]

13:03:17      Epoch:   0      Batch:   0      OuterStep: 230      LossModel: 0.01660191     LossTerm2: 0.06264093     LossGates: 0.00000000      Time/Step(s): 5.7109Contributing envs to the losses:  [14 11 10 13 12]
Gate values for each environment (all envs): 
 [[0.17479259 0.17491207 0.4753654  0.17492995]
 [0.17480224 0.17499189 0.47525817 0.17494771]
 [0.17482509 0.17478155 0.47554123 0.17485222]
 [0.1748911  0.17494608 0.47535324 0.1748096 ]
 [0.1748209  0.17485477 0.4754016  0.1749227 ]
 [0.17485397 0.17476776 0.17490795 0.4754704 ]
 [0.17492165 0.17492406 0.17486404 0.47529027]
 [0.17491995 0.17484935 0.17486703 0.47536367]
 [0.17494684 0.17485559 0.1748702  0.47532737]
 [0.17481908 0.17497516 0.17484234 0.47536337]
 [0.47535118 0.17491409 0.17482826 0.1749065 ]
 [0.47549567 0.17473382 0.17493474 0.17483577]
 [0.47529623 0.17490947 0.17492203 0.17487215]
 [0.475218   0.17492932 0.17486966 0.17498301]
 [0.4754496  0.17476109 0.1749472  0.17484213]
 [0.17493059 0.47533816 0.17490612 0.17482506]
 [0.17482047 0.47554833 0.17479149 0.17483972]
 [0.17470585 0.47550812 0.17481121 0.17497487]
 [0.17484236 0.47540313 0.17486423 0.17489031]
 [0.17497495 0.4752859  0.17491744 0.17482173]]
/home/benchmarking/ddrous.benchmarking/miniforge3/envs/jaxgpu/lib/python3.12/multiprocessing/popen_fork.py:66: RuntimeWarning: os.fork() was called. os.fork() is incompatible with multithreaded code, and JAX is multithreaded, so this will likely lead to a deadlock.
  self.pid = os.fork()
        Validation Criterion: 0.02659105
        Saving best model so far ...
✔️ Gating k-means converged after 1 iterations
Average expert losses per cluster: 
[[0.3747221  0.02000056 0.9101712  2.3428605 ]
 [2.7091858  3.36608    2.7785006  0.00492321]
 [0.01651056 0.18548708 0.43942246 2.3768291 ]
 [0.12882204 0.3144004  0.00947785 2.295723  ]]

✔️ Gating k-means converged after 2 iterations
Average expert losses per cluster: 
[[0.37877455 0.02034275 0.9170414  2.3395915 ]
 [2.7094228  3.3665378  2.7788053  0.00493987]
 [0.01652607 0.18567984 0.4399068  2.3776295 ]
 [0.12876546 0.31327668 0.01052939 2.293822  ]]

✔️ Gating k-means converged after 2 iterations
Average expert losses per cluster: 
[[0.3810515  0.02053333 0.9203817  2.3380392 ]
 [2.7092807  3.365939   2.778544   0.00496318]
 [0.01650735 0.1857508  0.44039273 2.377756  ]
 [0.12897146 0.31200388 0.01119701 2.2923908 ]]

✔️ Gating k-means converged after 1 iterations
Average expert losses per cluster: 
[[0.38155112 0.02055284 0.9205225  2.3366623 ]
 [2.709563   3.3674977  2.7791672  0.00493601]
 [0.01650741 0.18565395 0.43991145 2.3778179 ]
 [0.12879471 0.31055102 0.01156043 2.2916598 ]]

✔️ Gating k-means converged after 1 iterations
Average expert losses per cluster: 
[[0.3810372  0.02059875 0.9192438  2.336871  ]
 [2.710124   3.3772705  2.780455   0.00493962]
 [0.01648133 0.18733029 0.43806592 2.3771262 ]
 [0.12889169 0.2961702  0.01373679 2.291557  ]]

✔️ Gating k-means converged after 1 iterations
Average expert losses per cluster: 
[[0.38052836 0.02079493 0.91853565 2.3375175 ]
 [2.711418   3.3858566  2.783074   0.00495361]
 [0.01644694 0.18869115 0.43768737 2.3774626 ]
 [0.12893589 0.2829692  0.01323267 2.2906551 ]]

✔️ Gating k-means converged after 1 iterations
Average expert losses per cluster: 
[[0.3809803  0.02076015 0.91940117 2.3368354 ]
 [2.711385   3.3875062  2.7840455  0.00497428]
 [0.01644754 0.18899703 0.43823877 2.377598  ]
 [0.12899214 0.28087372 0.01196537 2.2923656 ]]

✔️ Gating k-means converged after 1 iterations
Average expert losses per cluster: 
[[0.38176814 0.02060279 0.9219559  2.3366356 ]
 [2.7113385  3.3865094  2.7843359  0.00495831]
 [0.01647824 0.1888613  0.4384663  2.3827558 ]
 [0.12900625 0.27974376 0.01166426 2.2914162 ]]

✔️ Gating k-means converged after 1 iterations
Average expert losses per cluster: 
[[0.3819164  0.02050485 0.9236068  2.337769  ]
 [2.711491   3.388169   2.784203   0.00492879]
 [0.01644586 0.18905643 0.43874604 2.377454  ]
 [0.12906022 0.27838576 0.01116566 2.2941225 ]]

✔️ Gating k-means converged after 1 iterations
Average expert losses per cluster: 
[[0.38222915 0.02049457 0.9236784  2.3374577 ]
 [2.7114944  3.3880506  2.7862916  0.0049683 ]
 [0.01641654 0.18915083 0.43971488 2.3774488 ]
 [0.1292011  0.2768117  0.01067203 2.2933114 ]]

✔️ Gating k-means converged after 1 iterations
Average expert losses per cluster: 
[[0.3821028  0.02043542 0.9230111  2.338036  ]
 [2.7125945  3.3984172  2.7903752  0.00494531]
 [0.01639472 0.19055921 0.44414726 2.3778148 ]
 [0.12906282 0.26671505 0.01651789 2.292766  ]]

✔️ Gating k-means converged after 1 iterations
Average expert losses per cluster: 
[[0.38150403 0.02018025 0.9219217  2.3382945 ]
 [2.7127976  3.4077408  2.7908401  0.00493712]
 [0.01638452 0.19114068 0.44726878 2.379723  ]
 [0.12912245 0.2571372  0.01958268 2.2922494 ]]

✔️ Gating k-means converged after 1 iterations
Average expert losses per cluster: 
[[0.3816661  0.02016183 0.92218506 2.3381171 ]
 [2.7128732  3.4073303  2.7908332  0.00493187]
 [0.01634336 0.19098005 0.44772014 2.3788102 ]
 [0.12921578 0.2554588  0.02022444 2.2918954 ]]

✔️ Gating k-means converged after 1 iterations
Average expert losses per cluster: 
[[0.38174483 0.01996118 0.9235784  2.33922   ]
 [2.7130015  3.4080493  2.7910142  0.00494579]
 [0.01634577 0.19098769 0.4480546  2.379297  ]
 [0.12947136 0.2543023  0.02022968 2.291156  ]]

✔️ Gating k-means converged after 1 iterations
Average expert losses per cluster: 
[[0.38187218 0.01979359 0.92415327 2.3403168 ]
 [2.7129974  3.4080734  2.7907064  0.00495326]
 [0.01638126 0.19115262 0.44846615 2.3785992 ]
 [0.12955208 0.25368947 0.02022393 2.2903621 ]]

✔️ Gating k-means converged after 1 iterations
Average expert losses per cluster: 
[[0.3819418  0.01969158 0.9241201  2.3401954 ]
 [2.7129912  3.4088345  2.790685   0.00493575]
 [0.01637512 0.19070065 0.4489079  2.3790803 ]
 [0.12954758 0.25218853 0.02057658 2.2903774 ]]

✔️ Gating k-means converged after 1 iterations
Average expert losses per cluster: 
[[0.38170105 0.01971248 0.9194463  2.3403883 ]
 [2.7137144  3.4068177  2.7850614  0.00492785]
 [0.01634025 0.19026797 0.4448939  2.3797014 ]
 [0.1296689  0.24811187 0.01128227 2.2896752 ]]

✔️ Gating k-means converged after 1 iterations
Average expert losses per cluster: 
[[0.38139644 0.01975048 0.9148006  2.3405445 ]
 [2.7141533  3.4078882  2.781065   0.00493727]
 [0.01633779 0.19021927 0.439732   2.3786125 ]
 [0.12963068 0.24576536 0.04235666 2.2889683 ]]

✔️ Gating k-means converged after 1 iterations
Average expert losses per cluster: 
[[0.381577   0.01970279 0.91413003 2.3410835 ]
 [2.7142541  3.4081635  2.7808094  0.00491266]
 [0.01630881 0.19054194 0.43916956 2.3794577 ]
 [0.1295454  0.24516976 0.05067628 2.2892485 ]]

✔️ Gating k-means converged after 1 iterations
Average expert losses per cluster: 
[[0.38138962 0.01963485 0.9144387  2.3412352 ]
 [2.7142928  3.4076574  2.7806134  0.00493287]
 [0.01632434 0.19018812 0.43955356 2.3788383 ]
 [0.12962964 0.24478579 0.05081359 2.2888992 ]]

✔️ Gating k-means converged after 2 iterations
Average expert losses per cluster: 
[[0.38138685 0.0195008  0.91496366 2.342307  ]
 [2.714442   3.408275   2.7808092  0.00493183]
 [0.01631817 0.19064783 0.43996605 2.3793714 ]
 [0.12937085 0.2452632  0.04831583 2.291032  ]]

✔️ Gating k-means converged after 1 iterations
Average expert losses per cluster: 
[[0.38124475 0.01955674 0.91431683 2.3420868 ]
 [2.714344   3.4092565  2.780288   0.00496945]
 [0.01629003 0.1904369  0.4393765  2.3779538 ]
 [0.12937704 0.24493082 0.05586945 2.2915232 ]]

✔️ Gating k-means converged after 1 iterations
Average expert losses per cluster: 
[[0.3810711  0.01965557 0.9119709  2.3413346 ]
 [2.7146273  3.4094617  2.7794816  0.00490842]
 [0.01625381 0.19108811 0.43698412 2.3779194 ]
 [0.12940024 0.24331026 0.09289231 2.288966  ]]

✔️ Gating k-means converged after 1 iterations
Average expert losses per cluster: 
[[0.38098532 0.01947763 0.9137912  2.3408163 ]
 [2.7153606  3.4127285  2.7801607  0.00493422]
 [0.01626048 0.19182752 0.44042134 2.3771408 ]
 [0.12947467 0.24256091 0.02483594 2.2881691 ]]

✔️ Gating k-means converged after 1 iterations
Average expert losses per cluster: 
[[0.38050732 0.01946658 0.91450304 2.3412552 ]
 [2.7154882  3.413112   2.7807417  0.00493119]
 [0.01624812 0.19179435 0.44165784 2.3781955 ]
 [0.12942965 0.24293779 0.0151594  2.28794   ]]

✔️ Gating k-means converged after 2 iterations
Average expert losses per cluster: 
[[0.38041392 0.01938482 0.9145382  2.341035  ]
 [2.715618   3.4128423  2.7809095  0.00494611]
 [0.0162061  0.1917467  0.4421092  2.3772004 ]
 [0.12911426 0.24322498 0.01412918 2.2896223 ]]

✔️ Gating k-means converged after 2 iterations
Average expert losses per cluster: 
[[0.38041386 0.01938128 0.91512537 2.341686  ]
 [2.71557    3.412792   2.7809937  0.00492129]
 [0.01623045 0.1917573  0.4425644  2.377507  ]
 [0.12896754 0.24405642 0.01325079 2.2916083 ]]

✔️ Gating k-means converged after 1 iterations
Average expert losses per cluster: 
[[0.38033968 0.01937469 0.9164222  2.3415408 ]
 [2.7154624  3.4131181  2.7813442  0.00493268]
 [0.01628691 0.19194897 0.44358703 2.3778608 ]
 [0.1289803  0.24394596 0.00962152 2.2921112 ]]

✔️ Gating k-means converged after 1 iterations
Average expert losses per cluster: 
[[0.38033462 0.01937234 0.91903204 2.3425403 ]
 [2.7163184  3.4152153  2.7851896  0.00494933]
 [0.01619725 0.19178991 0.4474421  2.3771942 ]
 [0.12887731 0.2438848  0.02234785 2.292694  ]]

✔️ Gating k-means converged after 1 iterations
Average expert losses per cluster: 
[[0.37988797 0.01932153 0.91550934 2.3429193 ]
 [2.7169     3.4163978  2.7855268  0.00490426]
 [0.0161867  0.19199085 0.4451304  2.3797553 ]
 [0.12897043 0.24399662 0.00922218 2.2962062 ]]

✔️ Gating k-means converged after 1 iterations
Average expert losses per cluster: 
[[0.37976775 0.01923498 0.9150184  2.342721  ]
 [2.7169359  3.418802   2.7859902  0.00493   ]
 [0.01618187 0.1922247  0.44459102 2.3801293 ]
 [0.12889926 0.2437725  0.00945043 2.2960448 ]]

✔️ Gating k-means converged after 1 iterations
Average expert losses per cluster: 
[[0.38006327 0.01928256 0.9139024  2.343125  ]
 [2.7168872  3.4173973  2.7859507  0.0049473 ]
 [0.01618847 0.19221084 0.4450225  2.3794162 ]
 [0.12864581 0.24438182 0.00981511 2.2942922 ]]

✔️ Gating k-means converged after 2 iterations
Average expert losses per cluster: 
[[0.38067365 0.01924266 0.9133005  2.3436768 ]
 [2.7170188  3.4153397  2.7862546  0.00493034]
 [0.01621144 0.19203559 0.4452404  2.37948   ]
 [0.12880377 0.24500278 0.01093376 2.2932494 ]]

✔️ Gating k-means converged after 1 iterations
Average expert losses per cluster: 
[[0.38090625 0.0192389  0.9121747  2.3428447 ]
 [2.7170475  3.4153512  2.7865455  0.0049429 ]
 [0.01621158 0.19211118 0.44491908 2.3801134 ]
 [0.12868516 0.24530959 0.01334195 2.298359  ]]

✔️ Gating k-means converged after 1 iterations
Average expert losses per cluster: 
[[0.38048664 0.01925398 0.91018355 2.342756  ]
 [2.717488   3.4152718  2.7892258  0.00492975]
 [0.01613271 0.19197536 0.44487458 2.37896   ]
 [0.12890409 0.24494277 0.01870934 2.2907727 ]]

✔️ Gating k-means converged after 1 iterations
Average expert losses per cluster: 
[[0.3805673  0.01936665 0.91294307 2.3427644 ]
 [2.7173553  3.4123275  2.795226   0.00494687]
 [0.01615468 0.19197416 0.45006534 2.3794973 ]
 [0.12874381 0.24433027 0.01279449 2.2892454 ]]

✔️ Gating k-means converged after 1 iterations
Average expert losses per cluster: 
[[0.380283   0.01942307 0.913105   2.342007  ]
 [2.7177064  3.4122155  2.7963464  0.00492333]
 [0.01612264 0.19196835 0.4508392  2.3785913 ]
 [0.128911   0.24427843 0.01526079 2.288817  ]]

✔️ Gating k-means converged after 1 iterations
Average expert losses per cluster: 
[[0.3807492  0.01932616 0.91093    2.3426704 ]
 [2.717566   3.41396    2.7959085  0.00491367]
 [0.01618431 0.19186619 0.4513095  2.3797147 ]
 [0.12891017 0.24333048 0.01549563 2.2867432 ]]

✔️ Gating k-means converged after 2 iterations
Average expert losses per cluster: 
[[0.38131532 0.01931891 0.9087514  2.3426569 ]
 [2.7176561  3.4122663  2.7962103  0.00491066]
 [0.01610991 0.19165199 0.45144054 2.3794677 ]
 [0.12934548 0.24234326 0.01605505 2.2843645 ]]

✔️ Gating k-means converged after 1 iterations
Average expert losses per cluster: 
[[0.38144135 0.01932231 0.90890723 2.3429334 ]
 [2.7175999  3.4109712  2.797116   0.00490365]
 [0.01613383 0.19165409 0.45212898 2.3798268 ]
 [0.1294807  0.24199946 0.01876117 2.2841198 ]]

✔️ Gating k-means converged after 1 iterations
Average expert losses per cluster: 
[[0.38131785 0.01921641 0.9079768  2.341839  ]
 [2.717839   3.4115446  2.7999732  0.00495356]
 [0.01611174 0.19156542 0.45262152 2.3795276 ]
 [0.12938242 0.24244216 0.01506791 2.283714  ]]

✔️ Gating k-means converged after 1 iterations
Average expert losses per cluster: 
[[0.3814071  0.01914652 0.9052867  2.3430002 ]
 [2.71835    3.4132957  2.8014534  0.00492254]
 [0.01610355 0.19115104 0.45083976 2.3799179 ]
 [0.12955765 0.24367945 0.0135539  2.282634  ]]

✔️ Gating k-means converged after 1 iterations
Average expert losses per cluster: 
[[0.3814507  0.01908989 0.9045305  2.3424637 ]
 [2.7182672  3.4138482  2.8014405  0.00492913]
 [0.01610999 0.19158117 0.45056382 2.3817136 ]
 [0.12963885 0.24093151 0.01585568 2.281887  ]]

✔️ Gating k-means converged after 1 iterations
Average expert losses per cluster: 
[[0.38166004 0.0191284  0.9035509  2.3425493 ]
 [2.7183714  3.4128304  2.8013766  0.00490813]
 [0.01610858 0.19138633 0.45107976 2.3801966 ]
 [0.12985878 0.24074121 0.01684336 2.2812064 ]]

✔️ Gating k-means converged after 1 iterations
Average expert losses per cluster: 
[[0.3821515  0.01914634 0.90301466 2.342652  ]
 [2.718268   3.4140766  2.8014343  0.0049385 ]
 [0.01613281 0.19126497 0.45149088 2.3805761 ]
 [0.1299824  0.24044614 0.01615559 2.281009  ]]

✔️ Gating k-means converged after 1 iterations
Average expert losses per cluster: 
[[0.38198024 0.01922459 0.90264904 2.342614  ]
 [2.7183588  3.4126422  2.8015804  0.00490452]
 [0.01611861 0.19168001 0.45143372 2.3812373 ]
 [0.12996095 0.23824771 0.01839639 2.280708  ]]

✔️ Gating k-means converged after 1 iterations
Average expert losses per cluster: 
[[0.38186613 0.01958927 0.90347785 2.3433888 ]
 [2.718628   3.4123178  2.8043325  0.00491937]
 [0.01610569 0.19257501 0.4528388  2.382059  ]
 [0.12988213 0.2295891  0.01244207 2.2816608 ]]

✔️ Gating k-means converged after 1 iterations
Average expert losses per cluster: 
[[0.38149688 0.01949204 0.904694   2.3422906 ]
 [2.7188797  3.4129465  2.8061988  0.00490675]
 [0.01604783 0.19268766 0.45440912 2.382761  ]
 [0.12990303 0.22557478 0.01095316 2.2795093 ]]

✔️ Gating k-means converged after 1 iterations
Average expert losses per cluster: 
[[0.3813458  0.01936488 0.9057315  2.3424275 ]
 [2.719218   3.4142487  2.8061273  0.00492569]
 [0.01606458 0.1923453  0.45427227 2.3809357 ]
 [0.12995484 0.22545396 0.01114803 2.2801585 ]]

✔️ Gating k-means converged after 1 iterations
Average expert losses per cluster: 
[[0.38041654 0.01937241 0.90984124 2.3424802 ]
 [2.7192948  3.413356   2.8060277  0.00494097]
 [0.01606346 0.1925013  0.45466098 2.3805206 ]
 [0.12968479 0.22519441 0.01111597 2.2777557 ]]

✔️ Gating k-means converged after 1 iterations
Average expert losses per cluster: 
[[0.37979138 0.0191663  0.9132568  2.3422425 ]
 [2.7191813  3.4137018  2.8061326  0.00492815]
 [0.01604944 0.19243202 0.45492148 2.3806586 ]
 [0.1294842  0.22493672 0.01115869 2.2752955 ]]

✔️ Gating k-means converged after 1 iterations
Average expert losses per cluster: 
[[0.37973657 0.01913236 0.91371185 2.3427029 ]
 [2.7192292  3.4141777  2.8062246  0.00493918]
 [0.01607116 0.19222207 0.45510015 2.3802266 ]
 [0.12935881 0.22517358 0.01126303 2.2737575 ]]

✔️ Gating k-means converged after 1 iterations
Average expert losses per cluster: 
[[0.3793372  0.0189723  0.9133735  2.342846  ]
 [2.719767   3.4135406  2.8055978  0.00492588]
 [0.01608364 0.1913632  0.4539814  2.3805583 ]
 [0.12942784 0.2248257  0.01084704 2.27513   ]]

✔️ Gating k-means converged after 1 iterations
Average expert losses per cluster: 
[[0.37904245 0.01892268 0.9128217  2.3431058 ]
 [2.7205791  3.4133441  2.8060582  0.00490149]
 [0.01601188 0.19136883 0.45256314 2.380715  ]
 [0.12936246 0.2242223  0.01059403 2.2758014 ]]

✔️ Gating k-means converged after 1 iterations
Average expert losses per cluster: 
[[0.37893233 0.0188818  0.9132263  2.3427448 ]
 [2.7207687  3.412979   2.8061929  0.00492829]
 [0.01598789 0.1912025  0.45240045 2.3806455 ]
 [0.1294728  0.22431289 0.01061162 2.2751853 ]]

✔️ Gating k-means converged after 1 iterations
Average expert losses per cluster: 
[[0.3792191  0.01888392 0.914827   2.3424315 ]
 [2.7211936  3.412129   2.8059995  0.00490311]
 [0.01601853 0.19129328 0.4529089  2.3808744 ]
 [0.12976949 0.22427027 0.01107329 2.2740295 ]]

✔️ Gating k-means converged after 2 iterations
Average expert losses per cluster: 
[[0.38166353 0.01891949 0.91164255 2.3409193 ]
 [2.720884   3.4135067  2.8059812  0.004925  ]
 [0.01598545 0.19142185 0.45339638 2.3811367 ]
 [0.13082428 0.22444797 0.01221246 2.273319  ]]

✔️ Gating k-means converged after 1 iterations
Average expert losses per cluster: 
[[0.38145337 0.01892826 0.91095066 2.3408196 ]
 [2.7209203  3.4130788  2.8059804  0.00493847]
 [0.01598812 0.19132085 0.45319915 2.3811336 ]
 [0.1309477  0.22413139 0.01231963 2.27426   ]]

✔️ Gating k-means converged after 1 iterations
Average expert losses per cluster: 
[[0.381424   0.01923775 0.9107787  2.340944  ]
 [2.7218285  3.4145334  2.8051827  0.00493418]
 [0.01596796 0.1921995  0.45160863 2.380757  ]
 [0.13100716 0.22205868 0.0127981  2.2728882 ]]

✔️ Gating k-means converged after 1 iterations
Average expert losses per cluster: 
[[0.3812409  0.01922213 0.9111442  2.3414562 ]
 [2.7223814  3.414479   2.803711   0.00493229]
 [0.01596532 0.19249432 0.44964424 2.383496  ]
 [0.13098632 0.22190781 0.01308722 2.272077  ]]

13:04:05      Epoch:   0      Batch:   0      OuterStep: 240      LossModel: 0.01909424     LossTerm2: 0.06281048     LossGates: 0.00000000      Time/Step(s): 4.9625Contributing envs to the losses:  [12 13 10 11 14]
Gate values for each environment (all envs): 
 [[0.17481008 0.17484388 0.47546306 0.17488295]
 [0.17493306 0.17465864 0.47561845 0.17478988]
 [0.17479067 0.17499219 0.47528914 0.17492798]
 [0.1748124  0.17480157 0.47547835 0.17490758]
 [0.17485473 0.17476685 0.4754692  0.17490923]
 [0.17479248 0.17493638 0.17488447 0.47538665]
 [0.17485274 0.17497534 0.17483601 0.47533596]
 [0.17487901 0.17486493 0.1748435  0.4754125 ]
 [0.17485818 0.17490682 0.17487895 0.4753561 ]
 [0.1748257  0.1749307  0.1748664  0.47537714]
 [0.47528493 0.17505966 0.17479159 0.17486385]
 [0.47529328 0.17503902 0.17481312 0.17485456]
 [0.47533232 0.17499071 0.17480296 0.17487401]
 [0.47513095 0.17505431 0.17483903 0.17497571]
 [0.47550675 0.17485605 0.17485346 0.17478369]
 [0.17486043 0.47539505 0.17488024 0.17486425]
 [0.17484187 0.47552088 0.17478597 0.1748512 ]
 [0.17496131 0.47520056 0.17496653 0.17487162]
 [0.17489517 0.47528246 0.17493474 0.17488766]
 [0.17490527 0.47528407 0.17495716 0.17485353]]
/home/benchmarking/ddrous.benchmarking/miniforge3/envs/jaxgpu/lib/python3.12/multiprocessing/popen_fork.py:66: RuntimeWarning: os.fork() was called. os.fork() is incompatible with multithreaded code, and JAX is multithreaded, so this will likely lead to a deadlock.
  self.pid = os.fork()
        Validation Criterion: 0.06134714
✔️ Gating k-means converged after 1 iterations
Average expert losses per cluster: 
[[0.38174972 0.01923653 0.9102497  2.340328  ]
 [2.722268   3.4153244  2.8033674  0.00489343]
 [0.01595561 0.19235916 0.44933572 2.3819976 ]
 [0.13111107 0.22228141 0.01325217 2.2734394 ]]

✔️ Gating k-means converged after 2 iterations
Average expert losses per cluster: 
[[0.38314405 0.01959171 0.90492594 2.337696  ]
 [2.7223067  3.4157956  2.8033118  0.00491433]
 [0.01595752 0.19275351 0.44958183 2.3822277 ]
 [0.13187478 0.22286169 0.01368874 2.273279  ]]

✔️ Gating k-means converged after 1 iterations
Average expert losses per cluster: 
[[0.38384932 0.02000117 0.8984999  2.3363748 ]
 [2.7221503  3.415646   2.8032968  0.00492468]
 [0.0159309  0.19236545 0.44994172 2.3813732 ]
 [0.13232812 0.22348349 0.01390806 2.2727883 ]]

✔️ Gating k-means converged after 1 iterations
Average expert losses per cluster: 
[[0.38375416 0.01995362 0.8982754  2.3359349 ]
 [2.722302   3.417157   2.80286    0.00488462]
 [0.01592168 0.19268163 0.449706   2.3817294 ]
 [0.13249181 0.22371984 0.0138922  2.2724893 ]]

✔️ Gating k-means converged after 1 iterations
Average expert losses per cluster: 
[[0.383543   0.01979637 0.899545   2.3356464 ]
 [2.723265   3.4203968  2.8020437  0.0049307 ]
 [0.01588075 0.19240597 0.4472414  2.3828304 ]
 [0.13241236 0.22448678 0.01394342 2.2717302 ]]

✔️ Gating k-means converged after 1 iterations
Average expert losses per cluster: 
[[0.38293537 0.01983441 0.90069526 2.3356302 ]
 [2.7241662  3.4192684  2.801438   0.00491997]
 [0.01590381 0.19243392 0.44457182 2.3811326 ]
 [0.13246979 0.22480337 0.01452844 2.2727067 ]]

✔️ Gating k-means converged after 1 iterations
Average expert losses per cluster: 
[[0.3830429  0.01989002 0.900633   2.3358927 ]
 [2.724032   3.4187276  2.800308   0.00491454]
 [0.01587486 0.19227496 0.44391796 2.381953  ]
 [0.13261302 0.22504084 0.01448247 2.272848  ]]

✔️ Gating k-means converged after 1 iterations
Average expert losses per cluster: 
[[0.3823093  0.0201643  0.8994771  2.336183  ]
 [2.7243338  3.4198449  2.8000731  0.00492161]
 [0.01586028 0.19245927 0.44421545 2.3816652 ]
 [0.1331581  0.22572641 0.01458657 2.272743  ]]

✔️ Gating k-means converged after 1 iterations
Average expert losses per cluster: 
[[0.38200837 0.02016813 0.9013528  2.3353074 ]
 [2.7243636  3.4198434  2.799848   0.0049087 ]
 [0.01586077 0.19230972 0.44489694 2.3818054 ]
 [0.133399   0.22621536 0.01456452 2.2721097 ]]

✔️ Gating k-means converged after 1 iterations
Average expert losses per cluster: 
[[0.3813822  0.02009365 0.9035738  2.3352084 ]
 [2.7243233  3.4209085  2.7990716  0.00493725]
 [0.01586238 0.19224522 0.44416332 2.3825054 ]
 [0.13331956 0.22666971 0.0145263  2.270884  ]]

✔️ Gating k-means converged after 1 iterations
Average expert losses per cluster: 
[[0.38133818 0.02018045 0.90326244 2.335486  ]
 [2.724533   3.4225671  2.7903485  0.00488758]
 [0.01582237 0.19203079 0.4391234  2.381708  ]
 [0.1334101  0.22783147 0.01383267 2.2691252 ]]

✔️ Gating k-means converged after 1 iterations
Average expert losses per cluster: 
[[0.3811453  0.02015364 0.90261143 2.3348253 ]
 [2.7248902  3.4248245  2.7817676  0.00492023]
 [0.01580118 0.19163273 0.43410292 2.3811414 ]
 [0.13330136 0.22918597 0.0143193  2.269999  ]]

✔️ Gating k-means converged after 1 iterations
Average expert losses per cluster: 
[[0.3808739  0.02010846 0.90453523 2.3350797 ]
 [2.7251508  3.425724   2.7812676  0.00489941]
 [0.01581163 0.19177358 0.43313572 2.3811958 ]
 [0.13340773 0.22967358 0.01395601 2.2693675 ]]

✔️ Gating k-means converged after 1 iterations
Average expert losses per cluster: 
[[0.37943408 0.01958185 0.9114844  2.3373747 ]
 [2.7254274  3.4251275  2.7811487  0.00489297]
 [0.01581425 0.19170502 0.43341523 2.3812413 ]
 [0.13353519 0.23021455 0.01412984 2.2685623 ]]

✔️ Gating k-means converged after 1 iterations
Average expert losses per cluster: 
[[0.37895703 0.01926743 0.9149019  2.337665  ]
 [2.7250898  3.425038   2.7812166  0.00490997]
 [0.01576296 0.19153161 0.43362638 2.3813128 ]
 [0.13338943 0.23063074 0.01396333 2.267942  ]]

✔️ Gating k-means converged after 1 iterations
Average expert losses per cluster: 
[[0.37870827 0.01930042 0.91538984 2.3379846 ]
 [2.7251194  3.425623   2.7806559  0.00492926]
 [0.01580813 0.19165958 0.43284255 2.3815982 ]
 [0.13333076 0.2307409  0.0137762  2.2682898 ]]

✔️ Gating k-means converged after 1 iterations
Average expert losses per cluster: 
[[0.3785077  0.01916638 0.91545194 2.3378456 ]
 [2.725554   3.4284482  2.778446   0.00488578]
 [0.01578568 0.192001   0.42929775 2.381211  ]
 [0.13329278 0.23084536 0.01338519 2.2689102 ]]

✔️ Gating k-means converged after 1 iterations
Average expert losses per cluster: 
[[0.3780689  0.01926584 0.91634303 2.3387434 ]
 [2.7265313  3.4308286  2.7792394  0.00492045]
 [0.01576114 0.19222152 0.42585918 2.3828256 ]
 [0.133376   0.2304586  0.01287781 2.2671096 ]]

✔️ Gating k-means converged after 1 iterations
Average expert losses per cluster: 
[[0.37764153 0.01921046 0.9169869  2.3391068 ]
 [2.726312   3.4304397  2.7794113  0.0049336 ]
 [0.01574925 0.19225809 0.42544863 2.3813698 ]
 [0.13340592 0.23037587 0.01294902 2.266836  ]]

✔️ Gating k-means converged after 1 iterations
Average expert losses per cluster: 
[[0.37729213 0.01911562 0.9186689  2.339431  ]
 [2.7264357  3.4309068  2.7792442  0.00492749]
 [0.01574577 0.19219427 0.42606154 2.3819292 ]
 [0.13325122 0.22994094 0.0128183  2.2675521 ]]

✔️ Gating k-means converged after 1 iterations
Average expert losses per cluster: 
[[0.377103   0.01888577 0.92005044 2.3403318 ]
 [2.726333   3.4297388  2.7793157  0.00493175]
 [0.01570516 0.19224519 0.42661047 2.38155   ]
 [0.1333165  0.2297862  0.01265509 2.2673285 ]]

✔️ Gating k-means converged after 1 iterations
Average expert losses per cluster: 
[[0.37672842 0.01896991 0.9204898  2.3406134 ]
 [2.7266572  3.4300554  2.7794557  0.00493052]
 [0.01574486 0.19233386 0.4261965  2.3810668 ]
 [0.13340503 0.22972047 0.01279344 2.2677908 ]]

✔️ Gating k-means converged after 1 iterations
Average expert losses per cluster: 
[[0.37656268 0.0189028  0.9212348  2.3402998 ]
 [2.7267687  3.4314773  2.7752597  0.00492375]
 [0.01570407 0.19226079 0.42571494 2.3838823 ]
 [0.1333415  0.22967191 0.01248065 2.2684352 ]]

✔️ Gating k-means converged after 1 iterations
Average expert losses per cluster: 
[[0.37622175 0.01870086 0.9215072  2.3405278 ]
 [2.727349   3.4257267  2.7716963  0.00489192]
 [0.01568524 0.19085144 0.42560005 2.3832853 ]
 [0.13331854 0.22838894 0.01234845 2.2669847 ]]

✔️ Gating k-means converged after 1 iterations
Average expert losses per cluster: 
[[0.3764741  0.0187301  0.9217653  2.341019  ]
 [2.727523   3.4259052  2.771358   0.00486513]
 [0.01569675 0.19094805 0.4254876  2.382455  ]
 [0.13319503 0.22656186 0.01225123 2.2661479 ]]

✔️ Gating k-means converged after 1 iterations
Average expert losses per cluster: 
[[0.37525016 0.01866851 0.9252157  2.3409874 ]
 [2.727405   3.4241097  2.7714386  0.00487309]
 [0.01568307 0.1907835  0.4258789  2.3835986 ]
 [0.13331006 0.22700424 0.01240632 2.2657828 ]]

✔️ Gating k-means converged after 1 iterations
Average expert losses per cluster: 
[[0.37467256 0.0186549  0.92711467 2.3413494 ]
 [2.7271078  3.4243524  2.771745   0.00488278]
 [0.01566844 0.19063431 0.42636147 2.3825912 ]
 [0.13328455 0.22725394 0.01233935 2.26477   ]]

✔️ Gating k-means converged after 1 iterations
Average expert losses per cluster: 
[[0.3746477  0.01865967 0.92744255 2.3412435 ]
 [2.726945   3.4260728  2.7715771  0.00490477]
 [0.01566429 0.19092582 0.4263164  2.3836048 ]
 [0.1333553  0.22586572 0.01236223 2.2644427 ]]

✔️ Gating k-means converged after 1 iterations
Average expert losses per cluster: 
[[0.3741912  0.01893198 0.9276417  2.3413713 ]
 [2.7277544  3.4227395  2.7714257  0.00488176]
 [0.01561417 0.19180171 0.42445585 2.3840213 ]
 [0.13338213 0.21918277 0.01239648 2.2640646 ]]

✔️ Gating k-means converged after 1 iterations
Average expert losses per cluster: 
[[0.37427428 0.01909869 0.927339   2.342163  ]
 [2.7279003  3.425562   2.766098   0.00489303]
 [0.01561603 0.19234183 0.42161542 2.3843496 ]
 [0.13341047 0.21596313 0.01293244 2.2627583 ]]

✔️ Gating k-means converged after 1 iterations
Average expert losses per cluster: 
[[0.37409133 0.01892968 0.92744416 2.341378  ]
 [2.728095   3.4261925  2.7651954  0.00495689]
 [0.01560661 0.19228892 0.42124677 2.383294  ]
 [0.13319753 0.21580945 0.01299407 2.2631779 ]]

✔️ Gating k-means converged after 1 iterations
Average expert losses per cluster: 
[[0.37378094 0.01898522 0.9283619  2.3421469 ]
 [2.7278354  3.425935   2.7650576  0.00489013]
 [0.01562794 0.19204798 0.421532   2.3842885 ]
 [0.13323307 0.21587133 0.01296523 2.2623727 ]]

✔️ Gating k-means converged after 1 iterations
Average expert losses per cluster: 
[[0.3736856  0.01896816 0.93042946 2.3417685 ]
 [2.727756   3.4254396  2.7652006  0.00492038]
 [0.015641   0.19210117 0.42186514 2.3875012 ]
 [0.13335866 0.21656564 0.01290388 2.261979  ]]

✔️ Gating k-means converged after 1 iterations
Average expert losses per cluster: 
[[0.37404606 0.01876887 0.92746323 2.3433907 ]
 [2.7278688  3.4264576  2.7643967  0.00487309]
 [0.01563181 0.19191122 0.42147666 2.382675  ]
 [0.13328283 0.21686645 0.01319168 2.2608163 ]]

✔️ Gating k-means converged after 1 iterations
Average expert losses per cluster: 
[[0.37378335 0.01837991 0.9280529  2.3431242 ]
 [2.7283123  3.4301193  2.7615495  0.00491488]
 [0.01558129 0.19110157 0.41950592 2.3839538 ]
 [0.1333497  0.21740018 0.01216216 2.261409  ]]

✔️ Gating k-means converged after 1 iterations
Average expert losses per cluster: 
[[0.37349755 0.01836156 0.92834276 2.3429062 ]
 [2.728648   3.4263833  2.7601001  0.00488962]
 [0.01551687 0.1905291  0.4172615  2.3837276 ]
 [0.13327932 0.21636274 0.01372347 2.2597053 ]]

✔️ Gating k-means converged after 1 iterations
Average expert losses per cluster: 
[[0.37372062 0.01846759 0.9253964  2.342573  ]
 [2.728667   3.425597   2.7594755  0.00487677]
 [0.01554634 0.19076115 0.41627264 2.3835342 ]
 [0.13337746 0.21641178 0.01258914 2.2611482 ]]

✔️ Gating k-means converged after 2 iterations
Average expert losses per cluster: 
[[0.37524495 0.0188398  0.9161054  2.3437061 ]
 [2.7287529  3.428072   2.7594895  0.00489619]
 [0.01557624 0.19067998 0.41652724 2.383063  ]
 [0.13339885 0.21641469 0.01252047 2.2593925 ]]

✔️ Gating k-means converged after 1 iterations
Average expert losses per cluster: 
[[0.37635982 0.0189104  0.9117508  2.3445477 ]
 [2.7288787  3.4253209  2.7596009  0.00488128]
 [0.01555507 0.19092642 0.41664463 2.3831563 ]
 [0.13336039 0.21627335 0.01248413 2.2595887 ]]

✔️ Gating k-means converged after 1 iterations
Average expert losses per cluster: 
[[0.37604237 0.01885687 0.9122511  2.344343  ]
 [2.7288623  3.4259956  2.7591455  0.00488608]
 [0.01556466 0.1907203  0.41578642 2.3825395 ]
 [0.1334114  0.21638837 0.01157949 2.2597203 ]]

✔️ Gating k-means converged after 1 iterations
Average expert losses per cluster: 
[[0.3754712  0.01882466 0.9106526  2.345207  ]
 [2.7293694  3.426989   2.7582574  0.00488811]
 [0.01552086 0.19060294 0.41276827 2.384243  ]
 [0.13346714 0.2160414  0.01593074 2.261064  ]]

✔️ Gating k-means converged after 1 iterations
Average expert losses per cluster: 
[[0.3753551  0.01870785 0.9129254  2.3453279 ]
 [2.7297473  3.426799   2.75304    0.0048653 ]
 [0.01546713 0.19077905 0.41549984 2.3850543 ]
 [0.13339682 0.21544205 0.01130445 2.2605422 ]]

✔️ Gating k-means converged after 1 iterations
Average expert losses per cluster: 
[[0.37472552 0.01868576 0.9143295  2.345372  ]
 [2.73002    3.4279969  2.7522771  0.00488949]
 [0.0154968  0.19086018 0.41629812 2.3844209 ]
 [0.13344161 0.21545811 0.01177866 2.2612312 ]]

✔️ Gating k-means converged after 1 iterations
Average expert losses per cluster: 
[[0.37418568 0.01842203 0.91783285 2.3449135 ]
 [2.7301362  3.4272938  2.7520287  0.00490854]
 [0.01547902 0.19109492 0.41669455 2.3839831 ]
 [0.13338257 0.21542056 0.01174863 2.260837  ]]

✔️ Gating k-means converged after 1 iterations
Average expert losses per cluster: 
[[0.37355098 0.01829005 0.91998494 2.3452365 ]
 [2.7300265  3.4273803  2.7519941  0.00488339]
 [0.01545374 0.19079544 0.4170371  2.3842301 ]
 [0.13340598 0.21524547 0.01176335 2.2599685 ]]

✔️ Gating k-means converged after 1 iterations
Average expert losses per cluster: 
[[0.374017   0.01837952 0.92070216 2.3445098 ]
 [2.730111   3.4276478  2.7512     0.00486515]
 [0.01544471 0.19085208 0.41783753 2.3830826 ]
 [0.13334346 0.21526854 0.01293911 2.2593064 ]]

✔️ Gating k-means converged after 1 iterations
Average expert losses per cluster: 
[[0.37357697 0.01844959 0.92072004 2.3447998 ]
 [2.730411   3.424561   2.7501204  0.00490029]
 [0.01544907 0.19062833 0.41491398 2.384392  ]
 [0.13329153 0.21439524 0.01242592 2.258012  ]]

✔️ Gating k-means converged after 1 iterations
Average expert losses per cluster: 
[[0.37344694 0.01867166 0.9213502  2.3448331 ]
 [2.730489   3.4236429  2.7474182  0.00491602]
 [0.01542826 0.19134527 0.41311225 2.3828573 ]
 [0.13326325 0.21393625 0.01624003 2.2578483 ]]

✔️ Gating k-means converged after 1 iterations
Average expert losses per cluster: 
[[0.3732903  0.01858056 0.9223238  2.344413  ]
 [2.7308586  3.424769   2.7457128  0.00491474]
 [0.01539558 0.1910619  0.41395837 2.383465  ]
 [0.13332684 0.21398142 0.01358556 2.2564685 ]]

✔️ Gating k-means converged after 1 iterations
Average expert losses per cluster: 
[[0.37295124 0.01848096 0.9235434  2.3432019 ]
 [2.731414   3.4238472  2.745309   0.00489605]
 [0.01541878 0.19091703 0.4144155  2.3823042 ]
 [0.13372855 0.21341972 0.01338274 2.2558928 ]]

✔️ Gating k-means converged after 1 iterations
Average expert losses per cluster: 
[[0.373435   0.01848689 0.92063963 2.3445852 ]
 [2.7308185  3.4245613  2.745547   0.00489246]
 [0.01542154 0.19099322 0.41480055 2.3825557 ]
 [0.13347574 0.21351571 0.01346393 2.2565165 ]]

✔️ Gating k-means converged after 1 iterations
Average expert losses per cluster: 
[[0.37377062 0.01853097 0.921107   2.344241  ]
 [2.7306926  3.4237154  2.742398   0.0048929 ]
 [0.01538539 0.19079934 0.41639015 2.3831673 ]
 [0.13348101 0.21382593 0.01124897 2.2543535 ]]

✔️ Gating k-means converged after 1 iterations
Average expert losses per cluster: 
[[0.37351063 0.01837692 0.9243104  2.344216  ]
 [2.7309685  3.424183   2.734479   0.00488999]
 [0.01537884 0.1908341  0.41890574 2.3832948 ]
 [0.13346504 0.2073499  0.02023026 2.2564876 ]]

✔️ Gating k-means converged after 1 iterations
Average expert losses per cluster: 
[[0.37321624 0.01826953 0.9231621  2.345117  ]
 [2.7313113  3.4210937  2.7349284  0.00487916]
 [0.01536291 0.19106045 0.41450483 2.3837068 ]
 [0.13363953 0.202237   0.01166624 2.257297  ]]

✔️ Gating k-means converged after 1 iterations
Average expert losses per cluster: 
[[0.37332574 0.01831204 0.9219333  2.3446984 ]
 [2.7313128  3.4212043  2.7358768  0.00486602]
 [0.01535887 0.19113359 0.4131847  2.3847828 ]
 [0.13349801 0.2003593  0.01123288 2.2579505 ]]

✔️ Gating k-means converged after 1 iterations
Average expert losses per cluster: 
[[0.37448248 0.01837768 0.9173738  2.3454006 ]
 [2.731758   3.4215696  2.735712   0.00484699]
 [0.01540015 0.19112071 0.41340947 2.3843417 ]
 [0.1336525  0.2008446  0.01130414 2.2566473 ]]

✔️ Gating k-means converged after 1 iterations
Average expert losses per cluster: 
[[0.375681   0.01848264 0.9145142  2.3443317 ]
 [2.731315   3.4213338  2.7358322  0.00485195]
 [0.01537519 0.1911286  0.4137301  2.384072  ]
 [0.13392492 0.20040129 0.01116512 2.2575178 ]]

✔️ Gating k-means converged after 1 iterations
Average expert losses per cluster: 
[[0.37627348 0.01849507 0.9129205  2.3441648 ]
 [2.7314386  3.4204557  2.7366521  0.00488164]
 [0.01535708 0.19140904 0.412522   2.3851967 ]
 [0.1341409  0.19844942 0.01196786 2.2579968 ]]

✔️ Gating k-means converged after 1 iterations
Average expert losses per cluster: 
[[0.37622854 0.01841383 0.9132512  2.3434563 ]
 [2.7315986  3.4223657  2.7314339  0.00486664]
 [0.01535768 0.19156615 0.41270667 2.3845727 ]
 [0.1341096  0.19269359 0.01105812 2.2562764 ]]

✔️ Gating k-means converged after 1 iterations
Average expert losses per cluster: 
[[0.375978   0.01840059 0.91381705 2.343633  ]
 [2.7319417  3.4265256  2.729185   0.00490482]
 [0.0153688  0.19254042 0.41258022 2.383869  ]
 [0.13409758 0.18568216 0.01074212 2.2538607 ]]

13:04:49      Epoch:   0      Batch:   0      OuterStep: 250      LossModel: 0.01257972     LossTerm2: 0.06290328     LossGates: 0.00000000      Time/Step(s): 4.3170Contributing envs to the losses:  [14 11 10 13 12]
Gate values for each environment (all envs): 
 [[0.17488971 0.17491929 0.4752775  0.17491356]
 [0.1749031  0.17478427 0.47547567 0.17483702]
 [0.17486861 0.17489758 0.47538555 0.17484829]
 [0.17479715 0.1749613  0.47531855 0.17492308]
 [0.17491482 0.17496571 0.47527868 0.17484085]
 [0.17489433 0.17498606 0.17483419 0.4752854 ]
 [0.17495443 0.17487206 0.17491922 0.47525424]
 [0.17487143 0.17480311 0.17487584 0.47544962]
 [0.17492019 0.17493361 0.17481723 0.47532898]
 [0.17497161 0.1748446  0.1748784  0.47530535]
 [0.47540528 0.17491108 0.174853   0.17483066]
 [0.4755307  0.17484166 0.17481586 0.1748118 ]
 [0.47514898 0.1749053  0.17496672 0.17497897]
 [0.47526047 0.17485487 0.17492834 0.17495623]
 [0.47545183 0.17476265 0.17490572 0.1748798 ]
 [0.17480989 0.47542801 0.17486861 0.17489348]
 [0.17493866 0.47539687 0.17480429 0.17486018]
 [0.17479362 0.47537953 0.17490067 0.17492619]
 [0.17511714 0.47509295 0.17497939 0.17481044]
 [0.17484277 0.4753021  0.174932   0.1749231 ]]
/home/benchmarking/ddrous.benchmarking/miniforge3/envs/jaxgpu/lib/python3.12/multiprocessing/popen_fork.py:66: RuntimeWarning: os.fork() was called. os.fork() is incompatible with multithreaded code, and JAX is multithreaded, so this will likely lead to a deadlock.
  self.pid = os.fork()
        Validation Criterion: 0.04485768
✔️ Gating k-means converged after 1 iterations
Average expert losses per cluster: 
[[0.3765162  0.01836129 0.9129059  2.343026  ]
 [2.7316673  3.4279237  2.728762   0.00491055]
 [0.01537006 0.19261906 0.4126961  2.38413   ]
 [0.13422513 0.18408665 0.01068726 2.2560027 ]]

✔️ Gating k-means converged after 1 iterations
Average expert losses per cluster: 
[[0.37815937 0.01853621 0.9064166  2.3410938 ]
 [2.731486   3.4271321  2.728971   0.00490441]
 [0.01531283 0.19282715 0.41319108 2.3823907 ]
 [0.1346502  0.18344128 0.0106645  2.2558248 ]]

✔️ Gating k-means converged after 1 iterations
Average expert losses per cluster: 
[[0.37856892 0.01863983 0.90344393 2.3396833 ]
 [2.7319076  3.4278786  2.7288263  0.00488431]
 [0.01528432 0.19275989 0.4137871  2.3842072 ]
 [0.13488066 0.18323736 0.01068953 2.2567594 ]]

✔️ Gating k-means converged after 1 iterations
Average expert losses per cluster: 
[[0.37851128 0.01853415 0.9041753  2.339565  ]
 [2.7317657  3.428454   2.728761   0.00488658]
 [0.01532975 0.19256823 0.4138527  2.3834646 ]
 [0.13490422 0.18206896 0.01073881 2.2562258 ]]

✔️ Gating k-means converged after 1 iterations
Average expert losses per cluster: 
[[0.37773177 0.01845947 0.9033479  2.3402228 ]
 [2.7323635  3.4327881  2.7295892  0.0048651 ]
 [0.01535215 0.19321911 0.41253224 2.3852637 ]
 [0.1350049  0.17777264 0.01044117 2.2561944 ]]

✔️ Gating k-means converged after 1 iterations
Average expert losses per cluster: 
[[0.37823787 0.01845822 0.9015263  2.3403823 ]
 [2.7327747  3.4347398  2.7307642  0.00485451]
 [0.01531042 0.19365689 0.40991345 2.3860714 ]
 [0.13496628 0.17590237 0.01116457 2.2566335 ]]

✔️ Gating k-means converged after 1 iterations
Average expert losses per cluster: 
[[0.37738094 0.01850294 0.90222216 2.3403196 ]
 [2.7328498  3.436465   2.729868   0.00484334]
 [0.01531101 0.19373782 0.40980098 2.3860435 ]
 [0.13497789 0.17552891 0.01105678 2.2577758 ]]

✔️ Gating k-means converged after 1 iterations
Average expert losses per cluster: 
[[0.37703815 0.01854248 0.902324   2.3396611 ]
 [2.732497   3.4354722  2.7299721  0.00490155]
 [0.01532565 0.1938781  0.41067457 2.386191  ]
 [0.13512407 0.17561011 0.01109447 2.2561467 ]]

✔️ Gating k-means converged after 1 iterations
Average expert losses per cluster: 
[[0.37841913 0.01849495 0.8967624  2.339332  ]
 [2.732657   3.435175   2.730183   0.00487112]
 [0.01530845 0.19358042 0.41135064 2.3914547 ]
 [0.1350173  0.17585596 0.01111198 2.2551634 ]]

✔️ Gating k-means converged after 1 iterations
Average expert losses per cluster: 
[[0.37825862 0.01856851 0.89603436 2.3400733 ]
 [2.732802   3.4358284  2.7295582  0.00487482]
 [0.01530978 0.19374387 0.41109034 2.3867357 ]
 [0.13517843 0.17555979 0.0110014  2.2549038 ]]

✔️ Gating k-means converged after 1 iterations
Average expert losses per cluster: 
[[0.37793288 0.01866245 0.8971182  2.3397362 ]
 [2.7332704  3.4376366  2.723625   0.00487438]
 [0.01528617 0.19395752 0.41140112 2.3855894 ]
 [0.13519    0.17458539 0.01043053 2.2544038 ]]

✔️ Gating k-means converged after 1 iterations
Average expert losses per cluster: 
[[0.37806815 0.01837514 0.8972638  2.339465  ]
 [2.7333076  3.4405422  2.720843   0.00491386]
 [0.0152382  0.19362582 0.41001877 2.3845508 ]
 [0.13524938 0.17498456 0.0104378  2.2530916 ]]

✔️ Gating k-means converged after 1 iterations
Average expert losses per cluster: 
[[0.37823254 0.0183569  0.8958605  2.3395011 ]
 [2.7336621  3.4410634  2.7206178  0.00487756]
 [0.01525778 0.19377954 0.40932557 2.3843539 ]
 [0.1352082  0.17454527 0.01022224 2.2535913 ]]

✔️ Gating k-means converged after 1 iterations
Average expert losses per cluster: 
[[0.37844092 0.01832668 0.8939172  2.3398387 ]
 [2.7335572  3.4398706  2.7207892  0.00490238]
 [0.01523694 0.19386016 0.41017815 2.385235  ]
 [0.13515608 0.17481732 0.01014354 2.2531385 ]]

✔️ Gating k-means converged after 1 iterations
Average expert losses per cluster: 
[[0.37863478 0.01822934 0.8930321  2.3408628 ]
 [2.7337005  3.4415395  2.72027    0.00488888]
 [0.01532491 0.19378719 0.41075626 2.3846312 ]
 [0.13525943 0.17488393 0.01021469 2.252424  ]]

✔️ Gating k-means converged after 1 iterations
Average expert losses per cluster: 
[[0.3787786  0.01821088 0.8924303  2.3398848 ]
 [2.7339265  3.4416077  2.720252   0.00489214]
 [0.0152479  0.19374491 0.41010886 2.3847332 ]
 [0.1352536  0.17443235 0.01027326 2.2534435 ]]

✔️ Gating k-means converged after 1 iterations
Average expert losses per cluster: 
[[0.37850013 0.01824671 0.8906841  2.3405442 ]
 [2.7337863  3.442641   2.7198942  0.00488227]
 [0.01522152 0.19471836 0.40812016 2.3846672 ]
 [0.13524106 0.16972058 0.01139408 2.2527297 ]]

✔️ Gating k-means converged after 1 iterations
Average expert losses per cluster: 
[[0.3784302  0.01855153 0.8932406  2.3405356 ]
 [2.7343223  3.4501922  2.7176976  0.00486149]
 [0.01520004 0.1967412  0.40873295 2.387963  ]
 [0.13520598 0.1611941  0.01007135 2.2526565 ]]

✔️ Gating k-means converged after 1 iterations
Average expert losses per cluster: 
[[0.37861148 0.01862041 0.8941618  2.340779  ]
 [2.7347574  3.45195    2.7172425  0.00487197]
 [0.01521225 0.197232   0.40894794 2.3847241 ]
 [0.13520432 0.15995425 0.0102321  2.2515714 ]]

✔️ Gating k-means converged after 1 iterations
Average expert losses per cluster: 
[[0.3784452  0.01851338 0.89675754 2.3411663 ]
 [2.7347038  3.4520319  2.717092   0.0048383 ]
 [0.01523053 0.19724043 0.4097002  2.385187  ]
 [0.13506925 0.16032583 0.01030806 2.2526016 ]]

✔️ Gating k-means converged after 1 iterations
Average expert losses per cluster: 
[[0.37787262 0.01846919 0.90026724 2.3425088 ]
 [2.7347097  3.4512098  2.717141   0.00484177]
 [0.01519072 0.19710211 0.41025338 2.385616  ]
 [0.1348675  0.16080554 0.01037991 2.250328  ]]

✔️ Gating k-means converged after 1 iterations
Average expert losses per cluster: 
[[0.37789816 0.01842555 0.9015077  2.3430653 ]
 [2.7343202  3.452607   2.7168422  0.00489304]
 [0.01520346 0.19724812 0.41040245 2.3864007 ]
 [0.13485518 0.15994012 0.01079065 2.249436  ]]

✔️ Gating k-means converged after 1 iterations
Average expert losses per cluster: 
[[0.37771985 0.01826228 0.899301   2.342676  ]
 [2.7358072  3.4551353  2.7148073  0.00487413]
 [0.01520264 0.19777559 0.4079252  2.3853645 ]
 [0.13487747 0.15626176 0.01064196 2.250136  ]]

✔️ Gating k-means converged after 1 iterations
Average expert losses per cluster: 
[[0.37752038 0.01820696 0.8973879  2.3425548 ]
 [2.735066   3.4629312  2.7150514  0.00486613]
 [0.01519319 0.19814502 0.4056685  2.3854973 ]
 [0.134872   0.15404522 0.01342815 2.2495828 ]]

✔️ Gating k-means converged after 1 iterations
Average expert losses per cluster: 
[[0.37743792 0.01815393 0.8977217  2.3424838 ]
 [2.735295   3.458892   2.715019   0.00486344]
 [0.01518661 0.19804095 0.40546486 2.3854253 ]
 [0.1348243  0.15394756 0.01423895 2.2491243 ]]

✔️ Gating k-means converged after 1 iterations
Average expert losses per cluster: 
[[0.37824854 0.01816483 0.8947716  2.3425934 ]
 [2.7350488  3.458044   2.7152107  0.00487622]
 [0.01517526 0.19832306 0.40601498 2.3851795 ]
 [0.13467537 0.15396713 0.01420755 2.2483246 ]]

✔️ Gating k-means converged after 1 iterations
Average expert losses per cluster: 
[[0.37911376 0.01833003 0.8854295  2.3415093 ]
 [2.735385   3.4580865  2.7149143  0.00490784]
 [0.01517846 0.19822504 0.40678462 2.3853385 ]
 [0.13460223 0.1533522  0.01391216 2.2496624 ]]

✔️ Gating k-means converged after 1 iterations
Average expert losses per cluster: 
[[0.37934136 0.01828702 0.8835767  2.3415136 ]
 [2.7352993  3.4604397  2.7152689  0.0049158 ]
 [0.01514624 0.19822854 0.4067483  2.385109  ]
 [0.13459738 0.1523343  0.01441478 2.2502615 ]]

✔️ Gating k-means converged after 1 iterations
Average expert losses per cluster: 
[[0.37884015 0.01826329 0.8903314  2.341011  ]
 [2.735789   3.4629076  2.7126853  0.00491732]
 [0.01519924 0.1988595  0.41006097 2.38458   ]
 [0.1346113  0.14809275 0.01049063 2.2489548 ]]

✔️ Gating k-means converged after 1 iterations
Average expert losses per cluster: 
[[0.3786393  0.01804466 0.8907486  2.3405476 ]
 [2.7367563  3.4619966  2.7120564  0.00489813]
 [0.01514244 0.19942738 0.40992257 2.3842418 ]
 [0.13467555 0.14181088 0.0103144  2.247406  ]]

✔️ Gating k-means converged after 1 iterations
Average expert losses per cluster: 
[[0.37868538 0.01802616 0.888769   2.3414898 ]
 [2.7364872  3.4618988  2.7116468  0.0049204 ]
 [0.01512876 0.19946887 0.40959406 2.3847466 ]
 [0.13483338 0.14068075 0.00980995 2.248612  ]]

✔️ Gating k-means converged after 1 iterations
Average expert losses per cluster: 
[[0.3783135  0.01810285 0.8878614  2.3407555 ]
 [2.7365966  3.4621236  2.711565   0.00493951]
 [0.01511699 0.19956498 0.41039315 2.385325  ]
 [0.13459681 0.1405677  0.00981603 2.2475502 ]]

✔️ Gating k-means converged after 1 iterations
Average expert losses per cluster: 
[[0.37661606 0.01795359 0.893099   2.3411841 ]
 [2.7370403  3.4643636  2.7108462  0.00490282]
 [0.01513054 0.19921333 0.4110613  2.384175  ]
 [0.13439146 0.14068201 0.00982473 2.2476797 ]]

✔️ Gating k-means converged after 1 iterations
Average expert losses per cluster: 
[[0.3769314  0.01794479 0.8932845  2.3410766 ]
 [2.7370088  3.4635384  2.7108479  0.00488115]
 [0.0150959  0.1995617  0.4108778  2.3852246 ]
 [0.13432875 0.13979264 0.00965181 2.247853  ]]

✔️ Gating k-means converged after 1 iterations
Average expert losses per cluster: 
[[0.3768437  0.01812675 0.8912841  2.3405912 ]
 [2.7377427  3.46282    2.7104719  0.0048879 ]
 [0.01506118 0.20052163 0.40963313 2.3855312 ]
 [0.13429105 0.13378023 0.01043342 2.2469032 ]]

✔️ Gating k-means converged after 1 iterations
Average expert losses per cluster: 
[[0.37650687 0.01804022 0.89019537 2.3419116 ]
 [2.7383754  3.4632385  2.7103379  0.00483342]
 [0.01505223 0.20070949 0.40870324 2.3870318 ]
 [0.13434471 0.13033955 0.01210468 2.2489142 ]]

✔️ Gating k-means converged after 1 iterations
Average expert losses per cluster: 
[[0.3762459  0.01802167 0.89048713 2.341193  ]
 [2.7385042  3.4634168  2.7104592  0.00483669]
 [0.01500757 0.20092323 0.40873095 2.386746  ]
 [0.13435179 0.1296962  0.01242549 2.2485807 ]]

✔️ Gating k-means converged after 1 iterations
Average expert losses per cluster: 
[[0.37605578 0.01795019 0.89445716 2.3430374 ]
 [2.7383919  3.4637704  2.7106493  0.00482771]
 [0.01501821 0.2008634  0.40890464 2.3871243 ]
 [0.13409247 0.12984316 0.0125228  2.247153  ]]

✔️ Gating k-means converged after 1 iterations
Average expert losses per cluster: 
[[0.37584326 0.01785844 0.89637244 2.344246  ]
 [2.7386367  3.4641984  2.710387   0.00483831]
 [0.01503424 0.20091756 0.40941682 2.38723   ]
 [0.13390046 0.12985153 0.01259718 2.2467678 ]]

✔️ Gating k-means converged after 1 iterations
Average expert losses per cluster: 
[[0.37572625 0.01777564 0.89733964 2.343949  ]
 [2.7384534  3.4641368  2.7102897  0.00486553]
 [0.015022   0.2008659  0.4093364  2.3864324 ]
 [0.13399237 0.12935504 0.01275446 2.247593  ]]

✔️ Gating k-means converged after 1 iterations
Average expert losses per cluster: 
[[0.37549055 0.01777158 0.89722794 2.3445241 ]
 [2.7388785  3.4658146  2.7104988  0.00488563]
 [0.01503354 0.20165646 0.40919876 2.3865342 ]
 [0.1338744  0.1255704  0.01351089 2.2464125 ]]

✔️ Gating k-means converged after 1 iterations
Average expert losses per cluster: 
[[0.37403226 0.01780075 0.8971505  2.3442147 ]
 [2.7389803  3.4639797  2.7105963  0.00487709]
 [0.01497592 0.2015864  0.409019   2.3852804 ]
 [0.13404469 0.12295544 0.01360382 2.245652  ]]

✔️ Gating k-means converged after 1 iterations
Average expert losses per cluster: 
[[0.3747678  0.01780694 0.8987277  2.3440816 ]
 [2.7391734  3.4632328  2.7106702  0.00487878]
 [0.01496813 0.20150629 0.40915108 2.3850818 ]
 [0.134055   0.12265887 0.01357992 2.2469642 ]]

✔️ Gating k-means converged after 1 iterations
Average expert losses per cluster: 
[[0.3735209  0.01770583 0.90350085 2.344572  ]
 [2.7388747  3.462914   2.7103832  0.0048865 ]
 [0.01492978 0.20151436 0.40968943 2.3852797 ]
 [0.13391396 0.12225425 0.01302635 2.246859  ]]

✔️ Gating k-means converged after 1 iterations
Average expert losses per cluster: 
[[0.37354186 0.01772484 0.9046752  2.3455303 ]
 [2.739617   3.4630814  2.7103484  0.00488903]
 [0.01494806 0.20173268 0.41018143 2.384583  ]
 [0.13390847 0.12160569 0.01267234 2.2474296 ]]

✔️ Gating k-means converged after 1 iterations
Average expert losses per cluster: 
[[0.37358984 0.01769158 0.90493774 2.3454754 ]
 [2.739589   3.4620953  2.7103715  0.00485648]
 [0.0149642  0.20169826 0.4101313  2.3849277 ]
 [0.13397112 0.12135664 0.01259485 2.2472942 ]]

✔️ Gating k-means converged after 1 iterations
Average expert losses per cluster: 
[[0.37307525 0.01761157 0.9061305  2.3457563 ]
 [2.7399433  3.4614224  2.7105176  0.00486102]
 [0.01492648 0.20132832 0.41081476 2.3866727 ]
 [0.13407217 0.12014887 0.01030504 2.2471251 ]]

✔️ Gating k-means converged after 1 iterations
Average expert losses per cluster: 
[[0.37279764 0.01780435 0.90886414 2.3455627 ]
 [2.740261   3.459561   2.711005   0.00490417]
 [0.01486412 0.2020664  0.412149   2.386799  ]
 [0.13392453 0.1178354  0.00947466 2.24758   ]]

✔️ Gating k-means converged after 1 iterations
Average expert losses per cluster: 
[[0.37278324 0.01773115 0.9092     2.345577  ]
 [2.7400591  3.4605718  2.710983   0.00486239]
 [0.01486936 0.20200823 0.4124054  2.3864    ]
 [0.133951   0.11755081 0.00968401 2.2474382 ]]

✔️ Gating k-means converged after 1 iterations
Average expert losses per cluster: 
[[0.37261155 0.01766449 0.9097354  2.3456447 ]
 [2.7400403  3.4594705  2.711249   0.00487375]
 [0.01488476 0.20197749 0.41283152 2.3859303 ]
 [0.13388179 0.11751876 0.00969789 2.2470872 ]]

✔️ Gating k-means converged after 1 iterations
Average expert losses per cluster: 
[[0.37254736 0.01768744 0.9102052  2.3463638 ]
 [2.7402008  3.4600759  2.7111623  0.00486206]
 [0.01486995 0.20203164 0.4132164  2.3854837 ]
 [0.13387674 0.11741012 0.00981339 2.24567   ]]

✔️ Gating k-means converged after 1 iterations
Average expert losses per cluster: 
[[0.37250078 0.01764265 0.9098217  2.346252  ]
 [2.7404275  3.4597886  2.711343   0.00486709]
 [0.01487255 0.20193532 0.41311422 2.3861694 ]
 [0.1338825  0.11713813 0.00960332 2.2456982 ]]

✔️ Gating k-means converged after 1 iterations
Average expert losses per cluster: 
[[0.3724645  0.01745154 0.9087572  2.3457341 ]
 [2.7404375  3.4595692  2.7130196  0.00487384]
 [0.01485439 0.20194535 0.41211733 2.3859262 ]
 [0.1339811  0.11663648 0.00921683 2.2454998 ]]

✔️ Gating k-means converged after 1 iterations
Average expert losses per cluster: 
[[0.372339   0.01736304 0.90852576 2.3462646 ]
 [2.7405946  3.4607728  2.7126231  0.00483864]
 [0.0148519  0.20210178 0.4120414  2.3858016 ]
 [0.13398157 0.11575693 0.00925274 2.2443674 ]]

✔️ Gating k-means converged after 1 iterations
Average expert losses per cluster: 
[[0.37261915 0.01741853 0.90880156 2.3460877 ]
 [2.7403913  3.4605038  2.7118948  0.00484438]
 [0.01482389 0.20217827 0.41246614 2.3863037 ]
 [0.13393937 0.11551096 0.00910888 2.2435062 ]]

✔️ Gating k-means converged after 1 iterations
Average expert losses per cluster: 
[[0.37267065 0.01740604 0.9074565  2.3452244 ]
 [2.7404687  3.4614549  2.7122178  0.00484345]
 [0.01480941 0.2019922  0.41259366 2.386011  ]
 [0.1339223  0.11540733 0.00913455 2.2426305 ]]

✔️ Gating k-means converged after 1 iterations
Average expert losses per cluster: 
[[0.3729206  0.0175003  0.9058323  2.3451781 ]
 [2.7403715  3.4613304  2.7120075  0.00485798]
 [0.01482596 0.20207684 0.41300535 2.3858283 ]
 [0.13378146 0.11538613 0.00917089 2.2409904 ]]

✔️ Gating k-means converged after 1 iterations
Average expert losses per cluster: 
[[0.3731207  0.01737791 0.90601474 2.3448217 ]
 [2.7404556  3.4607651  2.7117703  0.00485906]
 [0.01483104 0.2022281  0.41344747 2.3851163 ]
 [0.13389805 0.11521101 0.00905138 2.240463  ]]

✔️ Gating k-means converged after 1 iterations
Average expert losses per cluster: 
[[0.37278506 0.01734478 0.9070078  2.3451085 ]
 [2.740568   3.4607685  2.7109482  0.00485653]
 [0.01481883 0.20223367 0.41447696 2.3870819 ]
 [0.13396822 0.11457372 0.00931585 2.240465  ]]

✔️ Gating k-means converged after 1 iterations
Average expert losses per cluster: 
[[0.37248883 0.01755544 0.90525085 2.3462503 ]
 [2.741092   3.4615967  2.7127287  0.00481986]
 [0.01476398 0.20353813 0.4128842  2.386833  ]
 [0.1338678  0.11318648 0.00937698 2.2409751 ]]

13:05:33      Epoch:   0      Batch:   0      OuterStep: 260      LossModel: 0.01487653     LossTerm2: 0.06294270     LossGates: 0.00000000      Time/Step(s): 4.3662Contributing envs to the losses:  [11 14 10 13 12]
Gate values for each environment (all envs): 
 [[0.17488569 0.17479901 0.47542974 0.17488554]
 [0.1748663  0.17478347 0.4755     0.17485026]
 [0.1748401  0.1749528  0.4752978  0.17490932]
 [0.17491394 0.17486835 0.47535613 0.1748615 ]
 [0.17491807 0.17483892 0.4754218  0.17482126]
 [0.17481714 0.17489074 0.17484865 0.47544348]
 [0.17481305 0.17483366 0.17484853 0.4755048 ]
 [0.17477132 0.17493668 0.17485173 0.4754402 ]
 [0.17469434 0.17488708 0.17484371 0.47557488]
 [0.1748578  0.17484538 0.17489862 0.47539815]
 [0.4752788  0.17489575 0.17495224 0.17487322]
 [0.4752901  0.17479298 0.17498118 0.17493573]
 [0.47536647 0.17490728 0.1748359  0.17489025]
 [0.47534603 0.17484288 0.17490244 0.17490864]
 [0.47526097 0.17497295 0.17484337 0.17492272]
 [0.17500019 0.47522527 0.17493998 0.17483461]
 [0.17484541 0.4753964  0.17487022 0.17488797]
 [0.17478369 0.47542688 0.17484146 0.17494793]
 [0.17490079 0.47523215 0.17494588 0.17492118]
 [0.17478748 0.47547147 0.17484355 0.17489745]]
/home/benchmarking/ddrous.benchmarking/miniforge3/envs/jaxgpu/lib/python3.12/multiprocessing/popen_fork.py:66: RuntimeWarning: os.fork() was called. os.fork() is incompatible with multithreaded code, and JAX is multithreaded, so this will likely lead to a deadlock.
  self.pid = os.fork()
        Validation Criterion: 0.04199268
✔️ Gating k-means converged after 1 iterations
Average expert losses per cluster: 
[[0.37256977 0.01770449 0.90450966 2.345592  ]
 [2.741076   3.460833   2.712944   0.00486896]
 [0.01478485 0.20386167 0.41256914 2.3869655 ]
 [0.13397856 0.11292353 0.00949095 2.2405896 ]]

✔️ Gating k-means converged after 1 iterations
Average expert losses per cluster: 
[[0.3728157  0.01775275 0.90348166 2.3457043 ]
 [2.741164   3.4616678  2.7128303  0.00487391]
 [0.01476014 0.20370746 0.4131867  2.3865387 ]
 [0.1339126  0.11266036 0.00947182 2.2416165 ]]

✔️ Gating k-means converged after 1 iterations
Average expert losses per cluster: 
[[0.37301293 0.01771171 0.9025139  2.345603  ]
 [2.7411888  3.4615197  2.7129128  0.0048762 ]
 [0.01479379 0.20378856 0.41389963 2.3869622 ]
 [0.134035   0.11272426 0.0094232  2.2401316 ]]

✔️ Gating k-means converged after 1 iterations
Average expert losses per cluster: 
[[0.37291384 0.01766166 0.9021044  2.3462343 ]
 [2.7412014  3.4663332  2.7123344  0.00486471]
 [0.01479034 0.20398915 0.41407952 2.3873944 ]
 [0.13397913 0.11225959 0.00945105 2.2402327 ]]

✔️ Gating k-means converged after 1 iterations
Average expert losses per cluster: 
[[0.37280354 0.01733944 0.9028389  2.347099  ]
 [2.7411277  3.463984   2.7091556  0.00487347]
 [0.01477111 0.20362754 0.41450468 2.3888085 ]
 [0.13395222 0.11114972 0.008982   2.2399755 ]]

✔️ Gating k-means converged after 1 iterations
Average expert losses per cluster: 
[[0.37249032 0.01746127 0.9038932  2.3470192 ]
 [2.741415   3.459275   2.708416   0.00487398]
 [0.01473492 0.20353158 0.41523066 2.38833   ]
 [0.13409574 0.11068323 0.00884264 2.2417245 ]]

✔️ Gating k-means converged after 1 iterations
Average expert losses per cluster: 
[[0.3723887  0.01750971 0.9041397  2.3467236 ]
 [2.7414145  3.4580944  2.7083964  0.00486531]
 [0.01471984 0.20367682 0.41535863 2.3889256 ]
 [0.13400237 0.11071185 0.00892465 2.239579  ]]

✔️ Gating k-means converged after 1 iterations
Average expert losses per cluster: 
[[0.37241438 0.01746507 0.90415746 2.3466742 ]
 [2.7416065  3.4575672  2.708289   0.00484254]
 [0.01474854 0.20365854 0.41600686 2.3878257 ]
 [0.1340491  0.11050578 0.00880571 2.240166  ]]

✔️ Gating k-means converged after 1 iterations
Average expert losses per cluster: 
[[0.37241668 0.01746256 0.9041519  2.346563  ]
 [2.7417035  3.45756    2.7084353  0.00485584]
 [0.01468858 0.20354383 0.41659456 2.3899324 ]
 [0.13410486 0.11041296 0.008755   2.239697  ]]

✔️ Gating k-means converged after 1 iterations
Average expert losses per cluster: 
[[0.37224993 0.01749582 0.904352   2.3469849 ]
 [2.7414997  3.4563558  2.7082288  0.00487348]
 [0.01475364 0.20377453 0.41675448 2.3883474 ]
 [0.13422213 0.10993468 0.00880621 2.237912  ]]

✔️ Gating k-means converged after 1 iterations
Average expert losses per cluster: 
[[0.3719588  0.01753674 0.90491086 2.3448927 ]
 [2.7429411  3.4538884  2.7074049  0.00484834]
 [0.01470202 0.2035363  0.41710716 2.3862884 ]
 [0.13429812 0.11022677 0.00922124 2.234738  ]]

✔️ Gating k-means converged after 1 iterations
Average expert losses per cluster: 
[[0.3719848  0.01738878 0.90499145 2.3458107 ]
 [2.7423406  3.4563653  2.707849   0.00485527]
 [0.0146946  0.20426881 0.4170788  2.386358  ]
 [0.13420787 0.10829195 0.00927369 2.235414  ]]

✔️ Gating k-means converged after 1 iterations
Average expert losses per cluster: 
[[0.37193164 0.01732527 0.9051448  2.345993  ]
 [2.7424467  3.4566429  2.7076974  0.00488918]
 [0.01470343 0.20442148 0.41707087 2.3858776 ]
 [0.13427326 0.10808215 0.00921932 2.235268  ]]

✔️ Gating k-means converged after 1 iterations
Average expert losses per cluster: 
[[0.37204096 0.01732727 0.90434915 2.3457763 ]
 [2.7424793  3.4574869  2.7077646  0.00487928]
 [0.0146702  0.20399533 0.41781494 2.3867204 ]
 [0.1342393  0.10792945 0.00930473 2.2345138 ]]

✔️ Gating k-means converged after 1 iterations
Average expert losses per cluster: 
[[0.37278992 0.01737885 0.9030029  2.3460267 ]
 [2.7428937  3.4585912  2.70746    0.00484743]
 [0.0146628  0.2042874  0.41844606 2.387922  ]
 [0.134364   0.10796144 0.00934135 2.233506  ]]

✔️ Gating k-means converged after 1 iterations
Average expert losses per cluster: 
[[0.37281564 0.01727742 0.9017413  2.345595  ]
 [2.7428453  3.4594135  2.7076862  0.0048726 ]
 [0.01465153 0.2043277  0.4180602  2.38655   ]
 [0.1341512  0.1077259  0.00884398 2.2336202 ]]

✔️ Gating k-means converged after 1 iterations
Average expert losses per cluster: 
[[0.37216827 0.01725283 0.89929456 2.3461912 ]
 [2.7431104  3.4576828  2.7099915  0.00485236]
 [0.01464408 0.20428453 0.4163239  2.3868454 ]
 [0.13434659 0.10710356 0.00965029 2.233978  ]]

✔️ Gating k-means converged after 1 iterations
Average expert losses per cluster: 
[[0.37215996 0.01723471 0.9002472  2.3466172 ]
 [2.7438102  3.452134   2.7079637  0.0048583 ]
 [0.01460356 0.20406525 0.416869   2.3888462 ]
 [0.13445559 0.10663138 0.0088646  2.2350163 ]]

✔️ Gating k-means converged after 1 iterations
Average expert losses per cluster: 
[[0.37186047 0.01734692 0.8999836  2.3463953 ]
 [2.743949   3.451114   2.7073984  0.00486195]
 [0.01462255 0.20378573 0.41715518 2.3881786 ]
 [0.13441537 0.10656766 0.00866679 2.234877  ]]

✔️ Gating k-means converged after 1 iterations
Average expert losses per cluster: 
[[0.3723638  0.01734371 0.8987112  2.3462737 ]
 [2.7437885  3.4511707  2.7070677  0.00484584]
 [0.01458837 0.20405403 0.41768613 2.387665  ]
 [0.13451733 0.10661819 0.00873245 2.2341835 ]]

✔️ Gating k-means converged after 1 iterations
Average expert losses per cluster: 
[[0.3722317  0.01730726 0.89825165 2.3461626 ]
 [2.7436035  3.450576   2.7070003  0.00484574]
 [0.01458212 0.20410566 0.41799638 2.388809  ]
 [0.13454445 0.10646162 0.0086554  2.2340848 ]]

✔️ Gating k-means converged after 1 iterations
Average expert losses per cluster: 
[[0.37232518 0.0172924  0.89841413 2.3466122 ]
 [2.7440894  3.4502404  2.7067335  0.00484591]
 [0.01455837 0.20372331 0.4183019  2.3881721 ]
 [0.13445076 0.10640957 0.00866727 2.2329774 ]]

✔️ Gating k-means converged after 1 iterations
Average expert losses per cluster: 
[[0.37177283 0.01726193 0.89882326 2.3453405 ]
 [2.7447622  3.4504578  2.7059386  0.00484506]
 [0.01453424 0.20433168 0.41836768 2.3863304 ]
 [0.1347581  0.10567035 0.0086973  2.2305532 ]]

✔️ Gating k-means converged after 1 iterations
Average expert losses per cluster: 
[[0.37151164 0.01729143 0.8978195  2.3449557 ]
 [2.7448606  3.455485   2.705468   0.00482453]
 [0.0144907  0.2056347  0.41750297 2.3850253 ]
 [0.1347316  0.10310157 0.00856287 2.2297473 ]]

✔️ Gating k-means converged after 1 iterations
Average expert losses per cluster: 
[[0.37142843 0.0172869  0.89772826 2.3440988 ]
 [2.7450185  3.4556978  2.7048795  0.00484435]
 [0.01455893 0.2057368  0.41748443 2.3855166 ]
 [0.13468446 0.10254549 0.00853219 2.2291796 ]]

✔️ Gating k-means converged after 1 iterations
Average expert losses per cluster: 
[[0.371354   0.01719362 0.89789134 2.3449256 ]
 [2.7449398  3.4550798  2.7049644  0.00480671]
 [0.01450675 0.20601459 0.4184641  2.385339  ]
 [0.13487014 0.10238963 0.00853744 2.22906   ]]

✔️ Gating k-means converged after 1 iterations
Average expert losses per cluster: 
[[0.37107164 0.01723175 0.89837307 2.3453891 ]
 [2.7448444  3.4548607  2.7048814  0.00485097]
 [0.0144835  0.20571761 0.41904494 2.3860295 ]
 [0.13486202 0.10223264 0.00854502 2.2293687 ]]

✔️ Gating k-means converged after 1 iterations
Average expert losses per cluster: 
[[0.37083507 0.01720345 0.8982062  2.344595  ]
 [2.7447941  3.456187   2.7047567  0.00484079]
 [0.01451745 0.20585413 0.41905624 2.3855584 ]
 [0.13491614 0.10184294 0.00842721 2.230749  ]]

✔️ Gating k-means converged after 1 iterations
Average expert losses per cluster: 
[[0.3709866  0.01721179 0.89799446 2.3457954 ]
 [2.7451108  3.4584358  2.70373    0.00487591]
 [0.0144477  0.20653974 0.41878214 2.388419  ]
 [0.13502821 0.09973215 0.00849527 2.2299156 ]]

✔️ Gating k-means converged after 1 iterations
Average expert losses per cluster: 
[[0.3708612  0.01713493 0.8988771  2.3467402 ]
 [2.7449932  3.4557996  2.7031176  0.00484065]
 [0.01444775 0.20619927 0.4195912  2.3882177 ]
 [0.13499919 0.09876525 0.00832348 2.2316444 ]]

✔️ Gating k-means converged after 1 iterations
Average expert losses per cluster: 
[[0.37063754 0.01711641 0.8991434  2.3467987 ]
 [2.7453916  3.4570744  2.7034473  0.00486318]
 [0.0144152  0.20655742 0.4197735  2.388548  ]
 [0.1349101  0.09842014 0.00834346 2.232127  ]]

✔️ Gating k-means converged after 1 iterations
Average expert losses per cluster: 
[[0.37048802 0.01708094 0.8996593  2.347057  ]
 [2.7451751  3.4566815  2.7036781  0.00483057]
 [0.01445856 0.20636316 0.42052227 2.3881078 ]
 [0.13502295 0.09827923 0.00819403 2.2317467 ]]

✔️ Gating k-means converged after 1 iterations
Average expert losses per cluster: 
[[0.37031507 0.01704788 0.9007419  2.34704   ]
 [2.7454224  3.457198   2.7035553  0.00481937]
 [0.01443789 0.20638172 0.42120495 2.3895528 ]
 [0.13509868 0.09802704 0.00813601 2.2299402 ]]

✔️ Gating k-means converged after 1 iterations
Average expert losses per cluster: 
[[0.37026232 0.01708842 0.90101784 2.346818  ]
 [2.745481   3.456829   2.7040117  0.00478639]
 [0.01439819 0.20654145 0.42121837 2.3912334 ]
 [0.13509649 0.09783909 0.00815561 2.230702  ]]

✔️ Gating k-means converged after 1 iterations
Average expert losses per cluster: 
[[0.37030593 0.01708167 0.90040034 2.346477  ]
 [2.7455385  3.4569118  2.7038076  0.00484999]
 [0.01440109 0.20680137 0.421089   2.3874867 ]
 [0.13498339 0.09691007 0.00805105 2.2290747 ]]

✔️ Gating k-means converged after 1 iterations
Average expert losses per cluster: 
[[0.37018535 0.01705054 0.8997553  2.3454654 ]
 [2.7454717  3.4552522  2.7026477  0.00486217]
 [0.01441636 0.2066783  0.42077452 2.3872712 ]
 [0.13514994 0.09603871 0.00815541 2.2281926 ]]

✔️ Gating k-means converged after 1 iterations
Average expert losses per cluster: 
[[0.3699746  0.01702458 0.8998448  2.3464868 ]
 [2.7457979  3.4544296  2.7026527  0.00488114]
 [0.01440997 0.20658568 0.4209151  2.3869343 ]
 [0.1351789  0.09597498 0.00815847 2.2264519 ]]

✔️ Gating k-means converged after 1 iterations
Average expert losses per cluster: 
[[0.37007323 0.01698674 0.90019625 2.3461993 ]
 [2.7454174  3.4541738  2.7024057  0.00483209]
 [0.01441931 0.20691553 0.4213291  2.3867824 ]
 [0.1350169  0.09565911 0.00802292 2.226728  ]]

✔️ Gating k-means converged after 1 iterations
Average expert losses per cluster: 
[[0.37012988 0.01700612 0.89950144 2.346106  ]
 [2.7455573  3.4552293  2.7023304  0.0048263 ]
 [0.01442519 0.2064795  0.421727   2.3867798 ]
 [0.13496141 0.09564122 0.00802391 2.2266357 ]]

✔️ Gating k-means converged after 1 iterations
Average expert losses per cluster: 
[[0.37033635 0.01690563 0.899717   2.3467114 ]
 [2.7456174  3.454102   2.7024887  0.00484953]
 [0.01440624 0.2063614  0.42218563 2.3868427 ]
 [0.13514607 0.09563684 0.00792924 2.2270143 ]]

✔️ Gating k-means converged after 1 iterations
Average expert losses per cluster: 
[[0.37009436 0.01692182 0.9007244  2.3476026 ]
 [2.7460458  3.450485   2.7026517  0.00482792]
 [0.01437428 0.20643406 0.42285863 2.3877587 ]
 [0.13521002 0.09515683 0.00780493 2.2270634 ]]

✔️ Gating k-means converged after 1 iterations
Average expert losses per cluster: 
[[0.36992055 0.0169156  0.9010455  2.3468273 ]
 [2.746408   3.4502149  2.702675   0.00483724]
 [0.01437992 0.20685403 0.42339382 2.3892045 ]
 [0.13541901 0.0948236  0.00787478 2.2266977 ]]

✔️ Gating k-means converged after 1 iterations
Average expert losses per cluster: 
[[0.36980817 0.01682702 0.9007533  2.3470829 ]
 [2.7465732  3.4498684  2.7022438  0.00482376]
 [0.0143457  0.20681536 0.4234049  2.3874977 ]
 [0.13518368 0.09466226 0.00781156 2.2266762 ]]

✔️ Gating k-means converged after 1 iterations
Average expert losses per cluster: 
[[0.36978576 0.01684584 0.90066385 2.3474188 ]
 [2.746362   3.4504776  2.7022872  0.00483388]
 [0.01437093 0.20682514 0.4239192  2.386992  ]
 [0.13515623 0.09466811 0.00774686 2.226832  ]]

✔️ Gating k-means converged after 1 iterations
Average expert losses per cluster: 
[[0.36985803 0.01694031 0.9005251  2.3477085 ]
 [2.746639   3.4496963  2.7019703  0.00484402]
 [0.01437562 0.20680343 0.42419654 2.38739   ]
 [0.13516785 0.0945515  0.00777753 2.2262142 ]]

✔️ Gating k-means converged after 1 iterations
Average expert losses per cluster: 
[[0.37001824 0.01687133 0.9004332  2.3471093 ]
 [2.7465007  3.4502313  2.7016578  0.00483121]
 [0.01429626 0.20676886 0.42424068 2.387904  ]
 [0.1350616  0.09443126 0.00774568 2.2265198 ]]

✔️ Gating k-means converged after 1 iterations
Average expert losses per cluster: 
[[0.3698432  0.01698727 0.9000927  2.3481958 ]
 [2.7464983  3.4531784  2.7025542  0.00486411]
 [0.01434593 0.20807253 0.4233513  2.387925  ]
 [0.13534753 0.09241921 0.00786635 2.2269282 ]]

✔️ Gating k-means converged after 1 iterations
Average expert losses per cluster: 
[[0.36970982 0.01694385 0.9005621  2.3475516 ]
 [2.7466722  3.4569786  2.7012022  0.00488264]
 [0.01431156 0.2092198  0.42364398 2.388818  ]
 [0.13525434 0.0907226  0.00766873 2.2269418 ]]

✔️ Gating k-means converged after 1 iterations
Average expert losses per cluster: 
[[0.36945754 0.01680723 0.90060943 2.3480084 ]
 [2.7472115  3.4576142  2.7012203  0.00482572]
 [0.01429071 0.20956591 0.4237631  2.387588  ]
 [0.13514212 0.09060129 0.00765236 2.225723  ]]

✔️ Gating k-means converged after 1 iterations
Average expert losses per cluster: 
[[0.36960575 0.01681129 0.90056515 2.3478582 ]
 [2.746775   3.457173   2.7008204  0.0048168 ]
 [0.01433869 0.20915142 0.42443314 2.3890088 ]
 [0.1353108  0.09044855 0.00759254 2.2258694 ]]

✔️ Gating k-means converged after 1 iterations
Average expert losses per cluster: 
[[0.36892438 0.01685466 0.90301293 2.3482938 ]
 [2.746987   3.4578393  2.700921   0.00485262]
 [0.01433647 0.20940185 0.42534718 2.3889015 ]
 [0.13516733 0.09023621 0.00753566 2.2264407 ]]

✔️ Gating k-means converged after 1 iterations
Average expert losses per cluster: 
[[0.36914134 0.01677191 0.9033479  2.3481164 ]
 [2.74683    3.45765    2.7009892  0.00485644]
 [0.01434551 0.2092442  0.42556316 2.3893278 ]
 [0.13514513 0.09021442 0.00760204 2.2264612 ]]

✔️ Gating k-means converged after 1 iterations
Average expert losses per cluster: 
[[0.3688009  0.01665071 0.9029667  2.347953  ]
 [2.7471282  3.4589672  2.7011907  0.0048496 ]
 [0.01431093 0.20931149 0.42513463 2.387757  ]
 [0.13522607 0.08982438 0.00754271 2.2237766 ]]

✔️ Gating k-means converged after 1 iterations
Average expert losses per cluster: 
[[0.3686038  0.01674313 0.90155375 2.3479908 ]
 [2.747616   3.4543488  2.7034688  0.00484334]
 [0.01426095 0.20930362 0.4233372  2.3870873 ]
 [0.13539347 0.08987122 0.00755079 2.2228768 ]]

✔️ Gating k-means converged after 1 iterations
Average expert losses per cluster: 
[[0.3681645  0.0168709  0.90176815 2.347794  ]
 [2.7474804  3.4540067  2.7037508  0.00485419]
 [0.01423133 0.20921671 0.42327854 2.3877625 ]
 [0.13558494 0.08986849 0.00756753 2.2241044 ]]

✔️ Gating k-means converged after 1 iterations
Average expert losses per cluster: 
[[0.36743727 0.01680352 0.9056059  2.347781  ]
 [2.7478368  3.4543076  2.7035642  0.00487128]
 [0.01428245 0.20917113 0.423944   2.3873162 ]
 [0.13521443 0.0897411  0.00762217 2.2215636 ]]

✔️ Gating k-means converged after 1 iterations
Average expert losses per cluster: 
[[0.36725825 0.01683758 0.90725815 2.3483305 ]
 [2.7476451  3.4546373  2.7037418  0.00484532]
 [0.01428297 0.20919228 0.42449036 2.387105  ]
 [0.13534409 0.08954101 0.00737211 2.2225478 ]]

✔️ Gating k-means converged after 1 iterations
Average expert losses per cluster: 
[[0.36710438 0.01684049 0.90721303 2.3486755 ]
 [2.7478406  3.453634   2.7042851  0.00484492]
 [0.01427789 0.2095025  0.4243307  2.3886132 ]
 [0.13516542 0.08941349 0.00738567 2.2221546 ]]

✔️ Gating k-means converged after 1 iterations
Average expert losses per cluster: 
[[0.36709413 0.01685884 0.9070345  2.3480535 ]
 [2.7479892  3.452372   2.7049267  0.00484023]
 [0.01423026 0.2095608  0.42392525 2.3874784 ]
 [0.13536325 0.08917054 0.0073189  2.2215178 ]]

✔️ Gating k-means converged after 1 iterations
Average expert losses per cluster: 
[[0.36693707 0.01685779 0.90634984 2.3478386 ]
 [2.7482634  3.4570813  2.7054474  0.00480373]
 [0.01423612 0.21087216 0.42331573 2.3870542 ]
 [0.13530888 0.0877409  0.00729712 2.2220457 ]]

13:06:20      Epoch:   0      Batch:   0      OuterStep: 270      LossModel: 0.01668807     LossTerm2: 0.06923930     LossGates: 0.00000000      Time/Step(s): 4.9899Contributing envs to the losses:  [2 1 0 3 4]
Gate values for each environment (all envs): 
 [[0.17495446 0.17484304 0.47537318 0.17482932]
 [0.17481017 0.17500229 0.47524902 0.17493854]
 [0.17493819 0.17488316 0.47528842 0.17489019]
 [0.17493013 0.17486085 0.4753771  0.17483193]
 [0.17479786 0.17485979 0.475431   0.17491132]
 [0.1748955  0.17496304 0.17483592 0.4753055 ]
 [0.17490429 0.17481288 0.1749626  0.47532016]
 [0.174841   0.17485751 0.17488798 0.47541347]
 [0.1749144  0.17490287 0.17487231 0.47531047]
 [0.17486547 0.17483436 0.17486867 0.47543147]
 [0.475408   0.17486703 0.17489374 0.17483126]
 [0.47547987 0.17485029 0.17478551 0.17488435]
 [0.47545776 0.17493387 0.1748198  0.17478855]
 [0.47546542 0.17482026 0.17487772 0.17483667]
 [0.47534537 0.174964   0.17485006 0.17484052]
 [0.1749079  0.4753025  0.17492254 0.17486708]
 [0.1748941  0.47543934 0.17481194 0.17485462]
 [0.17485142 0.47544914 0.1748369  0.17486246]
 [0.17480382 0.47541812 0.17490046 0.1748776 ]
 [0.17484869 0.47543654 0.1748355  0.17487924]]
/home/benchmarking/ddrous.benchmarking/miniforge3/envs/jaxgpu/lib/python3.12/multiprocessing/popen_fork.py:66: RuntimeWarning: os.fork() was called. os.fork() is incompatible with multithreaded code, and JAX is multithreaded, so this will likely lead to a deadlock.
  self.pid = os.fork()
        Validation Criterion: 0.03122778
✔️ Gating k-means converged after 1 iterations
Average expert losses per cluster: 
[[0.36687204 0.01687053 0.90648043 2.3485687 ]
 [2.7482307  3.458042   2.705302   0.00479539]
 [0.01424444 0.21141933 0.42348137 2.3876958 ]
 [0.13539839 0.08746856 0.00722708 2.221895  ]]

✔️ Gating k-means converged after 1 iterations
Average expert losses per cluster: 
[[0.36686754 0.01685145 0.90666085 2.348459  ]
 [2.7481606  3.458433   2.7050016  0.00484859]
 [0.014226   0.2112664  0.42394567 2.3885355 ]
 [0.13521782 0.08720686 0.0071719  2.221428  ]]

✔️ Gating k-means converged after 1 iterations
Average expert losses per cluster: 
[[0.3668758  0.01684919 0.9070342  2.3482568 ]
 [2.748069   3.457779   2.7053623  0.00481783]
 [0.01423521 0.21116045 0.42451054 2.3883798 ]
 [0.13525431 0.08715457 0.00717338 2.2206311 ]]

✔️ Gating k-means converged after 1 iterations
Average expert losses per cluster: 
[[0.3670931  0.01686967 0.90679693 2.3484375 ]
 [2.7482774  3.459975   2.7053797  0.00484549]
 [0.01420372 0.21164174 0.424539   2.3885562 ]
 [0.1354408  0.08692127 0.00717083 2.2212834 ]]

✔️ Gating k-means converged after 1 iterations
Average expert losses per cluster: 
[[0.36680993 0.01683134 0.9059893  2.348811  ]
 [2.748491   3.4600563  2.7059858  0.00483622]
 [0.01423385 0.21180497 0.42423016 2.3882005 ]
 [0.13531698 0.08638533 0.00730293 2.2189887 ]]

✔️ Gating k-means converged after 1 iterations
Average expert losses per cluster: 
[[0.36651894 0.01663873 0.90574104 2.348541  ]
 [2.7483227  3.4569626  2.706998   0.0048412 ]
 [0.01421556 0.21127741 0.4238699  2.3905594 ]
 [0.1354442  0.08695183 0.00736994 2.218654  ]]

✔️ Gating k-means converged after 1 iterations
Average expert losses per cluster: 
[[0.36639547 0.0166244  0.9057806  2.3483129 ]
 [2.7485235  3.4562318  2.7065678  0.00486068]
 [0.01417928 0.21087041 0.4241233  2.3886857 ]
 [0.13544284 0.08706468 0.00734248 2.219197  ]]

✔️ Gating k-means converged after 1 iterations
Average expert losses per cluster: 
[[0.3666025  0.01667474 0.90544415 2.3489687 ]
 [2.7488582  3.4564145  2.7065537  0.00481   ]
 [0.01419896 0.21085978 0.42460045 2.3889568 ]
 [0.13550787 0.08714773 0.00727766 2.217749  ]]

✔️ Gating k-means converged after 1 iterations
Average expert losses per cluster: 
[[0.36639354 0.01653425 0.9057862  2.349031  ]
 [2.7487526  3.4564743  2.7065303  0.0048346 ]
 [0.01423615 0.21094564 0.42534977 2.3886292 ]
 [0.13557999 0.08713332 0.00729755 2.2187035 ]]

✔️ Gating k-means converged after 1 iterations
Average expert losses per cluster: 
[[0.36634007 0.01658888 0.90594435 2.348708  ]
 [2.74874    3.4558113  2.7064474  0.00483573]
 [0.01418482 0.2107472  0.42564207 2.3880863 ]
 [0.13550797 0.08730008 0.00723532 2.2190633 ]]

✔️ Gating k-means converged after 1 iterations
Average expert losses per cluster: 
[[0.36614043 0.01653221 0.9058525  2.3485105 ]
 [2.7491186  3.453634   2.7049193  0.00483228]
 [0.0141781  0.21012406 0.4260617  2.3888557 ]
 [0.13547449 0.0880157  0.00710869 2.2187054 ]]

✔️ Gating k-means converged after 1 iterations
Average expert losses per cluster: 
[[0.3660655  0.01676544 0.90523875 2.3487337 ]
 [2.7491586  3.4538918  2.704827   0.00484311]
 [0.01420671 0.21173553 0.42598101 2.389076  ]
 [0.13564634 0.08643206 0.00717547 2.2184074 ]]

✔️ Gating k-means converged after 1 iterations
Average expert losses per cluster: 
[[0.36589223 0.01691393 0.90537685 2.3484676 ]
 [2.7494013  3.4532266  2.7046561  0.00480723]
 [0.01413065 0.21193235 0.42615652 2.3890991 ]
 [0.13564672 0.08629207 0.0072953  2.2179165 ]]

✔️ Gating k-means converged after 1 iterations
Average expert losses per cluster: 
[[0.3658562  0.01674413 0.9053008  2.3483365 ]
 [2.7494562  3.4531865  2.7047434  0.00482679]
 [0.01413179 0.21204698 0.42677402 2.3885086 ]
 [0.13578685 0.08618718 0.0073109  2.2171419 ]]

✔️ Gating k-means converged after 1 iterations
Average expert losses per cluster: 
[[0.36612764 0.01677521 0.9030549  2.347777  ]
 [2.7494411  3.453888   2.7048626  0.0048285 ]
 [0.01419174 0.21205996 0.42704746 2.3881109 ]
 [0.13601947 0.08591243 0.00720432 2.2180672 ]]

✔️ Gating k-means converged after 1 iterations
Average expert losses per cluster: 
[[0.36629915 0.0168482  0.902868   2.3469388 ]
 [2.749554   3.4536445  2.704914   0.00483826]
 [0.01416905 0.21229653 0.42712313 2.3878095 ]
 [0.13578169 0.08574398 0.0071166  2.2169945 ]]

✔️ Gating k-means converged after 1 iterations
Average expert losses per cluster: 
[[0.3657841  0.0164002  0.90307903 2.3466845 ]
 [2.7498121  3.452002   2.7047954  0.00478036]
 [0.01415217 0.21120659 0.42736608 2.3877995 ]
 [0.13601743 0.08578862 0.00695279 2.2157147 ]]

✔️ Gating k-means converged after 1 iterations
Average expert losses per cluster: 
[[0.36557534 0.01634692 0.903223   2.3479965 ]
 [2.7501695  3.447499   2.7049987  0.00484324]
 [0.01412109 0.21109287 0.4275529  2.3881748 ]
 [0.13601147 0.08582719 0.00680817 2.216524  ]]

✔️ Gating k-means converged after 1 iterations
Average expert losses per cluster: 
[[0.36572054 0.01638394 0.9028905  2.347735  ]
 [2.7502382  3.4476838  2.7049634  0.00485093]
 [0.01411571 0.21119066 0.42755744 2.3884933 ]
 [0.13635254 0.08555444 0.00686484 2.216377  ]]

✔️ Gating k-means converged after 1 iterations
Average expert losses per cluster: 
[[0.36593738 0.01643477 0.9011413  2.3476017 ]
 [2.7504103  3.4482312  2.704914   0.0048736 ]
 [0.01414641 0.21106148 0.4279046  2.3882601 ]
 [0.13607314 0.08550546 0.00684045 2.217345  ]]

✔️ Gating k-means converged after 1 iterations
Average expert losses per cluster: 
[[0.3660243  0.01634523 0.90138876 2.3476415 ]
 [2.7502458  3.4491825  2.7044537  0.00485685]
 [0.01412044 0.21118982 0.42805097 2.3880937 ]
 [0.13603804 0.08549437 0.00682097 2.2157393 ]]

✔️ Gating k-means converged after 1 iterations
Average expert losses per cluster: 
[[0.3656362  0.01643008 0.9012812  2.3479471 ]
 [2.7504156  3.4492474  2.704348   0.00482189]
 [0.0141203  0.2116764  0.42805576 2.3886085 ]
 [0.13603826 0.08524223 0.00687909 2.2157354 ]]

✔️ Gating k-means converged after 1 iterations
Average expert losses per cluster: 
[[0.3655172  0.01664918 0.9009814  2.347944  ]
 [2.7505271  3.4484699  2.7040954  0.00481855]
 [0.01408823 0.21219401 0.42780524 2.3885305 ]
 [0.13611425 0.08478993 0.00684828 2.2144945 ]]

✔️ Gating k-means converged after 1 iterations
Average expert losses per cluster: 
[[0.36548653 0.0163931  0.9001867  2.3479257 ]
 [2.750761   3.449939   2.7020867  0.00484001]
 [0.01407808 0.2120878  0.42755896 2.3899832 ]
 [0.13608384 0.08478682 0.00679482 2.2142322 ]]

✔️ Gating k-means converged after 1 iterations
Average expert losses per cluster: 
[[0.3655708  0.01635295 0.899538   2.348479  ]
 [2.7506945  3.4507139  2.702482   0.00480719]
 [0.01407745 0.21213579 0.4272389  2.3892145 ]
 [0.13628002 0.08474483 0.00681097 2.2144039 ]]

✔️ Gating k-means converged after 1 iterations
Average expert losses per cluster: 
[[0.3655371  0.01639603 0.90071213 2.3483386 ]
 [2.7510812  3.4522064  2.7020373  0.0048445 ]
 [0.01408491 0.21208595 0.42752925 2.3889852 ]
 [0.13620047 0.08485272 0.00680375 2.2138603 ]]

✔️ Gating k-means converged after 1 iterations
Average expert losses per cluster: 
[[0.3655799  0.01642115 0.9027511  2.3477476 ]
 [2.7509358  3.4518616  2.7015839  0.00483239]
 [0.01406125 0.2119385  0.42811927 2.3878858 ]
 [0.13591668 0.08492466 0.00672073 2.2126484 ]]

✔️ Gating k-means converged after 1 iterations
Average expert losses per cluster: 
[[0.3650714  0.01635433 0.90273947 2.3492067 ]
 [2.7510722  3.452729   2.7017713  0.00483593]
 [0.01408548 0.21201716 0.4278256  2.3885229 ]
 [0.13600373 0.08492853 0.00683234 2.2133698 ]]

✔️ Gating k-means converged after 1 iterations
Average expert losses per cluster: 
[[0.36527595 0.0162734  0.903234   2.3490794 ]
 [2.751165   3.4521675  2.70172    0.00488227]
 [0.01408315 0.2121778  0.42807832 2.387284  ]
 [0.13599956 0.08512032 0.00667083 2.2119014 ]]

✔️ Gating k-means converged after 1 iterations
Average expert losses per cluster: 
[[0.3650576  0.01638588 0.9039281  2.34842   ]
 [2.751483   3.4471264  2.7007875  0.00485189]
 [0.01405191 0.21197136 0.42876396 2.3890073 ]
 [0.13610576 0.08520886 0.00697814 2.2113366 ]]

✔️ Gating k-means converged after 1 iterations
Average expert losses per cluster: 
[[0.36481148 0.01640436 0.9042801  2.3483286 ]
 [2.751694   3.446331   2.7007453  0.00482804]
 [0.01400838 0.2119479  0.4290226  2.3882031 ]
 [0.13631526 0.08516269 0.00702471 2.2113006 ]]

✔️ Gating k-means converged after 1 iterations
Average expert losses per cluster: 
[[0.36293897 0.0163315  0.90781516 2.3482413 ]
 [2.7515728  3.446598   2.7005801  0.00486329]
 [0.01403278 0.21184805 0.42940244 2.3882658 ]
 [0.13616692 0.08495221 0.00703921 2.2103066 ]]

✔️ Gating k-means converged after 1 iterations
Average expert losses per cluster: 
[[0.36357316 0.01627031 0.91112816 2.3482502 ]
 [2.7513986  3.4470928  2.7007184  0.00482108]
 [0.01400454 0.21205775 0.42973295 2.3874798 ]
 [0.13615726 0.08481397 0.00696479 2.2102478 ]]

✔️ Gating k-means converged after 1 iterations
Average expert losses per cluster: 
[[0.36326775 0.01628782 0.91156083 2.3483064 ]
 [2.7515197  3.4456413  2.7004547  0.00478492]
 [0.01400529 0.21207237 0.43001887 2.389034  ]
 [0.13611703 0.08484798 0.00703664 2.2098346 ]]

✔️ Gating k-means converged after 1 iterations
Average expert losses per cluster: 
[[0.363183   0.01631711 0.91059935 2.3476398 ]
 [2.751455   3.4456627  2.6993382  0.00473569]
 [0.01402789 0.21250479 0.42923433 2.3899305 ]
 [0.13630968 0.0838571  0.00654965 2.2101796 ]]

✔️ Gating k-means converged after 1 iterations
Average expert losses per cluster: 
[[0.3632161  0.01619359 0.9080805  2.3478198 ]
 [2.7516563  3.4456506  2.698166   0.00483865]
 [0.01398095 0.21278568 0.42749724 2.3883762 ]
 [0.13625832 0.08368465 0.00679963 2.2088234 ]]

✔️ Gating k-means converged after 1 iterations
Average expert losses per cluster: 
[[0.36311743 0.01611055 0.9082827  2.3484032 ]
 [2.7516828  3.4461865  2.6983361  0.0048612 ]
 [0.01397118 0.21274178 0.42732778 2.386906  ]
 [0.13644461 0.08355411 0.00693621 2.208412  ]]

✔️ Gating k-means converged after 1 iterations
Average expert losses per cluster: 
[[0.36344156 0.01623635 0.9058857  2.348368  ]
 [2.7521775  3.4456155  2.6981907  0.00487932]
 [0.01395856 0.2128746  0.42803302 2.387124  ]
 [0.13642433 0.08334239 0.00683092 2.208805  ]]

✔️ Gating k-means converged after 1 iterations
Average expert losses per cluster: 
[[0.36421275 0.01617634 0.9029749  2.3482378 ]
 [2.7523506  3.4475713  2.6974466  0.00483285]
 [0.01394702 0.21251409 0.42897126 2.3862062 ]
 [0.1367849  0.08316796 0.00681928 2.2075763 ]]

✔️ Gating k-means converged after 1 iterations
Average expert losses per cluster: 
[[0.36424315 0.01619242 0.90298426 2.3488233 ]
 [2.7524393  3.4481869  2.698565   0.00484676]
 [0.01395311 0.21283408 0.4293405  2.3865342 ]
 [0.13669501 0.08310213 0.00644509 2.2087028 ]]

✔️ Gating k-means converged after 1 iterations
Average expert losses per cluster: 
[[0.3642864  0.01621976 0.90432686 2.3491795 ]
 [2.7525525  3.448845   2.7025607  0.00479027]
 [0.01394223 0.21314037 0.43012744 2.389228  ]
 [0.13689645 0.08296515 0.00669958 2.2088706 ]]

✔️ Gating k-means converged after 1 iterations
Average expert losses per cluster: 
[[0.36400867 0.01619861 0.90577996 2.3495452 ]
 [2.752676   3.4493012  2.6958048  0.00477537]
 [0.01394973 0.21314743 0.43289065 2.3900838 ]
 [0.13707583 0.0829491  0.00653609 2.2086537 ]]

✔️ Gating k-means converged after 1 iterations
Average expert losses per cluster: 
[[0.36426288 0.01620211 0.9057053  2.348837  ]
 [2.7530117  3.450473   2.69343    0.00479696]
 [0.01393394 0.21360913 0.43349996 2.3889945 ]
 [0.1369872  0.08293521 0.00680729 2.2075298 ]]

✔️ Gating k-means converged after 1 iterations
Average expert losses per cluster: 
[[0.36580727 0.01643305 0.9003691  2.349282  ]
 [2.7527113  3.4526043  2.692708   0.00481803]
 [0.01392833 0.21358195 0.43461075 2.3885272 ]
 [0.13707039 0.08283298 0.00675551 2.2078702 ]]

✔️ Gating k-means converged after 1 iterations
Average expert losses per cluster: 
[[0.36666843 0.01659841 0.8975037  2.3499348 ]
 [2.7531438  3.45236    2.6927283  0.00481894]
 [0.01390176 0.21330968 0.43602806 2.3894677 ]
 [0.13703722 0.08273556 0.00677347 2.2087934 ]]

✔️ Gating k-means converged after 1 iterations
Average expert losses per cluster: 
[[0.36656916 0.01639301 0.89756626 2.3501315 ]
 [2.7530274  3.45251    2.690679   0.00485664]
 [0.01394882 0.21316428 0.43673873 2.3869426 ]
 [0.1372712  0.08258209 0.00702999 2.2078958 ]]

✔️ Gating k-means converged after 1 iterations
Average expert losses per cluster: 
[[0.36658502 0.01623383 0.9005081  2.3494823 ]
 [2.7531822  3.4551828  2.6866415  0.00489116]
 [0.01394685 0.21312748 0.43886667 2.390918  ]
 [0.1370666  0.08227604 0.00702221 2.2053385 ]]

✔️ Gating k-means converged after 1 iterations
Average expert losses per cluster: 
[[0.36618277 0.01668077 0.90270245 2.349741  ]
 [2.7535508  3.4553108  2.685953   0.00479142]
 [0.01388174 0.21486135 0.44002208 2.387655  ]
 [0.1373695  0.08064172 0.00721612 2.2064946 ]]

✔️ Gating k-means converged after 1 iterations
Average expert losses per cluster: 
[[0.36729738 0.01668094 0.89743155 2.3483613 ]
 [2.7535126  3.4552505  2.6859467  0.00480533]
 [0.01388199 0.21477084 0.44032797 2.388582  ]
 [0.1374793  0.08027196 0.00727569 2.2066925 ]]

✔️ Gating k-means converged after 2 iterations
Average expert losses per cluster: 
[[0.3703284  0.01718595 0.87482256 2.3458514 ]
 [2.7531831  3.4523613  2.686385   0.00479996]
 [0.0138984  0.21487656 0.44104773 2.3885424 ]
 [0.13800652 0.07966822 0.00721642 2.211307  ]]

✔️ Gating k-means converged after 1 iterations
Average expert losses per cluster: 
[[0.3721715  0.0174843  0.8637253  2.344819  ]
 [2.7530835  3.4500682  2.6874187  0.00479533]
 [0.01387344 0.21484403 0.44181925 2.3883777 ]
 [0.13848232 0.07948899 0.00724298 2.2123094 ]]

✔️ Gating k-means converged after 1 iterations
Average expert losses per cluster: 
[[0.37195903 0.01725706 0.86222136 2.344225  ]
 [2.7530096  3.4504807  2.6864672  0.00480308]
 [0.01387309 0.2147926  0.44187662 2.387884  ]
 [0.13833407 0.07914618 0.00736624 2.2122188 ]]

✔️ Gating k-means converged after 1 iterations
Average expert losses per cluster: 
[[0.3718852  0.01644819 0.8623101  2.3454986 ]
 [2.7532187  3.4549706  2.679152   0.00476419]
 [0.01387437 0.21357112 0.44259092 2.391579  ]
 [0.13874282 0.07841977 0.0068577  2.2158382 ]]

✔️ Gating k-means converged after 1 iterations
Average expert losses per cluster: 
[[0.37154633 0.01665765 0.8598812  2.34533   ]
 [2.7536888  3.4588876  2.6757457  0.00483333]
 [0.01381395 0.21302791 0.44100043 2.3899899 ]
 [0.13915227 0.07783224 0.00656339 2.2121854 ]]

✔️ Gating k-means converged after 1 iterations
Average expert losses per cluster: 
[[0.37163624 0.01674595 0.85817784 2.3444467 ]
 [2.75399    3.4593275  2.6753132  0.00486011]
 [0.01383999 0.21275687 0.4406562  2.388354  ]
 [0.13892704 0.077711   0.00662108 2.2112799 ]]

✔️ Gating k-means converged after 2 iterations
Average expert losses per cluster: 
[[0.3748157  0.01618396 0.85175574 2.346564  ]
 [2.753745   3.457646   2.6753592  0.00485699]
 [0.0138347  0.21303569 0.4410801  2.392821  ]
 [0.13871019 0.07813525 0.00653285 2.2112062 ]]

✔️ Gating k-means converged after 2 iterations
Average expert losses per cluster: 
[[0.37940106 0.01693035 0.85131836 2.3488843 ]
 [2.753946   3.4590843  2.6747017  0.00482719]
 [0.01381894 0.21306217 0.44169757 2.3888862 ]
 [0.1383305  0.0782975  0.00676923 2.2127635 ]]

✔️ Gating k-means converged after 1 iterations
Average expert losses per cluster: 
[[0.3797727  0.0169844  0.8510274  2.3487384 ]
 [2.7540905  3.459359   2.6743047  0.00485684]
 [0.0138325  0.21282811 0.44144472 2.3889484 ]
 [0.13849826 0.07830853 0.00672236 2.21129   ]]

✔️ Gating k-means converged after 1 iterations
Average expert losses per cluster: 
[[0.37936348 0.01714733 0.8505729  2.3487358 ]
 [2.7544034  3.4591572  2.671983   0.00480202]
 [0.01381173 0.21377654 0.44069085 2.389857  ]
 [0.13871835 0.0776431  0.0066093  2.2111194 ]]

✔️ Gating k-means converged after 1 iterations
Average expert losses per cluster: 
[[0.37933993 0.01749883 0.8472598  2.3490617 ]
 [2.7546678  3.4585044  2.6593387  0.0047626 ]
 [0.013738   0.21436644 0.44123802 2.3910885 ]
 [0.13918427 0.07728023 0.00787127 2.2107549 ]]

13:07:17      Epoch:   0      Batch:   0      OuterStep: 280      LossModel: 0.01380986     LossTerm2: 0.06284375     LossGates: 0.00000000      Time/Step(s): 8.9218Contributing envs to the losses:  [11 14 10 13 12]
Gate values for each environment (all envs): 
 [[0.17481779 0.17493139 0.47530848 0.17494233]
 [0.17493293 0.1748697  0.4753791  0.17481826]
 [0.17491877 0.17486688 0.47533837 0.17487606]
 [0.1748282  0.17487116 0.47535864 0.1749421 ]
 [0.17480676 0.17486101 0.47540015 0.17493202]
 [0.17489757 0.1749109  0.17489973 0.47529176]
 [0.17490982 0.17482597 0.17492582 0.47533843]
 [0.17494766 0.17494756 0.17482342 0.47528133]
 [0.17478989 0.17484781 0.1748704  0.47549188]
 [0.17493169 0.1749435  0.17484848 0.47527632]
 [0.4753575  0.17485729 0.17491709 0.1748682 ]
 [0.4754446  0.17484383 0.17485748 0.17485413]
 [0.47543466 0.17486912 0.17479715 0.17489907]
 [0.47539654 0.17480464 0.17490086 0.17489794]
 [0.47553873 0.17479298 0.17486024 0.17480808]
 [0.1748464  0.47552407 0.17482272 0.17480685]
 [0.17490935 0.47540635 0.1748251  0.17485918]
 [0.17480497 0.47542766 0.1748941  0.1748733 ]
 [0.1748436  0.4754052  0.17485315 0.17489807]
 [0.17488515 0.47537574 0.17485173 0.17488736]]
/home/benchmarking/ddrous.benchmarking/miniforge3/envs/jaxgpu/lib/python3.12/multiprocessing/popen_fork.py:66: RuntimeWarning: os.fork() was called. os.fork() is incompatible with multithreaded code, and JAX is multithreaded, so this will likely lead to a deadlock.
  self.pid = os.fork()
        Validation Criterion: 0.01986400
        Saving best model so far ...
✔️ Gating k-means converged after 1 iterations
Average expert losses per cluster: 
[[0.37935624 0.01764968 0.8468591  2.3489344 ]
 [2.754791   3.458393   2.6572664  0.0047645 ]
 [0.01375219 0.21453786 0.441468   2.3907657 ]
 [0.13897216 0.07730325 0.00857153 2.2111168 ]]

✔️ Gating k-means converged after 1 iterations
Average expert losses per cluster: 
[[0.37961304 0.01741839 0.8483762  2.3488717 ]
 [2.7551448  3.4599965  2.6571605  0.00476396]
 [0.01376116 0.21459341 0.44252744 2.3896778 ]
 [0.1385899  0.07760844 0.00864128 2.211462  ]]

✔️ Gating k-means converged after 1 iterations
Average expert losses per cluster: 
[[0.38046214 0.01690008 0.83475584 2.347052  ]
 [2.7551365  3.4603932  2.6568851  0.00475473]
 [0.01373374 0.2146421  0.44396946 2.3907135 ]
 [0.13855301 0.07729393 0.00854115 2.2141364 ]]

✔️ Gating k-means converged after 1 iterations
Average expert losses per cluster: 
[[0.38038486 0.01692939 0.83094114 2.3463879 ]
 [2.7552168  3.4595547  2.6546848  0.004791  ]
 [0.01371395 0.21429709 0.4443588  2.3895133 ]
 [0.13866822 0.07727774 0.00916722 2.213     ]]

✔️ Gating k-means converged after 1 iterations
Average expert losses per cluster: 
[[0.38034254 0.01697989 0.8378785  2.346833  ]
 [2.7556827  3.4598413  2.6637263  0.00490313]
 [0.01370389 0.21443017 0.44500095 2.3861206 ]
 [0.13904268 0.07718082 0.00835765 2.2098129 ]]

✔️ Gating k-means converged after 1 iterations
Average expert losses per cluster: 
[[0.3799824  0.01596391 0.8386739  2.346028  ]
 [2.7560449  3.462993   2.6620572  0.00477814]
 [0.0136823  0.21217206 0.44422317 2.3888776 ]
 [0.13916145 0.07750513 0.00911349 2.2109663 ]]

✔️ Gating k-means converged after 1 iterations
Average expert losses per cluster: 
[[0.38002202 0.01601037 0.835511   2.3452156 ]
 [2.7560022  3.4644039  2.6623538  0.00473439]
 [0.01366109 0.21223226 0.4442732  2.3905978 ]
 [0.13911271 0.07752986 0.00927197 2.2112443 ]]

✔️ Gating k-means converged after 1 iterations
Average expert losses per cluster: 
[[0.3805213  0.01598771 0.8259393  2.343504  ]
 [2.7552004  3.4593778  2.663197   0.0047595 ]
 [0.01369678 0.21202786 0.4453766  2.3901234 ]
 [0.13914852 0.07736286 0.00908302 2.2115257 ]]

✔️ Gating k-means converged after 2 iterations
Average expert losses per cluster: 
[[0.37936127 0.01621985 0.8266808  2.3436623 ]
 [2.754485   3.453093   2.665224   0.00482707]
 [0.01366043 0.2122265  0.4461107  2.389174  ]
 [0.13875835 0.07752799 0.00902251 2.211037  ]]

✔️ Gating k-means converged after 1 iterations
Average expert losses per cluster: 
[[0.3793046  0.01636037 0.82835454 2.3434932 ]
 [2.7544553  3.4521763  2.6651638  0.00479013]
 [0.01366729 0.21201824 0.44619203 2.3916993 ]
 [0.13876654 0.07781231 0.00919886 2.2097702 ]]

✔️ Gating k-means converged after 1 iterations
Average expert losses per cluster: 
[[0.379122   0.01623692 0.826886   2.3447015 ]
 [2.7552533  3.4411118  2.660751   0.00480623]
 [0.01362982 0.212417   0.44534132 2.3927448 ]
 [0.13890426 0.07812443 0.00715769 2.2106602 ]]

✔️ Gating k-means converged after 1 iterations
Average expert losses per cluster: 
[[0.37914008 0.01656542 0.8217234  2.3447196 ]
 [2.7552407  3.4365556  2.6512275  0.00486559]
 [0.01364881 0.21246259 0.444151   2.3915594 ]
 [0.13915189 0.07828671 0.00709956 2.2088711 ]]

✔️ Gating k-means converged after 1 iterations
Average expert losses per cluster: 
[[0.37830234 0.01662645 0.8236494  2.3450303 ]
 [2.7554035  3.4361718  2.6517942  0.00489043]
 [0.01363498 0.21218757 0.44430384 2.3920832 ]
 [0.13911664 0.07838091 0.00715064 2.2086103 ]]

✔️ Gating k-means converged after 1 iterations
Average expert losses per cluster: 
[[0.3784507  0.01643852 0.82820016 2.3457475 ]
 [2.7555392  3.437144   2.6516175  0.00489974]
 [0.01360759 0.21259785 0.44488224 2.3915951 ]
 [0.1388839  0.07840862 0.00732513 2.2079885 ]]

✔️ Gating k-means converged after 2 iterations
Average expert losses per cluster: 
[[0.38252184 0.01671879 0.8251854  2.347685  ]
 [2.7556808  3.439439   2.6508615  0.00488496]
 [0.01362543 0.212092   0.44558755 2.391833  ]
 [0.13930634 0.07792821 0.00708368 2.211105  ]]

✔️ Gating k-means converged after 1 iterations
Average expert losses per cluster: 
[[0.38325155 0.01698442 0.82525533 2.3477244 ]
 [2.756038   3.4398518  2.6510582  0.00489156]
 [0.01361553 0.21235843 0.4457705  2.3913686 ]
 [0.13914365 0.07781275 0.00700296 2.212641  ]]

✔️ Gating k-means converged after 1 iterations
Average expert losses per cluster: 
[[0.38291842 0.01685145 0.82724255 2.3477008 ]
 [2.7563882  3.4417832  2.6562607  0.00485525]
 [0.01357036 0.21283351 0.44483182 2.392349  ]
 [0.1395501  0.07722803 0.00619381 2.2111635 ]]

✔️ Gating k-means converged after 1 iterations
Average expert losses per cluster: 
[[0.3826735  0.01612606 0.828488   2.3463204 ]
 [2.75646    3.4555256  2.6567767  0.00474099]
 [0.0135459  0.21225338 0.44480348 2.3925502 ]
 [0.14009076 0.07672981 0.00621448 2.2103608 ]]

✔️ Gating k-means converged after 1 iterations
Average expert losses per cluster: 
[[0.3832008  0.01639578 0.82839614 2.3465836 ]
 [2.7569137  3.4583557  2.6567261  0.00477638]
 [0.01351506 0.21212327 0.44497162 2.3925126 ]
 [0.14005882 0.07666983 0.00628085 2.210908  ]]

✔️ Gating k-means converged after 2 iterations
Average expert losses per cluster: 
[[0.3863469  0.01651436 0.82830733 2.348148  ]
 [2.7570703  3.458246   2.6564088  0.0047706 ]
 [0.01353568 0.2125649  0.44539005 2.391752  ]
 [0.14018911 0.07662711 0.00642267 2.2138705 ]]

✔️ Gating k-means converged after 2 iterations
Average expert losses per cluster: 
[[0.3885499  0.0163528  0.82711905 2.3499413 ]
 [2.7569454  3.4559667  2.6564758  0.00477752]
 [0.01352808 0.21236332 0.44603702 2.3926933 ]
 [0.14030638 0.07659902 0.00639331 2.2148905 ]]

✔️ Gating k-means converged after 1 iterations
Average expert losses per cluster: 
[[0.38830626 0.01634912 0.8249779  2.3496425 ]
 [2.7567728  3.458353   2.6539636  0.00479151]
 [0.01350695 0.21254866 0.4464383  2.392338  ]
 [0.14021017 0.07656368 0.00618944 2.2149239 ]]

✔️ Gating k-means converged after 1 iterations
Average expert losses per cluster: 
[[0.3882732  0.01639022 0.8153989  2.3494213 ]
 [2.7571754  3.4597833  2.639952   0.00481872]
 [0.01347636 0.21422414 0.44742557 2.3913727 ]
 [0.14053246 0.07551198 0.01334662 2.2144096 ]]

✔️ Gating k-means converged after 1 iterations
Average expert losses per cluster: 
[[0.38802534 0.02116771 0.82783604 2.349008  ]
 [2.757397   3.44197    2.6523101  0.00482022]
 [0.01347733 0.21655546 0.451413   2.3913763 ]
 [0.14075887 0.07504179 0.00742837 2.2134438 ]]

✔️ Gating k-means converged after 1 iterations
Average expert losses per cluster: 
[[0.3879745  0.02212979 0.83077776 2.3494725 ]
 [2.757621   3.4395187  2.6555386  0.00481135]
 [0.01345379 0.21685627 0.45258924 2.3916285 ]
 [0.1408869  0.07507422 0.00903682 2.213485  ]]

✔️ Gating k-means converged after 1 iterations
Average expert losses per cluster: 
[[0.38775277 0.02188586 0.83066    2.349279  ]
 [2.7573545  3.4389226  2.655661   0.00482645]
 [0.01346746 0.21707337 0.45336103 2.392597  ]
 [0.14092058 0.07494455 0.00892076 2.214935  ]]

✔️ Gating k-means converged after 2 iterations
Average expert losses per cluster: 
[[0.38554183 0.02035489 0.8318825  2.346981  ]
 [2.7572165  3.4386804  2.6557052  0.00479871]
 [0.01345443 0.21694417 0.45461628 2.3929322 ]
 [0.1408998  0.07509968 0.00878932 2.2120316 ]]

✔️ Gating k-means converged after 1 iterations
Average expert losses per cluster: 
[[0.3849607  0.02029419 0.8331208  2.3468914 ]
 [2.7573466  3.4381776  2.6560795  0.00479262]
 [0.01345178 0.21693678 0.45560646 2.39163   ]
 [0.14069144 0.07518363 0.00929045 2.2130153 ]]

✔️ Gating k-means converged after 1 iterations
Average expert losses per cluster: 
[[0.38454914 0.01796598 0.8278745  2.3484344 ]
 [2.7578986  3.4392917  2.642934   0.00478389]
 [0.01340814 0.21528839 0.45601615 2.393452  ]
 [0.14114074 0.07531428 0.00602012 2.2127407 ]]

✔️ Gating k-means converged after 1 iterations
Average expert losses per cluster: 
[[0.38471556 0.0174711  0.82419187 2.348615  ]
 [2.7580104  3.4560163  2.6321511  0.00478001]
 [0.01341096 0.21155171 0.45802101 2.3931947 ]
 [0.14097087 0.07678374 0.01036188 2.2125125 ]]

✔️ Gating k-means converged after 1 iterations
Average expert losses per cluster: 
[[0.38497993 0.01580733 0.817952   2.3466113 ]
 [2.757954   3.446711   2.630087   0.00475614]
 [0.01339997 0.21205197 0.458664   2.3930228 ]
 [0.14128853 0.07650297 0.01155022 2.2129555 ]]

✔️ Gating k-means converged after 1 iterations
Average expert losses per cluster: 
[[0.38739836 0.01618663 0.7976956  2.344967  ]
 [2.7578564  3.446947   2.6304052  0.00478172]
 [0.01340557 0.21237539 0.46001062 2.3923361 ]
 [0.1419398  0.07599869 0.01143656 2.2140472 ]]

✔️ Gating k-means converged after 1 iterations
Average expert losses per cluster: 
[[0.38965908 0.01644125 0.78693503 2.3440764 ]
 [2.7578895  3.4476173  2.6304958  0.00475431]
 [0.01340527 0.21222405 0.46098334 2.3922548 ]
 [0.14200892 0.07598473 0.01125784 2.2161577 ]]

✔️ Gating k-means converged after 1 iterations
Average expert losses per cluster: 
[[0.38977966 0.01715026 0.78740674 2.3438747 ]
 [2.7580185  3.4387975  2.634014   0.00477329]
 [0.01339416 0.2126766  0.46217018 2.392594  ]
 [0.14187673 0.07605412 0.00835389 2.2168972 ]]

✔️ Gating k-means converged after 1 iterations
Average expert losses per cluster: 
[[0.38971713 0.01946522 0.7956352  2.343953  ]
 [2.7577684  3.4264507  2.6521084  0.00479896]
 [0.01338853 0.21343409 0.4639306  2.391773  ]
 [0.14198515 0.07629163 0.01064515 2.2133117 ]]

✔️ Gating k-means converged after 1 iterations
Average expert losses per cluster: 
[[0.3896946  0.01618412 0.7898175  2.3431206 ]
 [2.7579782  3.4415104  2.6333456  0.00475982]
 [0.01342044 0.21257298 0.46401522 2.3918371 ]
 [0.14201322 0.07491868 0.00597669 2.2135894 ]]

✔️ Gating k-means converged after 1 iterations
Average expert losses per cluster: 
[[0.39023158 0.01612002 0.7861598  2.3431435 ]
 [2.7583253  3.4439418  2.6280773  0.00473587]
 [0.01337984 0.21281464 0.46324763 2.3914568 ]
 [0.14189129 0.07473755 0.0080124  2.2142558 ]]

✔️ Gating k-means converged after 1 iterations
Average expert losses per cluster: 
[[0.39063287 0.01591555 0.7861965  2.3431156 ]
 [2.7583556  3.4439664  2.6282032  0.00477785]
 [0.01337531 0.2128735  0.4647958  2.3908653 ]
 [0.1413161  0.07523395 0.0081178  2.2135012 ]]

✔️ Gating k-means converged after 1 iterations
Average expert losses per cluster: 
[[0.39018884 0.01583122 0.78619856 2.34365   ]
 [2.7583048  3.4445527  2.6280613  0.00473073]
 [0.0133605  0.21262875 0.46653482 2.3914926 ]
 [0.1406885  0.07552996 0.00832341 2.2110488 ]]

✔️ Gating k-means converged after 1 iterations
Average expert losses per cluster: 
[[0.39044333 0.01576507 0.78512496 2.3441732 ]
 [2.7582777  3.447416   2.6270406  0.00474947]
 [0.01337995 0.21259736 0.46527115 2.391327  ]
 [0.14057742 0.07540146 0.00896079 2.2121494 ]]

✔️ Gating k-means converged after 1 iterations
Average expert losses per cluster: 
[[0.3902595  0.01651014 0.78909314 2.3442504 ]
 [2.7590818  3.4560375  2.644926   0.00474355]
 [0.01333919 0.21284015 0.4607279  2.391381  ]
 [0.14093754 0.07488637 0.00787432 2.2105339 ]]

✔️ Gating k-means converged after 1 iterations
Average expert losses per cluster: 
[[0.38973165 0.01577118 0.7924279  2.3440964 ]
 [2.760058   3.4545834  2.654678   0.00479303]
 [0.01330633 0.21419568 0.45820698 2.3907783 ]
 [0.14150225 0.07417186 0.01475861 2.2105873 ]]

✔️ Gating k-means converged after 1 iterations
Average expert losses per cluster: 
[[0.38966495 0.01597407 0.7930151  2.344566  ]
 [2.7601087  3.449202   2.6559663  0.00482739]
 [0.01329874 0.21489255 0.45824584 2.3912964 ]
 [0.14143272 0.0742925  0.01596299 2.2118862 ]]

✔️ Gating k-means converged after 1 iterations
Average expert losses per cluster: 
[[0.38948694 0.01587069 0.7940076  2.3449707 ]
 [2.760129   3.4500637  2.6553895  0.00476984]
 [0.01328218 0.21470228 0.45965114 2.3903322 ]
 [0.14117584 0.07436086 0.01628181 2.2107894 ]]

✔️ Gating k-means converged after 1 iterations
Average expert losses per cluster: 
[[0.38869426 0.01576871 0.79670197 2.3457546 ]
 [2.7602477  3.4505043  2.6554792  0.00478699]
 [0.01326248 0.21448271 0.46079192 2.391515  ]
 [0.14101939 0.074292   0.01626634 2.2096806 ]]

✔️ Gating k-means converged after 1 iterations
Average expert losses per cluster: 
[[0.3884797  0.01658994 0.79620045 2.3456857 ]
 [2.760683   3.4457624  2.6494997  0.00478913]
 [0.01330397 0.21503852 0.46072158 2.3910058 ]
 [0.14099817 0.07457917 0.01144809 2.210452  ]]

✔️ Gating k-means converged after 1 iterations
Average expert losses per cluster: 
[[0.38856196 0.01844972 0.7930252  2.3456936 ]
 [2.7609432  3.4392407  2.6304834  0.0047806 ]
 [0.01326708 0.21542142 0.4596378  2.3921251 ]
 [0.14127636 0.07563143 0.00669521 2.210633  ]]

✔️ Gating k-means converged after 1 iterations
Average expert losses per cluster: 
[[0.38833496 0.01565155 0.7916349  2.3454804 ]
 [2.7614458  3.4476647  2.6263492  0.0047533 ]
 [0.01324517 0.21381548 0.45937595 2.392075  ]
 [0.1418188  0.07541622 0.00864728 2.2099833 ]]

✔️ Gating k-means converged after 1 iterations
Average expert losses per cluster: 
[[0.38787347 0.01547582 0.7920453  2.345707  ]
 [2.7617176  3.450779   2.6258452  0.00477389]
 [0.01319953 0.21372771 0.45974684 2.3904028 ]
 [0.14157782 0.07510682 0.00879098 2.20847   ]]

✔️ Gating k-means converged after 1 iterations
Average expert losses per cluster: 
[[0.3873317  0.01550268 0.79437125 2.3464196 ]
 [2.7611973  3.450246   2.625923   0.00481818]
 [0.01323838 0.21374197 0.4607512  2.3912568 ]
 [0.1415281  0.07464565 0.00850953 2.208265  ]]

✔️ Gating k-means converged after 1 iterations
Average expert losses per cluster: 
[[0.38689706 0.01550109 0.79564446 2.3474317 ]
 [2.7615259  3.451164   2.6257432  0.00475481]
 [0.01326428 0.21396065 0.46168995 2.39087   ]
 [0.14158964 0.0742636  0.00829639 2.2081573 ]]

✔️ Gating k-means converged after 1 iterations
Average expert losses per cluster: 
[[0.38677332 0.01542122 0.79561186 2.3465757 ]
 [2.761608   3.452976   2.6255245  0.00477774]
 [0.01323161 0.21397856 0.46171984 2.390066  ]
 [0.14160508 0.07395395 0.00846937 2.2094562 ]]

✔️ Gating k-means converged after 1 iterations
Average expert losses per cluster: 
[[0.38699698 0.01556135 0.79945207 2.3458107 ]
 [2.7616372  3.4546468  2.6434858  0.00474813]
 [0.01319911 0.21514824 0.4615874  2.3915615 ]
 [0.14209703 0.07337474 0.00619038 2.2072952 ]]

✔️ Gating k-means converged after 1 iterations
Average expert losses per cluster: 
[[0.3865184  0.01596234 0.8011244  2.3456633 ]
 [2.7620807  3.4549234  2.6536465  0.00474206]
 [0.01318339 0.21659648 0.46262628 2.3901591 ]
 [0.14228879 0.07269605 0.00755387 2.2058957 ]]

✔️ Gating k-means converged after 1 iterations
Average expert losses per cluster: 
[[0.3865537  0.01599958 0.7998815  2.3466728 ]
 [2.762044   3.4546869  2.650651   0.00475346]
 [0.01314099 0.21686652 0.46291062 2.3910887 ]
 [0.14236352 0.07258578 0.00594485 2.206526  ]]

✔️ Gating k-means converged after 1 iterations
Average expert losses per cluster: 
[[0.38572246 0.01586141 0.8032365  2.3468456 ]
 [2.7620726  3.4544609  2.6509905  0.00473947]
 [0.01318216 0.21681939 0.463881   2.3895278 ]
 [0.1421545  0.07233272 0.00579666 2.2054892 ]]

✔️ Gating k-means converged after 1 iterations
Average expert losses per cluster: 
[[0.38463506 0.01575507 0.8060156  2.347181  ]
 [2.7619386  3.4520867  2.6513953  0.00474546]
 [0.01317199 0.21675034 0.46461388 2.3907387 ]
 [0.14227186 0.07222497 0.00573683 2.206064  ]]

✔️ Gating k-means converged after 1 iterations
Average expert losses per cluster: 
[[0.38452625 0.01572755 0.80511326 2.3468409 ]
 [2.7615728  3.4522412  2.6479     0.00474695]
 [0.01313493 0.2169065  0.46503115 2.3907943 ]
 [0.14222132 0.07213135 0.00522659 2.2045782 ]]

✔️ Gating k-means converged after 1 iterations
Average expert losses per cluster: 
[[0.3844524  0.01598016 0.8003516  2.3481119 ]
 [2.7619576  3.4537816  2.6435523  0.00475233]
 [0.01311669 0.21774541 0.46346235 2.3923929 ]
 [0.14234473 0.07168346 0.00858112 2.2068288 ]]

✔️ Gating k-means converged after 1 iterations
Average expert losses per cluster: 
[[0.3845697  0.01620021 0.80750734 2.3492627 ]
 [2.7622135  3.4544487  2.6652496  0.00476504]
 [0.01313926 0.21870676 0.46610436 2.3945472 ]
 [0.14244771 0.07132807 0.0071911  2.2080898 ]]

13:08:22      Epoch:   0      Batch:   0      OuterStep: 290      LossModel: 0.00527966     LossTerm2: 0.04199950     LossGates: 0.00000000      Time/Step(s): 4.2842Contributing envs to the losses:  [19 15 18 16 17]
Gate values for each environment (all envs): 
 [[0.17481494 0.17479321 0.4755322  0.17485966]
 [0.17487475 0.17481287 0.4755188  0.17479356]
 [0.17485282 0.17484598 0.4754168  0.17488441]
 [0.17483443 0.17480302 0.47554284 0.17481972]
 [0.17480975 0.17489833 0.47541788 0.17487398]
 [0.17491503 0.17484735 0.17490448 0.47533312]
 [0.17481947 0.17497753 0.1747914  0.4754116 ]
 [0.1748838  0.17488675 0.17494193 0.47528753]
 [0.17494938 0.17496213 0.17489932 0.47518918]
 [0.17495552 0.17489631 0.17492695 0.4752212 ]
 [0.47522947 0.1748782  0.1749231  0.17496923]
 [0.47546455 0.17483288 0.17485932 0.17484319]
 [0.47525764 0.174873   0.17494687 0.17492251]
 [0.47545534 0.17492676 0.17483796 0.1747799 ]
 [0.475414   0.17482284 0.17490801 0.17485513]
 [0.17495468 0.4752726  0.1749242  0.17484857]
 [0.17497411 0.47533038 0.17487395 0.1748216 ]
 [0.174893   0.4753485  0.17491218 0.17484629]
 [0.17492175 0.47535512 0.1748711  0.17485207]
 [0.17491417 0.475267   0.1748883  0.17493054]]
/home/benchmarking/ddrous.benchmarking/miniforge3/envs/jaxgpu/lib/python3.12/multiprocessing/popen_fork.py:66: RuntimeWarning: os.fork() was called. os.fork() is incompatible with multithreaded code, and JAX is multithreaded, so this will likely lead to a deadlock.
  self.pid = os.fork()
        Validation Criterion: 0.01279280
        Saving best model so far ...
✔️ Gating k-means converged after 1 iterations
Average expert losses per cluster: 
[[0.38418046 0.01598282 0.80890065 2.3484492 ]
 [2.7619524  3.4536228  2.667587   0.00478692]
 [0.01313667 0.21838598 0.46670374 2.39397   ]
 [0.14230715 0.07148128 0.0084569  2.2071798 ]]

✔️ Gating k-means converged after 1 iterations
Average expert losses per cluster: 
[[0.38392022 0.01598208 0.81031907 2.348967  ]
 [2.762038   3.4525554  2.667762   0.00474461]
 [0.01309032 0.21827017 0.46777326 2.3937786 ]
 [0.14246564 0.07137718 0.00841928 2.2086666 ]]

✔️ Gating k-means converged after 1 iterations
Average expert losses per cluster: 
[[0.38397175 0.01591153 0.810835   2.3484743 ]
 [2.7618003  3.4525723  2.6681745  0.0047654 ]
 [0.01311804 0.2186898  0.46890402 2.3935173 ]
 [0.14246252 0.07138455 0.00838179 2.2075553 ]]

✔️ Gating k-means converged after 1 iterations
Average expert losses per cluster: 
[[0.38335901 0.01568867 0.8120133  2.348788  ]
 [2.7618055  3.4514637  2.6706748  0.00478654]
 [0.01309047 0.21801892 0.46959376 2.393994  ]
 [0.14273725 0.071522   0.00962916 2.2073514 ]]

✔️ Gating k-means converged after 1 iterations
Average expert losses per cluster: 
[[0.3833743  0.01534374 0.8154441  2.3484871 ]
 [2.762469   3.4465127  2.6782234  0.0047662 ]
 [0.01310648 0.21661678 0.47161603 2.3974142 ]
 [0.14279252 0.07288072 0.01538048 2.2048492 ]]

✔️ Gating k-means converged after 1 iterations
Average expert losses per cluster: 
[[0.3832229  0.01535443 0.8175546  2.3469622 ]
 [2.7632687  3.4420662  2.6827123  0.0047397 ]
 [0.01303507 0.21540728 0.47276393 2.3934588 ]
 [0.14317343 0.07388844 0.01992678 2.2026203 ]]

✔️ Gating k-means converged after 1 iterations
Average expert losses per cluster: 
[[0.38306928 0.01537421 0.81800884 2.3475585 ]
 [2.7632084  3.4414127  2.683543   0.00476699]
 [0.01301111 0.21538936 0.47325704 2.3923156 ]
 [0.14331667 0.07396174 0.02066963 2.20208   ]]

✔️ Gating k-means converged after 1 iterations
Average expert losses per cluster: 
[[0.38269374 0.01530844 0.8184811  2.346359  ]
 [2.763438   3.441204   2.6834342  0.00477075]
 [0.01303442 0.2154034  0.4738947  2.3921835 ]
 [0.1432863  0.0739448  0.02004842 2.2008262 ]]

✔️ Gating k-means converged after 2 iterations
Average expert losses per cluster: 
[[0.38226658 0.01525701 0.8188613  2.347212  ]
 [2.7633483  3.4422898  2.6830869  0.00480145]
 [0.01301856 0.21521191 0.47515127 2.391506  ]
 [0.1432539  0.07399193 0.0194016  2.1986253 ]]

✔️ Gating k-means converged after 1 iterations
Average expert losses per cluster: 
[[0.38230214 0.01536131 0.8191344  2.3475502 ]
 [2.7632523  3.4412751  2.6838946  0.00478786]
 [0.01305266 0.21532178 0.47538468 2.3934324 ]
 [0.14331762 0.07403471 0.01989042 2.1983385 ]]

✔️ Gating k-means converged after 1 iterations
Average expert losses per cluster: 
[[0.38180056 0.01562245 0.82036924 2.3476894 ]
 [2.763776   3.438462   2.6859586  0.0047264 ]
 [0.01298699 0.21685635 0.47614715 2.3935397 ]
 [0.14344452 0.07340554 0.02245678 2.1991527 ]]

✔️ Gating k-means converged after 1 iterations
Average expert losses per cluster: 
[[0.38217202 0.01597701 0.8208906  2.347304  ]
 [2.7637649  3.438537   2.687104   0.00475923]
 [0.01297605 0.21754228 0.47633997 2.3942122 ]
 [0.14377116 0.07278484 0.02396639 2.197689  ]]

✔️ Gating k-means converged after 1 iterations
Average expert losses per cluster: 
[[0.38190147 0.01601599 0.82098496 2.3474119 ]
 [2.763931   3.4373734  2.6872938  0.00474314]
 [0.01294987 0.21751754 0.47679493 2.3929296 ]
 [0.143719   0.07271525 0.0240522  2.197233  ]]

✔️ Gating k-means converged after 2 iterations
Average expert losses per cluster: 
[[0.38180733 0.01586826 0.8211625  2.347941  ]
 [2.7639697  3.437201   2.6874654  0.00476032]
 [0.01295868 0.21777521 0.47782633 2.3927114 ]
 [0.1438955  0.07286444 0.02336959 2.1943998 ]]

✔️ Gating k-means converged after 2 iterations
Average expert losses per cluster: 
[[0.3815851  0.01590855 0.8213978  2.3479378 ]
 [2.7642658  3.4374874  2.687159   0.00474633]
 [0.01296921 0.21750045 0.479243   2.393638  ]
 [0.14379506 0.07288165 0.0225582  2.192716  ]]

✔️ Gating k-means converged after 1 iterations
Average expert losses per cluster: 
[[0.38151583 0.0157354  0.821519   2.346255  ]
 [2.7642982  3.4379213  2.687265   0.00478475]
 [0.01295373 0.21732955 0.4796586  2.3921764 ]
 [0.14383312 0.07293881 0.02270839 2.1927438 ]]

✔️ Gating k-means converged after 1 iterations
Average expert losses per cluster: 
[[0.3818543  0.01509185 0.8215565  2.3476098 ]
 [2.764278   3.436877   2.687123   0.00478271]
 [0.01291989 0.21594337 0.4797991  2.392601  ]
 [0.14426023 0.07366838 0.02196418 2.1919734 ]]

✔️ Gating k-means converged after 1 iterations
Average expert losses per cluster: 
[[0.38139883 0.0157218  0.8209675  2.3479602 ]
 [2.7645638  3.4292996  2.6856544  0.00472406]
 [0.01292764 0.21714966 0.47986755 2.3934684 ]
 [0.14452532 0.07446877 0.01977168 2.191261  ]]

✔️ Gating k-means converged after 1 iterations
Average expert losses per cluster: 
[[0.38128707 0.01545374 0.8210314  2.346997  ]
 [2.7645273  3.4294345  2.685476   0.00477709]
 [0.01290154 0.21708135 0.48012128 2.3925142 ]
 [0.14465466 0.07425164 0.01932774 2.1907935 ]]

✔️ Gating k-means converged after 2 iterations
Average expert losses per cluster: 
[[0.3800749  0.01529674 0.82760495 2.347114  ]
 [2.7646663  3.4300332  2.6856678  0.00473508]
 [0.01288125 0.2170616  0.48089382 2.3931444 ]
 [0.14442998 0.0744774  0.01886955 2.188946  ]]

✔️ Gating k-means converged after 2 iterations
Average expert losses per cluster: 
[[0.37913108 0.01523633 0.8346155  2.34861   ]
 [2.7645683  3.4297414  2.685807   0.00476094]
 [0.01288387 0.21694167 0.48177305 2.3919587 ]
 [0.14424023 0.07483239 0.01827582 2.1871526 ]]

✔️ Gating k-means converged after 1 iterations
Average expert losses per cluster: 
[[0.3788384  0.01516401 0.8352548  2.3480449 ]
 [2.764692   3.429201   2.6855981  0.00474394]
 [0.0128707  0.21686688 0.48175937 2.3926094 ]
 [0.14429373 0.07487393 0.0180622  2.186158  ]]

✔️ Gating k-means converged after 1 iterations
Average expert losses per cluster: 
[[0.37889773 0.01516102 0.82843363 2.3479488 ]
 [2.7648876  3.4237607  2.6650465  0.00474282]
 [0.01288654 0.2174002  0.48239896 2.3936758 ]
 [0.14451025 0.07538557 0.00540776 2.1844919 ]]

✔️ Gating k-means converged after 1 iterations
Average expert losses per cluster: 
[[0.3789199  0.01532293 0.8259196  2.3477018 ]
 [2.7648087  3.4175324  2.6752622  0.00474294]
 [0.01288793 0.21695247 0.47955868 2.3927114 ]
 [0.14459711 0.07629349 0.00491157 2.1839175 ]]

✔️ Gating k-means converged after 1 iterations
Average expert losses per cluster: 
[[0.37871343 0.01526548 0.826886   2.3484104 ]
 [2.7651975  3.4173067  2.6815176  0.00478398]
 [0.01287463 0.21701358 0.47900033 2.3937497 ]
 [0.14440437 0.07629927 0.00678864 2.1823044 ]]

✔️ Gating k-means converged after 2 iterations
Average expert losses per cluster: 
[[0.37722206 0.01508812 0.830814   2.3476665 ]
 [2.764957   3.416886   2.6814938  0.00473272]
 [0.01285492 0.21680279 0.4793341  2.3930528 ]
 [0.14455798 0.07660083 0.00660397 2.179167  ]]

✔️ Gating k-means converged after 2 iterations
Average expert losses per cluster: 
[[0.37660688 0.0149936  0.8330227  2.3476524 ]
 [2.7650728  3.4176762  2.6813664  0.00475512]
 [0.01286399 0.2171048  0.4802807  2.3923056 ]
 [0.14456244 0.07670322 0.00665061 2.1778295 ]]

✔️ Gating k-means converged after 1 iterations
Average expert losses per cluster: 
[[0.37623334 0.01495806 0.83332014 2.3473434 ]
 [2.7650673  3.4167287  2.6865728  0.0047237 ]
 [0.01288355 0.21662255 0.479662   2.3919513 ]
 [0.14476259 0.07671467 0.00952341 2.1782746 ]]

✔️ Gating k-means converged after 1 iterations
Average expert losses per cluster: 
[[0.37604794 0.01488301 0.83538306 2.3473089 ]
 [2.7656007  3.412365   2.6928902  0.00471432]
 [0.0128339  0.21681786 0.48041263 2.3926573 ]
 [0.14515749 0.07754431 0.01159111 2.1763399 ]]

✔️ Gating k-means converged after 1 iterations
Average expert losses per cluster: 
[[0.37609723 0.014918   0.8374513  2.3472545 ]
 [2.7657018  3.4092042  2.6651943  0.00473952]
 [0.01282407 0.21686374 0.4840103  2.392843  ]
 [0.14502294 0.07812545 0.0114691  2.1774805 ]]

✔️ Gating k-means converged after 1 iterations
Average expert losses per cluster: 
[[0.37595162 0.01489427 0.8362924  2.3477871 ]
 [2.7659307  3.40929    2.6757228  0.00473193]
 [0.01286377 0.21710627 0.4826315  2.393362  ]
 [0.14517781 0.07818029 0.00555643 2.176108  ]]

✔️ Gating k-means converged after 1 iterations
Average expert losses per cluster: 
[[0.3753093  0.01483831 0.83692515 2.3467686 ]
 [2.7662153  3.409952   2.6754556  0.00477817]
 [0.01282909 0.21680816 0.48316738 2.3930814 ]
 [0.14515243 0.07738549 0.00545844 2.1773796 ]]

✔️ Gating k-means converged after 1 iterations
Average expert losses per cluster: 
[[0.37504524 0.01479925 0.83528465 2.3460267 ]
 [2.7661939  3.4089143  2.6754837  0.00474975]
 [0.01282645 0.21691361 0.4838597  2.3928053 ]
 [0.1455233  0.07642348 0.00515928 2.1769097 ]]

✔️ Gating k-means converged after 1 iterations
Average expert losses per cluster: 
[[0.37494913 0.01477709 0.8337532  2.3465652 ]
 [2.766115   3.4094086  2.6849003  0.00473271]
 [0.01287796 0.21730113 0.48273507 2.3936515 ]
 [0.14569536 0.07634848 0.00460755 2.177252  ]]

✔️ Gating k-means converged after 1 iterations
Average expert losses per cluster: 
[[0.37478307 0.01481747 0.8321681  2.346566  ]
 [2.7662446  3.4077108  2.7126796  0.00475581]
 [0.01280767 0.21775778 0.48082742 2.3925004 ]
 [0.14581199 0.07661564 0.02239611 2.1763387 ]]

✔️ Gating k-means converged after 1 iterations
Average expert losses per cluster: 
[[0.37449557 0.01495546 0.8373562  2.3463757 ]
 [2.7666302  3.4119325  2.7041156  0.00474223]
 [0.01276772 0.21925418 0.48907933 2.394513  ]
 [0.14611696 0.07612578 0.00580357 2.1781013 ]]

✔️ Gating k-means converged after 1 iterations
Average expert losses per cluster: 
[[0.37457725 0.01487394 0.83831275 2.345778  ]
 [2.766731   3.4127674  2.6998506  0.00471874]
 [0.0128127  0.21964279 0.49092966 2.3959033 ]
 [0.14622632 0.07594406 0.00446178 2.1792638 ]]

✔️ Gating k-means converged after 1 iterations
Average expert losses per cluster: 
[[0.37458652 0.01518734 0.83664894 2.3464668 ]
 [2.766568   3.4122314  2.7001112  0.00472841]
 [0.0128181  0.2198282  0.49200803 2.394265  ]
 [0.14607511 0.07554968 0.00446887 2.178959  ]]

✔️ Gating k-means converged after 1 iterations
Average expert losses per cluster: 
[[0.3747902  0.01493445 0.836136   2.3464923 ]
 [2.766735   3.410891   2.7003725  0.00474655]
 [0.01285295 0.2197198  0.49280787 2.3944006 ]
 [0.14647557 0.07548074 0.00444723 2.178672  ]]

✔️ Gating k-means converged after 1 iterations
Average expert losses per cluster: 
[[0.37496746 0.01482283 0.8381308  2.3468397 ]
 [2.766531   3.4114063  2.6966329  0.00473004]
 [0.01278165 0.21976547 0.49438715 2.394226  ]
 [0.14633787 0.07552125 0.00461323 2.1785681 ]]

✔️ Gating k-means converged after 1 iterations
Average expert losses per cluster: 
[[0.37481067 0.01473391 0.8350501  2.3463314 ]
 [2.7671213  3.4154415  2.6930168  0.00471954]
 [0.0127672  0.22064427 0.49210468 2.3941422 ]
 [0.14662036 0.07522584 0.00454071 2.1770935 ]]

✔️ Gating k-means converged after 1 iterations
Average expert losses per cluster: 
[[0.374516   0.01467564 0.8304445  2.3463001 ]
 [2.7676358  3.412442   2.702386   0.00474265]
 [0.01274771 0.22002378 0.4871009  2.3920105 ]
 [0.14685608 0.0761699  0.00744181 2.1766098 ]]

✔️ Gating k-means converged after 1 iterations
Average expert losses per cluster: 
[[0.374564   0.01470325 0.8320889  2.345892  ]
 [2.767711   3.4109886  2.7002184  0.00476036]
 [0.01273845 0.22001123 0.48811504 2.39305   ]
 [0.14714906 0.07641963 0.00656737 2.1751454 ]]

✔️ Gating k-means converged after 1 iterations
Average expert losses per cluster: 
[[0.3742691  0.01469639 0.8374323  2.3452957 ]
 [2.7676108  3.4113343  2.7007413  0.004748  ]
 [0.01270831 0.21963035 0.48870316 2.391901  ]
 [0.14701083 0.07658014 0.00659321 2.1742523 ]]

✔️ Gating k-means converged after 1 iterations
Average expert losses per cluster: 
[[0.37434062 0.01468392 0.83876956 2.3467734 ]
 [2.7673998  3.4111538  2.7003446  0.00471743]
 [0.012725   0.22015952 0.48978382 2.392036  ]
 [0.14682335 0.07635766 0.00653055 2.1737454 ]]

✔️ Gating k-means converged after 1 iterations
Average expert losses per cluster: 
[[0.3745527  0.01469028 0.83983386 2.3462436 ]
 [2.7676284  3.411042   2.6987035  0.00473214]
 [0.01270324 0.22001044 0.49070153 2.3918064 ]
 [0.14689599 0.07634494 0.00576083 2.1746182 ]]

✔️ Gating k-means converged after 1 iterations
Average expert losses per cluster: 
[[0.37427923 0.01507431 0.8430318  2.3465207 ]
 [2.7681315  3.410666   2.6859975  0.00472306]
 [0.01269768 0.22104006 0.4941381  2.3929088 ]
 [0.14734013 0.07590163 0.00483131 2.1740265 ]]

✔️ Gating k-means converged after 1 iterations
Average expert losses per cluster: 
[[0.3741127  0.01490351 0.8372555  2.346749  ]
 [2.7685237  3.4125009  2.687732   0.00470537]
 [0.01268507 0.221306   0.48737317 2.392852  ]
 [0.14798759 0.07575211 0.00468576 2.1738622 ]]

✔️ Gating k-means converged after 1 iterations
Average expert losses per cluster: 
[[0.37405893 0.01483387 0.8382595  2.3467302 ]
 [2.7685213  3.413134   2.6871507  0.00474251]
 [0.0126432  0.22139525 0.48778686 2.3922455 ]
 [0.14819402 0.07567447 0.00436699 2.173535  ]]

✔️ Gating k-means converged after 1 iterations
Average expert losses per cluster: 
[[0.37381265 0.01472438 0.8387222  2.346726  ]
 [2.768339   3.4140072  2.686977   0.00470999]
 [0.01266405 0.22132884 0.48838264 2.3925347 ]
 [0.14825092 0.07553475 0.00425495 2.1752892 ]]

✔️ Gating k-means converged after 1 iterations
Average expert losses per cluster: 
[[0.37352642 0.01474967 0.8390813  2.3468282 ]
 [2.7686832  3.4140816  2.6869857  0.00476356]
 [0.01264995 0.22156532 0.48942947 2.392225  ]
 [0.1485524  0.07529514 0.00415138 2.1749847 ]]

✔️ Gating k-means converged after 1 iterations
Average expert losses per cluster: 
[[0.37382942 0.01464204 0.83958274 2.3468173 ]
 [2.7688437  3.414957   2.686486   0.0047474 ]
 [0.01264388 0.22165214 0.48989806 2.3920612 ]
 [0.14867696 0.07527564 0.00400123 2.174938  ]]

✔️ Gating k-means converged after 1 iterations
Average expert losses per cluster: 
[[0.3735754  0.01452815 0.8419115  2.3478181 ]
 [2.7692144  3.4121845  2.68316    0.00473388]
 [0.01263824 0.22104803 0.4902601  2.3941047 ]
 [0.14898457 0.07574937 0.00405992 2.176998  ]]

✔️ Gating k-means converged after 1 iterations
Average expert losses per cluster: 
[[0.37343383 0.01489136 0.84195083 2.3471177 ]
 [2.7692013  3.4102752  2.6815755  0.0047147 ]
 [0.01258849 0.2223274  0.48943958 2.3930538 ]
 [0.14921764 0.07545499 0.00407559 2.1741333 ]]

13:09:02      Epoch:   0      Batch:   0      OuterStep: 299      LossModel: 0.00831548     LossTerm2: 0.05243355     LossGates: 0.00000000      Time/Step(s): 4.3292Contributing envs to the losses:  [5 6 7 8 9]
Gate values for each environment (all envs): 
 [[0.17479177 0.17486177 0.47547215 0.17487425]
 [0.1748843  0.17497393 0.4752314  0.17491034]
 [0.17489453 0.17478932 0.475422   0.17489408]
 [0.17489299 0.17486428 0.47545594 0.17478676]
 [0.17499152 0.17491128 0.47525704 0.17484023]
 [0.1749023  0.17494941 0.17480153 0.47534677]
 [0.17490062 0.1749451  0.1748169  0.47533733]
 [0.17489731 0.17486502 0.17487086 0.47536677]
 [0.17496014 0.17485492 0.1749581  0.47522682]
 [0.17476255 0.17484747 0.17488396 0.475506  ]
 [0.47550112 0.17477639 0.1748883  0.17483419]
 [0.4752357  0.1748496  0.17496218 0.17495249]
 [0.47520572 0.1750191  0.17485203 0.17492314]
 [0.4753529  0.17480582 0.17493668 0.1749046 ]
 [0.4755204  0.17479505 0.17492686 0.17475773]
 [0.17502522 0.47518143 0.17498046 0.17481291]
 [0.17485245 0.4753838  0.17483686 0.17492689]
 [0.17491797 0.47531983 0.17484492 0.17491731]
 [0.17489174 0.47539073 0.17485231 0.17486511]
 [0.17491202 0.475418   0.1748099  0.17486013]]
/home/benchmarking/ddrous.benchmarking/miniforge3/envs/jaxgpu/lib/python3.12/multiprocessing/popen_fork.py:66: RuntimeWarning: os.fork() was called. os.fork() is incompatible with multithreaded code, and JAX is multithreaded, so this will likely lead to a deadlock.
  self.pid = os.fork()
        Validation Criterion: 0.00915511
        Saving best model so far ...

Total gradient descent training time: 0 hours 27 mins 59 secs
    Creating a new model with taylor order 0 ...
Using any previously defined optimizer for adapation

=== Beginning Meta-Testing ... ===
    Number of examples in a batch along envs: 20
    Maximum number of batches (along envs): 1
    Reusing contexts for adaptation on the single bach

    Test loss value: 4.18e-02 ± 4.66e-02
    Train loss value for criterion 0: 4.10e-02

==  Begining artefacts visualisation ... ==
    Visualized context dimensions along x: [182  53 143]
    Visualized context dimensions along y: [220 251 138]
Saving artefacts in: ./runs/250113-124059/artefacts.png
Loss per InD environment: [0.0043817549012601376, 0.0070068142376840115, 0.009155108593404293, 0.020334189757704735, 0.1051165983080864, 0.1347794234752655, 0.14802765846252441, 0.08275263756513596, 0.13697078824043274, 0.0951375886797905, 0.03136051073670387, 0.06545308977365494, 0.025600580498576164, 0.0242887232452631, 0.052239496260881424, 0.009063883684575558, 0.018386680632829666, 0.023985521867871284, 0.08791046589612961, 0.08535885065793991]
After training, the context shifts are:
 Expert 0: [0.01073777]
 Expert 1: [0.01086482]
 Expert 2: [-0.02905668]
 Expert 3: [0.0027448]
/home/benchmarking/ddrous.benchmarking/miniforge3/envs/jaxgpu/lib/python3.12/multiprocessing/popen_fork.py:66: RuntimeWarning: os.fork() was called. os.fork() is incompatible with multithreaded code, and JAX is multithreaded, so this will likely lead to a deadlock.
  self.pid = os.fork()
/lus/lfs1aip1/home/benchmarking/ddrous.benchmarking/Projects/Self-Mod/selfmod/visualtester.py:288: UserWarning: No artists with labels found to put in legend.  Note that artists whose label start with an underscore are ignored when legend() is called with no argument.
  ax[p_id].legend(fontsize=8, loc='upper right')
/lus/lfs1aip1/home/benchmarking/ddrous.benchmarking/Projects/Self-Mod/selfmod/visualtester.py:288: UserWarning: No artists with labels found to put in legend.  Note that artists whose label start with an underscore are ignored when legend() is called with no argument.
  ax[p_id].legend(fontsize=8, loc='upper right')
/lus/lfs1aip1/home/benchmarking/ddrous.benchmarking/Projects/Self-Mod/selfmod/visualtester.py:288: UserWarning: No artists with labels found to put in legend.  Note that artists whose label start with an underscore are ignored when legend() is called with no argument.
  ax[p_id].legend(fontsize=8, loc='upper right')

==  Begining in-domain dynamics visualisation ... ==
    Trajectory id: 0
    Visualized dimensions: (0, 1)
    Using contexts from meta-training.
Testing finished. Figure saved in: ./runs/250113-124059/dynamics.png

==  Begining context clusters visualisation ... ==
    Visualising the parameters (either vectors or function weights)
    Visualising predictions from the contexts (reconstituted as functions)
WARNING: No context utilities found, meaning inf dim context are not used. Using randoms.
Saving context clusters in: ./runs/250113-124059/context_clusters.png
/home/benchmarking/ddrous.benchmarking/miniforge3/envs/jaxgpu/lib/python3.12/site-packages/umap/umap_.py:1952: UserWarning: n_jobs value 1 overridden to 1 by setting random_state. Use no seed for parallelism.
  warn(
    Creating a new model with taylor order 0 ...
Using any previously defined optimizer for adapation

=== Beginning Meta-Testing ... ===
    Number of examples in a batch along envs: 1
    Maximum number of batches (along envs): 1
/home/benchmarking/ddrous.benchmarking/miniforge3/envs/jaxgpu/lib/python3.12/multiprocessing/popen_fork.py:66: RuntimeWarning: os.fork() was called. os.fork() is incompatible with multithreaded code, and JAX is multithreaded, so this will likely lead to a deadlock.
  self.pid = os.fork()
Epoch:   0      Batch:   0      Loss: 4.51923513     ContextsNorm: 0.00000000
Epoch:   1      Batch:   0      Loss: 0.58101201     ContextsNorm: 0.00099999
Epoch:   2      Batch:   0      Loss: 0.57235712     ContextsNorm: 0.00171694
Epoch:   3      Batch:   0      Loss: 0.56460983     ContextsNorm: 0.00233100
Epoch:  10      Batch:   0      Loss: 0.51614356     ContextsNorm: 0.00602412
Epoch:  20      Batch:   0      Loss: 0.44318375     ContextsNorm: 0.01180459
Epoch:  30      Batch:   0      Loss: 0.36009610     ContextsNorm: 0.01861907
Epoch:  40      Batch:   0      Loss: 0.26975566     ContextsNorm: 0.02636622
Epoch:  50      Batch:   0      Loss: 0.17993927     ContextsNorm: 0.03483544
Epoch:  60      Batch:   0      Loss: 0.10257333     ContextsNorm: 0.04350294
Epoch:  70      Batch:   0      Loss: 0.04776626     ContextsNorm: 0.05153055
Epoch:  80      Batch:   0      Loss: 0.01821717     ContextsNorm: 0.05814258
Epoch:  90      Batch:   0      Loss: 0.00715040     ContextsNorm: 0.06280013
Epoch: 100      Batch:   0      Loss: 0.00475537     ContextsNorm: 0.06550818
Epoch: 110      Batch:   0      Loss: 0.00466844     ContextsNorm: 0.06670986
Epoch: 120      Batch:   0      Loss: 0.00468330     ContextsNorm: 0.06696440
Epoch: 130      Batch:   0      Loss: 0.00457120     ContextsNorm: 0.06678706
Epoch: 140      Batch:   0      Loss: 0.00446338     ContextsNorm: 0.06651621
Epoch: 150      Batch:   0      Loss: 0.00439582     ContextsNorm: 0.06631385
Epoch: 160      Batch:   0      Loss: 0.00434719     ContextsNorm: 0.06621891
Epoch: 170      Batch:   0      Loss: 0.00430183     ContextsNorm: 0.06620663
Epoch: 180      Batch:   0      Loss: 0.00425731     ContextsNorm: 0.06623595
Epoch: 190      Batch:   0      Loss: 0.00421460     ContextsNorm: 0.06627476
Epoch: 200      Batch:   0      Loss: 0.00417401     ContextsNorm: 0.06630686
Epoch: 210      Batch:   0      Loss: 0.00413546     ContextsNorm: 0.06633726
Epoch: 220      Batch:   0      Loss: 0.00409895     ContextsNorm: 0.06636755
Epoch: 230      Batch:   0      Loss: 0.00406453     ContextsNorm: 0.06639430
Epoch: 240      Batch:   0      Loss: 0.00403224     ContextsNorm: 0.06642013
Epoch: 250      Batch:   0      Loss: 0.00400195     ContextsNorm: 0.06644607
Epoch: 260      Batch:   0      Loss: 0.00397374     ContextsNorm: 0.06647195
Epoch: 270      Batch:   0      Loss: 0.00394750     ContextsNorm: 0.06649758
Epoch: 280      Batch:   0      Loss: 0.00392327     ContextsNorm: 0.06652604
Epoch: 290      Batch:   0      Loss: 0.00390096     ContextsNorm: 0.06655326
Epoch: 300      Batch:   0      Loss: 0.00388042     ContextsNorm: 0.06657919
Epoch: 310      Batch:   0      Loss: 0.00386162     ContextsNorm: 0.06660394
Epoch: 320      Batch:   0      Loss: 0.00384451     ContextsNorm: 0.06662753
Epoch: 330      Batch:   0      Loss: 0.00382899     ContextsNorm: 0.06664998
Epoch: 340      Batch:   0      Loss: 0.00381491     ContextsNorm: 0.06667133
Epoch: 350      Batch:   0      Loss: 0.00380222     ContextsNorm: 0.06669156
Epoch: 360      Batch:   0      Loss: 0.00379076     ContextsNorm: 0.06671089
Epoch: 370      Batch:   0      Loss: 0.00378059     ContextsNorm: 0.06673023
Epoch: 380      Batch:   0      Loss: 0.00377146     ContextsNorm: 0.06674845
Epoch: 390      Batch:   0      Loss: 0.00376332     ContextsNorm: 0.06676556
Epoch: 400      Batch:   0      Loss: 0.00375611     ContextsNorm: 0.06678159
Epoch: 410      Batch:   0      Loss: 0.00374972     ContextsNorm: 0.06679657
Epoch: 420      Batch:   0      Loss: 0.00374413     ContextsNorm: 0.06681055
Epoch: 430      Batch:   0      Loss: 0.00373921     ContextsNorm: 0.06682354
Epoch: 440      Batch:   0      Loss: 0.00373491     ContextsNorm: 0.06683561
Epoch: 450      Batch:   0      Loss: 0.00373116     ContextsNorm: 0.06684677
Epoch: 460      Batch:   0      Loss: 0.00372783     ContextsNorm: 0.06685705
Epoch: 470      Batch:   0      Loss: 0.00372500     ContextsNorm: 0.06686932
Epoch: 480      Batch:   0      Loss: 0.00372255     ContextsNorm: 0.06688898
Epoch: 490      Batch:   0      Loss: 0.00372042     ContextsNorm: 0.06690887
Epoch: 500      Batch:   0      Loss: 0.00371864     ContextsNorm: 0.06692725
Epoch: 510      Batch:   0      Loss: 0.00371712     ContextsNorm: 0.06694413
Epoch: 520      Batch:   0      Loss: 0.00371574     ContextsNorm: 0.06695960
Epoch: 530      Batch:   0      Loss: 0.00371468     ContextsNorm: 0.06697378
Epoch: 540      Batch:   0      Loss: 0.00371375     ContextsNorm: 0.06698669
Epoch: 550      Batch:   0      Loss: 0.00371295     ContextsNorm: 0.06699844
Epoch: 560      Batch:   0      Loss: 0.00371220     ContextsNorm: 0.06700908
Epoch: 570      Batch:   0      Loss: 0.00371163     ContextsNorm: 0.06701869
Epoch: 580      Batch:   0      Loss: 0.00371115     ContextsNorm: 0.06702730
Epoch: 590      Batch:   0      Loss: 0.00371076     ContextsNorm: 0.06703499
Epoch: 600      Batch:   0      Loss: 0.00371040     ContextsNorm: 0.06704183
Epoch: 610      Batch:   0      Loss: 0.00371014     ContextsNorm: 0.06704785
Epoch: 620      Batch:   0      Loss: 0.00370987     ContextsNorm: 0.06705312
Epoch: 630      Batch:   0      Loss: 0.00370966     ContextsNorm: 0.06705768
Epoch: 640      Batch:   0      Loss: 0.00370955     ContextsNorm: 0.06706160
Epoch: 650      Batch:   0      Loss: 0.00370936     ContextsNorm: 0.06706489
Epoch: 660      Batch:   0      Loss: 0.00370930     ContextsNorm: 0.06706761
Epoch: 670      Batch:   0      Loss: 0.00370918     ContextsNorm: 0.06706982
Epoch: 680      Batch:   0      Loss: 0.00370910     ContextsNorm: 0.06707154
Epoch: 690      Batch:   0      Loss: 0.00370902     ContextsNorm: 0.06707281
Epoch: 700      Batch:   0      Loss: 0.00370901     ContextsNorm: 0.06707366
Epoch: 710      Batch:   0      Loss: 0.00370897     ContextsNorm: 0.06707411
Epoch: 720      Batch:   0      Loss: 0.00370889     ContextsNorm: 0.06707422
Epoch: 730      Batch:   0      Loss: 0.00370888     ContextsNorm: 0.06707397
Epoch: 740      Batch:   0      Loss: 0.00370885     ContextsNorm: 0.06707343
Epoch: 750      Batch:   0      Loss: 0.00370883     ContextsNorm: 0.06707262
Epoch: 760      Batch:   0      Loss: 0.00370881     ContextsNorm: 0.06707156
Epoch: 770      Batch:   0      Loss: 0.00370884     ContextsNorm: 0.06707029
Epoch: 780      Batch:   0      Loss: 0.00370877     ContextsNorm: 0.06706888
Epoch: 790      Batch:   0      Loss: 0.00370879     ContextsNorm: 0.06706724
Epoch: 800      Batch:   0      Loss: 0.00370879     ContextsNorm: 0.06706539
Epoch: 810      Batch:   0      Loss: 0.00370872     ContextsNorm: 0.06706378
Epoch: 820      Batch:   0      Loss: 0.00370871     ContextsNorm: 0.06706193
Epoch: 830      Batch:   0      Loss: 0.00370876     ContextsNorm: 0.06705978
Epoch: 840      Batch:   0      Loss: 0.00370870     ContextsNorm: 0.06705745
Epoch: 850      Batch:   0      Loss: 0.00370872     ContextsNorm: 0.06705494
Epoch: 860      Batch:   0      Loss: 0.00370873     ContextsNorm: 0.06705233
Epoch: 870      Batch:   0      Loss: 0.00370873     ContextsNorm: 0.06704961
Epoch: 880      Batch:   0      Loss: 0.00370870     ContextsNorm: 0.06704675
Epoch: 890      Batch:   0      Loss: 0.00370870     ContextsNorm: 0.06704384
Epoch: 900      Batch:   0      Loss: 0.00370867     ContextsNorm: 0.06704090
Epoch: 910      Batch:   0      Loss: 0.00370865     ContextsNorm: 0.06703792
Epoch: 920      Batch:   0      Loss: 0.00370868     ContextsNorm: 0.06703489
Epoch: 930      Batch:   0      Loss: 0.00370869     ContextsNorm: 0.06703179
Epoch: 940      Batch:   0      Loss: 0.00370865     ContextsNorm: 0.06702860
Epoch: 950      Batch:   0      Loss: 0.00370865     ContextsNorm: 0.06702535
Epoch: 960      Batch:   0      Loss: 0.00370862     ContextsNorm: 0.06702205
Epoch: 970      Batch:   0      Loss: 0.00370861     ContextsNorm: 0.06701870
Epoch: 980      Batch:   0      Loss: 0.00370865     ContextsNorm: 0.06701531
Epoch: 990      Batch:   0      Loss: 0.00370863     ContextsNorm: 0.06701186
Epoch: 999      Batch:   0      Loss: 0.00370860     ContextsNorm: 0.06700872

Total gradient descent training time: 0 hours 0 mins 43 secs

    Test loss value: 3.23e-02 ± 0.00e+00
    Train loss value for criterion 0: 3.64e-03
Loss per OoD environment: [0.03233048692345619]

==  Begining artefacts visualisation ... ==
    Visualized context dimensions along x: [182  53 143]
    Visualized context dimensions along y: [220 251 138]
No adaptation contexts found. Using latest found.
Saving artefacts in: ./runs/250113-124059/adapt/artefacts_4_5.png
/home/benchmarking/ddrous.benchmarking/miniforge3/envs/jaxgpu/lib/python3.12/multiprocessing/popen_fork.py:66: RuntimeWarning: os.fork() was called. os.fork() is incompatible with multithreaded code, and JAX is multithreaded, so this will likely lead to a deadlock.
  self.pid = os.fork()
/lus/lfs1aip1/home/benchmarking/ddrous.benchmarking/Projects/Self-Mod/selfmod/visualtester.py:288: UserWarning: No artists with labels found to put in legend.  Note that artists whose label start with an underscore are ignored when legend() is called with no argument.
  ax[p_id].legend(fontsize=8, loc='upper right')
/lus/lfs1aip1/home/benchmarking/ddrous.benchmarking/Projects/Self-Mod/selfmod/visualtester.py:288: UserWarning: No artists with labels found to put in legend.  Note that artists whose label start with an underscore are ignored when legend() is called with no argument.
  ax[p_id].legend(fontsize=8, loc='upper right')
/lus/lfs1aip1/home/benchmarking/ddrous.benchmarking/Projects/Self-Mod/selfmod/visualtester.py:288: UserWarning: No artists with labels found to put in legend.  Note that artists whose label start with an underscore are ignored when legend() is called with no argument.
  ax[p_id].legend(fontsize=8, loc='upper right')

==  Begining out-of-distribution dynamics visualisation ... ==
    Trajectory id: 0
    Visualized dimensions: (0, 1)
WARNING: No specific adaptation contexts found. Using latest found.
Testing finished. Figure saved in: ./runs/250113-124059/adapt/dynamics_ood_4_5.png

==  Begining context clusters visualisation ... ==
    Visualising the parameters (either vectors or function weights)
    Visualising predictions from the contexts (reconstituted as functions)
WARNING: No context utilities found, meaning inf dim context are not used. Using randoms.
Saving context clusters in: ./runs/250113-124059/adapt/context_clusters.png
