
############# Contextual Self-Modulation #############

Jax version: 0.4.35
Available devices: [CudaDevice(id=0)]
Created a new run folder at: ./runs/250109-001545/
Completed copied scripts 
Created a new adaptation folder at: ./runs/250109-001545/adapt/
Created a new checkpoints folder at: ./runs/250109-001545/checkpoints/
Dataset shape: (947, 1, 256, 14)
Dataset shape: (947, 1, 256, 14)
/home/gb21553/miniconda3/envs/jax/lib/python3.12/multiprocessing/popen_fork.py:66: RuntimeWarning: os.fork() was called. os.fork() is incompatible with multithreaded code, and JAX is multithreaded, so this will likely lead to a deadlock.
  self.pid = os.fork()
Shapes of data and t_eval: (946, 1, 256, 14) (946, 256)

Using 473 environments to estimate the global training loss function ...


Total number of parameters in the model: 135665
Total number of parameters in one context: 2

Loading model and results from ./runs/250109-001545/ folder ...

WARNING: No training history found at all. Using tens.
WARNING: No validation history found at all. Using ten.
WARNING: No optimiser state found in the provided path.
No checkpoints or error when attempting to load training configs - '[Errno 2] No such file or directory: 'runs/250109-001545/model.eqx'' - Starting from scratch ...


=== Beginning Meta-Training ... ===
    Number of examples in a batch along envs: 946
    Maximum number of batches (along envs): 2
    Total number of epochs: 1
    Number of outer minimizations: 50
    Maximum numbers of inner steps per outer minimizations: (5, 5)
    Training on 1 batches
    Validating on 1 batches
     ### Compiling function "train_step" for the model ...  
     ### Compiling function "train_step" for the contexts ...  
✔️ Gating k-means converged after 1 iterations
✔️ Gating k-means converged after 1 iterations
✔️ Gating k-means converged after 1 iterations
✔️ Gating k-means converged after 1 iterations
✔️ Gating k-means converged after 1 iterations
00:46:53      Epoch:   0      Batch:   0      OuterStep:   0      LossModel: 14554.33398438     LossTerm2: 0.00000000     LossGates: 0.00000000      Time/Step(s): 1864.7100Contributing envs to the losses:  [390  36 173 321 227 229 466 392 305 384 406 378 193 187  37  51 347 387 337 327  96  29 247 163 340  47 455  52  41 397 259 206 242 353 120 189 280 148  23 155 210 456 195  20  75 403 239  22 167  58 154 211 106 170 374 443 224 188 273 225 405 281 419 343 342  21 322 162 250 220 308 313   4 328 412 297  94  92 453  10 185 367 216 361 107  18 228 352 217  83 470 324  64  44 156 365 271 311 199 372 320  34 213  31 591 244 191 480 494 577 543 490 489 556 525 492 589 530 588 520 478 558 514 532 536 560 544 512 567 585 522 564 485 487 574 484 473 141 515 153 734 803 755 103 613 792 615 746 724 670 701 616 787 786 634 647 604 738 638 818 821 826 830 820 828 806 836 683 783 772 619 716 722 607 791 667 712 620 691 739 760 801 673 630 729 681 802 768 751 782 743 652 275 733 622 700 720 602 730 736 451 119 748 442 519 728 360 436 318 495 582 274 475 774 230 552 554 838  66 798 557 788 725 813 618 295  80 569 603 503 521 499  73 765 841 623 835 611  85 581 814 708 731 626 778 551 269 535 785 593 843 425 639 756 568 781 632 689 776 684 676 590 665 501 509 594 837 686 695 534 831 644 562 744 629 663 735 825 493 497 533 565 570 612 631 645 651 659 685 699 711 740 741 758 769 794 796 810 812 817 823 824 833 477 479 547 553 576 598 606 617 625 633 637 640 646 653 654 656 660 664 672 682 698 702 705 707 709 710 713 717 719 723 726 747 749 752 753 754 762 763 766 767 770 773 775 777 779 780 784 799 805 807 811 827 834 839 847 848 849 850 851 852 853 854 855 856 857 858 859 860 861 862 863 864 865 866 867 868 869 870 871 872 873 874 875 876 877 878 879 880 881 882 883 884 885 886 887 888 889 890 891 892 893 894 895 896 897 898 899 900 901 902 903 904 905 906 907 908 909 910 911 912 913 914 915 916 917 918 919 920 921 922 923 924 925 926 927 928 929 930 931 932 933 934 935 936 937 938 939 940 941 942 943 944 945 641 655 674 819 846 679 714 516 537 693 609 692 666 531 687 761 502]
Gate kernel values: 
 [[-196.04645    195.0927   ]
 [  -3.8288803   -1.3492508]]
The factor: how much of the new gate kernel do I used ? [0.001]
Gate values for each environment (all envs): 
 [[0.7603529  0.2396471 ]
 [0.7630358  0.23696423]
 [0.7598306  0.24016944]
 [0.7630357  0.23696424]
 [0.24547112 0.7545288 ]
 [0.7605244  0.23947561]
 [0.23696527 0.7630347 ]
 [0.23712565 0.7628743 ]
 [0.7630357  0.23696424]
 [0.7630357  0.23696424]
 [0.22554423 0.7744557 ]
 [0.2369568  0.76304317]
 [0.4067489  0.5932511 ]
 [0.23696424 0.7630357 ]
 [0.7630358  0.23696423]
 [0.7589281  0.24107186]
 [0.7603615  0.23963852]
 [0.7639527  0.23604739]
 [0.25355947 0.7464405 ]
 [0.7630357  0.23696424]
 [0.23960498 0.76039505]
 [0.24043076 0.7595692 ]
 [0.23986162 0.7601384 ]
 [0.23981544 0.7601846 ]
 [0.7603614  0.23963855]
 [0.23681219 0.7631878 ]
 [0.7603606  0.23963949]
 [0.7630357  0.23696424]
 [0.23643246 0.76356757]
 [0.23964052 0.76035947]
 [0.68696916 0.31303087]
 [0.32445005 0.67555   ]
 [0.7630358  0.2369642 ]
 [0.23696819 0.7630318 ]
 [0.19881167 0.8011883 ]
 [0.7630358  0.23696423]
 [0.245175   0.754825  ]
 [0.23939238 0.76060766]
 [0.29984006 0.70015997]
 [0.7603622  0.23963782]
 [0.23696412 0.76303595]
 [0.23963852 0.7603615 ]
 [0.7630357  0.23696424]
 [0.7928179  0.2071821 ]
 [0.21740691 0.7825931 ]
 [0.7767994  0.22320057]
 [0.7630358  0.23696423]
 [0.23963864 0.7603613 ]
 [0.7544203  0.2455797 ]
 [0.7630358  0.23696423]
 [0.23717183 0.7628282 ]
 [0.23965538 0.76034456]
 [0.23963852 0.7603615 ]
 [0.23818749 0.7618125 ]
 [0.7630358  0.23696423]
 [0.7630358  0.23696423]
 [0.7630357  0.23696424]
 [0.7601678  0.23983222]
 [0.23963329 0.7603667 ]
 [0.23695306 0.7630469 ]
 [0.23662777 0.76337224]
 [0.21190207 0.7880979 ]
 [0.76043266 0.23956731]
 [0.2369442  0.7630558 ]
 [0.2927982  0.70720184]
 [0.7630358  0.23696423]
 [0.23571016 0.7642898 ]
 [0.7630358  0.23696423]
 [0.76932263 0.23067737]
 [0.7630358  0.23696423]
 [0.7630358  0.23696423]
 [0.23964041 0.7603596 ]
 [0.1665732  0.8334268 ]
 [0.23433836 0.76566166]
 [0.7630358  0.23696423]
 [0.23957032 0.7604296 ]
 [0.23696376 0.7630362 ]
 [0.7630358  0.23696423]
 [0.23696423 0.7630358 ]
 [0.23675142 0.76324856]
 [0.24333449 0.7566655 ]
 [0.7603615  0.23963852]
 [0.7603621  0.23963794]
 [0.23731981 0.7626802 ]
 [0.7630357  0.23696424]
 [0.23948249 0.7605175 ]
 [0.7601789  0.23982103]
 [0.7630358  0.23696423]
 [0.7630358  0.23696423]
 [0.20882303 0.7911769 ]
 [0.23262727 0.7673727 ]
 [0.7601557  0.23984438]
 [0.23934208 0.76065785]
 [0.7630358  0.23696423]
 [0.23478131 0.7652188 ]
 [0.7630357  0.23696424]
 [0.23963837 0.7603616 ]
 [0.7603518  0.23964824]
 [0.7630358  0.23696423]
 [0.25298205 0.7470179 ]
 [0.2379863  0.7620137 ]
 [0.2374654  0.7625346 ]
 [0.7602428  0.23975722]
 [0.19788459 0.80211544]
 [0.7603519  0.23964812]
 [0.7603369  0.23966317]
 [0.23934707 0.7606529 ]
 [0.22983779 0.7701623 ]
 [0.23678745 0.76321256]
 [0.7630358  0.23696423]
 [0.7692494  0.23075067]
 [0.23677164 0.76322836]
 [0.23707439 0.76292557]
 [0.7599181  0.2400819 ]
 [0.7586821  0.24131794]
 [0.23696646 0.76303357]
 [0.23699492 0.763005  ]
 [0.23694867 0.76305133]
 [0.63172233 0.3682777 ]
 [0.23362543 0.7663746 ]
 [0.23963709 0.7603629 ]
 [0.7630358  0.23696423]
 [0.7630358  0.23696423]
 [0.7630357  0.23696424]
 [0.76044863 0.2395513 ]
 [0.76066023 0.2393398 ]
 [0.6306249  0.3693751 ]
 [0.7614314  0.2385686 ]
 [0.78081083 0.21918912]
 [0.23696363 0.7630364 ]
 [0.7599848  0.2400152 ]
 [0.7630358  0.23696423]
 [0.42671216 0.57328784]
 [0.18612516 0.81387484]
 [0.23696299 0.763037  ]
 [0.7630358  0.23696423]
 [0.6354394  0.3645606 ]
 [0.7630357  0.23696424]
 [0.76036096 0.23963903]
 [0.7630358  0.23696423]
 [0.7603851  0.23961489]
 [0.36504886 0.6349511 ]
 [0.7630357  0.23696424]
 [0.23685251 0.7631475 ]
 [0.23696595 0.76303405]
 [0.7630358  0.23696423]
 [0.7630358  0.23696423]
 [0.7630358  0.23696423]
 [0.2396396  0.7603604 ]
 [0.23696439 0.7630356 ]
 [0.7554679  0.24453215]
 [0.7630358  0.23696423]
 [0.23696539 0.76303464]
 [0.21456593 0.78543407]
 [0.23963831 0.7603617 ]
 [0.239637   0.760363  ]
 [0.28573155 0.71426845]
 [0.7607055  0.23929454]
 [0.7630358  0.23696423]
 [0.7630357  0.23696424]
 [0.60165054 0.39834943]
 [0.23579115 0.7642089 ]
 [0.2403246  0.75967544]
 [0.23963888 0.76036114]
 [0.26086035 0.7391396 ]
 [0.6832678  0.31673223]
 [0.7630358  0.23696423]
 [0.23925692 0.76074314]
 [0.76035327 0.23964669]
 [0.2370665  0.7629335 ]
 [0.23823437 0.7617656 ]
 [0.7630358  0.23696423]
 [0.7641929  0.23580706]
 [0.24010713 0.7598929 ]
 [0.20549655 0.79450345]
 [0.7630357  0.23696424]
 [0.22141282 0.77858716]
 [0.7630358  0.2369642 ]
 [0.7630357  0.23696424]
 [0.7603454  0.2396546 ]
 [0.7605014  0.2394986 ]
 [0.23816219 0.7618378 ]
 [0.7603615  0.23963852]
 [0.76036394 0.23963608]
 [0.76036865 0.23963135]
 [0.24012506 0.75987494]
 [0.7630358  0.23696423]
 [0.23963864 0.7603613 ]
 [0.23903789 0.7609622 ]
 [0.23963857 0.7603615 ]
 [0.23698202 0.76301795]
 [0.24252316 0.7574768 ]
 [0.23646379 0.7635363 ]
 [0.23960888 0.7603911 ]
 [0.26711503 0.732885  ]
 [0.23960981 0.7603902 ]
 [0.7436438  0.25635618]
 [0.7630358  0.23696423]
 [0.7630358  0.23696423]
 [0.23634487 0.7636551 ]
 [0.23878014 0.76121986]
 [0.23696302 0.76303697]
 [0.22502188 0.7749781 ]
 [0.7630358  0.23696423]
 [0.23697966 0.7630204 ]
 [0.75338745 0.24661249]
 [0.23963848 0.76036155]
 [0.7630358  0.23696423]
 [0.23621087 0.7637892 ]
 [0.76032776 0.23967229]
 [0.23962644 0.76037353]
 [0.23956293 0.7604371 ]
 [0.22865774 0.7713423 ]
 [0.23390037 0.7660997 ]
 [0.76058906 0.23941097]
 [0.7630358  0.23696423]
 [0.24413899 0.75586104]
 [0.23254143 0.7674586 ]
 [0.7630358  0.23696423]
 [0.7630357  0.23696424]
 [0.23592797 0.76407206]
 [0.7594376  0.24056238]
 [0.7597683  0.24023171]
 [0.7633446  0.23665541]
 [0.23984814 0.76015186]
 [0.24130568 0.75869435]
 [0.7603639  0.23963617]
 [0.23986773 0.7601323 ]
 [0.2167216  0.78327847]
 [0.23980166 0.76019835]
 [0.23232879 0.7676713 ]
 [0.76036227 0.2396377 ]
 [0.76041466 0.23958533]
 [0.7630358  0.23696423]
 [0.23773415 0.7622658 ]
 [0.7630358  0.23696423]
 [0.7630357  0.23696424]
 [0.7609093  0.23909076]
 [0.7630358  0.23696423]
 [0.23960382 0.7603961 ]
 [0.7630358  0.23696423]
 [0.7614306  0.23856938]
 [0.23963852 0.7603615 ]
 [0.23688738 0.76311255]
 [0.16502838 0.8349716 ]
 [0.7630357  0.23696424]
 [0.19255187 0.80744815]
 [0.23963916 0.76036084]
 [0.35253206 0.647468  ]
 [0.7630357  0.23696424]
 [0.23312531 0.76687473]
 [0.7585913  0.2414087 ]
 [0.76065296 0.23934704]
 [0.7630358  0.23696423]
 [0.23696163 0.76303834]
 [0.76044446 0.23955555]
 [0.5838057  0.4161943 ]
 [0.7630357  0.23696424]
 [0.23719396 0.76280606]
 [0.23963843 0.7603616 ]
 [0.60304075 0.39695925]
 [0.7630358  0.23696423]
 [0.7630358  0.23696423]
 [0.7603614  0.2396386 ]
 [0.75268084 0.24731918]
 [0.76032096 0.23967904]
 [0.7630358  0.2369642 ]
 [0.7630358  0.23696423]
 [0.7630358  0.23696423]
 [0.22663967 0.77336025]
 [0.7630357  0.23696424]
 [0.23878942 0.7612106 ]
 [0.72856647 0.2714335 ]
 [0.23958896 0.760411  ]
 [0.24961686 0.75038314]
 [0.32320067 0.6767993 ]
 [0.75219226 0.2478078 ]
 [0.76241523 0.23758478]
 [0.7598727  0.24012738]
 [0.2369699  0.7630301 ]
 [0.23962769 0.7603723 ]
 [0.2416157  0.7583843 ]
 [0.16576149 0.8342385 ]
 [0.23696388 0.76303613]
 [0.7603642  0.23963588]
 [0.7655121  0.23448792]
 [0.75291294 0.24708708]
 [0.23409155 0.7659085 ]
 [0.7630357  0.23696424]
 [0.79123    0.20876998]
 [0.23695396 0.7630461 ]
 [0.23696534 0.7630347 ]
 [0.236953   0.763047  ]
 [0.7630357  0.23696424]
 [0.23692375 0.76307625]
 [0.23271233 0.7672877 ]
 [0.7630357  0.23696424]
 [0.23856495 0.76143503]
 [0.23609194 0.763908  ]
 [0.7630358  0.23696423]
 [0.76116973 0.23883025]
 [0.7630358  0.23696423]
 [0.23103763 0.76896244]
 [0.7630358  0.23696423]
 [0.23666894 0.763331  ]
 [0.24187556 0.7581244 ]
 [0.21696043 0.78303957]
 [0.3073162  0.6926838 ]
 [0.23799036 0.7620096 ]
 [0.18413386 0.8158661 ]
 [0.7630357  0.23696424]
 [0.20967482 0.79032516]
 [0.23626566 0.7637344 ]
 [0.23955351 0.76044655]
 [0.7630357  0.23696424]
 [0.7607327  0.23926726]
 [0.24164236 0.75835764]
 [0.2368672  0.76313275]
 [0.24459516 0.7554049 ]
 [0.76037395 0.23962611]
 [0.2385845  0.7614155 ]
 [0.23843993 0.76156   ]
 [0.23975225 0.76024777]
 [0.21297045 0.78702956]
 [0.24753965 0.75246036]
 [0.7615028  0.23849727]
 [0.76035905 0.239641  ]
 [0.23960827 0.7603917 ]
 [0.23480634 0.76519364]
 [0.7630358  0.23696423]
 [0.7630358  0.23696423]
 [0.7790966  0.22090341]
 [0.28602308 0.713977  ]
 [0.7630358  0.23696423]
 [0.76036197 0.23963809]
 [0.7630357  0.23696424]
 [0.7602664  0.2397336 ]
 [0.23971885 0.7602812 ]
 [0.7630357  0.23696424]
 [0.3477066  0.65229344]
 [0.23963895 0.7603611 ]
 [0.7630357  0.23696424]
 [0.23854096 0.76145905]
 [0.23951249 0.76048756]
 [0.75216913 0.24783091]
 [0.8147192  0.18528081]
 [0.7483521  0.2516479 ]
 [0.23963934 0.76036066]
 [0.23697205 0.76302797]
 [0.7630358  0.23696423]
 [0.7630358  0.23696423]
 [0.7630357  0.23696424]
 [0.25374427 0.7462557 ]
 [0.23963487 0.7603651 ]
 [0.7630358  0.23696423]
 [0.76270646 0.23729351]
 [0.7630358  0.23696423]
 [0.35202885 0.6479712 ]
 [0.7603615  0.23963852]
 [0.7630358  0.23696423]
 [0.60655254 0.39344746]
 [0.23156042 0.7684396 ]
 [0.76054704 0.23945296]
 [0.7603749  0.23962505]
 [0.7630357  0.23696424]
 [0.25964203 0.74035794]
 [0.7630358  0.2369642 ]
 [0.2483928  0.7516072 ]
 [0.23696624 0.7630337 ]
 [0.23642357 0.76357645]
 [0.23696661 0.76303345]
 [0.7630358  0.23696423]
 [0.23816282 0.76183724]
 [0.20702806 0.79297197]
 [0.2397732  0.76022685]
 [0.7603615  0.23963857]
 [0.7603112  0.23968887]
 [0.760362   0.23963797]
 [0.23974451 0.76025546]
 [0.23602968 0.7639703 ]
 [0.7630358  0.23696423]
 [0.7630357  0.23696424]
 [0.23673102 0.76326895]
 [0.7630357  0.23696424]
 [0.23969245 0.76030755]
 [0.23838432 0.7616157 ]
 [0.7630358  0.23696423]
 [0.23915768 0.7608424 ]
 [0.7630357  0.23696424]
 [0.7603616  0.23963837]
 [0.24018015 0.75981987]
 [0.2592116  0.7407884 ]
 [0.23967752 0.7603225 ]
 [0.7603569  0.23964308]
 [0.76064223 0.23935781]
 [0.23696694 0.76303303]
 [0.2369639  0.7630361 ]
 [0.23963697 0.76036304]
 [0.73874724 0.26125276]
 [0.7630358  0.23696423]
 [0.23459056 0.76540947]
 [0.7630358  0.23696423]
 [0.76038647 0.23961347]
 [0.23966703 0.760333  ]
 [0.7639454  0.23605458]
 [0.24465668 0.7553433 ]
 [0.23971583 0.7602841 ]
 [0.7630358  0.23696423]
 [0.7630357  0.23696424]
 [0.7603691  0.23963091]
 [0.2369684  0.7630316 ]
 [0.7630358  0.23696423]
 [0.24547434 0.75452566]
 [0.7630357  0.23696424]
 [0.7630358  0.23696423]
 [0.23696415 0.7630358 ]
 [0.7630357  0.23696424]
 [0.23649311 0.76350695]
 [0.23692471 0.7630753 ]
 [0.24067293 0.75932705]
 [0.7630357  0.23696424]
 [0.7630358  0.23696423]
 [0.7630357  0.23696424]
 [0.22683069 0.7731692 ]
 [0.23723362 0.76276636]
 [0.23757187 0.76242816]
 [0.2370166  0.7629834 ]
 [0.7630358  0.23696423]
 [0.24858767 0.75141233]
 [0.23524038 0.76475966]
 [0.7630357  0.23696424]
 [0.23798105 0.762019  ]
 [0.7630358  0.23696423]
 [0.75987434 0.24012563]
 [0.74301165 0.2569884 ]
 [0.24047837 0.7595216 ]
 [0.18793674 0.8120633 ]
 [0.23807207 0.76192796]
 [0.7630357  0.23696424]
 [0.7630357  0.23696424]
 [0.80573416 0.1942658 ]
 [0.7630358  0.23696423]
 [0.6221741  0.37782595]
 [0.23951867 0.76048136]
 [0.7630358  0.23696423]
 [0.7630358  0.23696423]
 [0.76080316 0.23919685]
 [0.5372524  0.4627476 ]
 [0.7603757  0.23962432]
 [0.7630358  0.23696423]
 [0.7630762  0.2369238 ]
 [0.60225314 0.39774683]
 [0.76033    0.23966996]
 [0.23668648 0.76331353]
 [0.7607055  0.23929454]
 [0.23964463 0.76035535]
 [0.23953328 0.76046675]
 [0.23500042 0.76499957]
 [0.7630358  0.23696423]
 [0.7630357  0.23696424]
 [0.7630358  0.23696423]
 [0.7630358  0.23696423]
 [0.2685199  0.7314801 ]
 [0.76097226 0.2390278 ]
 [0.7630358  0.23696423]
 [0.7647888  0.2352112 ]
 [0.23947379 0.76052624]
 [0.23696332 0.7630366 ]
 [0.23696397 0.763036  ]
 [0.2367975  0.7632025 ]
 [0.23881297 0.761187  ]
 [0.7648942  0.2351059 ]
 [0.7603615  0.23963852]
 [0.30186042 0.6981396 ]
 [0.70070773 0.29929227]
 [0.6534251  0.3465749 ]
 [0.7300327  0.26996738]
 [0.70283943 0.2971606 ]
 [0.2992882  0.7007118 ]
 [0.7025826  0.2974174 ]
 [0.29907215 0.70092785]
 [0.2970185  0.70298153]
 [0.70346004 0.2965399 ]
 [0.70068836 0.29931167]
 [0.2997897  0.7002103 ]
 [0.29934186 0.70065814]
 [0.25596347 0.74403656]
 [0.29919297 0.70080703]
 [0.6846996  0.31530043]
 [0.29839328 0.70160675]
 [0.2825994  0.7174006 ]
 [0.7006866  0.2993134 ]
 [0.29929107 0.700709  ]
 [0.70298356 0.29701644]
 [0.29864177 0.70135826]
 [0.4171408  0.5828592 ]
 [0.29706615 0.70293385]
 [0.7030407  0.29695925]
 [0.70077765 0.2992224 ]
 [0.7315349  0.2684651 ]
 [0.70278776 0.2972122 ]
 [0.2971185  0.7028815 ]
 [0.7029841  0.29701585]
 [0.29623652 0.7037635 ]
 [0.3953546  0.6046455 ]
 [0.700689   0.29931107]
 [0.7007506  0.29924947]
 [0.700711   0.29928902]
 [0.2972383  0.7027617 ]
 [0.29695868 0.7030413 ]
 [0.7029881  0.2970119 ]
 [0.7007308  0.29926917]
 [0.29937547 0.7006245 ]
 [0.2969763  0.7030237 ]
 [0.2993301  0.70066994]
 [0.33534768 0.66465235]
 [0.29701746 0.7029825 ]
 [0.29737344 0.7026266 ]
 [0.29930565 0.7006943 ]
 [0.37168574 0.62831426]
 [0.2992887  0.7007113 ]
 [0.701657   0.29834303]
 [0.2992653  0.70073473]
 [0.70315534 0.29684466]
 [0.29940608 0.7005939 ]
 [0.29928386 0.70071614]
 [0.2970229  0.70297706]
 [0.7067549  0.29324514]
 [0.7193923  0.2806076 ]
 [0.7040257  0.2959743 ]
 [0.29926842 0.70073164]
 [0.70299953 0.2970005 ]
 [0.2992879  0.7007122 ]
 [0.7029834  0.2970166 ]
 [0.29701638 0.7029836 ]
 [0.7026092  0.2973908 ]
 [0.29811746 0.70188254]
 [0.7029808  0.29701924]
 [0.3031893  0.6968107 ]
 [0.70020473 0.2997953 ]
 [0.7001726  0.2998275 ]
 [0.7007149  0.29928517]
 [0.70065075 0.2993493 ]
 [0.29918048 0.70081955]
 [0.2992879  0.7007122 ]
 [0.70076776 0.2992323 ]
 [0.67547816 0.32452184]
 [0.29701644 0.70298356]
 [0.70868707 0.2913129 ]
 [0.70071447 0.29928556]
 [0.7030271  0.29697287]
 [0.7031189  0.29688108]
 [0.652862   0.34713802]
 [0.7028796  0.29712042]
 [0.6795499  0.32045013]
 [0.70058084 0.2994192 ]
 [0.29928002 0.70071995]
 [0.29490912 0.7050909 ]
 [0.29890317 0.70109683]
 [0.7005347  0.2994653 ]
 [0.2777091  0.72229093]
 [0.7166692  0.28333083]
 [0.7029824  0.2970175 ]
 [0.705193   0.29480705]
 [0.29931438 0.7006857 ]
 [0.70298326 0.29701677]
 [0.70064366 0.29935637]
 [0.2992903  0.7007097 ]
 [0.7029473  0.29705268]
 [0.29727012 0.70272994]
 [0.7029721  0.29702786]
 [0.7007177  0.29928234]
 [0.69642204 0.30357796]
 [0.7029913  0.29700872]
 [0.3011819  0.6988181 ]
 [0.2924965  0.7075035 ]
 [0.72275746 0.2772425 ]
 [0.354941   0.64505905]
 [0.6982424  0.30175754]
 [0.7051583  0.29484174]
 [0.29707208 0.7029279 ]
 [0.29639542 0.7036046 ]
 [0.21250294 0.7874971 ]
 [0.70070153 0.29929844]
 [0.3007306  0.6992694 ]
 [0.29928657 0.7007134 ]
 [0.64612055 0.35387948]
 [0.7397167  0.26028326]
 [0.29928765 0.7007123 ]
 [0.2992659  0.70073414]
 [0.29699838 0.7030017 ]
 [0.2834548  0.71654516]
 [0.7100027  0.2899973 ]
 [0.7029868  0.2970132 ]
 [0.2969881  0.70301193]
 [0.69130844 0.30869156]
 [0.6509766  0.34902343]
 [0.65102345 0.34897655]
 [0.34716824 0.65283173]
 [0.6510261  0.34897384]
 [0.34718776 0.6528122 ]
 [0.34628335 0.6537166 ]
 [0.35972074 0.6402793 ]
 [0.3498613  0.6501387 ]
 [0.34896183 0.6510381 ]
 [0.64174694 0.35825306]
 [0.65284956 0.34715047]
 [0.34897444 0.6510256 ]
 [0.6733937  0.32660627]
 [0.34716657 0.65283346]
 [0.34717277 0.65282726]
 [0.34038025 0.6596198 ]
 [0.3471319  0.6528681 ]
 [0.34877896 0.65122104]
 [0.6513394  0.34866056]
 [0.3488629  0.65113705]
 [0.34903014 0.6509698 ]
 [0.6527473  0.3472527 ]
 [0.3308352  0.6691648 ]
 [0.34897366 0.6510263 ]
 [0.34901732 0.6509827 ]
 [0.6520473  0.3479527 ]
 [0.36265445 0.63734555]
 [0.39457932 0.60542065]
 [0.3473193  0.65268064]
 [0.65260947 0.3473905 ]
 [0.3454835  0.6545165 ]
 [0.505465   0.494535  ]
 [0.4859834  0.5140166 ]
 [0.34712884 0.65287113]
 [0.34901404 0.65098596]
 [0.65282214 0.3471778 ]
 [0.34709945 0.6529006 ]
 [0.6529729  0.3470271 ]
 [0.34898394 0.6510161 ]
 [0.3471625  0.6528375 ]
 [0.6471862  0.35281375]
 [0.65283173 0.34716824]
 [0.34897384 0.6510262 ]
 [0.34900326 0.6509967 ]
 [0.566838   0.4331619 ]
 [0.6169686  0.38303143]
 [0.34716108 0.65283895]
 [0.65096074 0.34903926]
 [0.34715906 0.652841  ]
 [0.6709103  0.3290897 ]
 [0.6061598  0.39384025]
 [0.34899673 0.65100324]
 [0.6510156  0.34898445]
 [0.3471712  0.6528289 ]
 [0.6510237  0.34897628]
 [0.6528316  0.34716842]
 [0.34939495 0.65060496]
 [0.6528335  0.34716645]
 [0.65293366 0.34706634]
 [0.6738912  0.3261088 ]
 [0.6528327  0.34716734]
 [0.65094626 0.3490538 ]
 [0.6510262  0.34897384]
 [0.65283966 0.34716043]
 [0.34716842 0.6528316 ]
 [0.31168213 0.6883179 ]
 [0.6510263  0.3489737 ]
 [0.34716734 0.6528327 ]
 [0.65264887 0.3473511 ]
 [0.34713638 0.6528636 ]
 [0.34716505 0.65283495]
 [0.34897164 0.65102845]
 [0.34201747 0.6579826 ]
 [0.54689616 0.45310384]
 [0.3482192  0.65178084]
 [0.650863   0.349137  ]
 [0.6528393  0.34716073]
 [0.3491452  0.6508548 ]
 [0.6525481  0.34745193]
 [0.35350183 0.6464982 ]
 [0.34714755 0.6528524 ]
 [0.65277296 0.347227  ]
 [0.65017754 0.3498225 ]
 [0.34716845 0.65283155]
 [0.65100884 0.3489912 ]
 [0.34754494 0.65245503]
 [0.6528316  0.34716845]
 [0.34896687 0.6510331 ]
 [0.34715852 0.65284145]
 [0.6528316  0.34716845]
 [0.34712884 0.65287113]
 [0.3471838  0.6528163 ]
 [0.6510187  0.34898132]
 [0.34717804 0.65282196]
 [0.6830181  0.31698197]
 [0.34897488 0.6510251 ]
 [0.34717023 0.65282977]
 [0.34716862 0.65283144]
 [0.34716845 0.6528316 ]
 [0.347434   0.652566  ]
 [0.6514221  0.348578  ]
 [0.65103245 0.34896755]
 [0.65199727 0.34800273]
 [0.6538454  0.34615454]
 [0.4557787  0.54422134]
 [0.3485386  0.6514614 ]
 [0.65281373 0.3471863 ]
 [0.34759393 0.6524061 ]
 [0.65146285 0.34853715]
 [0.6528316  0.34716842]
 [0.6486819  0.35131812]
 [0.65282804 0.34717196]
 [0.34581834 0.65418166]
 [0.65283185 0.34716815]
 [0.6527587  0.3472413 ]
 [0.65283155 0.34716845]
 [0.34897366 0.6510264 ]
 [0.65285975 0.34714028]
 [0.3471586  0.6528414 ]
 [0.6511427  0.34885725]
 [0.3489735  0.6510265 ]
 [0.65277994 0.34722006]
 [0.65102625 0.34897375]
 [0.5663503  0.43364978]
 [0.3379313  0.6620687 ]
 [0.6521926  0.3478074 ]
 [0.34898862 0.6510114 ]
 [0.6528249  0.34717506]
 [0.349966   0.650034  ]
 [0.38253495 0.617465  ]
 [0.65283394 0.3471661 ]
 [0.349709   0.65029097]
 [0.3077224  0.69227767]
 [0.3491373  0.65086263]
 [0.3527418  0.64725816]
 [0.35772133 0.6422787 ]
 [0.6584355  0.34156454]
 [0.341049   0.658951  ]
 [0.31133145 0.6886686 ]
 [0.34718558 0.65281445]
 [0.35354227 0.6464578 ]
 [0.6510261  0.34897387]
 [0.34897366 0.6510264 ]
 [0.34889394 0.65110606]
 [0.65342057 0.3465794 ]
 [0.65892524 0.3410748 ]
 [0.34718797 0.65281206]
 [0.349001   0.650999  ]
 [0.34716672 0.6528333 ]
 [0.6510222  0.34897777]
 [0.34830797 0.651692  ]
 [0.65408784 0.34591225]
 [0.54117805 0.45882198]
 [0.6528318  0.34716815]
 [0.6307564  0.36924368]
 [0.34913892 0.65086114]
 [0.6528373  0.34716272]
 [0.6524178  0.3475822 ]
 [0.6527266  0.34727344]
 [0.3439705  0.6560295 ]
 [0.34701374 0.6529863 ]
 [0.49781048 0.50218946]
 [0.6528254  0.3471746 ]
 [0.34717992 0.65282005]
 [0.3490669  0.6509331 ]
 [0.3471783  0.6528217 ]
 [0.6524828  0.3475172 ]
 [0.6572806  0.34271947]
 [0.65103894 0.3489611 ]
 [0.34813365 0.6518663 ]
 [0.6528316  0.34716842]
 [0.6528704  0.3471296 ]
 [0.34975687 0.65024316]
 [0.6528321  0.34716797]
 [0.6527196  0.3472804 ]
 [0.49778342 0.5022165 ]
 [0.3489773  0.65102273]
 [0.65372276 0.34627733]
 [0.44848529 0.55151474]
 [0.6529984  0.3470016 ]
 [0.34718868 0.6528113 ]
 [0.65280855 0.34719142]
 [0.34721357 0.6527864 ]
 [0.6528104  0.3471897 ]
 [0.65283155 0.34716845]
 [0.34670907 0.653291  ]
 [0.34931692 0.650683  ]
 [0.3489696  0.6510304 ]
 [0.64506537 0.3549346 ]
 [0.34716693 0.6528331 ]
 [0.34898487 0.65101516]
 [0.34905845 0.65094155]
 [0.5548515  0.44514862]
 [0.34821722 0.6517828 ]
 [0.65103036 0.34896967]
 [0.34900597 0.65099394]
 [0.34766534 0.6523347 ]
 [0.43881714 0.56118286]
 [0.6528188  0.3471812 ]
 [0.6612863  0.33871368]
 [0.34716597 0.65283406]
 [0.6510024  0.3489976 ]
 [0.42812246 0.5718775 ]
 [0.65293366 0.34706634]
 [0.6510271  0.34897292]
 [0.34910998 0.65089   ]
 [0.35075313 0.6492468 ]
 [0.31691894 0.68308103]
 [0.6510275  0.34897253]
 [0.65282524 0.34717473]
 [0.40845883 0.5915412 ]
 [0.65283537 0.3471646 ]
 [0.6510261  0.34897384]
 [0.65104306 0.3489569 ]
 [0.652766   0.34723407]
 [0.6448216  0.3551784 ]
 [0.6349161  0.36508384]
 [0.32872972 0.67127025]
 [0.3468581  0.65314186]
 [0.6510262  0.34897384]
 [0.6510262  0.34897384]
 [0.6524381  0.3475619 ]
 [0.34898725 0.6510128 ]
 [0.6233188  0.3766812 ]
 [0.34897366 0.6510263 ]
 [0.3489733  0.6510267 ]
 [0.4970144  0.50298554]
 [0.6527814  0.3472186 ]
 [0.6528316  0.34716842]
 [0.34716842 0.6528316 ]
 [0.35048106 0.64951897]
 [0.6528316  0.34716836]
 [0.35523605 0.6447639 ]
 [0.34698108 0.65301895]
 [0.3493133  0.6506866 ]
 [0.34712884 0.65287113]
 [0.6510262  0.34897384]
 [0.6529129  0.34708714]
 [0.6527588  0.34724128]
 [0.34664187 0.65335816]
 [0.39079806 0.60920197]
 [0.34716222 0.6528378 ]
 [0.3682251  0.6317749 ]
 [0.6529178  0.34708226]
 [0.34711176 0.65288824]
 [0.32443887 0.6755612 ]
 [0.6510262  0.34897384]
 [0.3469948  0.6530052 ]
 [0.6510262  0.34897384]
 [0.6510262  0.34897384]
 [0.6675453  0.33245474]
 [0.65280914 0.3471909 ]
 [0.55347294 0.44652706]
 [0.55347294 0.44652706]
 [0.55347294 0.44652706]
 [0.5528043  0.44719574]
 [0.44719574 0.5528043 ]
 [0.55347294 0.44652706]
 [0.44719574 0.5528043 ]
 [0.5528043  0.44719574]
 [0.44719574 0.5528043 ]
 [0.55347294 0.44652706]
 [0.55347294 0.44652706]
 [0.44719574 0.5528043 ]
 [0.44652706 0.55347294]
 [0.5528043  0.44719574]
 [0.5528043  0.44719574]
 [0.5528043  0.44719574]
 [0.44652706 0.55347294]
 [0.5528043  0.44719574]
 [0.44652706 0.55347294]
 [0.44719574 0.5528043 ]
 [0.44652706 0.55347294]
 [0.5528043  0.44719574]
 [0.44719574 0.5528043 ]
 [0.44652706 0.55347294]
 [0.55347294 0.44652706]
 [0.44719574 0.5528043 ]
 [0.5528043  0.44719574]
 [0.44652706 0.55347294]
 [0.44652706 0.55347294]
 [0.55347294 0.44652706]
 [0.55347294 0.44652706]
 [0.5528043  0.44719574]
 [0.55347294 0.44652706]
 [0.55347294 0.44652706]
 [0.55347294 0.44652706]
 [0.5528043  0.44719574]
 [0.55347294 0.44652706]
 [0.44652706 0.55347294]
 [0.5528043  0.44719574]
 [0.44719574 0.5528043 ]
 [0.5528043  0.44719574]
 [0.5528043  0.44719574]
 [0.44652706 0.55347294]
 [0.55347294 0.44652706]
 [0.55347294 0.44652706]
 [0.5528043  0.44719574]
 [0.5528043  0.44719574]
 [0.5528043  0.44719574]
 [0.55347294 0.44652706]
 [0.5528043  0.44719574]
 [0.55347294 0.44652706]
 [0.44652706 0.55347294]
 [0.44719574 0.5528043 ]
 [0.44719574 0.5528043 ]
 [0.5528043  0.44719574]
 [0.44719574 0.5528043 ]
 [0.44652706 0.55347294]
 [0.55347294 0.44652706]
 [0.44652706 0.55347294]
 [0.5528043  0.44719574]
 [0.5528043  0.44719574]
 [0.5528043  0.44719574]
 [0.44652706 0.55347294]
 [0.44652706 0.55347294]
 [0.55347294 0.44652706]
 [0.44652706 0.55347294]
 [0.55347294 0.44652706]
 [0.5528043  0.44719574]
 [0.55347294 0.44652706]
 [0.55347294 0.44652706]
 [0.44719574 0.5528043 ]
 [0.55347294 0.44652706]
 [0.44652706 0.55347294]
 [0.5528043  0.44719574]
 [0.55347294 0.44652706]
 [0.55347294 0.44652706]
 [0.5528043  0.44719574]
 [0.44652706 0.55347294]
 [0.5528043  0.44719574]
 [0.44719574 0.5528043 ]
 [0.44652706 0.55347294]
 [0.44719574 0.5528043 ]
 [0.44652706 0.55347294]
 [0.44652706 0.55347294]
 [0.44719574 0.5528043 ]
 [0.5528043  0.44719574]
 [0.5528043  0.44719574]
 [0.55347294 0.44652706]
 [0.44719574 0.5528043 ]
 [0.44652706 0.55347294]
 [0.44652706 0.55347294]
 [0.44652706 0.55347294]
 [0.55347294 0.44652706]
 [0.44652706 0.55347294]
 [0.44719574 0.5528043 ]
 [0.55347294 0.44652706]
 [0.44719574 0.5528043 ]
 [0.44719574 0.5528043 ]]
✔️ Gating k-means converged after 1 iterations
✔️ Gating k-means converged after 1 iterations
✔️ Gating k-means converged after 1 iterations
✔️ Gating k-means converged after 1 iterations
✔️ Gating k-means converged after 1 iterations
01:17:23      Epoch:   0      Batch:   0      OuterStep:   1      LossModel: 12450.10058594     LossTerm2: 0.00000000     LossGates: 0.00000000      Time/Step(s): 1829.5224Contributing envs to the losses:  [324 162 308 367   4 281 412 185 419 305  18 225  36 342 390  37 155 173 443 227 229 392 337 378 403 210 280 148 163 384 455  29 120 189 242  47  41  52 206 247 259  51 340 397 353 211  96 187 406  20  22 193  75 195 456 327 239 106  58 188 387 466 216 154  23 224 167 347 374 320 352 591  21 273 343 322 321 313 297 170 453 271  94 328 372 220 361 107 405 250 217 365 803 470 213  44  92 311 480 199 473 494  34 156 558 543 485 512 530 514 589 525 478 492 588 532 520 544 556 522 564 585 567 487 536 489 484 574  10 755  64 620 733 818 768 724 681 141 228 730 615 792 630 739 616 613 670 782 787 701 746 634 751 712 791 683 716 821 638 820 738 604 607 619 667 722 647 772 786 673 801 691 783 652 760 830 729 802 826 622  83 191 602 734 515 828 728 836  31 720 870 936 771 495 929 854 887 859 852 901 944 900 103 903 918 490 856 700 942 560 244 274 153 743 719 927 932 736 451 260 552 774 748 640 675 945  49 603 890 475 884 867 119 641 873 646 230 876 577 915 939 784 413 785 360 819 841 798 806 557 633 554 249 267 694 618 295 838 749 427 139  66 445 911  42 442 645 461 503 813 747 923 145  69 301 922 523 695 765 521 880 710 840 708  93  80 773 817 240 930 109 878 366  70 197 866 386 778  56  95 517 501 717 175 524 659  85 742 777 582 611 207 781 814 654 203 881 624 499 639 261 898 268 581 414 709 594   9   8 672 794 551  27 509 625 668 938 497 510 686 580 843 847 632 723 762 839  19 449 823 779  32 714 735 702 356 534 335 914 917 407 877 756   3 758 752 568 665 910 593 941 653 146 642 416 349 831 531  98 676 849 420 925 590  65 916 759 444 314 288 609  74 837 351 744 906 459 354 891 649 401 135 824 637 257  87 598 310 329 350 693 682 533 266 848 685 827 931 171 651 766 458 516 547 679 660 705 857 825 166 236 711 123 245  14 776 215 493 502 663 570 537 610 526 666 565 684 940 147 380 868 687 780 364 438 606 562 121 689 235  88 137 761 151 919 218 885 411 796 341 807 692 892]
Gate kernel values: 
 [[-133.6651     132.20152  ]
 [  -2.3342972    2.022438 ]]
The factor: how much of the new gate kernel do I used ? [0.001]
Gate values for each environment (all envs): 
 [[0.7493272  0.25067276]
 [0.75656426 0.24343574]
 [0.7484985  0.25150153]
 [0.7561523  0.24384773]
 [0.27863395 0.72136605]
 [0.7495236  0.2504764 ]
 [0.24387433 0.7561257 ]
 [0.24414499 0.755855  ]
 [0.75722533 0.24277467]
 [0.75592524 0.24407476]
 [0.20544928 0.7945508 ]
 [0.24385256 0.7561475 ]
 [0.44068444 0.55931556]
 [0.24369726 0.7563028 ]
 [0.7561351  0.24386492]
 [0.7476477  0.25235227]
 [0.74933964 0.2506603 ]
 [0.7528774  0.24712259]
 [0.27319658 0.7268034 ]
 [0.7561525  0.24384746]
 [0.25060996 0.74939007]
 [0.25170004 0.74829996]
 [0.25074422 0.7492558 ]
 [0.25117663 0.74882334]
 [0.74933964 0.25066036]
 [0.242682   0.757318  ]
 [0.7493384  0.2506616 ]
 [0.75565326 0.24434671]
 [0.24371001 0.75628996]
 [0.25066325 0.7493367 ]
 [0.68472385 0.31527615]
 [0.37676433 0.6232357 ]
 [0.7553546  0.2446454 ]
 [0.24386144 0.75613856]
 [0.21502115 0.7849789 ]
 [0.7588793  0.24112062]
 [0.26718363 0.73281634]
 [0.2497175  0.7502825 ]
 [0.2970539  0.7029462 ]
 [0.74934065 0.25065938]
 [0.24387167 0.75612825]
 [0.2506603  0.74933964]
 [0.7411914  0.2588086 ]
 [0.794133   0.20586704]
 [0.2185974  0.7814025 ]
 [0.76822454 0.2317754 ]
 [0.6378835  0.3621165 ]
 [0.2506604  0.7493396 ]
 [0.74155617 0.2584438 ]
 [0.6261632  0.3738368 ]
 [0.24408342 0.75591666]
 [0.2506787  0.74932134]
 [0.2506603  0.74933964]
 [0.2427115  0.7572885 ]
 [0.7559932  0.24400677]
 [0.7560461  0.24395397]
 [0.7561897  0.24381034]
 [0.74900585 0.25099415]
 [0.25061542 0.7493846 ]
 [0.24385759 0.7561424 ]
 [0.24396369 0.75603634]
 [0.21365975 0.78634024]
 [0.7495012  0.25049877]
 [0.24397172 0.75602823]
 [0.38030377 0.61969626]
 [0.756108   0.24389204]
 [0.24514604 0.7548539 ]
 [0.7368645  0.26313546]
 [0.6463679  0.35363212]
 [0.75548446 0.24451554]
 [0.75354666 0.24645336]
 [0.24683298 0.753167  ]
 [0.1543     0.84569997]
 [0.2387099  0.7612901 ]
 [0.75613046 0.24386956]
 [0.25042975 0.7495702 ]
 [0.24386853 0.7561315 ]
 [0.7678536  0.23214637]
 [0.24386951 0.75613046]
 [0.22117136 0.7788286 ]
 [0.25134778 0.7486522 ]
 [0.7493397  0.25066027]
 [0.7493405  0.25065956]
 [0.24362022 0.7563798 ]
 [0.7563834  0.24361661]
 [0.24388541 0.75611466]
 [0.7491379  0.2508621 ]
 [0.75613064 0.24386936]
 [0.75612867 0.24387135]
 [0.19385378 0.80614626]
 [0.23958074 0.7604193 ]
 [0.7489518  0.25104818]
 [0.2500324  0.7499676 ]
 [0.75573057 0.24426945]
 [0.22776903 0.7722309 ]
 [0.7597611  0.24023893]
 [0.2506602  0.74933976]
 [0.7493243  0.25067565]
 [0.7560991  0.24390094]
 [0.27813685 0.72186315]
 [0.2450971  0.7549029 ]
 [0.24155018 0.7584498 ]
 [0.74922115 0.2507789 ]
 [0.20252043 0.79747957]
 [0.7493258  0.25067416]
 [0.7493129  0.2506871 ]
 [0.2503487  0.7496513 ]
 [0.24436535 0.7556346 ]
 [0.24414428 0.75585574]
 [0.7527048  0.24729523]
 [0.76282084 0.23717915]
 [0.24363734 0.7563627 ]
 [0.24050331 0.75949675]
 [0.7489494  0.25105062]
 [0.78323776 0.21676226]
 [0.24391058 0.75608945]
 [0.24405716 0.7559429 ]
 [0.24381565 0.7561844 ]
 [0.67925864 0.32074133]
 [0.26128286 0.7387172 ]
 [0.25055212 0.7494478 ]
 [0.75615525 0.24384473]
 [0.7691406  0.23085938]
 [0.7561328  0.24386719]
 [0.74945974 0.2505402 ]
 [0.7497291  0.2502709 ]
 [0.70094955 0.29905048]
 [0.7506411  0.24935889]
 [0.7715125  0.22848748]
 [0.24386576 0.7561343 ]
 [0.7488279  0.25117216]
 [0.77276295 0.22723702]
 [0.46710044 0.5328996 ]
 [0.14329247 0.8567076 ]
 [0.24390197 0.75609803]
 [0.756131   0.243869  ]
 [0.5725978  0.42740214]
 [0.7561306  0.2438694 ]
 [0.7493388  0.25066116]
 [0.7314221  0.26857787]
 [0.7494079  0.2505921 ]
 [0.36126298 0.6387371 ]
 [0.7561199  0.24388014]
 [0.24359167 0.75640833]
 [0.24387099 0.756129  ]
 [0.7548133  0.2451867 ]
 [0.75612104 0.243879  ]
 [0.75484383 0.24515623]
 [0.25065306 0.749347  ]
 [0.24386142 0.75613856]
 [0.74340016 0.2565999 ]
 [0.7562009  0.2437991 ]
 [0.2438718  0.7561282 ]
 [0.21720675 0.7827932 ]
 [0.25065148 0.7493486 ]
 [0.25138572 0.7486143 ]
 [0.3187961  0.6812039 ]
 [0.74982893 0.250171  ]
 [0.77947646 0.22052357]
 [0.7566909  0.24330908]
 [0.64799106 0.3520089 ]
 [0.24087194 0.75912803]
 [0.25298685 0.74701315]
 [0.25069454 0.7493054 ]
 [0.28135008 0.7186499 ]
 [0.6361779  0.3638221 ]
 [0.75612986 0.24387015]
 [0.24969392 0.75030607]
 [0.74933255 0.25066742]
 [0.25577956 0.74422044]
 [0.24684998 0.75315   ]
 [0.7561299  0.24387012]
 [0.75541633 0.24458368]
 [0.25125068 0.74874926]
 [0.1894882  0.81051177]
 [0.7521344  0.24786562]
 [0.22259012 0.7774099 ]
 [0.75581306 0.24418697]
 [0.75640285 0.24359715]
 [0.7493183  0.25068167]
 [0.74956363 0.2504363 ]
 [0.24616343 0.75383663]
 [0.74933964 0.25066036]
 [0.7493424  0.25065756]
 [0.7493498  0.2506502 ]
 [0.2519928  0.74800724]
 [0.76068544 0.23931454]
 [0.25065285 0.7493471 ]
 [0.24957235 0.7504277 ]
 [0.2506603  0.74933964]
 [0.24388787 0.7561121 ]
 [0.25555646 0.74444354]
 [0.2429779  0.7570221 ]
 [0.2506315  0.7493684 ]
 [0.33106056 0.6689394 ]
 [0.25060856 0.7493914 ]
 [0.59866923 0.40133074]
 [0.75185746 0.24814256]
 [0.7562102  0.24378978]
 [0.2485323  0.75146776]
 [0.24598376 0.7540162 ]
 [0.24386758 0.7561324 ]
 [0.23124331 0.76875675]
 [0.7556668  0.24433318]
 [0.24389474 0.75610524]
 [0.74083483 0.25916508]
 [0.2506602  0.74933976]
 [0.7531173  0.24688268]
 [0.24363175 0.7563683 ]
 [0.74930143 0.25069857]
 [0.25059578 0.7494042 ]
 [0.25058258 0.74941736]
 [0.25827205 0.74172795]
 [0.2226605  0.7773395 ]
 [0.75364226 0.24635775]
 [0.75613725 0.2438627 ]
 [0.25535512 0.7446449 ]
 [0.24222252 0.75777745]
 [0.7561145  0.24388552]
 [0.77741545 0.22258459]
 [0.24078923 0.75921077]
 [0.7544457  0.24555436]
 [0.748735   0.25126496]
 [0.7533143  0.24668567]
 [0.2509032  0.7490968 ]
 [0.2532439  0.74675614]
 [0.74934226 0.25065777]
 [0.25090173 0.7490983 ]
 [0.19139598 0.80860406]
 [0.25092277 0.7490772 ]
 [0.29373395 0.70626605]
 [0.7493408  0.2506592 ]
 [0.74943477 0.25056523]
 [0.7794996  0.22050041]
 [0.24485725 0.75514275]
 [0.7562919  0.24370803]
 [0.7561294  0.24387063]
 [0.75000936 0.24999066]
 [0.7559911  0.24400893]
 [0.25016955 0.7498304 ]
 [0.75526065 0.24473935]
 [0.75104254 0.2489575 ]
 [0.25066027 0.7493397 ]
 [0.24334346 0.7566566 ]
 [0.15039259 0.8496074 ]
 [0.7561295  0.24387056]
 [0.19485058 0.80514944]
 [0.25094306 0.74905694]
 [0.32320687 0.6767932 ]
 [0.70803213 0.29196793]
 [0.23925474 0.7607453 ]
 [0.7511753  0.2488247 ]
 [0.7496813  0.25031868]
 [0.7563188  0.24368119]
 [0.24386635 0.7561337 ]
 [0.74953175 0.25046828]
 [0.50083464 0.4991653 ]
 [0.7561314  0.24386856]
 [0.24400607 0.75599396]
 [0.25066012 0.7493399 ]
 [0.47353697 0.5264631 ]
 [0.756332   0.24366808]
 [0.75612867 0.24387135]
 [0.74933964 0.25066036]
 [0.7396291  0.26037097]
 [0.7492828  0.25071722]
 [0.7561319  0.24386813]
 [0.712008   0.28799197]
 [0.75493246 0.2450675 ]
 [0.19511047 0.80488956]
 [0.7564977  0.24350236]
 [0.2505627  0.74943733]
 [0.71140045 0.28859952]
 [0.25197503 0.748025  ]
 [0.26480988 0.73519015]
 [0.42464817 0.5753518 ]
 [0.755221   0.24477907]
 [0.7528076  0.2471924 ]
 [0.74867064 0.2513294 ]
 [0.24388227 0.75611776]
 [0.2506936  0.7493064 ]
 [0.25826052 0.7417395 ]
 [0.17364487 0.82635516]
 [0.24386896 0.75613105]
 [0.7493428  0.25065717]
 [0.75558037 0.24441962]
 [0.73913896 0.260861  ]
 [0.3542965  0.6457035 ]
 [0.7561555  0.24384457]
 [0.78561306 0.21438695]
 [0.24413767 0.7558623 ]
 [0.24386872 0.7561313 ]
 [0.24371213 0.7562879 ]
 [0.7570506  0.2429494 ]
 [0.2437895  0.75621057]
 [0.24312863 0.75687134]
 [0.8014598  0.1985402 ]
 [0.24543288 0.75456715]
 [0.2405078  0.7594922 ]
 [0.7564275  0.24357246]
 [0.7499186  0.2500814 ]
 [0.7055063  0.2944937 ]
 [0.23743485 0.7625651 ]
 [0.75514394 0.24485606]
 [0.24242112 0.75757885]
 [0.2579434  0.7420566 ]
 [0.21270294 0.78729707]
 [0.37478814 0.62521183]
 [0.2679064  0.7320936 ]
 [0.15035473 0.84964526]
 [0.75613004 0.24386992]
 [0.21339472 0.78660524]
 [0.23618379 0.76381624]
 [0.2504908  0.74950916]
 [0.7561012  0.24389881]
 [0.749886   0.25011402]
 [0.24941485 0.75058514]
 [0.24422854 0.75577146]
 [0.39168882 0.6083111 ]
 [0.74923587 0.2507642 ]
 [0.24285582 0.7571442 ]
 [0.24632797 0.75367206]
 [0.25074705 0.7492529 ]
 [0.22835177 0.7716482 ]
 [0.2430784  0.7569216 ]
 [0.7508459  0.24915414]
 [0.7493335  0.2506665 ]
 [0.25062078 0.7493792 ]
 [0.24518101 0.754819  ]
 [0.75615764 0.24384233]
 [0.75624704 0.24375296]
 [0.7745609  0.22543912]
 [0.39768562 0.6023145 ]
 [0.65494615 0.3450538 ]
 [0.74933994 0.2506601 ]
 [0.7590902  0.2409098 ]
 [0.7491873  0.25081268]
 [0.25065517 0.7493448 ]
 [0.7562983  0.24370167]
 [0.37845898 0.62154096]
 [0.25064826 0.7493517 ]
 [0.7561105  0.24388954]
 [0.24872948 0.7512705 ]
 [0.25055805 0.7494419 ]
 [0.73708284 0.26291713]
 [0.8184201  0.18157995]
 [0.73610944 0.26389056]
 [0.2506436  0.7493563 ]
 [0.24411918 0.75588083]
 [0.75599456 0.24400543]
 [0.7561306  0.24386945]
 [0.75612366 0.24387637]
 [0.26946175 0.7305382 ]
 [0.25065926 0.7493407 ]
 [0.7561318  0.24386817]
 [0.75221753 0.24778245]
 [0.75596666 0.24403332]
 [0.3286893  0.67131066]
 [0.74933964 0.25066036]
 [0.78833115 0.21166882]
 [0.65391904 0.34608102]
 [0.24027932 0.7597207 ]
 [0.7496098  0.25039014]
 [0.7493577  0.25064224]
 [0.75612944 0.2438706 ]
 [0.26047024 0.73952985]
 [0.7159015  0.28409854]
 [0.26071987 0.7392802 ]
 [0.2442192  0.75578076]
 [0.24323028 0.7567698 ]
 [0.24387325 0.75612676]
 [0.75613034 0.24386972]
 [0.24784508 0.75215495]
 [0.19984518 0.80015486]
 [0.2508926  0.74910736]
 [0.74933964 0.2506603 ]
 [0.7492758  0.2507242 ]
 [0.7493403  0.25065967]
 [0.250728   0.749272  ]
 [0.24259533 0.7574046 ]
 [0.75612956 0.24387045]
 [0.7397256  0.2602744 ]
 [0.24373135 0.7562687 ]
 [0.7611361  0.23886389]
 [0.25079495 0.74920505]
 [0.24629307 0.75370693]
 [0.75665843 0.24334157]
 [0.24922149 0.75077856]
 [0.7552692  0.24473068]
 [0.74933994 0.2506601 ]
 [0.25136283 0.74863714]
 [0.2686627  0.7313373 ]
 [0.25036156 0.74963844]
 [0.7493339  0.2506661 ]
 [0.74972516 0.25027484]
 [0.24375437 0.7562457 ]
 [0.24386878 0.75613123]
 [0.25065506 0.74934494]
 [0.723475   0.276525  ]
 [0.76504904 0.23495093]
 [0.24501826 0.7549817 ]
 [0.7561285  0.24387151]
 [0.7493715  0.25062847]
 [0.25077802 0.7492219 ]
 [0.7561757  0.24382429]
 [0.26468593 0.735314  ]
 [0.25053728 0.7494627 ]
 [0.75588524 0.24411479]
 [0.7564814  0.2435186 ]
 [0.74931484 0.25068516]
 [0.24388222 0.75611776]
 [0.7561014  0.24389854]
 [0.26063532 0.7393646 ]
 [0.6879294  0.3120706 ]
 [0.7575099  0.2424901 ]
 [0.24386783 0.7561322 ]
 [0.75589734 0.24410266]
 [0.2418299  0.7581701 ]
 [0.24379708 0.75620294]
 [0.2511777  0.7488223 ]
 [0.75609535 0.24390467]
 [0.7572846  0.24271545]
 [0.761057   0.23894301]
 [0.23376252 0.7662375 ]
 [0.24445099 0.755549  ]
 [0.24446358 0.7555364 ]
 [0.24391998 0.75608003]
 [0.722164   0.27783608]
 [0.264968   0.735032  ]
 [0.20093407 0.79906595]
 [0.757901   0.24209894]
 [0.20720626 0.79279375]
 [0.7560766  0.24392344]
 [0.74866706 0.25133297]
 [0.7330505  0.26694947]
 [0.25176546 0.7482345 ]
 [0.38010612 0.61989385]
 [0.24337772 0.7566223 ]
 [0.7561187  0.24388129]
 [0.7748655  0.2251345 ]
 [0.8087758  0.19122416]
 [0.7580308  0.24196924]
 [0.687322   0.31267795]
 [0.25039712 0.74960285]
 [0.75611794 0.24388212]
 [0.62424415 0.37575585]
 [0.7498891  0.25011092]
 [0.3792001  0.6207999 ]
 [0.7494673  0.25053266]
 [0.7550626  0.24493745]
 [0.7530881  0.24691182]
 [0.6377383  0.36226174]
 [0.74930453 0.25069547]
 [0.24608736 0.7539126 ]
 [0.7498098  0.25019023]
 [0.25065368 0.74934626]
 [0.25053185 0.74946815]
 [0.2444982  0.75550175]
 [0.7561308  0.24386925]
 [0.75613415 0.24386589]
 [0.75640136 0.2435987 ]
 [0.7474119  0.25258812]
 [0.3104644  0.6895356 ]
 [0.7500804  0.24991962]
 [0.7857301  0.2142699 ]
 [0.7545259  0.24547412]
 [0.25050932 0.7494906 ]
 [0.24386837 0.7561316 ]
 [0.24380258 0.7561974 ]
 [0.24368888 0.7563111 ]
 [0.32191387 0.67808616]
 [0.7544104  0.24558966]
 [0.7493397  0.25066027]
 [0.27847156 0.7215285 ]
 [0.71621096 0.283789  ]
 [0.6585393  0.34146065]
 [0.7832543  0.21674567]
 [0.7219986  0.27800143]
 [0.283776   0.7162241 ]
 [0.72122484 0.27877513]
 [0.2822332  0.7177668 ]
 [0.27632216 0.7236778 ]
 [0.72297996 0.27702004]
 [0.7266741  0.2733259 ]
 [0.28481832 0.7151817 ]
 [0.28316912 0.71683097]
 [0.27766466 0.72233534]
 [0.28368303 0.716317  ]
 [0.7317351  0.26826483]
 [0.29098952 0.7090105 ]
 [0.21495782 0.7850422 ]
 [0.7161641  0.28383586]
 [0.28381008 0.7161899 ]
 [0.72243947 0.27756056]
 [0.28136936 0.7186307 ]
 [0.34962472 0.6503753 ]
 [0.27762374 0.7223763 ]
 [0.72166276 0.27833724]
 [0.71825093 0.281749  ]
 [0.7645402  0.23545985]
 [0.7192298  0.28077018]
 [0.2785467  0.7214533 ]
 [0.72243863 0.27756137]
 [0.2731449  0.72685504]
 [0.4491433  0.5508567 ]
 [0.7161746  0.28382543]
 [0.7161732  0.28382686]
 [0.7162088  0.28379118]
 [0.27754164 0.72245836]
 [0.27691436 0.7230856 ]
 [0.7335813  0.26641867]
 [0.71626776 0.28373224]
 [0.28389776 0.71610224]
 [0.27793074 0.72206926]
 [0.28383553 0.71616447]
 [0.41058323 0.5894168 ]
 [0.27756298 0.722437  ]
 [0.27277753 0.7272225 ]
 [0.28184843 0.71815157]
 [0.40323064 0.5967694 ]
 [0.28379145 0.7162085 ]
 [0.7195135  0.28048652]
 [0.28371373 0.71628624]
 [0.71242386 0.2875761 ]
 [0.27389982 0.7261002 ]
 [0.28379095 0.71620905]
 [0.2775728  0.7224272 ]
 [0.7273253  0.27267465]
 [0.6382168  0.36178324]
 [0.7243489  0.2756511 ]
 [0.28397614 0.7160239 ]
 [0.7224577  0.27754235]
 [0.28378928 0.7162107 ]
 [0.7224378  0.27756217]
 [0.277384   0.72261596]
 [0.7304657  0.26953438]
 [0.2852615  0.7147385 ]
 [0.7224346  0.27756542]
 [0.28555298 0.714447  ]
 [0.7163975  0.2836025 ]
 [0.71320385 0.2867962 ]
 [0.7162146  0.28378543]
 [0.71622896 0.28377104]
 [0.28370753 0.7162925 ]
 [0.28380075 0.7161993 ]
 [0.7163018  0.28369823]
 [0.672987   0.32701305]
 [0.2775619  0.7224381 ]
 [0.7288659  0.27113414]
 [0.716214   0.28378594]
 [0.72971874 0.27028126]
 [0.7225823  0.2774177 ]
 [0.589782   0.41021806]
 [0.72195506 0.27804494]
 [0.70581734 0.29418263]
 [0.7157488  0.28425118]
 [0.28376028 0.7162397 ]
 [0.24076477 0.75923526]
 [0.28257802 0.717422  ]
 [0.7136609  0.28633907]
 [0.29412705 0.70587295]
 [0.7504879  0.24951208]
 [0.7224349  0.27756512]
 [0.7217222  0.2782778 ]
 [0.2838345  0.71616554]
 [0.7224387  0.2775613 ]
 [0.71597755 0.28402242]
 [0.28379786 0.71620214]
 [0.7222941  0.27770594]
 [0.28117612 0.7188239 ]
 [0.72244054 0.27755943]
 [0.71991956 0.2800804 ]
 [0.7062386  0.2937614 ]
 [0.72306454 0.27693543]
 [0.30333626 0.69666374]
 [0.27071655 0.7292835 ]
 [0.78821397 0.211786  ]
 [0.456942   0.54305804]
 [0.71238184 0.2876182 ]
 [0.7173692  0.28263086]
 [0.2769592  0.7230408 ]
 [0.27652523 0.7234748 ]
 [0.22233023 0.7776698 ]
 [0.71625835 0.28374165]
 [0.28272024 0.7172798 ]
 [0.28384912 0.71615094]
 [0.6616357  0.33836424]
 [0.7647684  0.2352316 ]
 [0.28378877 0.7162112 ]
 [0.28375912 0.71624094]
 [0.27752367 0.72247636]
 [0.254929   0.74507093]
 [0.74730295 0.25269705]
 [0.7216954  0.27830458]
 [0.27698135 0.7230186 ]
 [0.701592   0.29840797]
 [0.6924929  0.3075072 ]
 [0.69253653 0.30746347]
 [0.30173776 0.6982622 ]
 [0.69253135 0.30746862]
 [0.30294633 0.6970537 ]
 [0.30087188 0.69912815]
 [0.3259015  0.67409843]
 [0.35455754 0.6454425 ]
 [0.30743986 0.6925602 ]
 [0.6622665  0.33773357]
 [0.6983121  0.3016879 ]
 [0.3074845  0.6925155 ]
 [0.7242347  0.2757653 ]
 [0.3017329  0.6982671 ]
 [0.3017474  0.6982526 ]
 [0.28882515 0.7111749 ]
 [0.30161837 0.6983816 ]
 [0.30732098 0.692679  ]
 [0.7017949  0.2982051 ]
 [0.30580685 0.6941932 ]
 [0.30222645 0.6977735 ]
 [0.69777924 0.30222073]
 [0.25850627 0.7414937 ]
 [0.3074769  0.6925231 ]
 [0.3073242  0.6926758 ]
 [0.6936144  0.30638564]
 [0.33298397 0.6670161 ]
 [0.33974415 0.66025585]
 [0.30414215 0.6958578 ]
 [0.6977412  0.30225876]
 [0.37619594 0.6238041 ]
 [0.38634476 0.6136552 ]
 [0.47947255 0.5205274 ]
 [0.30161986 0.6983802 ]
 [0.3035946  0.69640535]
 [0.69821244 0.30178759]
 [0.300868   0.69913197]
 [0.654135   0.34586504]
 [0.3073521  0.6926479 ]
 [0.30141908 0.6985809 ]
 [0.68651754 0.31348243]
 [0.69826114 0.30173883]
 [0.30746907 0.69253093]
 [0.3071705  0.69282955]
 [0.42640334 0.5735966 ]
 [0.5968482  0.4031518 ]
 [0.30167645 0.6983236 ]
 [0.7000743  0.29992574]
 [0.3017775  0.69822246]
 [0.74313605 0.25686398]
 [0.5464698  0.45353013]
 [0.3076331  0.6923669 ]
 [0.692041   0.30795902]
 [0.3016634  0.6983366 ]
 [0.69252586 0.30747414]
 [0.6982615  0.30173847]
 [0.3077678  0.6922322 ]
 [0.6982538  0.30174616]
 [0.6939737  0.30602625]
 [0.7560203  0.24397966]
 [0.709416   0.290584  ]
 [0.6924056  0.3075944 ]
 [0.69455445 0.3054456 ]
 [0.69393325 0.30606672]
 [0.3017386  0.6982614 ]
 [0.24942543 0.7505745 ]
 [0.69253093 0.307469  ]
 [0.30175328 0.69824666]
 [0.6974026  0.3025974 ]
 [0.30167198 0.698328  ]
 [0.30171293 0.698287  ]
 [0.30746815 0.6925319 ]
 [0.267016   0.73298407]
 [0.41924477 0.5807553 ]
 [0.3361427  0.6638574 ]
 [0.6784881  0.32151198]
 [0.6982241  0.30177587]
 [0.30795625 0.6920437 ]
 [0.69741327 0.30258673]
 [0.27626374 0.7237362 ]
 [0.3017136  0.6982864 ]
 [0.6956787  0.30432132]
 [0.7171863  0.28281367]
 [0.30173862 0.6982614 ]
 [0.6931194  0.3068806 ]
 [0.29398528 0.70601475]
 [0.6982614  0.3017386 ]
 [0.30740628 0.69259375]
 [0.30174294 0.6982571 ]
 [0.6982599  0.30174017]
 [0.30177993 0.6982201 ]
 [0.30176356 0.6982364 ]
 [0.6925179  0.30748218]
 [0.3017818  0.6982182 ]
 [0.7718465  0.22815354]
 [0.30745876 0.69254124]
 [0.3017426  0.6982574 ]
 [0.30173796 0.698262  ]
 [0.30582994 0.6941701 ]
 [0.3024319  0.6975681 ]
 [0.69493896 0.30506107]
 [0.69179463 0.3082054 ]
 [0.6314816  0.3685184 ]
 [0.7009721  0.2990279 ]
 [0.5555082  0.44449183]
 [0.3067733  0.69322664]
 [0.69914156 0.3008585 ]
 [0.30242485 0.69757515]
 [0.6953801  0.3046199 ]
 [0.6982612  0.3017388 ]
 [0.6768935  0.32310653]
 [0.6982665  0.30173343]
 [0.31589925 0.68410075]
 [0.6987235  0.30127653]
 [0.69149834 0.30850175]
 [0.69826066 0.30173934]
 [0.3074876  0.6925124 ]
 [0.69752854 0.30247146]
 [0.30162877 0.6983712 ]
 [0.68992275 0.31007728]
 [0.30745456 0.6925454 ]
 [0.69789207 0.30210796]
 [0.6925869  0.30741316]
 [0.5696143  0.43038574]
 [0.27133575 0.72866434]
 [0.69278574 0.30721426]
 [0.30750763 0.69249237]
 [0.69822747 0.3017726 ]
 [0.28913966 0.7108603 ]
 [0.344639   0.65536106]
 [0.6985475  0.3014525 ]
 [0.29773796 0.702262  ]
 [0.24201548 0.7579845 ]
 [0.30819342 0.6918066 ]
 [0.3060305  0.6939695 ]
 [0.3307039  0.6692961 ]
 [0.68218917 0.31781083]
 [0.28144065 0.7185594 ]
 [0.323385   0.676615  ]
 [0.30213305 0.697867  ]
 [0.28134227 0.71865773]
 [0.69253147 0.3074685 ]
 [0.30746865 0.6925313 ]
 [0.30727765 0.69272244]
 [0.6995932  0.3004068 ]
 [0.71791077 0.28208923]
 [0.29894358 0.7010564 ]
 [0.30384043 0.6961596 ]
 [0.3014378  0.69856226]
 [0.6933472  0.30665278]
 [0.30713004 0.6928699 ]
 [0.7198683  0.28013167]
 [0.6673235  0.33267644]
 [0.69461936 0.30538067]
 [0.68687767 0.31312233]
 [0.3059624  0.6940377 ]
 [0.6981904  0.30180964]
 [0.7101234  0.28987652]
 [0.69793886 0.30206114]
 [0.34464672 0.65535325]
 [0.3013866  0.6986134 ]
 [0.34805575 0.6519442 ]
 [0.6980061  0.30199388]
 [0.30172193 0.698278  ]
 [0.30690676 0.69309324]
 [0.30177537 0.6982246 ]
 [0.69814193 0.30185813]
 [0.7025277  0.2974723 ]
 [0.692552   0.30744797]
 [0.30407014 0.6959299 ]
 [0.6982615  0.30173853]
 [0.6988636  0.3011363 ]
 [0.29009512 0.70990485]
 [0.6982319  0.3017681 ]
 [0.69782776 0.30217218]
 [0.34689113 0.65310895]
 [0.30765942 0.69234055]
 [0.70077467 0.29922533]
 [0.4094635  0.5905364 ]
 [0.6987278  0.30127218]
 [0.30153587 0.69846404]
 [0.6969782  0.30302176]
 [0.28178176 0.7182182 ]
 [0.7022231  0.29777685]
 [0.6982616  0.30173832]
 [0.3005022  0.69949776]
 [0.30576345 0.69423664]
 [0.30850077 0.6914993 ]
 [0.67676747 0.32323253]
 [0.3044741  0.69552594]
 [0.30771428 0.6922857 ]
 [0.33791566 0.6620843 ]
 [0.6752149  0.32478508]
 [0.30284202 0.6971579 ]
 [0.69251716 0.30748284]
 [0.30771157 0.69228846]
 [0.30359122 0.6964088 ]
 [0.4649621  0.535038  ]
 [0.69840646 0.30159354]
 [0.5195901  0.48040998]
 [0.30175668 0.69824326]
 [0.6942432  0.3057569 ]
 [0.4458775  0.5541226 ]
 [0.699667   0.30033305]
 [0.6925528  0.30744722]
 [0.30775094 0.6922491 ]
 [0.31582257 0.68417746]
 [0.21571413 0.7842859 ]
 [0.69252867 0.30747133]
 [0.69956064 0.3004393 ]
 [0.42942098 0.57057905]
 [0.6983399  0.30166015]
 [0.6793017  0.32069838]
 [0.69253343 0.30746663]
 [0.7012867  0.29871336]
 [0.67499673 0.3250032 ]
 [0.6451179  0.35488218]
 [0.28602016 0.7139799 ]
 [0.3013803  0.69861966]
 [0.6922848  0.30771524]
 [0.6925132  0.3074868 ]
 [0.5225156  0.4774845 ]
 [0.31063247 0.68936753]
 [0.63657624 0.36342373]
 [0.30746874 0.6925312 ]
 [0.3074695  0.6925305 ]
 [0.51105875 0.48894125]
 [0.69769126 0.30230874]
 [0.6982611  0.30173886]
 [0.30185074 0.6981492 ]
 [0.35995954 0.64004046]
 [0.69826144 0.30173853]
 [0.42521188 0.5747881 ]
 [0.30123284 0.6987672 ]
 [0.31203923 0.6879608 ]
 [0.30162486 0.69837517]
 [0.6925097  0.30749038]
 [0.7016437  0.2983563 ]
 [0.6993439  0.30065605]
 [0.30226517 0.69773483]
 [0.43503505 0.56496495]
 [0.30173144 0.69826853]
 [0.4900225  0.5099775 ]
 [0.6976146  0.30238536]
 [0.30376473 0.6962352 ]
 [0.24536577 0.75463426]
 [0.6925328  0.3074672 ]
 [0.30151603 0.69848394]
 [0.56511414 0.4348859 ]
 [0.692036   0.3079641 ]
 [0.7808809  0.21911904]
 [0.69822013 0.30177984]
 [0.65644896 0.343551  ]
 [0.655196   0.34480396]
 [0.65694034 0.3430596 ]
 [0.6497887  0.3502113 ]
 [0.3482745  0.65172553]
 [0.6579933  0.34200674]
 [0.34800094 0.65199906]
 [0.65279806 0.34720194]
 [0.40390205 0.5960979 ]
 [0.6564543  0.34354562]
 [0.579649   0.42035106]
 [0.34827322 0.65172684]
 [0.34342903 0.656571  ]
 [0.6517555  0.34824452]
 [0.6815937  0.31840625]
 [0.65156174 0.34843823]
 [0.3427419  0.65725803]
 [0.43030313 0.56969684]
 [0.3417295  0.6582705 ]
 [0.60162663 0.3983734 ]
 [0.34355742 0.6564426 ]
 [0.65175015 0.34824994]
 [0.3446586  0.65534145]
 [0.50344217 0.49655786]
 [0.6499194  0.3500806 ]
 [0.32493532 0.67506474]
 [0.6528581  0.34714192]
 [0.343879   0.656121  ]
 [0.30417684 0.6958232 ]
 [0.65642476 0.34357527]
 [0.65682685 0.34317315]
 [0.65172166 0.34827837]
 [0.64709336 0.35290655]
 [0.6560574  0.34394258]
 [0.65874285 0.3412572 ]
 [0.6765169  0.32348308]
 [0.53826857 0.46173146]
 [0.3436487  0.65635127]
 [0.6523616  0.3476384 ]
 [0.34827414 0.6517258 ]
 [0.64845335 0.35154667]
 [0.6816555  0.3183444 ]
 [0.29843146 0.70156854]
 [0.6564448  0.34355524]
 [0.6564474  0.3435525 ]
 [0.65158683 0.34841326]
 [0.6516182  0.34838182]
 [0.6512303  0.34876975]
 [0.666548   0.33345205]
 [0.6517441  0.34825584]
 [0.6579575  0.34204248]
 [0.3436665  0.65633345]
 [0.34816608 0.651834  ]
 [0.3482782  0.6517219 ]
 [0.65173656 0.3482635 ]
 [0.38476273 0.6152373 ]
 [0.3518109  0.64818907]
 [0.6596505  0.34034944]
 [0.3435434  0.6564566 ]
 [0.6682123  0.33178774]
 [0.6519377  0.34806225]
 [0.6522212  0.34777886]
 [0.3431355  0.65686446]
 [0.40436214 0.59563786]
 [0.6610756  0.33892438]
 [0.30135077 0.69864917]
 [0.6564541  0.34354594]
 [0.47299936 0.5270006 ]
 [0.65645105 0.343549  ]
 [0.65632975 0.34367025]
 [0.35390648 0.6460935 ]
 [0.6564415  0.34355852]
 [0.3437979  0.6562021 ]
 [0.65365523 0.34634477]
 [0.65677184 0.34322813]
 [0.6805351  0.31946495]
 [0.6516945  0.34830552]
 [0.34354272 0.6564573 ]
 [0.6484904  0.3515096 ]
 [0.43432567 0.56567436]
 [0.34431142 0.65568864]
 [0.3482359  0.6517641 ]
 [0.3448431  0.6551569 ]
 [0.34355044 0.6564496 ]
 [0.44722536 0.5527746 ]
 [0.65164936 0.34835067]
 [0.65219516 0.3478049 ]
 [0.65582556 0.3441745 ]
 [0.3366734  0.6633267 ]
 [0.38642272 0.6135772 ]
 [0.34336022 0.65663975]
 [0.35562372 0.6443763 ]
 [0.6564572  0.34354275]
 [0.34366006 0.6563399 ]
 [0.34143054 0.6585695 ]
 [0.6047427  0.3952573 ]
 [0.3482791  0.6517209 ]
 [0.3486637  0.6513363 ]]
/home/gb21553/miniconda3/envs/jax/lib/python3.12/multiprocessing/popen_fork.py:66: RuntimeWarning: os.fork() was called. os.fork() is incompatible with multithreaded code, and JAX is multithreaded, so this will likely lead to a deadlock.
  self.pid = os.fork()
        Validation Criterion: 7715.38085938
        Saving best model so far ...
✔️ Gating k-means converged after 1 iterations
✔️ Gating k-means converged after 1 iterations
✔️ Gating k-means converged after 1 iterations
✔️ Gating k-means converged after 1 iterations
✔️ Gating k-means converged after 1 iterations
01:52:00      Epoch:   0      Batch:   0      OuterStep:   2      LossModel: 11956.72265625     LossTerm2: 0.00000000     LossGates: 0.00000000      Time/Step(s): 1810.6548Contributing envs to the losses:  [754 758 769 839 823 807 705 637 685 766 651 827 682 824 780 711 770 653 606 752 834 847 726 631 723 775 762 672 707 794 740 664 799 617 713 709 699 702 777 674 767 833 810 717 805 654 710 763 779 773 479 850 335 553 656 477 366 625 753 482 497 568 878 573 521 533 493 562 537 565 502 531 551 535 523 570 548 923 550 922 898 749 593 554 905 166 916 857 891 940 848 919 892 877 177 917 249 935 741 427  42 262 912  35 849 853 303   1 561 882 445 880  93 413  77  84 659 881 139 784 175 867 510  70 147 388 197 207 633 449  32 159 475 109  54 416 299 432 356 460 407  27 178 349 146 338 128 341   9 314  98 420  65 137  88 380 257 438 354 364 171  87 401 245 236 350 458 310 123 135 266  14  74 330 459 288 444 121 151 329 351 218 383   3 268 371 215 235 293 198 238 203  19 253 411 430 301 270 261 131 186 422 145  56 441 240 267 747 386 142 896   8 399 414 719 461  95 122 641 360 408  69  67 160 811 645 464 552 331  49 451 914 499 819 655 592 442 158 846 872 421 434 646  68 126 748  55 233 260 219  46 576 838 836 118 439 296 333 884 515 858 828 700 826 670  64 470 698 381 856 812 614 359 903 862 830 927 755 932 622  31 943 883 802 921 874 918 787 602 908 797 887 861 869 934 902 783 894 897 929 926 879 852 859 901 933 924 621 652 815 790 772 801 863 893 786 791 854 737 800 647 691 596 809 597 832 688 599 804 842 662 650 722 746 764 673 607 821 900 718 604 638 820 738 667 716 683 619 697 657 886 634 701 529 751 855 734 729 760 851 613 712 495 739 141 782 845 745 792 888 721 895 658 677 788 630 704 944 909 615 942 680 616 476 498 264  30 572 798 595 907 620 732 936 915 818 671 724 352 577 559 706 681 540 574 563 500 696 536 132 816 487 484 555 489 750 505 585 542 491 541 474 507 566 583 549 567 564 511 544 478 520 532 588 556 525 589 506 492 530 522 512 514 545 539 768 485 715 543 558 678 156 527 643 571 733 608 494 579 546 648 483 528 199 405  92 586 480 817 107 640 346 605]
Gate kernel values: 
 [[ 108.49491   -110.46303  ]
 [   3.0705833   -1.4547462]]
The factor: how much of the new gate kernel do I used ? [0.001]
Gate values for each environment (all envs): 
 [[0.25987282 0.74012715]
 [0.2507101  0.74928993]
 [0.2606208  0.73937917]
 [0.2514258  0.7485742 ]
 [0.6802572  0.3197428 ]
 [0.2596772  0.74032277]
 [0.7485292  0.2514708 ]
 [0.74813426 0.25186568]
 [0.24688658 0.7531134 ]
 [0.2545792  0.7454208 ]
 [0.7949638  0.20503622]
 [0.7485591  0.25144082]
 [0.5379532  0.4620467 ]
 [0.7490507  0.2509493 ]
 [0.25145185 0.74854815]
 [0.26328874 0.7367112 ]
 [0.25986663 0.74013335]
 [0.2067395  0.7932605 ]
 [0.71504647 0.28495356]
 [0.2513733  0.7486267 ]
 [0.740189   0.25981095]
 [0.7390149  0.26098508]
 [0.74010396 0.25989604]
 [0.7396638  0.26033622]
 [0.25986677 0.7401332 ]
 [0.7498891  0.25011092]
 [0.2598711  0.74012893]
 [0.25225058 0.7477494 ]
 [0.7482164  0.25178358]
 [0.74013686 0.25986308]
 [0.32171527 0.67828476]
 [0.61884516 0.38115484]
 [0.25376663 0.7462334 ]
 [0.7485503  0.2514497 ]
 [0.7702966  0.22970341]
 [0.26651677 0.7334832 ]
 [0.7197914  0.28020862]
 [0.7414711  0.2585289 ]
 [0.6782593  0.32174075]
 [0.25986338 0.7401366 ]
 [0.7485365  0.25146344]
 [0.7401332  0.25986677]
 [0.29965898 0.70034105]
 [0.21112363 0.7888763 ]
 [0.79062414 0.2093758 ]
 [0.24037977 0.75962025]
 [0.49286053 0.5071395 ]
 [0.74013317 0.25986683]
 [0.26857066 0.73142934]
 [0.45520243 0.54479754]
 [0.74834836 0.25165161]
 [0.7401144  0.2598855 ]
 [0.7401333  0.25986668]
 [0.75053126 0.24946876]
 [0.25170577 0.74829423]
 [0.193359   0.806641  ]
 [0.2513395  0.7486605 ]
 [0.26018912 0.73981094]
 [0.74022233 0.25977767]
 [0.7485513  0.25144872]
 [0.7488855  0.25111455]
 [0.7776379  0.22236206]
 [0.25965595 0.7403441 ]
 [0.7482552  0.25174478]
 [0.5397748  0.46022525]
 [0.25153044 0.74846965]
 [0.7468273  0.25317264]
 [0.27300206 0.7269979 ]
 [0.42529723 0.5747028 ]
 [0.24809286 0.7519071 ]
 [0.25139472 0.74860525]
 [0.74583906 0.25416088]
 [0.8491059  0.15089409]
 [0.7542847  0.24571538]
 [0.25146186 0.74853814]
 [0.740559   0.25944105]
 [0.74854034 0.25145966]
 [0.23692983 0.76307017]
 [0.7485391  0.25146088]
 [0.7970223  0.20297769]
 [0.74058217 0.25941774]
 [0.25987083 0.7401292 ]
 [0.25986588 0.74013406]
 [0.75203043 0.24796961]
 [0.24768303 0.75231695]
 [0.74989885 0.25010112]
 [0.26007232 0.7399277 ]
 [0.25145873 0.7485413 ]
 [0.25146595 0.7485341 ]
 [0.80501103 0.19498889]
 [0.7521478  0.24785224]
 [0.26046872 0.73953134]
 [0.74150604 0.258494  ]
 [0.2486407  0.7513593 ]
 [0.8053408  0.19465914]
 [0.24607027 0.75392973]
 [0.7401332  0.2598667 ]
 [0.25988492 0.74011505]
 [0.25153494 0.74846506]
 [0.7087734  0.29122663]
 [0.7472622  0.25273785]
 [0.7538747  0.2461253 ]
 [0.25997746 0.7400225 ]
 [0.7897274  0.21027254]
 [0.25980735 0.74019265]
 [0.25989342 0.7401066 ]
 [0.7404358  0.25956422]
 [0.7330263  0.26697364]
 [0.7476803  0.25231972]
 [0.25655982 0.7434402 ]
 [0.22443143 0.7755686 ]
 [0.74879587 0.25120416]
 [0.75411373 0.24588628]
 [0.25937998 0.74061996]
 [0.21513027 0.7848698 ]
 [0.74843645 0.2515636 ]
 [0.7482443  0.25175568]
 [0.7486158  0.25138414]
 [0.31169128 0.6883087 ]
 [0.72704965 0.27295032]
 [0.74054796 0.25945202]
 [0.25142428 0.7485757 ]
 [0.23467211 0.7653279 ]
 [0.25145456 0.7485454 ]
 [0.25993747 0.7400626 ]
 [0.25935152 0.74064845]
 [0.21214868 0.7878513 ]
 [0.26618865 0.7338114 ]
 [0.23843932 0.7615606 ]
 [0.74854374 0.2514562 ]
 [0.2604748  0.73952526]
 [0.2735622  0.72643787]
 [0.5337367  0.4662633 ]
 [0.8638863  0.13611369]
 [0.74846894 0.2515311 ]
 [0.25145972 0.7485403 ]
 [0.45048073 0.54951924]
 [0.25145862 0.7485414 ]
 [0.25986838 0.7401316 ]
 [0.27406484 0.7259352 ]
 [0.2598774  0.7401225 ]
 [0.6978109  0.30218908]
 [0.35111013 0.64888984]
 [0.74886864 0.2511314 ]
 [0.74846894 0.251531  ]
 [0.24916025 0.75083977]
 [0.25150046 0.7484996 ]
 [0.2553226  0.7446774 ]
 [0.7401685  0.25983152]
 [0.7485558  0.25144425]
 [0.2661375  0.73386246]
 [0.25104213 0.7489578 ]
 [0.74853647 0.25146353]
 [0.7774514  0.2225486 ]
 [0.74014765 0.25985232]
 [0.73847526 0.26152468]
 [0.6849235  0.31507647]
 [0.25929233 0.7407077 ]
 [0.20890442 0.79109555]
 [0.25088125 0.74911875]
 [0.34072524 0.65927476]
 [0.75235695 0.2476431 ]
 [0.735492   0.26450804]
 [0.74005634 0.25994366]
 [0.72473204 0.27526796]
 [0.33396024 0.6660397 ]
 [0.29568347 0.7043165 ]
 [0.7412966  0.25870338]
 [0.25989136 0.74010867]
 [0.7327893  0.26721075]
 [0.74381244 0.25618762]
 [0.25147578 0.7485242 ]
 [0.24421306 0.75578696]
 [0.739855   0.26014504]
 [0.82378536 0.17621465]
 [0.26143757 0.7385624 ]
 [0.7714684  0.22853161]
 [0.28115925 0.7188407 ]
 [0.25113714 0.7488629 ]
 [0.25995272 0.7400473 ]
 [0.26909086 0.73090917]
 [0.7460727  0.25392732]
 [0.26977372 0.7302263 ]
 [0.25948614 0.7405138 ]
 [0.25990057 0.74009943]
 [0.73856896 0.261431  ]
 [0.24679872 0.7532013 ]
 [0.7401385  0.2598615 ]
 [0.7413726  0.25862738]
 [0.7401333  0.25986665]
 [0.74852073 0.2514793 ]
 [0.73451567 0.26548433]
 [0.74964005 0.25035995]
 [0.74018073 0.2598193 ]
 [0.6007091  0.39929092]
 [0.7402334  0.25976658]
 [0.468741   0.53125906]
 [0.25683594 0.743164  ]
 [0.24979801 0.75020194]
 [0.7414568  0.25854316]
 [0.74634296 0.253657  ]
 [0.74854106 0.25145894]
 [0.76325125 0.2367488 ]
 [0.25352415 0.7464758 ]
 [0.7484997  0.25150037]
 [0.26946402 0.73053604]
 [0.7401334  0.25986657]
 [0.2555736  0.7444264 ]
 [0.74851596 0.25148407]
 [0.2599195  0.7400805 ]
 [0.74028546 0.25971448]
 [0.74021083 0.25978914]
 [0.7127277  0.28727227]
 [0.7981266  0.20187345]
 [0.25428626 0.7457138 ]
 [0.25148615 0.7485138 ]
 [0.73447543 0.2655246 ]
 [0.74937034 0.2506297 ]
 [0.25140706 0.7485929 ]
 [0.1961907  0.80380934]
 [0.76164424 0.23835571]
 [0.25137657 0.7486234 ]
 [0.26046062 0.7395394 ]
 [0.25573465 0.7442653 ]
 [0.74004334 0.25995666]
 [0.73345435 0.2665457 ]
 [0.2598683  0.74013174]
 [0.7398681  0.26013198]
 [0.8102184  0.18978165]
 [0.7398567  0.26014325]
 [0.6183559  0.38164416]
 [0.25986207 0.74013793]
 [0.25980747 0.74019253]
 [0.2184826  0.78151745]
 [0.74742943 0.25257063]
 [0.2516052  0.7483948 ]
 [0.25146165 0.74853826]
 [0.25938028 0.74061966]
 [0.25184602 0.7481539 ]
 [0.7413696  0.25863045]
 [0.25288466 0.7471153 ]
 [0.25802746 0.74197257]
 [0.74013335 0.25986663]
 [0.7492208  0.25077918]
 [0.8308547  0.16914532]
 [0.2514631  0.74853694]
 [0.79909635 0.20090373]
 [0.739015   0.26098496]
 [0.6826647  0.31733528]
 [0.2898306  0.7101694 ]
 [0.7439911  0.25600898]
 [0.22574486 0.77425516]
 [0.25954056 0.74045944]
 [0.25076258 0.74923736]
 [0.7485427  0.25145724]
 [0.2596324  0.74036753]
 [0.5272377  0.47276226]
 [0.2514834  0.74851656]
 [0.74843395 0.251566  ]
 [0.7401333  0.25986665]
 [0.4444285  0.5555715 ]
 [0.2506081  0.7493919 ]
 [0.2509503  0.7490497 ]
 [0.25986668 0.7401333 ]
 [0.25107646 0.74892354]
 [0.25992817 0.74007183]
 [0.25145432 0.74854565]
 [0.33760756 0.66239244]
 [0.25589326 0.7441067 ]
 [0.79365844 0.20634156]
 [0.24864355 0.7513565 ]
 [0.7396884  0.2603116 ]
 [0.29991895 0.70008105]
 [0.7343367  0.26566333]
 [0.7269468  0.27305326]
 [0.5917324  0.4082676 ]
 [0.22064546 0.7793546 ]
 [0.2561325  0.7438675 ]
 [0.26059356 0.73940647]
 [0.748527   0.25147298]
 [0.74004793 0.259952  ]
 [0.7356909  0.26430908]
 [0.79265    0.20734996]
 [0.7485397  0.25146028]
 [0.2598628  0.74013716]
 [0.25340468 0.74659526]
 [0.27032074 0.72967935]
 [0.5982113  0.40178874]
 [0.25148633 0.7485137 ]
 [0.22322878 0.7767712 ]
 [0.74786645 0.25213352]
 [0.74854124 0.25145882]
 [0.74876016 0.25123984]
 [0.24955402 0.75044596]
 [0.74862295 0.25137702]
 [0.75143635 0.2485636 ]
 [0.18658337 0.81341666]
 [0.7500914  0.24990866]
 [0.7539258  0.24607418]
 [0.24909353 0.7509065 ]
 [0.259514   0.74048597]
 [0.23154472 0.76845527]
 [0.7540213  0.24597871]
 [0.24435554 0.7556445 ]
 [0.7503236  0.24967639]
 [0.7278599  0.2721401 ]
 [0.7831364  0.21686362]
 [0.59621984 0.4037802 ]
 [0.6966868  0.3033132 ]
 [0.85263467 0.1473653 ]
 [0.25146186 0.74853814]
 [0.77896005 0.22103997]
 [0.76121336 0.23878664]
 [0.7403875  0.2596125 ]
 [0.25155276 0.74844724]
 [0.25916457 0.74083537]
 [0.7427868  0.25721315]
 [0.7480056  0.25199434]
 [0.5493046  0.4506954 ]
 [0.24840674 0.7515933 ]
 [0.74656546 0.25343457]
 [0.74551183 0.25448814]
 [0.74005383 0.25994617]
 [0.7613199  0.23868017]
 [0.7927272  0.20727283]
 [0.25605756 0.7439424 ]
 [0.25987402 0.74012595]
 [0.7401751  0.2598248 ]
 [0.745769   0.25423095]
 [0.25137576 0.74862427]
 [0.25117165 0.74882835]
 [0.23377803 0.766222  ]
 [0.61579907 0.38420093]
 [0.44180658 0.55819345]
 [0.2599196  0.7400804 ]
 [0.32745522 0.6725448 ]
 [0.260041   0.73995906]
 [0.7404401  0.25955993]
 [0.25150573 0.74849427]
 [0.61203647 0.38796356]
 [0.7401784  0.25982156]
 [0.25149304 0.748507  ]
 [0.7423178  0.25768226]
 [0.74015224 0.25984773]
 [0.2736363  0.7263637 ]
 [0.17473896 0.82526106]
 [0.27066886 0.7293312 ]
 [0.7402121  0.25978792]
 [0.7515486  0.24845143]
 [0.25169912 0.7483009 ]
 [0.25146204 0.74853796]
 [0.25127754 0.7487224 ]
 [0.72118974 0.2788102 ]
 [0.74012077 0.25987926]
 [0.2514427  0.7485573 ]
 [0.25682127 0.7431788 ]
 [0.25161457 0.7483854 ]
 [0.73042625 0.26957372]
 [0.2598673  0.7401327 ]
 [0.1926308  0.80736923]
 [0.33314067 0.6668593 ]
 [0.75033116 0.24966879]
 [0.259437   0.740563  ]
 [0.25984785 0.7401522 ]
 [0.25149596 0.74850404]
 [0.7845781  0.21542199]
 [0.2879704  0.7120296 ]
 [0.7297072  0.2702928 ]
 [0.7480855  0.2519145 ]
 [0.7492028  0.2507972 ]
 [0.7485351  0.25146493]
 [0.25130892 0.7486911 ]
 [0.7431759  0.25682405]
 [0.78896284 0.21103713]
 [0.7397158  0.2602842 ]
 [0.25986668 0.7401333 ]
 [0.26416364 0.7358364 ]
 [0.25986388 0.7401361 ]
 [0.7404179  0.25958204]
 [0.74986947 0.2501305 ]
 [0.25146163 0.7485383 ]
 [0.37537816 0.62462187]
 [0.7486079  0.2513921 ]
 [0.22716549 0.77283454]
 [0.739967   0.26003292]
 [0.74583465 0.25416532]
 [0.2513188  0.7486812 ]
 [0.74188846 0.2581115 ]
 [0.25237447 0.7476255 ]
 [0.2598661  0.7401339 ]
 [0.7393852  0.2606148 ]
 [0.7233545  0.27664545]
 [0.7412635  0.25873652]
 [0.25987333 0.74012667]
 [0.25935513 0.7406448 ]
 [0.7488079  0.25119215]
 [0.7485402  0.25145978]
 [0.74013966 0.2598603 ]
 [0.28697205 0.7130279 ]
 [0.2532953  0.74670476]
 [0.74557364 0.25442633]
 [0.25146407 0.74853593]
 [0.25982642 0.7401736 ]
 [0.7399531  0.26004687]
 [0.25252914 0.7474709 ]
 [0.72333735 0.2766626 ]
 [0.74052817 0.2594718 ]
 [0.25188625 0.7481138 ]
 [0.23153883 0.76846117]
 [0.2618709  0.73812914]
 [0.7486912  0.2513088 ]
 [0.25117552 0.74882454]
 [0.72954017 0.27045986]
 [0.30519488 0.6948052 ]
 [0.23891243 0.76108754]
 [0.74854267 0.25145727]
 [0.25173977 0.74826026]
 [0.75190413 0.24809588]
 [0.7486276  0.2513724 ]
 [0.74189705 0.2581029 ]
 [0.25152588 0.7484742 ]
 [0.26102716 0.7389729 ]
 [0.24119186 0.75880814]
 [0.7582475  0.24175254]
 [0.74779046 0.25220954]
 [0.748053   0.25194696]
 [0.7484758  0.25152427]
 [0.3182109  0.6817891 ]
 [0.72438633 0.27561367]
 [0.8248994  0.17510067]
 [0.2496773  0.7503227 ]
 [0.7985199  0.20148015]
 [0.25177267 0.7482273 ]
 [0.26071936 0.73928064]
 [0.27249712 0.7275029 ]
 [0.7393845  0.2606155 ]
 [0.541467   0.458533  ]
 [0.75183475 0.24816531]
 [0.25186965 0.7481304 ]
 [0.23003572 0.7699643 ]
 [0.19791406 0.802086  ]
 [0.24755837 0.7524417 ]
 [0.29730636 0.70269364]
 [0.7404262  0.2595738 ]
 [0.2515071  0.7484929 ]
 [0.31844243 0.6815576 ]
 [0.25929415 0.74070585]
 [0.66614616 0.33385384]
 [0.2596195  0.7403804 ]
 [0.25322443 0.7467756 ]
 [0.25599483 0.7440052 ]
 [0.3535243  0.64647573]
 [0.2598445  0.74015546]
 [0.7459406  0.2540594 ]
 [0.25887716 0.74112284]
 [0.7402135  0.25978652]
 [0.74027    0.25972995]
 [0.7461301  0.2538699 ]
 [0.25146043 0.7485396 ]
 [0.25145796 0.748542  ]
 [0.25117025 0.7488297 ]
 [0.22990704 0.77009296]
 [0.67142195 0.32857808]
 [0.23239265 0.76760733]
 [0.21018346 0.7898165 ]
 [0.25506753 0.7449324 ]
 [0.7386053  0.26139468]
 [0.74854034 0.25145966]
 [0.7487358  0.2512642 ]
 [0.74872047 0.25127953]
 [0.52331185 0.47668818]
 [0.26189372 0.73810625]
 [0.25986654 0.74013346]
 [0.75048256 0.24951746]
 [0.28409186 0.71590817]
 [0.342625   0.65737504]
 [0.22943918 0.77056086]
 [0.27942526 0.72057474]
 [0.7159061  0.28409392]
 [0.28011033 0.71988964]
 [0.7176636  0.28233644]
 [0.726605   0.27339497]
 [0.2757724  0.7242276 ]
 [0.26596844 0.73403156]
 [0.714167   0.28583306]
 [0.71808237 0.28191763]
 [0.7112739  0.2887261 ]
 [0.71631813 0.28368193]
 [0.2446479  0.7553521 ]
 [0.6703338  0.32966623]
 [0.8202077  0.17979227]
 [0.28382832 0.7161717 ]
 [0.71586555 0.28413445]
 [0.27621847 0.72378147]
 [0.7161599  0.28384012]
 [0.6667216  0.33327848]
 [0.7240577  0.27594233]
 [0.27802145 0.72197855]
 [0.30943808 0.69056195]
 [0.21580584 0.7841942 ]
 [0.2891647  0.7108354 ]
 [0.720954   0.2790461 ]
 [0.27622795 0.72377205]
 [0.7305425  0.26945752]
 [0.53309685 0.46690324]
 [0.28415042 0.7158496 ]
 [0.28391826 0.7160818 ]
 [0.28409746 0.71590257]
 [0.71703494 0.28296506]
 [0.7250655  0.27493447]
 [0.22911385 0.7708861 ]
 [0.28401735 0.71598274]
 [0.7158054  0.28419462]
 [0.7234748  0.27652523]
 [0.71594423 0.28405586]
 [0.54905075 0.45094925]
 [0.72377044 0.2762296 ]
 [0.7327793  0.26722068]
 [0.7242905  0.27570954]
 [0.61385065 0.38614932]
 [0.71590257 0.28409746]
 [0.27987543 0.7201245 ]
 [0.7160033  0.28399673]
 [0.26653165 0.73346835]
 [0.7417877  0.25821242]
 [0.71589106 0.28410897]
 [0.72375834 0.27624163]
 [0.2700264  0.72997355]
 [0.42039376 0.5796063 ]
 [0.28903311 0.7109669 ]
 [0.7156068  0.28439316]
 [0.2762762  0.7237237 ]
 [0.71590436 0.28409562]
 [0.2762652  0.7237348 ]
 [0.72222644 0.27777362]
 [0.26176444 0.73823553]
 [0.7139239  0.28607616]
 [0.27623242 0.7237676 ]
 [0.7152661  0.28473392]
 [0.28416413 0.71583587]
 [0.2886783  0.71132165]
 [0.28409094 0.715909  ]
 [0.28406093 0.7159391 ]
 [0.7179142  0.28208584]
 [0.71587783 0.28412217]
 [0.2839894  0.7160106 ]
 [0.3325158  0.6674842 ]
 [0.7237712  0.27622873]
 [0.2698546  0.73014545]
 [0.28408703 0.715913  ]
 [0.27381915 0.72618085]
 [0.27620152 0.72379845]
 [0.44023198 0.559768  ]
 [0.2769059  0.72309417]
 [0.27819547 0.7218046 ]
 [0.28472385 0.7152762 ]
 [0.7159128  0.28408724]
 [0.76873106 0.23126894]
 [0.7173947  0.28260532]
 [0.291561   0.70843893]
 [0.63923293 0.360767  ]
 [0.24218595 0.75781405]
 [0.27622807 0.7237719 ]
 [0.27864233 0.7213577 ]
 [0.7158517  0.28414834]
 [0.2762215  0.7237784 ]
 [0.28454068 0.7154593 ]
 [0.7158863  0.28411373]
 [0.27643627 0.7235637 ]
 [0.7195461  0.2804539 ]
 [0.26912796 0.73087204]
 [0.27944642 0.72055364]
 [0.2959711  0.70402884]
 [0.27698606 0.72301394]
 [0.7127322  0.2872678 ]
 [0.73183185 0.26816815]
 [0.22485304 0.77514696]
 [0.508744   0.491256  ]
 [0.28795603 0.712044  ]
 [0.30136928 0.69863075]
 [0.725371   0.27462906]
 [0.7252065  0.27479348]
 [0.80096394 0.19903606]
 [0.28399715 0.7160029 ]
 [0.7091066  0.29089335]
 [0.7157201  0.2842799 ]
 [0.3303925  0.66960746]
 [0.23657073 0.7634293 ]
 [0.7159053  0.2840947 ]
 [0.7159611  0.284039  ]
 [0.723809   0.27619094]
 [0.7486293  0.2513708 ]
 [0.25617802 0.7438219 ]
 [0.2715029  0.72849715]
 [0.7246281  0.27537185]
 [0.30106565 0.6989343 ]
 [0.29956374 0.70043623]
 [0.29959062 0.7004094 ]
 [0.70786965 0.29213032]
 [0.2995976  0.7004024 ]
 [0.7055144  0.29448563]
 [0.7090021  0.29099786]
 [0.6823693  0.3176307 ]
 [0.6951458  0.30485418]
 [0.7004352  0.29956484]
 [0.3350954  0.6649046 ]
 [0.29207242 0.7079275 ]
 [0.700371   0.29962894]
 [0.26841524 0.7315847 ]
 [0.7078758  0.29212418]
 [0.7079937  0.29200625]
 [0.72740775 0.27259225]
 [0.7080516  0.2919484 ]
 [0.7005329  0.2994671 ]
 [0.29359758 0.7064024 ]
 [0.70331883 0.29668117]
 [0.7085965  0.29140344]
 [0.29109007 0.7089099 ]
 [0.7629739  0.23702607]
 [0.70039237 0.29960757]
 [0.7005286  0.2994714 ]
 [0.29918242 0.7008175 ]
 [0.67209154 0.32790855]
 [0.6779434  0.3220566 ]
 [0.70385855 0.29614145]
 [0.2594338  0.7405662 ]
 [0.5286835  0.47131658]
 [0.64752936 0.3524707 ]
 [0.51215214 0.48784792]
 [0.7080333  0.2919667 ]
 [0.7066628  0.29333723]
 [0.2922011  0.7077989 ]
 [0.710522   0.289478  ]
 [0.35673457 0.6432654 ]
 [0.7006831  0.29931685]
 [0.72439396 0.275606  ]
 [0.30595234 0.69404763]
 [0.29213443 0.70786554]
 [0.7004024  0.29959762]
 [0.7007436  0.2992564 ]
 [0.6047413  0.39525875]
 [0.4218237  0.5781764 ]
 [0.7081205  0.29187953]
 [0.28956938 0.71043056]
 [0.7078197  0.29218024]
 [0.22127666 0.77872336]
 [0.47728994 0.5227101 ]
 [0.70014375 0.29985625]
 [0.30046964 0.6995303 ]
 [0.70796144 0.29203862]
 [0.29957938 0.70042056]
 [0.29213154 0.70786846]
 [0.70024157 0.2997585 ]
 [0.29212224 0.70787776]
 [0.2996664  0.7003336 ]
 [0.22888511 0.7711149 ]
 [0.2738462  0.7261538 ]
 [0.29978904 0.700211  ]
 [0.30778134 0.6922187 ]
 [0.31409106 0.685909  ]
 [0.7078688  0.29213116]
 [0.7675188  0.23248117]
 [0.29958513 0.7004149 ]
 [0.70783293 0.29216707]
 [0.29324812 0.70675194]
 [0.7079554  0.29204452]
 [0.7078972  0.29210278]
 [0.70040256 0.29959738]
 [0.7517963  0.24820372]
 [0.6064408  0.39355916]
 [0.5797155  0.42028448]
 [0.32299906 0.677001  ]
 [0.29232755 0.7076724 ]
 [0.69983804 0.30016193]
 [0.2929185  0.70708144]
 [0.6889921  0.31100795]
 [0.70770603 0.292294  ]
 [0.2961008  0.70389926]
 [0.26634228 0.7336577 ]
 [0.70787203 0.292128  ]
 [0.29906026 0.7009397 ]
 [0.72687596 0.273124  ]
 [0.2921317  0.7078683 ]
 [0.70049316 0.29950687]
 [0.70786    0.29214004]
 [0.29213467 0.70786536]
 [0.7077189  0.29228103]
 [0.7078436  0.29215637]
 [0.2996193  0.7003807 ]
 [0.70781446 0.29218552]
 [0.18566497 0.8143351 ]
 [0.70038444 0.2996156 ]
 [0.7078639  0.2921361 ]
 [0.7078696  0.2921304 ]
 [0.69814634 0.30185366]
 [0.7047216  0.29527837]
 [0.25927365 0.7407264 ]
 [0.30082121 0.69917876]
 [0.3978933  0.6021067 ]
 [0.28916857 0.7108314 ]
 [0.4856673  0.5143327 ]
 [0.70116127 0.2988387 ]
 [0.28827795 0.711722  ]
 [0.7071601  0.29283988]
 [0.30248994 0.69751006]
 [0.29214063 0.7078594 ]
 [0.324152   0.675848  ]
 [0.28815228 0.7118477 ]
 [0.68412256 0.31587738]
 [0.29129288 0.70870715]
 [0.2883183  0.7116817 ]
 [0.29213184 0.7078681 ]
 [0.6871059  0.31289405]
 [0.2929261  0.70707387]
 [0.70793957 0.29206043]
 [0.30461422 0.6953858 ]
 [0.7004146  0.29958534]
 [0.2931699  0.7068301 ]
 [0.29952326 0.7004767 ]
 [0.37587813 0.6241219 ]
 [0.69023085 0.30976915]
 [0.30004713 0.6999529 ]
 [0.7003603  0.2996397 ]
 [0.29194075 0.70805925]
 [0.72921365 0.2707864 ]
 [0.63141835 0.36858165]
 [0.29170623 0.7082938 ]
 [0.7204665  0.27953354]
 [0.7707185  0.22928149]
 [0.6998292  0.30017072]
 [0.7236538  0.27634615]
 [0.6924317  0.30756837]
 [0.34446356 0.6555365 ]
 [0.73770946 0.2622905 ]
 [0.6372173  0.36278272]
 [0.7073541  0.29264587]
 [0.74642885 0.2535711 ]
 [0.29958528 0.7004147 ]
 [0.7004034  0.29959658]
 [0.7006136  0.29938638]
 [0.29067603 0.70932394]
 [0.27268562 0.7273144 ]
 [0.7144386  0.28556144]
 [0.70607406 0.29392597]
 [0.70915806 0.290842  ]
 [0.29757532 0.7024247 ]
 [0.70000476 0.2999952 ]
 [0.36596513 0.6340349 ]
 [0.24149646 0.75850356]
 [0.2970995  0.70290047]
 [0.398138   0.601862  ]
 [0.69956446 0.3004356 ]
 [0.292095   0.70790505]
 [0.26191804 0.738082  ]
 [0.29247367 0.7075263 ]
 [0.55354095 0.44645905]
 [0.7083048  0.29169512]
 [0.7063567  0.2936433 ]
 [0.29256067 0.70743936]
 [0.7079112  0.29208884]
 [0.70083183 0.29916817]
 [0.70785105 0.29214895]
 [0.2910569  0.70894307]
 [0.30141234 0.6985876 ]
 [0.29956943 0.7004305 ]
 [0.7052834  0.29471663]
 [0.29213154 0.70786846]
 [0.29750142 0.7024987 ]
 [0.7285711  0.27142894]
 [0.29217333 0.7078267 ]
 [0.29197636 0.7080236 ]
 [0.66261506 0.33738494]
 [0.70002395 0.29997605]
 [0.2887417  0.7112583 ]
 [0.6334244  0.36657557]
 [0.2915932  0.7084068 ]
 [0.70861006 0.2913899 ]
 [0.29432058 0.7056795 ]
 [0.75385773 0.2461422 ]
 [0.27922076 0.7207793 ]
 [0.2921304  0.7078696 ]
 [0.7083615  0.29163855]
 [0.7032169  0.29678303]
 [0.6990679  0.3009321 ]
 [0.3180149  0.68198514]
 [0.70467335 0.29532665]
 [0.70005023 0.29994974]
 [0.63183206 0.3681679 ]
 [0.294657   0.70534307]
 [0.704516   0.29548398]
 [0.29962194 0.7003781 ]
 [0.699221   0.30077899]
 [0.7053667  0.2946334 ]
 [0.51170886 0.4882912 ]
 [0.2918868  0.7081132 ]
 [0.5329833  0.46701676]
 [0.7078436  0.29215634]
 [0.29716644 0.70283353]
 [0.5440936  0.45590633]
 [0.28910002 0.7109    ]
 [0.29959717 0.70040286]
 [0.7001109  0.2998891 ]
 [0.6790183  0.32098165]
 [0.82590646 0.1740935 ]
 [0.2996001  0.70039994]
 [0.2900162  0.7099838 ]
 [0.5673689  0.4326311 ]
 [0.29193732 0.7080627 ]
 [0.32220745 0.6777926 ]
 [0.29962897 0.700371  ]
 [0.2860775  0.7139225 ]
 [0.31368887 0.6863111 ]
 [0.35669073 0.64330924]
 [0.7443499  0.2556501 ]
 [0.7078794  0.2921206 ]
 [0.29998392 0.70001614]
 [0.27851555 0.72148454]
 [0.55031276 0.44968724]
 [0.69704664 0.3029533 ]
 [0.4763197  0.5236803 ]
 [0.700402   0.29959795]
 [0.7003987  0.2996013 ]
 [0.50827956 0.49172047]
 [0.2930129  0.70698714]
 [0.29213268 0.70786726]
 [0.70746195 0.29253802]
 [0.52806795 0.47193205]
 [0.2921314  0.7078686 ]
 [0.4911034  0.5088966 ]
 [0.70848256 0.2915174 ]
 [0.6330771  0.36692294]
 [0.7080153  0.2919847 ]
 [0.2996273  0.70037276]
 [0.2868117  0.71318835]
 [0.29125267 0.7087473 ]
 [0.7072014  0.29279858]
 [0.5013792  0.4986207 ]
 [0.7078624  0.2921376 ]
 [0.4239252  0.57607484]
 [0.29271948 0.7072805 ]
 [0.70317733 0.2968227 ]
 [0.7709491  0.22905084]
 [0.29960066 0.70039934]
 [0.7079079  0.29209214]
 [0.4646842  0.5353159 ]
 [0.29916945 0.7008305 ]
 [0.1720471  0.8279529 ]
 [0.29217476 0.7078253 ]
 [0.316288   0.68371207]
 [0.3215728  0.67842716]
 [0.2667545  0.73324543]
 [0.32584786 0.6741521 ]
 [0.6770014  0.32299858]
 [0.2914232  0.7085768 ]
 [0.6774508  0.32254922]
 [0.34062418 0.65937585]
 [0.59797    0.40202993]
 [0.3162025  0.68379754]
 [0.45511702 0.544883  ]
 [0.67700404 0.322996  ]
 [0.68403494 0.31596503]
 [0.3229281  0.6770719 ]
 [0.30718303 0.6928169 ]
 [0.32321978 0.6767802 ]
 [0.68509275 0.31490722]
 [0.57953113 0.42046884]
 [0.68837124 0.31162882]
 [0.35918444 0.64081556]
 [0.68378407 0.31621593]
 [0.3232832  0.67671674]
 [0.6878927  0.31210735]
 [0.45357165 0.5464284 ]
 [0.3241527  0.67584723]
 [0.7068356  0.29316437]
 [0.2985978  0.70140225]
 [0.67876345 0.32123655]
 [0.72966814 0.27033183]
 [0.31614107 0.68385893]
 [0.3155141  0.6844859 ]
 [0.32300338 0.6769966 ]
 [0.31751013 0.6824898 ]
 [0.32305863 0.67694145]
 [0.33234042 0.6676595 ]
 [0.2886786  0.7113214 ]
 [0.52629334 0.4737067 ]
 [0.6840703  0.3159297 ]
 [0.32203925 0.67796075]
 [0.67682064 0.32317942]
 [0.32650235 0.6734977 ]
 [0.27253714 0.7274628 ]
 [0.73388964 0.2661104 ]
 [0.31621832 0.6837816 ]
 [0.31621107 0.6837889 ]
 [0.3232263  0.6767737 ]
 [0.3230191  0.6769809 ]
 [0.32158902 0.67841095]
 [0.3007939  0.6992061 ]
 [0.32268858 0.6773114 ]
 [0.3153513  0.68464875]
 [0.68360883 0.3163911 ]
 [0.67723787 0.32276213]
 [0.6770049  0.3229952 ]
 [0.32286668 0.6771333 ]
 [0.54660356 0.45339638]
 [0.6690958  0.33090416]
 [0.31218258 0.6878174 ]
 [0.68380183 0.3161982 ]
 [0.28871194 0.7112881 ]
 [0.32219386 0.6778062 ]
 [0.3301398  0.6698603 ]
 [0.68554395 0.31445608]
 [0.5983904  0.40160963]
 [0.32654884 0.6734512 ]
 [0.7331921  0.26680794]
 [0.4034682  0.5965318 ]
 [0.45214507 0.54785496]
 [0.31620497 0.68379503]
 [0.3140302  0.6859698 ]
 [0.66629946 0.33370057]
 [0.31621808 0.6837819 ]
 [0.6836753  0.31632468]
 [0.3197657  0.6802343 ]
 [0.31308284 0.6869171 ]
 [0.28406927 0.71593076]
 [0.32304528 0.67695475]
 [0.6838073  0.31619266]
 [0.32435957 0.6756404 ]
 [0.5622954  0.43770465]
 [0.68241966 0.3175804 ]
 [0.6770733  0.32292676]
 [0.6820236  0.3179764 ]
 [0.68379456 0.31620538]
 [0.5367929  0.46320713]
 [0.3233579  0.6766421 ]
 [0.32222396 0.67777604]
 [0.31752688 0.6824731 ]
 [0.69246715 0.30753288]
 [0.61745924 0.38254085]
 [0.6839886  0.31601146]
 [0.6367441  0.36325595]
 [0.31622064 0.68377936]
 [0.68329525 0.3167048 ]
 [0.6944185  0.30558148]
 [0.40436187 0.5956381 ]
 [0.6954793  0.30452076]
 [0.72441155 0.27558848]]
/home/gb21553/miniconda3/envs/jax/lib/python3.12/multiprocessing/popen_fork.py:66: RuntimeWarning: os.fork() was called. os.fork() is incompatible with multithreaded code, and JAX is multithreaded, so this will likely lead to a deadlock.
  self.pid = os.fork()
        Validation Criterion: 7490.96484375
        Saving best model so far ...
✔️ Gating k-means converged after 1 iterations
✔️ Gating k-means converged after 1 iterations
✔️ Gating k-means converged after 1 iterations
✔️ Gating k-means converged after 1 iterations
✔️ Gating k-means converged after 1 iterations
02:26:35      Epoch:   0      Batch:   0      OuterStep:   3      LossModel: 11259.42675781     LossTerm2: 0.00000000     LossGates: 0.00000000      Time/Step(s): 1807.9531Contributing envs to the losses:  [451 659 267 475 867 633 360 784  42 427 166 131 749  67 249 763 139 923 828 413 177  69 878 381 366 399  56 175 707 554 240 717 386   9  35 197 773 441 109 747 442  95 593 826 521 777 550 203 207 767 335 898 912 238 159  32 709 497 482  27   8 338 672 770 438 573 147 551 411 654 215  19 823 449 847 723 407 253 758 834   3 218 420 314 848  65 444  14 288 935 349 533  98 364 653 780 257 171 123  74 459 891 705 940 916 711 135 310 685 857 236 827 824 350 682 458 651 766 354 637 245 401 266 537 502  87 565 371 562 606 839 137 380 922 329 919 416 341  88 121 493 892 794 351 146 235 775 531 356 432 726 807 769 752 477 330 568 754 740 151 631 261  54 178 664 762 877 460 430 388 702 198 293 699 674 799 713 270 268 186 470 833 849 422 917 617 905 548 128 299 881 779 641 810 145 805  84 552 408 570 479  70 233 122 414 753 838 445 523 553   1 421 880 719 656 301 535 158 499  93 811  64 645 160 461 561 741 625 850 303 262 510 853 219 646 383 515 882 260  49 896 787 700  68 819 296 670  77 856 836  55 748 710 489 331  46 142 592 872 830 858 884 655 903 464 434 308 156   4 846 419 862 914 812 712 927 273 118 755 614 271 730 698 476  18 372 818 622  30 320 591 453 333 802  36 480 574 620 543 297 185 367  31 225 305 798 494 918 412 602  58 536 751 374 155 615 739 791 281 247 466 613 887 783 390 342 673 558 746 530  22 772 227 786 187 512 280 216 229 193 801 522 647 195 403 556 148 163 337 492 173  37 619 525 224 929 514 210 564 667 353 544 607 585 588 520 532 821 259 567 852  41 242  47  52 206 820 189 901 638 738  51 859  29 478 397 211 716 722  20 340  96 634 455 604 384 683 443 589 327 456 106 691 188  75 701 120 854 406 900 387 484 154 392 167  23  21 487 485 322 239 378 782 250 729 734 313 495 652 405 343 347 321 361 792 170 760 328 630 943 942 162 132 616 944 932 217 768 936 107 439 311 577 352 724  34 199 681 855  92 264 733  44 141 213 473 498 220 605 720 732 915 640]
Gate kernel values: 
 [[-98.84828    97.28038  ]
 [ -0.9819031   2.9389   ]]
The factor: how much of the new gate kernel do I used ? [0.001]
Gate values for each environment (all envs): 
 [[0.73484576 0.2651542 ]
 [0.74385214 0.25614783]
 [0.7343089  0.2656911 ]
 [0.74290615 0.2570939 ]
 [0.33983585 0.6601641 ]
 [0.73503494 0.26496506]
 [0.25705156 0.7429485 ]
 [0.2537452  0.7462548 ]
 [0.74900055 0.25099942]
 [0.73576987 0.26423013]
 [0.20565504 0.794345  ]
 [0.25915337 0.74084663]
 [0.49486038 0.50513965]
 [0.25646242 0.7435376 ]
 [0.74267054 0.2573294 ]
 [0.7312309  0.2687691 ]
 [0.73484325 0.26515678]
 [0.7044667  0.2955333 ]
 [0.29126382 0.7087362 ]
 [0.7429763  0.25702372]
 [0.26509908 0.73490095]
 [0.26632652 0.73367345]
 [0.2657799  0.73422015]
 [0.2656578  0.7343422 ]
 [0.73484296 0.26515704]
 [0.25572294 0.7442771 ]
 [0.7348125  0.26518756]
 [0.74187535 0.25812462]
 [0.25760907 0.74239093]
 [0.26515028 0.73484975]
 [0.58156973 0.4184303 ]
 [0.38449416 0.61550593]
 [0.73979604 0.2602039 ]
 [0.25711375 0.7428863 ]
 [0.24922395 0.75077605]
 [0.7115721  0.28842783]
 [0.28715947 0.71284056]
 [0.2636831  0.7363169 ]
 [0.3583513  0.6416487 ]
 [0.73484826 0.26515177]
 [0.25714144 0.7428585 ]
 [0.2651571  0.7348429 ]
 [0.67574525 0.3242548 ]
 [0.76951385 0.23048617]
 [0.2057991  0.7942009 ]
 [0.7544923  0.24550772]
 [0.43114528 0.5688547 ]
 [0.2651571  0.7348429 ]
 [0.7076802  0.29231977]
 [0.45100003 0.54899997]
 [0.25725636 0.7427437 ]
 [0.26517573 0.73482424]
 [0.26515695 0.7348431 ]
 [0.2550454  0.7449546 ]
 [0.7425859  0.25741416]
 [0.82907295 0.17092705]
 [0.7372412  0.2627588 ]
 [0.7345534  0.26544657]
 [0.26499426 0.73500574]
 [0.25712037 0.74287957]
 [0.25667027 0.74332976]
 [0.23314875 0.76685125]
 [0.7351969  0.2648031 ]
 [0.25758207 0.7424179 ]
 [0.49890074 0.5010992 ]
 [0.74279577 0.25720426]
 [0.26008478 0.7399152 ]
 [0.70001894 0.29998106]
 [0.53261495 0.46738508]
 [0.74744546 0.25255454]
 [0.7489789  0.25102106]
 [0.25961345 0.74038655]
 [0.15140219 0.84859776]
 [0.2505566  0.74944335]
 [0.7428631  0.25713685]
 [0.26590085 0.73409915]
 [0.25713274 0.7428673 ]
 [0.76495045 0.23504958]
 [0.2571338  0.74286616]
 [0.19766945 0.80233055]
 [0.2656888  0.7343112 ]
 [0.73483455 0.2651655 ]
 [0.7348443  0.2651557 ]
 [0.25098586 0.74901414]
 [0.7683263  0.23167366]
 [0.25774565 0.7422543 ]
 [0.73465014 0.26534986]
 [0.7428696  0.25713038]
 [0.74285406 0.25714597]
 [0.2074706  0.79252934]
 [0.25160363 0.7483964 ]
 [0.73482627 0.2651738 ]
 [0.26354456 0.73645544]
 [0.746994   0.25300604]
 [0.164762   0.83523804]
 [0.7490178  0.25098225]
 [0.26517022 0.7348298 ]
 [0.7348233  0.2651767 ]
 [0.7427721  0.25722793]
 [0.29926023 0.70073974]
 [0.25842506 0.74157494]
 [0.25025955 0.7497405 ]
 [0.73466307 0.26533702]
 [0.21517688 0.7848231 ]
 [0.7349561  0.26504394]
 [0.7349685  0.26503155]
 [0.26485914 0.73514086]
 [0.27664125 0.7233587 ]
 [0.2581856  0.74181443]
 [0.73699445 0.26300555]
 [0.7514385  0.24856147]
 [0.2568164  0.7431836 ]
 [0.25043035 0.74956965]
 [0.7403542  0.2596458 ]
 [0.7839548  0.21604522]
 [0.25727874 0.7427213 ]
 [0.2575117  0.74248827]
 [0.2570406  0.74295944]
 [0.68708444 0.31291565]
 [0.23102698 0.768973  ]
 [0.2646019  0.7353982 ]
 [0.74303883 0.25696114]
 [0.75927514 0.24072485]
 [0.74287254 0.25712746]
 [0.7349729  0.26502708]
 [0.73554206 0.2644579 ]
 [0.85313034 0.14686967]
 [0.72126    0.27874   ]
 [0.68238103 0.31761897]
 [0.25712523 0.74287486]
 [0.734227   0.265773  ]
 [0.68665755 0.31334248]
 [0.46712464 0.5328754 ]
 [0.13380903 0.86619097]
 [0.25869092 0.7413091 ]
 [0.74286765 0.25713232]
 [0.5394741  0.46052593]
 [0.7428668  0.25713325]
 [0.7348908  0.26510918]
 [0.71959895 0.28040108]
 [0.73482186 0.26517814]
 [0.26505885 0.7349412 ]
 [0.56630546 0.4336946 ]
 [0.25686052 0.74313945]
 [0.25731206 0.74268794]
 [0.74755436 0.25244564]
 [0.74282444 0.25717553]
 [0.73891693 0.26108304]
 [0.26510864 0.7348914 ]
 [0.25711247 0.74288756]
 [0.7285722  0.2714278 ]
 [0.74431914 0.2556808 ]
 [0.2571367  0.7428633 ]
 [0.22672367 0.77327627]
 [0.26514262 0.7348574 ]
 [0.26723573 0.7327643 ]
 [0.31869078 0.6813093 ]
 [0.735512   0.26448798]
 [0.8052534  0.19474663]
 [0.7435449  0.25645515]
 [0.6624113  0.33758873]
 [0.25226107 0.74773896]
 [0.2724654  0.72753465]
 [0.26525322 0.73474675]
 [0.23444644 0.76555353]
 [0.6510646  0.34893543]
 [0.6757475  0.32425252]
 [0.26391914 0.7360809 ]
 [0.7348118  0.26518828]
 [0.27481657 0.72518337]
 [0.26046637 0.7395336 ]
 [0.7428407  0.25715932]
 [0.74902505 0.25097495]
 [0.26527378 0.7347263 ]
 [0.16504234 0.8349577 ]
 [0.72951144 0.27048856]
 [0.23345527 0.76654464]
 [0.6920422  0.30795783]
 [0.74316615 0.25683385]
 [0.73471177 0.26528832]
 [0.7203802  0.2796198 ]
 [0.25956038 0.7404396 ]
 [0.7156707  0.28432935]
 [0.7364344  0.26356563]
 [0.73477215 0.26522794]
 [0.26695606 0.733044  ]
 [0.7467759  0.25322405]
 [0.2651523  0.73484766]
 [0.26389396 0.73610604]
 [0.26515692 0.7348431 ]
 [0.2571524  0.7428476 ]
 [0.26472712 0.73527294]
 [0.2559938  0.7440063 ]
 [0.26518357 0.7348164 ]
 [0.43746063 0.56253934]
 [0.26503447 0.7349655 ]
 [0.49192762 0.5080724 ]
 [0.7270968  0.27290323]
 [0.7453027  0.2546973 ]
 [0.2640149  0.7359851 ]
 [0.25937426 0.74062574]
 [0.25713363 0.74286634]
 [0.24188073 0.7581193 ]
 [0.74004143 0.25995857]
 [0.24933189 0.7506681 ]
 [0.72451085 0.27548918]
 [0.26515636 0.7348437 ]
 [0.73809695 0.261903  ]
 [0.25970963 0.7402904 ]
 [0.7347747  0.26522532]
 [0.26496288 0.7350371 ]
 [0.26507872 0.73492134]
 [0.3021663  0.6978337 ]
 [0.19199322 0.80800676]
 [0.741156   0.25884405]
 [0.7428254  0.2571747 ]
 [0.2634835  0.73651654]
 [0.25567558 0.74432445]
 [0.74294996 0.25704998]
 [0.7625759  0.23742409]
 [0.23585536 0.76414466]
 [0.74282837 0.25717157]
 [0.7359258  0.26407427]
 [0.7390062  0.2609938 ]
 [0.2652516  0.7347484 ]
 [0.27330908 0.7266909 ]
 [0.73485166 0.26514837]
 [0.2654341  0.734566  ]
 [0.19022426 0.80977577]
 [0.26532358 0.7346765 ]
 [0.45632413 0.5436759 ]
 [0.73486316 0.26513693]
 [0.7348706  0.2651294 ]
 [0.77279556 0.22720446]
 [0.24802038 0.75197965]
 [0.7418573  0.25814265]
 [0.7428662  0.25713375]
 [0.73430663 0.26569337]
 [0.7420297  0.25797033]
 [0.2635613  0.7364387 ]
 [0.74117005 0.25882992]
 [0.73681486 0.26318514]
 [0.26515692 0.73484313]
 [0.25638634 0.7436137 ]
 [0.16108674 0.8389133 ]
 [0.7428641  0.25713593]
 [0.20568803 0.794312  ]
 [0.26722294 0.7327771 ]
 [0.31584963 0.68415034]
 [0.7291209  0.2708791 ]
 [0.26344198 0.736558  ]
 [0.79915625 0.20084374]
 [0.735096   0.26490402]
 [0.7436246  0.2563754 ]
 [0.25713423 0.74286574]
 [0.73510784 0.26489216]
 [0.46102658 0.5389735 ]
 [0.7428289  0.25717106]
 [0.25725693 0.7427431 ]
 [0.26515704 0.73484296]
 [0.6100772  0.3899228 ]
 [0.7448596  0.25514036]
 [0.7441411  0.2558589 ]
 [0.7348431  0.26515695]
 [0.7046775  0.2953225 ]
 [0.7347565  0.26524344]
 [0.7428756  0.25712448]
 [0.63346213 0.3665379 ]
 [0.75941    0.24058999]
 [0.2035272  0.79647285]
 [0.7473726  0.25262737]
 [0.2658182  0.73418176]
 [0.69292235 0.30707765]
 [0.27287185 0.7271282 ]
 [0.2766785  0.72332156]
 [0.4043515  0.5956486 ]
 [0.80159116 0.19840884]
 [0.7338882  0.2661118 ]
 [0.7340669  0.2659331 ]
 [0.2571431  0.74285686]
 [0.2662251  0.73377484]
 [0.25361976 0.74638027]
 [0.17487961 0.8251204 ]
 [0.25713336 0.7428667 ]
 [0.73484725 0.2651528 ]
 [0.7357979  0.2642021 ]
 [0.7261817  0.2738183 ]
 [0.35108963 0.64891046]
 [0.74282074 0.25717926]
 [0.75040436 0.24959564]
 [0.25798774 0.7420123 ]
 [0.25728396 0.7427161 ]
 [0.25688118 0.74311876]
 [0.74495745 0.25504258]
 [0.2574217  0.7425783 ]
 [0.25543383 0.7445662 ]
 [0.8118738  0.18812622]
 [0.25192103 0.74807894]
 [0.2507665  0.7492335 ]
 [0.74651575 0.25348428]
 [0.7352292  0.26477075]
 [0.8116343  0.18836576]
 [0.25186592 0.7481341 ]
 [0.7515556  0.2484444 ]
 [0.25807688 0.74192315]
 [0.28008205 0.71991795]
 [0.22122885 0.77877116]
 [0.41577744 0.5842225 ]
 [0.32041615 0.6795839 ]
 [0.14986853 0.8501315 ]
 [0.7428622  0.25713778]
 [0.23036876 0.76963127]
 [0.23956726 0.7604327 ]
 [0.2654694  0.73453057]
 [0.74274457 0.25725546]
 [0.7357325  0.2642675 ]
 [0.2624695  0.7375305 ]
 [0.25766152 0.74233854]
 [0.48822314 0.51177686]
 [0.74396574 0.25603426]
 [0.260335   0.739665  ]
 [0.2593276  0.74067235]
 [0.26526427 0.73473567]
 [0.22481711 0.77518284]
 [0.1938813  0.80611867]
 [0.7350796  0.26492044]
 [0.7348567  0.26514333]
 [0.26511356 0.73488647]
 [0.2602825  0.7397175 ]
 [0.7429766  0.2570234 ]
 [0.74312115 0.25687882]
 [0.7599275  0.24007247]
 [0.39992416 0.60007584]
 [0.50945765 0.49054235]
 [0.73401624 0.2659838 ]
 [0.60998964 0.39001036]
 [0.7346632  0.26533684]
 [0.2647033  0.7352967 ]
 [0.7420358  0.25796422]
 [0.30522195 0.6947781 ]
 [0.26502323 0.73497677]
 [0.74282074 0.25717926]
 [0.26285094 0.73714906]
 [0.26559195 0.734408  ]
 [0.7198781  0.28012195]
 [0.8441407  0.15585922]
 [0.7266133  0.2733867 ]
 [0.26505712 0.7349429 ]
 [0.24909332 0.75090665]
 [0.74260646 0.25739357]
 [0.74286246 0.25713757]
 [0.7431309  0.25686908]
 [0.28663427 0.7133658 ]
 [0.2651743  0.73482573]
 [0.7428357  0.25716433]
 [0.7380478  0.26195222]
 [0.7426041  0.2573959 ]
 [0.34165353 0.6583465 ]
 [0.7348419  0.26515815]
 [0.8231481  0.1768519 ]
 [0.67052585 0.32947412]
 [0.25516167 0.74483836]
 [0.7353419  0.26465815]
 [0.73483545 0.26516455]
 [0.7428179  0.25718215]
 [0.18887478 0.81112516]
 [0.70769125 0.29230878]
 [0.2756952  0.72430474]
 [0.2574271  0.74257284]
 [0.25646293 0.7435371 ]
 [0.25713795 0.7428621 ]
 [0.74400485 0.25599515]
 [0.26128367 0.73871636]
 [0.21964467 0.7803553 ]
 [0.26566315 0.73433685]
 [0.7348431  0.26515695]
 [0.7276554  0.2723446 ]
 [0.7348439  0.26515612]
 [0.2644239  0.73557615]
 [0.25582778 0.74417216]
 [0.74286544 0.2571346 ]
 [0.6754633  0.3245367 ]
 [0.2570956  0.7429044 ]
 [0.7581775  0.2418225 ]
 [0.26528287 0.73471713]
 [0.2598933  0.7401067 ]
 [0.74294394 0.2570561 ]
 [0.26333806 0.7366619 ]
 [0.7423375  0.25766248]
 [0.7348664  0.2651337 ]
 [0.26592743 0.7340726 ]
 [0.28238276 0.7176172 ]
 [0.26360908 0.7363909 ]
 [0.73483586 0.26516417]
 [0.73535174 0.26464826]
 [0.25679356 0.74320644]
 [0.25712916 0.7428708 ]
 [0.26515007 0.73484993]
 [0.7082237  0.29177633]
 [0.73505425 0.26494572]
 [0.260748   0.739252  ]
 [0.7428621  0.25713798]
 [0.7341196  0.2658804 ]
 [0.2653717  0.7346284 ]
 [0.7418219  0.2581781 ]
 [0.283154   0.716846  ]
 [0.2643357  0.7356643 ]
 [0.74231225 0.25768778]
 [0.7765763  0.22342367]
 [0.7054377  0.29456234]
 [0.25675437 0.74324566]
 [0.7433175  0.2566826 ]
 [0.2752753  0.72472477]
 [0.75988406 0.24011593]
 [0.7601584  0.23984158]
 [0.25712642 0.7428736 ]
 [0.7439553  0.25604466]
 [0.25317317 0.7468269 ]
 [0.2570412  0.7429588 ]
 [0.29338217 0.70661783]
 [0.74274695 0.25725308]
 [0.7273468  0.27265328]
 [0.7627357  0.23726426]
 [0.24752155 0.7524785 ]
 [0.25816524 0.74183476]
 [0.2576389  0.7423611 ]
 [0.2572295  0.7427705 ]
 [0.65297586 0.34702423]
 [0.28264463 0.7173554 ]
 [0.16592906 0.8340709 ]
 [0.74498427 0.25501567]
 [0.20521803 0.794782  ]
 [0.74243677 0.25756323]
 [0.73408437 0.26591566]
 [0.7226964  0.2773035 ]
 [0.29212677 0.7078732 ]
 [0.4959974  0.50400263]
 [0.25255266 0.7474474 ]
 [0.7421284  0.25787157]
 [0.76588166 0.23411834]
 [0.79603785 0.20396213]
 [0.7552225  0.24477758]
 [0.7059418  0.29405826]
 [0.26485202 0.735148  ]
 [0.7428222  0.2571779 ]
 [0.70508915 0.29491085]
 [0.73536396 0.26463604]
 [0.31392974 0.68607026]
 [0.73604697 0.26395306]
 [0.74016154 0.25983834]
 [0.70453465 0.29546535]
 [0.6472022  0.3527978 ]
 [0.73485684 0.26514322]
 [0.25891924 0.74108076]
 [0.73613566 0.26386437]
 [0.2650551  0.7349449 ]
 [0.26501805 0.734982  ]
 [0.25624928 0.7437507 ]
 [0.7428664  0.25713354]
 [0.74287844 0.25712153]
 [0.74385464 0.25614536]
 [0.7717894  0.22821063]
 [0.33267376 0.6673263 ]
 [0.78099644 0.21900359]
 [0.7930874  0.2069126 ]
 [0.73906285 0.26093715]
 [0.2669824  0.7330176 ]
 [0.25713363 0.7428664 ]
 [0.25683442 0.7431656 ]
 [0.25656083 0.7434392 ]
 [0.55598676 0.4440133 ]
 [0.71943754 0.28056243]
 [0.7348433  0.26515675]
 [0.23173901 0.768261  ]
 [0.71475255 0.2852475 ]
 [0.6550762  0.34492385]
 [0.6891046  0.31089535]
 [0.7179968  0.28200328]
 [0.28525886 0.7147412 ]
 [0.716591   0.28340894]
 [0.28295824 0.7170418 ]
 [0.27415156 0.7258484 ]
 [0.7213443  0.27865574]
 [0.736171   0.26382908]
 [0.28562036 0.71437967]
 [0.28171295 0.71828705]
 [0.31572637 0.68427366]
 [0.2848942  0.71510583]
 [0.76680684 0.23319311]
 [0.34936792 0.6506321 ]
 [0.16775565 0.83224434]
 [0.7159594  0.2840406 ]
 [0.28529924 0.71470076]
 [0.72272944 0.27727053]
 [0.28636625 0.7136337 ]
 [0.32683995 0.6731601 ]
 [0.2771049  0.72289515]
 [0.7198691  0.28013086]
 [0.6107545  0.38924554]
 [0.79072195 0.20927803]
 [0.7690937  0.23090631]
 [0.2820004  0.71799964]
 [0.7223321  0.2776679 ]
 [0.267188   0.732812  ]
 [0.476149   0.52385104]
 [0.7175829  0.28241706]
 [0.715252   0.2847481 ]
 [0.71474844 0.28525153]
 [0.29966518 0.7003348 ]
 [0.27596438 0.7240356 ]
 [0.79111814 0.20888181]
 [0.7148748  0.28512523]
 [0.28530928 0.71469074]
 [0.2777503  0.7222497 ]
 [0.28475484 0.7152451 ]
 [0.47372913 0.5262709 ]
 [0.27767214 0.7223279 ]
 [0.2666835  0.73331654]
 [0.2947791  0.7052209 ]
 [0.34031177 0.6596883 ]
 [0.28525126 0.7147487 ]
 [0.71836245 0.28163752]
 [0.28515723 0.71484274]
 [0.7424088  0.25759113]
 [0.25919646 0.74080354]
 [0.28526852 0.7147315 ]
 [0.27768478 0.72231525]
 [0.73789835 0.26210162]
 [0.6672112  0.33278883]
 [0.67547834 0.32452166]
 [0.28559712 0.7144029 ]
 [0.7225932  0.27740684]
 [0.2852498  0.71475023]
 [0.72225636 0.2777437 ]
 [0.2813702  0.71862984]
 [0.7415686  0.25843132]
 [0.29054502 0.709455  ]
 [0.7223257  0.27767432]
 [0.2862685  0.7137315 ]
 [0.714368   0.285632  ]
 [0.7116898  0.2883102 ]
 [0.7147554  0.28524458]
 [0.7148382  0.28516185]
 [0.29514614 0.70485383]
 [0.28528228 0.7147177 ]
 [0.714554   0.28544602]
 [0.6644118  0.33558822]
 [0.27767068 0.7223293 ]
 [0.72836816 0.27163187]
 [0.71475697 0.28524297]
 [0.7226493  0.2773507 ]
 [0.72228926 0.2777108 ]
 [0.54192024 0.4580797 ]
 [0.7214963  0.27850372]
 [0.7267945  0.27320552]
 [0.71404135 0.28595868]
 [0.28572655 0.7142735 ]
 [0.22923675 0.7707633 ]
 [0.28359103 0.71640897]
 [0.70349085 0.29650918]
 [0.42626855 0.5737315 ]
 [0.75994223 0.24005778]
 [0.7223298  0.2776702 ]
 [0.7201306  0.27986938]
 [0.28530642 0.7146936 ]
 [0.7223304  0.2776696 ]
 [0.71417904 0.28582096]
 [0.2852963  0.71470374]
 [0.72209936 0.2779007 ]
 [0.28252015 0.7174799 ]
 [0.73894715 0.2610528 ]
 [0.71987015 0.28012988]
 [0.7031656  0.29683444]
 [0.7202765  0.27972347]
 [0.28071678 0.7192832 ]
 [0.26888838 0.73111165]
 [0.8175248  0.18247516]
 [0.507854   0.49214602]
 [0.70672405 0.29327592]
 [0.683145   0.31685498]
 [0.27597708 0.7240229 ]
 [0.27635726 0.7236427 ]
 [0.1899647  0.8100353 ]
 [0.7148697  0.28513032]
 [0.30265927 0.69734067]
 [0.28548843 0.71451163]
 [0.6826018  0.31739822]
 [0.753795   0.24620497]
 [0.2852484  0.7147516 ]
 [0.28513598 0.7148641 ]
 [0.27763906 0.7223609 ]
 [0.2521874  0.7478127 ]
 [0.7784527  0.22154723]
 [0.7300478  0.26995215]
 [0.2767241  0.72327596]
 [0.69662493 0.303375  ]
 [0.70282197 0.2971781 ]
 [0.7029208  0.2970792 ]
 [0.28978458 0.7102154 ]
 [0.7029297  0.29707032]
 [0.29265007 0.7073499 ]
 [0.28824297 0.71175706]
 [0.31645796 0.683542  ]
 [0.28439912 0.71560085]
 [0.29703376 0.7029663 ]
 [0.74830467 0.25169533]
 [0.7102765  0.28972355]
 [0.29710558 0.7028944 ]
 [0.7320398  0.26796022]
 [0.28977638 0.7102236 ]
 [0.28807643 0.71192354]
 [0.26636475 0.7336353 ]
 [0.28950596 0.71049404]
 [0.29694137 0.7030586 ]
 [0.68311226 0.3168877 ]
 [0.2934567  0.7065433 ]
 [0.28802192 0.711978  ]
 [0.7124152  0.2875848 ]
 [0.3116045  0.68839544]
 [0.29708073 0.7029193 ]
 [0.29692683 0.7030732 ]
 [0.7018124  0.29818767]
 [0.3263948  0.67360526]
 [0.31332448 0.68667555]
 [0.29448923 0.70551074]
 [0.7602853  0.23971467]
 [0.44081417 0.5591858 ]
 [0.34728923 0.6527108 ]
 [0.48899704 0.511003  ]
 [0.28959134 0.7104087 ]
 [0.2898056  0.71019447]
 [0.71014214 0.2898579 ]
 [0.28651825 0.7134818 ]
 [0.6370201  0.36297992]
 [0.29671583 0.70328414]
 [0.2763538  0.72364616]
 [0.69714516 0.30285478]
 [0.71020937 0.2897907 ]
 [0.2970699  0.7029301 ]
 [0.2987988  0.70120126]
 [0.386353   0.613647  ]
 [0.5486743  0.45132563]
 [0.28932112 0.71067894]
 [0.7179382  0.2820618 ]
 [0.2898448  0.71015525]
 [0.7965045  0.20349544]
 [0.51203036 0.48796958]
 [0.29733947 0.70266044]
 [0.7020957  0.29790437]
 [0.28969768 0.71030235]
 [0.7029738  0.2970262 ]
 [0.710214   0.28978604]
 [0.30087414 0.6991258 ]
 [0.7102477  0.28975233]
 [0.7029545  0.29704553]
 [0.76823765 0.2317624 ]
 [0.73072845 0.26927158]
 [0.7025932  0.2974068 ]
 [0.6889751  0.31102487]
 [0.68033403 0.31966597]
 [0.28978494 0.7102151 ]
 [0.18530345 0.8146966 ]
 [0.702964   0.29703596]
 [0.28982806 0.71017194]
 [0.70899755 0.29100242]
 [0.2863416  0.71365845]
 [0.2897891  0.7102109 ]
 [0.2970272  0.70297277]
 [0.24057412 0.7594258 ]
 [0.4026635  0.59733653]
 [0.46042928 0.5395707 ]
 [0.67577344 0.32422656]
 [0.7098249  0.29017505]
 [0.29747662 0.70252335]
 [0.70947343 0.29052663]
 [0.32408932 0.67591065]
 [0.29018316 0.7098168 ]
 [0.7065798  0.29342017]
 [0.7527936  0.24720642]
 [0.2897791  0.71022093]
 [0.7022366  0.29776344]
 [0.25217944 0.7478206 ]
 [0.7102139  0.28978616]
 [0.2970136  0.7029865 ]
 [0.28982076 0.71017915]
 [0.7102117  0.2897883 ]
 [0.2913633  0.70863676]
 [0.28981367 0.7101864 ]
 [0.7029044  0.2970956 ]
 [0.28984407 0.7101559 ]
 [0.8401955  0.15980458]
 [0.29724106 0.7027589 ]
 [0.28979197 0.71020806]
 [0.2897847  0.71021533]
 [0.3017284  0.6982716 ]
 [0.29524657 0.7047534 ]
 [0.7741002  0.22589976]
 [0.70340955 0.29659045]
 [0.5922879  0.40771213]
 [0.7134536  0.28654644]
 [0.42966792 0.5703321 ]
 [0.29628766 0.7037123 ]
 [0.7152921  0.2847079 ]
 [0.28989738 0.7101026 ]
 [0.69304734 0.30695271]
 [0.7101997  0.2898003 ]
 [0.6751012  0.32489878]
 [0.7281013  0.27189872]
 [0.31443807 0.6855619 ]
 [0.71126145 0.28873855]
 [0.7662679  0.23373215]
 [0.7102138  0.28978625]
 [0.3626011  0.6373989 ]
 [0.7121351  0.28786495]
 [0.28972852 0.7102715 ]
 [0.69687366 0.3031263 ]
 [0.29705933 0.7029407 ]
 [0.7088289  0.2911711 ]
 [0.70295066 0.2970494 ]
 [0.61091584 0.3890842 ]
 [0.3503673  0.6496327 ]
 [0.7012737  0.29872638]
 [0.29711258 0.7028874 ]
 [0.7106892  0.28931078]
 [0.25665674 0.7433433 ]
 [0.40807435 0.5919256 ]
 [0.71071494 0.28928506]
 [0.27499747 0.7250026 ]
 [0.22504029 0.77495974]
 [0.29758888 0.7024111 ]
 [0.2571768  0.7428232 ]
 [0.25494534 0.74505466]
 [0.62214994 0.37785012]
 [0.25501806 0.7449819 ]
 [0.3637614  0.6362386 ]
 [0.2903083  0.70969164]
 [0.24291764 0.75708234]
 [0.7030255  0.2969745 ]
 [0.29706886 0.7029312 ]
 [0.29684842 0.7031516 ]
 [0.7118317  0.2881683 ]
 [0.7246463  0.27535376]
 [0.28166515 0.71833485]
 [0.29111072 0.7088893 ]
 [0.28799823 0.7120018 ]
 [0.7055601  0.29444   ]
 [0.29778886 0.7022111 ]
 [0.56254137 0.4374586 ]
 [0.78170323 0.2182968 ]
 [0.70459217 0.2954078 ]
 [0.53188175 0.46811822]
 [0.30386862 0.6961314 ]
 [0.7119821  0.2880179 ]
 [0.7295292  0.27047083]
 [0.70996094 0.2900391 ]
 [0.4940185  0.50598145]
 [0.28935477 0.71064526]
 [0.27607062 0.7239294 ]
 [0.7097082  0.2902918 ]
 [0.28976685 0.7102331 ]
 [0.29692736 0.70307267]
 [0.28965145 0.7103486 ]
 [0.71177495 0.288225  ]
 [0.6577718  0.3422282 ]
 [0.70296067 0.29703936]
 [0.29194584 0.7080542 ]
 [0.710214   0.28978604]
 [0.70321655 0.2967834 ]
 [0.2641873  0.7358127 ]
 [0.7101709  0.28982908]
 [0.7082897  0.29171023]
 [0.3276555  0.67234457]
 [0.29765528 0.70234466]
 [0.7139216  0.28607842]
 [0.34877163 0.65122837]
 [0.71076375 0.28923625]
 [0.2888431  0.71115685]
 [0.70757574 0.29242426]
 [0.22429775 0.7757022 ]
 [0.7165538  0.28344616]
 [0.7102174  0.2897826 ]
 [0.2897578  0.7102423 ]
 [0.29364523 0.7063548 ]
 [0.29725805 0.7027419 ]
 [0.68445975 0.31554025]
 [0.29267216 0.7073279 ]
 [0.29746157 0.70253843]
 [0.37990507 0.62009495]
 [0.71734416 0.28265586]
 [0.29853448 0.70146555]
 [0.7029008  0.29709917]
 [0.30030322 0.6996968 ]
 [0.29164827 0.70835173]
 [0.5139646  0.4860354 ]
 [0.7103826  0.28961742]
 [0.47124743 0.5287525 ]
 [0.2898141  0.7101858 ]
 [0.7057342  0.29426584]
 [0.4593168  0.5406832 ]
 [0.71499336 0.28500664]
 [0.7029186  0.29708138]
 [0.29738325 0.7026168 ]
 [0.32235563 0.6776443 ]
 [0.15881498 0.84118503]
 [0.702927   0.29707295]
 [0.71260864 0.28739136]
 [0.43478703 0.56521297]
 [0.710458   0.28954202]
 [0.67563736 0.32436264]
 [0.70284724 0.2971527 ]
 [0.7176197  0.28238025]
 [0.71347415 0.28652582]
 [0.6414655  0.3585346 ]
 [0.23715132 0.7628487 ]
 [0.28989893 0.71010107]
 [0.7019533  0.2980467 ]
 [0.73159236 0.26840755]
 [0.41844615 0.58155394]
 [0.29983997 0.70016   ]
 [0.42781928 0.5721807 ]
 [0.2970705  0.7029295 ]
 [0.2970751  0.7029249 ]
 [0.50866747 0.4913326 ]
 [0.709221   0.290779  ]
 [0.71021193 0.28978807]
 [0.2903968  0.7096032 ]
 [0.5237019  0.47629815]
 [0.71021116 0.2897888 ]
 [0.52121973 0.4787803 ]
 [0.29005423 0.70994574]
 [0.40521997 0.59477997]
 [0.28962225 0.71037775]
 [0.7028838  0.29711622]
 [0.71643686 0.28356314]
 [0.7158708  0.28412923]
 [0.2909203  0.7090797 ]
 [0.52366954 0.47633043]
 [0.2898017  0.7101983 ]
 [0.629716   0.37028402]
 [0.71014667 0.28985336]
 [0.29405785 0.7059422 ]
 [0.22400552 0.77599454]
 [0.7033129  0.2966871 ]
 [0.2898506  0.7101494 ]
 [0.52450335 0.4754966 ]
 [0.70478064 0.29521933]
 [0.84290177 0.15709826]
 [0.7101675  0.28983247]
 [0.6938606  0.30613944]
 [0.6870604  0.31293952]
 [0.75862443 0.24137555]
 [0.68451387 0.31548613]
 [0.31286275 0.68713725]
 [0.7391038  0.26089618]
 [0.3123443  0.6876557 ]
 [0.63452697 0.365473  ]
 [0.40167773 0.5983223 ]
 [0.69399846 0.3060016 ]
 [0.530432   0.46956798]
 [0.31286004 0.68714   ]
 [0.30573514 0.6942649 ]
 [0.6864488  0.31355122]
 [0.68892545 0.31107453]
 [0.68655574 0.31344426]
 [0.30479765 0.6952024 ]
 [0.35646725 0.64353275]
 [0.32524592 0.67475414]
 [0.6555028  0.34449723]
 [0.30592087 0.6940791 ]
 [0.6868397  0.3131603 ]
 [0.34101394 0.6589861 ]
 [0.55677927 0.4432208 ]
 [0.6860315  0.3139685 ]
 [0.29207978 0.7079202 ]
 [0.7143195  0.2856805 ]
 [0.3220771  0.67792284]
 [0.25693667 0.7430634 ]
 [0.69453347 0.3054666 ]
 [0.69463176 0.3053683 ]
 [0.6871118  0.31288815]
 [0.7425922  0.25740784]
 [0.6914292  0.30857086]
 [0.6272538  0.3727462 ]
 [0.7252314  0.2747686 ]
 [0.4423965  0.5576035 ]
 [0.30575046 0.6942496 ]
 [0.68787235 0.31212765]
 [0.31284854 0.6871515 ]
 [0.68312466 0.31687528]
 [0.73890316 0.2610968 ]
 [0.28443322 0.7155668 ]
 [0.6939678  0.30603215]
 [0.6939909  0.30600905]
 [0.6868745  0.3131255 ]
 [0.68709934 0.3129007 ]
 [0.6873479  0.31265214]
 [0.7132959  0.28670412]
 [0.6876486  0.31235144]
 [0.69415027 0.30584976]
 [0.30626196 0.69373804]
 [0.3126095  0.6873905 ]
 [0.31284755 0.68715245]
 [0.6873667  0.31263337]
 [0.4809356  0.5190645 ]
 [0.32175326 0.67824674]
 [0.6959249  0.30407515]
 [0.30599526 0.69400483]
 [0.7321702  0.26782984]
 [0.68812066 0.31187934]
 [0.6661663  0.3338337 ]
 [0.3032142  0.69678575]
 [0.4022908  0.5977092 ]
 [0.6933994  0.3066006 ]
 [0.25300932 0.7469907 ]
 [0.5158994  0.48410064]
 [0.55764556 0.44235444]
 [0.6940006  0.30599937]
 [0.6973037  0.30269632]
 [0.30522373 0.6947763 ]
 [0.69398344 0.30601656]
 [0.30601627 0.6939838 ]
 [0.6909028  0.30909723]
 [0.6981119  0.30188814]
 [0.7317438  0.26825616]
 [0.6870103  0.3129897 ]
 [0.30593958 0.69406044]
 [0.67345685 0.32654315]
 [0.44160354 0.5583964 ]
 [0.29761845 0.70238155]
 [0.31277806 0.687222  ]
 [0.31153864 0.68846136]
 [0.3059984  0.6940017 ]
 [0.4727867  0.52721334]
 [0.6865917  0.31340834]
 [0.6880844  0.3119156 ]
 [0.6922702  0.3077298 ]
 [0.29562598 0.704374  ]
 [0.39161536 0.6083846 ]
 [0.30501965 0.69498044]
 [0.36780754 0.63219243]
 [0.69391775 0.3060822 ]
 [0.3072859  0.6927141 ]
 [0.2872124  0.71278757]
 [0.6216328  0.37836713]
 [0.283693   0.716307  ]
 [0.24732962 0.7526704 ]]
/home/gb21553/miniconda3/envs/jax/lib/python3.12/multiprocessing/popen_fork.py:66: RuntimeWarning: os.fork() was called. os.fork() is incompatible with multithreaded code, and JAX is multithreaded, so this will likely lead to a deadlock.
  self.pid = os.fork()
        Validation Criterion: 6582.52050781
        Saving best model so far ...
✔️ Gating k-means converged after 1 iterations
✔️ Gating k-means converged after 1 iterations
✔️ Gating k-means converged after 1 iterations
✔️ Gating k-means converged after 1 iterations
✔️ Gating k-means converged after 1 iterations
03:01:06      Epoch:   0      Batch:   0      OuterStep:   4      LossModel: 10813.69238281     LossTerm2: 0.00000000     LossGates: 0.00000000      Time/Step(s): 1804.3408Contributing envs to the losses:  [222 157 454 315 125 394 452   2  91 104 124 223  57 252   5 105 140 389  39   0 231 284 168  16  82  24 263 375 472 358  81 393  97 363 226 255 232 209 377 265 184 179 334  62  26 278 130 402 816 446 138 326  15 336  86 102 355 404 376 362 285 465 205 788 325 214 277 907 221 237 180 643 483 241 344 289 587 571 608 433 505  45 491 172 506 542 583 545 511 507 474 541 549 539 566 555 540 563 883 845  48 586 182 721 874 680 448 559 300 745 677 286 150 346 572 697 657 595 183 842 621 678 718 650 662 764 599 804 688 597 832 800 809 704 790 114 596 471 737 578 815 450 797 319 715 272 409 113 648 579 706 658 528 861 671 886 463 895 934 897 893 924 879 894 902 933 863 869 888 808 908 851 546 251 696 921 909 276 926  43 127 889 636 110 398 527 488 165 529 500 855 440  17 943 264 605 439 498 793 318 436 915 359  12 812 844 822 576 118 136 504 871 614 196 126 732 434 872 345 690 307 725 795 194 862 698 230 750 710  77 626 256 476 896 262 882 937 655 331 939 275 357 669 560  38 627 383 462 853 577 260 464 628 287   1  99  93 160 865 508 303 656 535 719 810 741 518 873 757 553 904 834 623 212 523 875 639 584 570 930 445 635 479 142  70 145 481 805 435 534 864 811 866 932 713 789 654 569 548 617 917 496 849 833 905 885 686 799 299 513 674 877 293 538 702 699 860 388 460 600 703 580 238 911 198 391 762 625 881 333 806 601 753 664 752  54 941 631 612 740 178 754 794 235 208 531 151 568 644 835 920 922 629 330 825 675 430 147 726 769 807 432 186 146 416 676 775  71 899 351 493 477 356 304 892 649 843 137  88 590 692 796 663 341 459 919 666 329 759 940 380 689 215  87 606 458 837 562 684 502 266 609 526 682 565 537 401 245 687 660 916 516 824 651 766 547 350 693 756 598 637 827 679 310 685 906 931 236 711 135 705 735  11 857 925  74 257 171  65 123 898 349  98 868 364 218 288 935 533 653 848 831 314   3 891 420 561 354 642 850 780 407 847 823 714 316 758  14 839 200 551 672 449]
Gate kernel values: 
 [[-91.879       90.74408   ]
 [ -0.07369614   2.5436935 ]]
The factor: how much of the new gate kernel do I used ? [0.001]
Gate values for each environment (all envs): 
 [[0.7314487  0.26855126]
 [0.742099   0.25790104]
 [0.7310852  0.26891482]
 [0.7371768  0.26282322]
 [0.3625543  0.6374457 ]
 [0.73163474 0.26836523]
 [0.26265734 0.73734266]
 [0.25863895 0.741361  ]
 [0.7437918  0.25620824]
 [0.73001343 0.26998663]
 [0.20753391 0.7924661 ]
 [0.2659875  0.73401254]
 [0.5178417  0.48215827]
 [0.2621106  0.7378894 ]
 [0.73646414 0.26353583]
 [0.74244326 0.2575567 ]
 [0.7314411  0.2685589 ]
 [0.6505414  0.34945855]
 [0.29492882 0.70507115]
 [0.73726225 0.26273772]
 [0.26850182 0.73149824]
 [0.26979604 0.730204  ]
 [0.2696959  0.7303041 ]
 [0.2691603  0.7308397 ]
 [0.73144066 0.2685593 ]
 [0.26136622 0.7386338 ]
 [0.7314018  0.2685982 ]
 [0.736516   0.263484  ]
 [0.26342174 0.7365783 ]
 [0.2685499  0.73145014]
 [0.5213577  0.47864223]
 [0.305833   0.694167  ]
 [0.7337631  0.2662369 ]
 [0.2628546  0.7371454 ]
 [0.2566625  0.7433376 ]
 [0.70783496 0.29216507]
 [0.2913249  0.70867515]
 [0.2681319  0.731868  ]
 [0.3491579  0.65084213]
 [0.73144567 0.2685544 ]
 [0.2628893  0.7371106 ]
 [0.26855937 0.7314406 ]
 [0.642537   0.357463  ]
 [0.7562412  0.24375875]
 [0.20614016 0.79385984]
 [0.7500162  0.24998377]
 [0.38911784 0.61088216]
 [0.26855937 0.7314406 ]
 [0.69101095 0.3089891 ]
 [0.40783012 0.5921699 ]
 [0.2629668  0.7370332 ]
 [0.26857772 0.7314223 ]
 [0.2685592  0.7314408 ]
 [0.26090914 0.73909086]
 [0.73672    0.26327997]
 [0.8368858  0.16311413]
 [0.7319866  0.2680134 ]
 [0.7309568  0.26904315]
 [0.26835242 0.73164755]
 [0.26286036 0.73713964]
 [0.26009634 0.7399036 ]
 [0.24370518 0.7562948 ]
 [0.73196733 0.26803267]
 [0.26341626 0.7365837 ]
 [0.5197463  0.48025382]
 [0.737114   0.26288596]
 [0.26968324 0.73031676]
 [0.6085609  0.39143914]
 [0.48844346 0.51155657]
 [0.7464499  0.2535502 ]
 [0.7839497  0.21605028]
 [0.2652601  0.73473996]
 [0.15582609 0.84417385]
 [0.25563517 0.7443648 ]
 [0.7371206  0.26287934]
 [0.2677901  0.73220986]
 [0.26287356 0.7371264 ]
 [0.7405415  0.25945842]
 [0.2628746  0.7371254 ]
 [0.19754872 0.80245125]
 [0.27182934 0.7281707 ]
 [0.7314297  0.26857024]
 [0.73144233 0.2685577 ]
 [0.253225   0.74677503]
 [0.77481335 0.22518668]
 [0.26491556 0.7350845 ]
 [0.7374874  0.2625126 ]
 [0.73713064 0.26286936]
 [0.73710793 0.2628921 ]
 [0.21916333 0.78083664]
 [0.25642133 0.7435786 ]
 [0.7318978  0.26810226]
 [0.26667425 0.7333257 ]
 [0.7445347  0.2554653 ]
 [0.12608786 0.8739121 ]
 [0.74359554 0.25640446]
 [0.26840255 0.7315974 ]
 [0.7314232  0.26857674]
 [0.7371131  0.26288688]
 [0.3064753  0.69352466]
 [0.26416886 0.7358312 ]
 [0.2579526  0.7420474 ]
 [0.73094094 0.26905903]
 [0.2190368  0.7809631 ]
 [0.73168164 0.26831833]
 [0.7316135  0.2683865 ]
 [0.26827893 0.73172104]
 [0.2837341  0.71626586]
 [0.26402074 0.7359793 ]
 [0.73087263 0.26912743]
 [0.7065562  0.2934438 ]
 [0.2625147  0.73748535]
 [0.25592715 0.7440729 ]
 [0.7445045  0.25549552]
 [0.7842502  0.21574982]
 [0.2630416  0.7369584 ]
 [0.26336592 0.7366341 ]
 [0.26277524 0.73722476]
 [0.6848074  0.31519258]
 [0.19973509 0.80026495]
 [0.2679082  0.7320918 ]
 [0.73687106 0.26312897]
 [0.7515989  0.2484011 ]
 [0.7371319  0.2628681 ]
 [0.73172235 0.2682776 ]
 [0.73223764 0.2677624 ]
 [0.8918417  0.10815822]
 [0.7147474  0.2852526 ]
 [0.6305085  0.3694915 ]
 [0.26286376 0.7371363 ]
 [0.7308065  0.26919347]
 [0.6621587  0.33784133]
 [0.46771783 0.53228223]
 [0.1548761  0.8451238 ]
 [0.26513875 0.73486125]
 [0.7371275  0.26287252]
 [0.5352804  0.4647196 ]
 [0.7371214  0.26287857]
 [0.7315295  0.26847047]
 [0.71406496 0.285935  ]
 [0.7314076  0.2685924 ]
 [0.25013214 0.74986786]
 [0.5208913  0.47910872]
 [0.2627324  0.7372676 ]
 [0.26311058 0.7368894 ]
 [0.7424279  0.25757217]
 [0.73709196 0.262908  ]
 [0.7340034  0.26599663]
 [0.26850227 0.7314977 ]
 [0.26284808 0.737152  ]
 [0.7254521  0.27454793]
 [0.7444309  0.2555691 ]
 [0.26287726 0.73712265]
 [0.21937671 0.7806233 ]
 [0.26855108 0.7314488 ]
 [0.27078256 0.7292174 ]
 [0.32135203 0.678648  ]
 [0.73200047 0.26799953]
 [0.8137434  0.18625665]
 [0.7079506  0.29204938]
 [0.6620029  0.33799717]
 [0.25763834 0.74236166]
 [0.2790583  0.7209417 ]
 [0.2686643  0.73133564]
 [0.2122668  0.7877332 ]
 [0.5948281  0.4051719 ]
 [0.6575105  0.34248948]
 [0.26711464 0.73288536]
 [0.7314033  0.26859662]
 [0.28169712 0.71830285]
 [0.26227933 0.73772067]
 [0.7370933  0.26290664]
 [0.7475004  0.2524996 ]
 [0.26230028 0.73769975]
 [0.16033642 0.8396636 ]
 [0.7241892  0.2758108 ]
 [0.23877485 0.7612251 ]
 [0.6718287  0.32817134]
 [0.7379496  0.26205045]
 [0.7312038  0.2687962 ]
 [0.71638846 0.28361157]
 [0.26529512 0.73470485]
 [0.7076943  0.29230574]
 [0.7623478  0.23765215]
 [0.73135465 0.26864532]
 [0.27043483 0.72956514]
 [0.74276143 0.25723857]
 [0.26855108 0.7314489 ]
 [0.26734513 0.73265487]
 [0.26855925 0.7314407 ]
 [0.26289245 0.7371075 ]
 [0.25926027 0.7407397 ]
 [0.26176515 0.7382348 ]
 [0.26833826 0.73166174]
 [0.4676983  0.5323017 ]
 [0.26843977 0.73156023]
 [0.47292942 0.5270705 ]
 [0.71075827 0.2892417 ]
 [0.7398112  0.26018885]
 [0.26786694 0.7321331 ]
 [0.2651383  0.73486173]
 [0.26287505 0.73712486]
 [0.24734755 0.75265247]
 [0.7339768  0.26602322]
 [0.25095132 0.74904865]
 [0.7201363  0.27986374]
 [0.26856062 0.73143935]
 [0.73156404 0.26843593]
 [0.2666309  0.7333691 ]
 [0.7313665  0.26863348]
 [0.26844206 0.7315579 ]
 [0.268479   0.73152107]
 [0.2924159  0.70758414]
 [0.18498963 0.81501037]
 [0.73798865 0.26201138]
 [0.7369825  0.26301748]
 [0.31248343 0.68751657]
 [0.25899258 0.7410073 ]
 [0.7371979  0.2628021 ]
 [0.73592687 0.2640731 ]
 [0.23270884 0.7672912 ]
 [0.7348975  0.26510248]
 [0.7333419  0.2666581 ]
 [0.73557025 0.26442975]
 [0.26878583 0.73121417]
 [0.27730748 0.72269255]
 [0.7314554  0.26854455]
 [0.26881975 0.73118025]
 [0.19064231 0.8093577 ]
 [0.27332014 0.7266799 ]
 [0.4812627  0.51873726]
 [0.731469   0.268531  ]
 [0.7314527  0.2685473 ]
 [0.7464609  0.25353912]
 [0.21996737 0.78003263]
 [0.73441225 0.26558778]
 [0.73712635 0.26287362]
 [0.7303492  0.26965085]
 [0.73372585 0.26627418]
 [0.26681948 0.7331805 ]
 [0.7352444  0.26475567]
 [0.73370403 0.266296  ]
 [0.2685591  0.73144084]
 [0.2620908  0.7379092 ]
 [0.12497965 0.8750203 ]
 [0.73712504 0.26287502]
 [0.21060315 0.7893969 ]
 [0.27282384 0.72717613]
 [0.31782147 0.6821785 ]
 [0.77721477 0.22278525]
 [0.20342179 0.7965783 ]
 [0.812911   0.18708906]
 [0.73164916 0.2683508 ]
 [0.73779666 0.2622033 ]
 [0.2628812  0.7371188 ]
 [0.73170877 0.26829126]
 [0.45708457 0.54291546]
 [0.7370804  0.2629196 ]
 [0.26300874 0.7369913 ]
 [0.26855934 0.73144066]
 [0.64331335 0.3566866 ]
 [0.7434687  0.25653124]
 [0.740246   0.25975397]
 [0.7314408  0.2685592 ]
 [0.6852015  0.31479844]
 [0.7313264  0.2686736 ]
 [0.73713136 0.26286864]
 [0.6033126  0.39668742]
 [0.7843652  0.21563481]
 [0.2548104  0.74518955]
 [0.7425565  0.2574435 ]
 [0.26920184 0.7307982 ]
 [0.6873354  0.31266466]
 [0.27662218 0.7233778 ]
 [0.27770504 0.722295  ]
 [0.40324047 0.5967595 ]
 [0.81425756 0.18574248]
 [0.73006976 0.26993027]
 [0.7305562  0.2694438 ]
 [0.26288128 0.73711866]
 [0.27460143 0.7253986 ]
 [0.21091269 0.7890873 ]
 [0.15456136 0.84543866]
 [0.26287425 0.7371258 ]
 [0.73144513 0.2685548 ]
 [0.72890115 0.2710989 ]
 [0.7234904  0.27650955]
 [0.32681432 0.6731857 ]
 [0.73707616 0.26292384]
 [0.73634154 0.2636585 ]
 [0.26382184 0.73617816]
 [0.26311213 0.7368878 ]
 [0.26263475 0.73736525]
 [0.73912966 0.2608703 ]
 [0.26353803 0.73646194]
 [0.2648801  0.73511994]
 [0.79185253 0.20814744]
 [0.2530504  0.7469496 ]
 [0.25552794 0.7444721 ]
 [0.7415973  0.25840276]
 [0.73203754 0.26796243]
 [0.82793015 0.17206988]
 [0.25756812 0.7424318 ]
 [0.7434241  0.25657588]
 [0.2657925  0.7342075 ]
 [0.28426427 0.71573573]
 [0.22620682 0.77379316]
 [0.4237699  0.57623017]
 [0.32537532 0.6746246 ]
 [0.21159758 0.7884024 ]
 [0.7371214  0.26287863]
 [0.24403082 0.75596917]
 [0.23967242 0.7603276 ]
 [0.26943704 0.730563  ]
 [0.73698914 0.2630108 ]
 [0.7340004  0.26599973]
 [0.26840025 0.7315997 ]
 [0.2633959  0.7366041 ]
 [0.5344989  0.46550113]
 [0.76353157 0.23646842]
 [0.27825144 0.7217486 ]
 [0.26271695 0.73728305]
 [0.2681516  0.73184836]
 [0.28257504 0.717425  ]
 [0.18973395 0.810266  ]
 [0.73579186 0.26420808]
 [0.7314941  0.26850587]
 [0.26851475 0.7314852 ]
 [0.26526433 0.73473567]
 [0.7372031  0.26279688]
 [0.73726696 0.262733  ]
 [0.753988   0.24601193]
 [0.48443165 0.5155684 ]
 [0.4886216  0.5113784 ]
 [0.7301999  0.2698002 ]
 [0.5877127  0.4122873 ]
 [0.731268   0.26873195]
 [0.2680135  0.7319865 ]
 [0.7357206  0.26427945]
 [0.2674522  0.7325478 ]
 [0.26815146 0.73184854]
 [0.7370658  0.2629342 ]
 [0.26618472 0.7338153 ]
 [0.26947647 0.7305235 ]
 [0.7136359  0.2863641 ]
 [0.84591556 0.15408444]
 [0.72438616 0.27561387]
 [0.26848605 0.731514  ]
 [0.25219733 0.7478027 ]
 [0.7368571  0.26314285]
 [0.73712045 0.26287946]
 [0.737403   0.26259696]
 [0.27529114 0.72470886]
 [0.2685731  0.7314269 ]
 [0.7369952  0.26300478]
 [0.7336541  0.26634598]
 [0.7368121  0.26318792]
 [0.38799107 0.6120089 ]
 [0.73143935 0.26856062]
 [0.8299929  0.17000706]
 [0.66972774 0.33027223]
 [0.2590451  0.7409549 ]
 [0.7318981  0.2681019 ]
 [0.73141944 0.26858053]
 [0.73707837 0.26292163]
 [0.16684297 0.833157  ]
 [0.7008239  0.29917616]
 [0.27902865 0.72097135]
 [0.26304036 0.73695964]
 [0.26220712 0.7377929 ]
 [0.26287866 0.7371214 ]
 [0.74197215 0.25802782]
 [0.25624368 0.7437563 ]
 [0.22663933 0.7733606 ]
 [0.26915228 0.7308477 ]
 [0.7314407  0.26855925]
 [0.7226538  0.2773462 ]
 [0.7314425  0.26855746]
 [0.2669164  0.73308367]
 [0.26164868 0.7383512 ]
 [0.7371258  0.26287425]
 [0.73722607 0.26277393]
 [0.26284772 0.7371523 ]
 [0.7278577  0.27214235]
 [0.26839817 0.73160183]
 [0.2657166  0.73428345]
 [0.73704475 0.26295525]
 [0.26671207 0.73328793]
 [0.7365916  0.2634084 ]
 [0.7314851  0.26851487]
 [0.2692613  0.73073876]
 [0.28808615 0.7119139 ]
 [0.26676998 0.73323   ]
 [0.73143333 0.26856664]
 [0.73189956 0.26810044]
 [0.26249754 0.73750246]
 [0.2628675  0.73713255]
 [0.26855206 0.73144794]
 [0.7064655  0.2935345 ]
 [0.73095757 0.26904237]
 [0.26684135 0.7331587 ]
 [0.7371187  0.26288128]
 [0.73027056 0.26972952]
 [0.2688131  0.73118687]
 [0.7392007  0.2607993 ]
 [0.28706694 0.712933  ]
 [0.26965925 0.7303408 ]
 [0.73645043 0.2635495 ]
 [0.7766292  0.22337084]
 [0.69148815 0.30851185]
 [0.26215026 0.7378498 ]
 [0.7376282  0.26237178]
 [0.3351046  0.6648953 ]
 [0.8179197  0.18208033]
 [0.75702286 0.24297714]
 [0.26286426 0.7371357 ]
 [0.7389781  0.26102188]
 [0.25854886 0.74145114]
 [0.26279378 0.7372062 ]
 [0.32075468 0.67924535]
 [0.7369836  0.26301646]
 [0.71699846 0.2830015 ]
 [0.7662943  0.23370577]
 [0.25337672 0.7466233 ]
 [0.2642369  0.7357632 ]
 [0.26223835 0.7377616 ]
 [0.26297548 0.7370245 ]
 [0.6141295  0.3858705 ]
 [0.28974438 0.7102557 ]
 [0.16436616 0.8356339 ]
 [0.7497522  0.25024778]
 [0.20653355 0.79346645]
 [0.7367236  0.26327646]
 [0.731535   0.26846495]
 [0.71788687 0.2821131 ]
 [0.2832507  0.7167493 ]
 [0.516851   0.48314896]
 [0.25771937 0.74228066]
 [0.73625654 0.2637435 ]
 [0.76217544 0.23782454]
 [0.7893267  0.21067318]
 [0.75548154 0.24451844]
 [0.7047478  0.2952522 ]
 [0.26833788 0.73166203]
 [0.73446447 0.2655356 ]
 [0.73750323 0.26249677]
 [0.7319086  0.26809144]
 [0.3072605  0.6927395 ]
 [0.7230867  0.2769133 ]
 [0.73409176 0.26590827]
 [0.6785076  0.32149243]
 [0.6443733  0.35562673]
 [0.7314641  0.2685359 ]
 [0.22207724 0.77792275]
 [0.73300886 0.2669912 ]
 [0.26848823 0.7315117 ]
 [0.26841885 0.73158115]
 [0.2604416  0.73955846]
 [0.7371597  0.26284027]
 [0.7371262  0.26287386]
 [0.7377907  0.26220927]
 [0.7633513  0.23664865]
 [0.33683017 0.66316986]
 [0.7871093  0.21289065]
 [0.79363686 0.20636313]
 [0.73535466 0.2646454 ]
 [0.27016702 0.72983295]
 [0.26287508 0.73712486]
 [0.26249534 0.73750466]
 [0.26136693 0.7386331 ]
 [0.5615069  0.43849307]
 [0.70396477 0.2960353 ]
 [0.7314412  0.26855877]
 [0.22358914 0.7764109 ]
 [0.7135743  0.28642574]
 [0.6514343  0.34856567]
 [0.651151   0.34884906]
 [0.7140887  0.2859113 ]
 [0.28644592 0.71355414]
 [0.7132064  0.2867936 ]
 [0.28318438 0.71681565]
 [0.27725127 0.72274876]
 [0.7171719  0.28282806]
 [0.7365164  0.26348364]
 [0.2817507  0.7182492 ]
 [0.27963626 0.72036374]
 [0.33633104 0.66366893]
 [0.28605166 0.71394837]
 [0.7661753  0.23382477]
 [0.3614956  0.6385044 ]
 [0.16442102 0.835579  ]
 [0.71525866 0.28474128]
 [0.28648648 0.71351355]
 [0.71937406 0.28062588]
 [0.28823966 0.71176034]
 [0.32338965 0.67661035]
 [0.28052914 0.7194708 ]
 [0.71532273 0.28467733]
 [0.544764   0.4552361 ]
 [0.7912159  0.20878409]
 [0.79959404 0.20040601]
 [0.28603595 0.7139641 ]
 [0.71897304 0.2810269 ]
 [0.27338085 0.72661924]
 [0.48181093 0.518189  ]
 [0.7194482  0.2805518 ]
 [0.7138969  0.2861031 ]
 [0.71357197 0.28642803]
 [0.31565925 0.6843408 ]
 [0.27904773 0.7209523 ]
 [0.79828995 0.20171006]
 [0.71367645 0.28632358]
 [0.28648144 0.71351856]
 [0.2808738  0.71912616]
 [0.28596404 0.714036  ]
 [0.5065305  0.49346948]
 [0.28103283 0.7189672 ]
 [0.26299047 0.7370095 ]
 [0.30954835 0.6904517 ]
 [0.3148219  0.6851781 ]
 [0.28642738 0.7135726 ]
 [0.7149071  0.28509295]
 [0.28633338 0.7136666 ]
 [0.74410313 0.25589687]
 [0.28799123 0.7120087 ]
 [0.28644627 0.7135537 ]
 [0.28104663 0.7189533 ]
 [0.7430417  0.25695828]
 [0.71442944 0.28557062]
 [0.6510388  0.3489612 ]
 [0.28676382 0.71323615]
 [0.71947455 0.28052545]
 [0.286426   0.71357405]
 [0.71886694 0.28113306]
 [0.28920138 0.7107986 ]
 [0.7428544  0.25714555]
 [0.29341933 0.7065807 ]
 [0.71896565 0.28103438]
 [0.28902254 0.71097744]
 [0.7122224  0.28777766]
 [0.71135426 0.28864577]
 [0.7135792  0.2864209 ]
 [0.7137095  0.28629053]
 [0.30929577 0.6907043 ]
 [0.28646088 0.7135391 ]
 [0.7132207  0.28677934]
 [0.66229016 0.33770987]
 [0.2810307  0.7189692 ]
 [0.7244565  0.2755435 ]
 [0.7134937  0.28650633]
 [0.7153577  0.28464222]
 [0.71913606 0.28086394]
 [0.4677818  0.5322182 ]
 [0.7182004  0.28179955]
 [0.72692037 0.27307966]
 [0.71283376 0.28716624]
 [0.2875919  0.71240807]
 [0.23076355 0.76923645]
 [0.2846366  0.7153634 ]
 [0.70091456 0.2990854 ]
 [0.50652033 0.4934796 ]
 [0.76180947 0.23819053]
 [0.7189712  0.2810288 ]
 [0.7188357  0.2811643 ]
 [0.28648564 0.7135143 ]
 [0.71896297 0.281037  ]
 [0.7129529  0.2870471 ]
 [0.28654203 0.713458  ]
 [0.7187482  0.28125182]
 [0.28884584 0.71115416]
 [0.73974717 0.26025283]
 [0.719006   0.28099397]
 [0.70200753 0.2979925 ]
 [0.7148638  0.28513625]
 [0.27031952 0.7296805 ]
 [0.2729192  0.7270808 ]
 [0.8062295  0.19377054]
 [0.51717436 0.48282564]
 [0.700859   0.29914105]
 [0.6749952  0.32500485]
 [0.2796446  0.72035533]
 [0.27963716 0.72036284]
 [0.19384766 0.8061523 ]
 [0.71370304 0.28629696]
 [0.30378574 0.6962143 ]
 [0.28669137 0.71330863]
 [0.70821977 0.2917802 ]
 [0.7245918  0.27540815]
 [0.28642446 0.7135755 ]
 [0.28617284 0.71382713]
 [0.28105634 0.71894366]
 [0.25683865 0.7431614 ]
 [0.83005935 0.16994062]
 [0.74178296 0.258217  ]
 [0.28000072 0.7199993 ]
 [0.69535226 0.3046477 ]
 [0.7035041  0.29649597]
 [0.7036877  0.2963122 ]
 [0.29108253 0.70891744]
 [0.7036988  0.29630122]
 [0.29352102 0.70647895]
 [0.28141865 0.7185813 ]
 [0.31568316 0.6843168 ]
 [0.27373472 0.7262653 ]
 [0.2962612  0.7037388 ]
 [0.7554306  0.24456936]
 [0.70898    0.29101998]
 [0.2963378  0.70366216]
 [0.7164232  0.2835768 ]
 [0.29107383 0.7089262 ]
 [0.2881108  0.7118892 ]
 [0.2654135  0.73458654]
 [0.290807   0.70919293]
 [0.29616326 0.70383674]
 [0.6695989  0.33040115]
 [0.29223016 0.7077699 ]
 [0.28706303 0.71293694]
 [0.71162254 0.2883775 ]
 [0.26899567 0.73100436]
 [0.29631197 0.703688  ]
 [0.29590124 0.70409876]
 [0.69942105 0.30057895]
 [0.32640016 0.6735999 ]
 [0.33730364 0.66269636]
 [0.29608804 0.703912  ]
 [0.767265   0.23273496]
 [0.4138724  0.58612764]
 [0.3126619  0.6873382 ]
 [0.49112263 0.50887734]
 [0.29088792 0.70911205]
 [0.28857318 0.7114268 ]
 [0.7088423  0.29115778]
 [0.28743353 0.71256644]
 [0.6314159  0.3685841 ]
 [0.29590866 0.70409137]
 [0.28280878 0.7171912 ]
 [0.6953964  0.30460358]
 [0.7089111  0.29108885]
 [0.29630086 0.7036991 ]
 [0.30159503 0.69840497]
 [0.3839307  0.6160693 ]
 [0.50270617 0.49729374]
 [0.29051742 0.7094826 ]
 [0.7189363  0.28106368]
 [0.29113483 0.7088652 ]
 [0.8059422  0.19405779]
 [0.50508946 0.49491054]
 [0.29628232 0.70371765]
 [0.70271146 0.2972886 ]
 [0.29100668 0.7089933 ]
 [0.7037625  0.29623753]
 [0.70891595 0.29108405]
 [0.3042074  0.69579256]
 [0.70894563 0.29105437]
 [0.71357393 0.2864261 ]
 [0.76795083 0.23204912]
 [0.730426   0.26957402]
 [0.70360154 0.2963984 ]
 [0.6870916  0.31290847]
 [0.6739396  0.3260604 ]
 [0.29108262 0.7089174 ]
 [0.16653176 0.83346826]
 [0.7037441  0.29625586]
 [0.29119134 0.70880866]
 [0.7069778  0.29302225]
 [0.2853388  0.71466124]
 [0.29110608 0.7088939 ]
 [0.29609358 0.7039064 ]
 [0.20126286 0.7987372 ]
 [0.4688427  0.5311573 ]
 [0.48082468 0.5191753 ]
 [0.6748354  0.32516462]
 [0.7081318  0.29186818]
 [0.29652178 0.70347816]
 [0.70813227 0.2918677 ]
 [0.34753314 0.65246683]
 [0.29163024 0.70836973]
 [0.7076752  0.29232478]
 [0.76972336 0.23027673]
 [0.2910715  0.70892847]
 [0.7015604  0.2984396 ]
 [0.2505759  0.7494241 ]
 [0.7089224  0.2910776 ]
 [0.2963134  0.70368654]
 [0.29115695 0.7088431 ]
 [0.7089149  0.29108515]
 [0.29385665 0.7061434 ]
 [0.29111525 0.7088847 ]
 [0.7036727  0.2963272 ]
 [0.29114032 0.7088596 ]
 [0.85177445 0.14822552]
 [0.2967176  0.7032824 ]
 [0.29109216 0.70890784]
 [0.2910826  0.70891744]
 [0.29394934 0.7060507 ]
 [0.30224746 0.69775254]
 [0.7929621  0.20703796]
 [0.7058999  0.29410008]
 [0.5865824  0.41341764]
 [0.71295536 0.28704458]
 [0.39990824 0.60009176]
 [0.2955121  0.7044879 ]
 [0.71462643 0.2853736 ]
 [0.29301202 0.706988  ]
 [0.69008857 0.3099115 ]
 [0.708899   0.29110095]
 [0.6744896  0.32551038]
 [0.73348385 0.26651615]
 [0.31447065 0.6855294 ]
 [0.7100648  0.28993514]
 [0.79990447 0.20009552]
 [0.70891523 0.2910848 ]
 [0.38884524 0.6111548 ]
 [0.71417475 0.28582522]
 [0.2910308  0.7089691 ]
 [0.69748724 0.30251274]
 [0.2962913  0.70370877]
 [0.70759475 0.29240528]
 [0.7036906  0.29630947]
 [0.5277402  0.47225982]
 [0.2578693  0.7421307 ]
 [0.70170623 0.2982938 ]
 [0.2962859  0.70371413]
 [0.70846784 0.2915322 ]
 [0.2485542  0.7514459 ]
 [0.46919498 0.53080505]
 [0.7095568  0.29044315]
 [0.2761032  0.7238968 ]
 [0.22413655 0.77586347]
 [0.29682866 0.7031714 ]
 [0.2815299  0.71847016]
 [0.20942888 0.7905711 ]
 [0.56949633 0.4305036 ]
 [0.25420693 0.74579304]
 [0.35508776 0.6449123 ]
 [0.2928455  0.7071545 ]
 [0.23995891 0.76004106]
 [0.703818   0.29618195]
 [0.29629937 0.7037006 ]
 [0.29606336 0.70393664]
 [0.710569   0.28943098]
 [0.722912   0.277088  ]
 [0.28233323 0.71766675]
 [0.29181954 0.7081805 ]
 [0.28904074 0.71095926]
 [0.7066165  0.29338345]
 [0.2974115  0.70258856]
 [0.4966128  0.50338715]
 [0.7530548  0.24694522]
 [0.7025571  0.29744294]
 [0.48943037 0.51056963]
 [0.30677947 0.6932205 ]
 [0.7122298  0.2877702 ]
 [0.71134615 0.28865382]
 [0.7087137  0.29128623]
 [0.5227511  0.47724888]
 [0.2908519  0.7091481 ]
 [0.3211884  0.67881155]
 [0.7081309  0.29186913]
 [0.2911522  0.70884776]
 [0.2968444  0.70315564]
 [0.29067078 0.7093292 ]
 [0.710861   0.28913897]
 [0.6503419  0.34965807]
 [0.703732   0.296268  ]
 [0.2908454  0.70915467]
 [0.70891595 0.2910841 ]
 [0.7023079  0.29769215]
 [0.26101765 0.7389824 ]
 [0.70887256 0.2911274 ]
 [0.69252366 0.30747637]
 [0.32592282 0.6740771 ]
 [0.29725307 0.70274687]
 [0.7125774  0.28742263]
 [0.3415144  0.6584856 ]
 [0.70949405 0.29050598]
 [0.2899151  0.7100849 ]
 [0.70600486 0.2939952 ]
 [0.21627408 0.7837259 ]
 [0.6945194  0.30548057]
 [0.7089219  0.2910781 ]
 [0.29022017 0.7097798 ]
 [0.29249427 0.7075057 ]
 [0.29199934 0.7080006 ]
 [0.6807753  0.3192247 ]
 [0.2941532  0.7058468 ]
 [0.29688147 0.7031185 ]
 [0.3863958  0.6136041 ]
 [0.7229377  0.2770623 ]
 [0.307481   0.692519  ]
 [0.7036665  0.29633343]
 [0.3041886  0.69581145]
 [0.2906814  0.70931864]
 [0.5366327  0.46336725]
 [0.7090468  0.2909532 ]
 [0.48993102 0.51006895]
 [0.2911141  0.70888585]
 [0.70666295 0.293337  ]
 [0.4976726  0.5023274 ]
 [0.71819985 0.28180018]
 [0.7036887  0.29631138]
 [0.2965915  0.7034084 ]
 [0.3200591  0.67994094]
 [0.15785085 0.84214914]
 [0.7036958  0.29630423]
 [0.71071416 0.28928587]
 [0.43565792 0.56434214]
 [0.70918566 0.2908144 ]
 [0.6732332  0.32676688]
 [0.7036822  0.2963178 ]
 [0.72361743 0.27638257]
 [0.72306085 0.27693915]
 [0.6397832  0.3602169 ]
 [0.22072522 0.7792748 ]
 [0.29116067 0.7088393 ]
 [0.7023755  0.29762453]
 [0.73695326 0.26304668]
 [0.4041593  0.59584075]
 [0.29715014 0.70284986]
 [0.35210076 0.6478992 ]
 [0.29630148 0.70369846]
 [0.2963062  0.7036938 ]
 [0.4991229  0.50087714]
 [0.7080867  0.29191327]
 [0.70891297 0.29108712]
 [0.29177895 0.7082211 ]
 [0.5125789  0.48742113]
 [0.7089114  0.29108855]
 [0.45835403 0.541646  ]
 [0.29202718 0.70797276]
 [0.42697653 0.5730235 ]
 [0.29090786 0.70909214]
 [0.70364285 0.29635715]
 [0.71610504 0.2838949 ]
 [0.7357745  0.26422545]
 [0.29253507 0.70746493]
 [0.50750154 0.49249843]
 [0.29110426 0.7088957 ]
 [0.6368502  0.3631499 ]
 [0.70820487 0.2917951 ]
 [0.29455584 0.70544416]
 [0.22341657 0.77658343]
 [0.7042792  0.29572082]
 [0.29119405 0.708806  ]
 [0.5200135  0.47998652]
 [0.7073524  0.2926476 ]
 [0.8381682  0.16183181]
 [0.7088685  0.29113156]
 [0.69673216 0.30326787]
 [0.6891337  0.31086627]
 [0.7708266  0.22917345]
 [0.6894799  0.3105201 ]
 [0.30814546 0.6918546 ]
 [0.75279677 0.24720322]
 [0.30759978 0.6924002 ]
 [0.6315699  0.36843002]
 [0.40370187 0.59629816]
 [0.6968147  0.3031853 ]
 [0.5200086  0.47999147]
 [0.308144   0.6918561 ]
 [0.30290395 0.697096  ]
 [0.6915691  0.30843094]
 [0.6889977  0.31100234]
 [0.691189   0.30881107]
 [0.3018178  0.69818217]
 [0.330671   0.669329  ]
 [0.333007   0.66699296]
 [0.6604176  0.33958238]
 [0.30302724 0.6969727 ]
 [0.69150877 0.30849132]
 [0.41009274 0.5899073 ]
 [0.5647086  0.43529147]
 [0.6890821  0.31091797]
 [0.31013778 0.6898622 ]
 [0.7179783  0.2820217 ]
 [0.32621086 0.6737892 ]
 [0.25091887 0.7490811 ]
 [0.7011805  0.29881954]
 [0.69728166 0.30271828]
 [0.6918273  0.30817273]
 [0.7683179  0.23168218]
 [0.6972764  0.30272353]
 [0.60160244 0.39839754]
 [0.73130935 0.26869068]
 [0.48706678 0.51293325]
 [0.30228534 0.6977146 ]
 [0.6925217  0.30747834]
 [0.3074341  0.6925659 ]
 [0.6881479  0.3118521 ]
 [0.75424004 0.24575998]
 [0.30858356 0.69141644]
 [0.69657546 0.30342457]
 [0.6968427  0.30315736]
 [0.69157606 0.30842397]
 [0.69194615 0.30805382]
 [0.69074893 0.3092511 ]
 [0.71849835 0.28150162]
 [0.69246167 0.3075384 ]
 [0.696911   0.303089  ]
 [0.30346352 0.6965365 ]
 [0.30775025 0.6922498 ]
 [0.30807602 0.691924  ]
 [0.69212186 0.30787814]
 [0.5211439  0.478856  ]
 [0.3185433  0.6814567 ]
 [0.69772744 0.3022726 ]
 [0.3031454  0.69685465]
 [0.7441283  0.25587174]
 [0.6926116  0.3073884 ]
 [0.65772605 0.3422739 ]
 [0.29952413 0.70047593]
 [0.40893963 0.5910603 ]
 [0.69732594 0.302674  ]
 [0.24931045 0.7506896 ]
 [0.47809628 0.52190375]
 [0.5596462  0.44035378]
 [0.696844   0.303156  ]
 [0.70064676 0.2993532 ]
 [0.28837895 0.7116211 ]
 [0.69683367 0.30316627]
 [0.30316627 0.69683367]
 [0.6958159  0.30418405]
 [0.70292085 0.2970792 ]
 [0.73903686 0.2609631 ]
 [0.69163185 0.30836818]
 [0.30336928 0.69663066]
 [0.66590565 0.33409438]
 [0.44830248 0.5516975 ]
 [0.28839228 0.71160775]
 [0.30805317 0.69194686]
 [0.31407112 0.68592894]
 [0.30313823 0.69686174]
 [0.4806848  0.51931524]
 [0.69110584 0.30889413]
 [0.6928779  0.30712214]
 [0.6949209  0.30507916]
 [0.29049188 0.7095081 ]
 [0.39166558 0.6083344 ]
 [0.3015455  0.6984545 ]
 [0.36163837 0.63836163]
 [0.6967862  0.30321378]
 [0.30583027 0.69416976]
 [0.2727507  0.72724926]
 [0.64981896 0.35018098]
 [0.27378675 0.7262132 ]
 [0.23534316 0.76465684]]
/home/gb21553/miniconda3/envs/jax/lib/python3.12/multiprocessing/popen_fork.py:66: RuntimeWarning: os.fork() was called. os.fork() is incompatible with multithreaded code, and JAX is multithreaded, so this will likely lead to a deadlock.
  self.pid = os.fork()
        Validation Criterion: 6134.05810547
        Saving best model so far ...
✔️ Gating k-means converged after 1 iterations
✔️ Gating k-means converged after 1 iterations
✔️ Gating k-means converged after 1 iterations
✔️ Gating k-means converged after 1 iterations
✔️ Gating k-means converged after 1 iterations
03:35:31      Epoch:   0      Batch:   0      OuterStep:   5      LossModel: 9944.66015625     LossTerm2: 0.00000000     LossGates: 0.00000000      Time/Step(s): 1801.8224Contributing envs to the losses:  [556 585 564 478 544 567 520 532 588 492 530 589 512 525 522 514 487 615 536 558 405 630 162 792 782 918 494 485 620 739 613 616 783 673 667 701 634 305 619 722 716 738 820 638 821 607 604 801 786 683 746 691 772 647  36 729 944 791 322 320 343 225 367 760 193 247 936 229 818 347  21 751 107  23 313  18 406 466 224 154 155 768 929 900 854 574 901 227 852 859 384 390 403 327 887  51 456  22 206 353  47  52  41 242 189 259 397 163  29  20 455 211 210 106 148 120  75  96 340 187 280 239  37 802 337 217 167 188 378 392 328  58 387 195 443 374 199 342 480 321 622 185 602 681 819 173 652 733  92 170 361 724 543 311 591 156  34 216 495 484  46 308 273 473 297 352 220 730 412 271  49 942  10 712 281  31  44 603 830 856 734 103 489 274 141 728 694 787 453 552 419 670 228 250   4 700 191 884 646 515  83 803 213 798  64 641 870 927 470 372 903 640 332 826 828 427 771  68 785  30 774 267 128 747 836 743 324  42 876 763 633 132 177 720 153 166 560 858 131 475 295 779 770 524 360 503 731 838 618 829 753 335 928 867 767 708 366 601 365 742 784 451 765 881 632 665 777 910 717  94 573 817 497 624 610  66 723 781 912 878 709 938 761 744 839 675 914 521 477 776 758 780 891 814 714 847 823 642 756 672 653 935 637 831 868 857 705 711 931 906 685 827 679 598 824 693 651 766 687 660 916 609 684 837 848 606 682 689 666 919 663 796 692 759 940 892 925 649 533 899 843 562 537 502 565 807 769 835 775 773 726 676 920 644 501 568 735 629 493 695 898 699 740 825 631 551 538 794 531 664 600 754 922 752 550 333 526 516 547 762 590 482 755 860 581 702 594 674 612 911 509  85 391 840 805 806 905 686 703 617 548 513 849 833 917 727 580 496 142  80 233 639 789 941 799 534 864 557 238 628 866 570 713   9 875 741 885 611 302 212 481 877 904 553 175 235 749 147 316 435 554 388 139  73 449 635 207  32 432   7 582 444  54 656 109 116 330 460 304  11 215 203 407  14 356  27 101 349 299  71 459 137  88]
Gate kernel values: 
 [[-87.632515    86.81456   ]
 [  0.53562164   2.4296532 ]]
The factor: how much of the new gate kernel do I used ? [0.001]
Gate values for each environment (all envs): 
 [[0.72888607 0.27111402]
 [0.7446453  0.25535464]
 [0.72861624 0.27138376]
 [0.7332129  0.26678708]
 [0.37195635 0.62804365]
 [0.7290753  0.27092466]
 [0.26655027 0.7334497 ]
 [0.26267505 0.73732495]
 [0.7400331  0.2599669 ]
 [0.7248434  0.27515662]
 [0.2093298  0.7906702 ]
 [0.27115637 0.7288436 ]
 [0.5770162  0.42298386]
 [0.26604286 0.7339572 ]
 [0.7308665  0.26913348]
 [0.76266146 0.23733848]
 [0.7288731  0.27112693]
 [0.61638033 0.38361967]
 [0.29757497 0.702425  ]
 [0.7332992  0.26670083]
 [0.27107015 0.7289299 ]
 [0.27240068 0.7275994 ]
 [0.27255288 0.7274472 ]
 [0.2717846  0.7282154 ]
 [0.7288727  0.27112737]
 [0.26534724 0.73465276]
 [0.7288421  0.27115795]
 [0.733063   0.2669371 ]
 [0.26744026 0.73255974]
 [0.27111638 0.7288836 ]
 [0.47798517 0.5220148 ]
 [0.25950617 0.7404939 ]
 [0.72964615 0.2703539 ]
 [0.2668405  0.7331596 ]
 [0.26439422 0.7356058 ]
 [0.71034616 0.2896538 ]
 [0.29428995 0.7057101 ]
 [0.2719088  0.7280912 ]
 [0.30845818 0.6915418 ]
 [0.72888035 0.2711197 ]
 [0.26687473 0.7331252 ]
 [0.27112743 0.7288726 ]
 [0.61927867 0.38072136]
 [0.7481442  0.2518558 ]
 [0.20734386 0.79265606]
 [0.7468654  0.25313464]
 [0.36641616 0.63358384]
 [0.27112746 0.72887254]
 [0.6806029  0.31939706]
 [0.38133225 0.61866766]
 [0.26658493 0.73341507]
 [0.27114555 0.72885454]
 [0.27112722 0.72887284]
 [0.26773754 0.73226243]
 [0.7325739  0.2674261 ]
 [0.84023577 0.15976422]
 [0.7364841  0.26351586]
 [0.72882897 0.27117103]
 [0.270936   0.72906405]
 [0.2668441  0.7331559 ]
 [0.26197925 0.7380207 ]
 [0.25245914 0.7475409 ]
 [0.7296066  0.27039346]
 [0.26742613 0.73257387]
 [0.5316103  0.4683896 ]
 [0.73315424 0.26684573]
 [0.27841625 0.72158384]
 [0.55279887 0.4472012 ]
 [0.46392167 0.5360784 ]
 [0.746205   0.25379503]
 [0.8121901  0.1878099 ]
 [0.2704973  0.72950274]
 [0.15946575 0.8405342 ]
 [0.25829482 0.7417051 ]
 [0.733135   0.26686507]
 [0.27021322 0.7297868 ]
 [0.2668578  0.7331422 ]
 [0.65838194 0.3416181 ]
 [0.26686022 0.7331399 ]
 [0.19821699 0.801783  ]
 [0.27613842 0.7238616 ]
 [0.7288611  0.2711389 ]
 [0.7288745  0.2711255 ]
 [0.25489667 0.7451033 ]
 [0.7776385  0.22236149]
 [0.2701312  0.7298688 ]
 [0.74144965 0.25855035]
 [0.7331478  0.26685217]
 [0.7331208  0.26687917]
 [0.22671995 0.7732801 ]
 [0.25941372 0.74058634]
 [0.72615176 0.27384824]
 [0.26904586 0.7309541 ]
 [0.7452938  0.25470626]
 [0.10670541 0.89329463]
 [0.7397721  0.26022792]
 [0.27087733 0.7291227 ]
 [0.72885877 0.27114126]
 [0.733213   0.26678702]
 [0.31069198 0.689308  ]
 [0.268152   0.731848  ]
 [0.26869404 0.73130596]
 [0.72853905 0.27146098]
 [0.22194767 0.7780523 ]
 [0.7293454  0.27065468]
 [0.72748774 0.27251223]
 [0.27086562 0.7291344 ]
 [0.28892574 0.71107423]
 [0.26801458 0.73198545]
 [0.72668713 0.27331287]
 [0.6263274  0.37367263]
 [0.26647788 0.7335221 ]
 [0.25981683 0.7401831 ]
 [0.73727936 0.2627207 ]
 [0.72943604 0.2705639 ]
 [0.267036   0.732964  ]
 [0.2695822  0.7304178 ]
 [0.26673773 0.73326224]
 [0.68257475 0.31742525]
 [0.18799952 0.81200045]
 [0.27042368 0.72957635]
 [0.7323146  0.26768538]
 [0.7468436  0.25315645]
 [0.73314893 0.26685104]
 [0.7291517  0.2708483 ]
 [0.7295466  0.27045348]
 [0.9200311  0.0799689 ]
 [0.7114752  0.28852478]
 [0.59966034 0.40033963]
 [0.26684564 0.73315436]
 [0.728215   0.27178505]
 [0.6476615  0.3523385 ]
 [0.46815094 0.5318491 ]
 [0.1729505  0.82704955]
 [0.26933885 0.73066115]
 [0.7331455  0.26685455]
 [0.5321595  0.46784052]
 [0.7331354  0.26686457]
 [0.72898674 0.2710133 ]
 [0.7054448  0.29455522]
 [0.7287903  0.27120972]
 [0.24146464 0.7585354 ]
 [0.49516958 0.5048304 ]
 [0.26661357 0.7333865 ]
 [0.26712772 0.7328723 ]
 [0.7409389  0.25906113]
 [0.73322034 0.26677963]
 [0.7301937  0.26980633]
 [0.27106524 0.72893476]
 [0.2668223  0.7331777 ]
 [0.72306734 0.27693266]
 [0.7569284  0.2430716 ]
 [0.2668613  0.7331387 ]
 [0.21578316 0.7842169 ]
 [0.27112317 0.7288769 ]
 [0.27349123 0.72650886]
 [0.3216952  0.6783048 ]
 [0.72907597 0.2709241 ]
 [0.8175104  0.18248954]
 [0.6692959  0.3307041 ]
 [0.6609104  0.3390896 ]
 [0.2614096  0.73859036]
 [0.28297552 0.7170245 ]
 [0.27123708 0.7287629 ]
 [0.20149815 0.7985019 ]
 [0.53787297 0.46212697]
 [0.64657587 0.3534242 ]
 [0.26954606 0.7304539 ]
 [0.7288217  0.2711783 ]
 [0.28627738 0.7137226 ]
 [0.26511374 0.7348862 ]
 [0.7331051  0.2668949 ]
 [0.7651782  0.23482181]
 [0.26000366 0.7399964 ]
 [0.1585076  0.8414924 ]
 [0.7220528  0.2779472 ]
 [0.24254194 0.757458  ]
 [0.65920246 0.34079757]
 [0.7363756  0.26362443]
 [0.72856385 0.27143624]
 [0.65541524 0.34458482]
 [0.26922426 0.7307758 ]
 [0.7027635  0.2972365 ]
 [0.79314053 0.20685951]
 [0.7287983  0.2712017 ]
 [0.27303165 0.7269684 ]
 [0.7449732  0.25502685]
 [0.2711164  0.7288836 ]
 [0.26994798 0.73005205]
 [0.27112737 0.7288727 ]
 [0.26687574 0.73312426]
 [0.2565074  0.74349254]
 [0.2657921  0.7342079 ]
 [0.27079087 0.7292092 ]
 [0.46460485 0.53539515]
 [0.27100095 0.7289991 ]
 [0.46609038 0.53390956]
 [0.70836973 0.29163027]
 [0.7355429  0.26445708]
 [0.27059245 0.72940755]
 [0.26913542 0.7308646 ]
 [0.26685905 0.733141  ]
 [0.25092632 0.7490737 ]
 [0.7299214  0.27007857]
 [0.26189005 0.73810995]
 [0.716872   0.28312802]
 [0.27113003 0.72887003]
 [0.72716665 0.2728334 ]
 [0.26846495 0.731535  ]
 [0.7288221  0.27117795]
 [0.2710649  0.7289351 ]
 [0.27104595 0.7289541 ]
 [0.28329054 0.71670943]
 [0.17668553 0.8233145 ]
 [0.7312199  0.26878008]
 [0.7329278  0.26707223]
 [0.36498335 0.6350166 ]
 [0.26163608 0.7383639 ]
 [0.7332064  0.2667936 ]
 [0.719239   0.28076106]
 [0.23326766 0.7667323 ]
 [0.7320688  0.2679312 ]
 [0.730512   0.269488  ]
 [0.7331239  0.2668761 ]
 [0.27095968 0.7290404 ]
 [0.2802856  0.7197144 ]
 [0.728889   0.27111107]
 [0.27136907 0.7286309 ]
 [0.19148865 0.8085114 ]
 [0.2774403  0.7225597 ]
 [0.4675257  0.53247434]
 [0.72890437 0.27109563]
 [0.72888124 0.2711188 ]
 [0.70678395 0.29321602]
 [0.20158537 0.79841465]
 [0.7294112  0.27058882]
 [0.7331427  0.2668573 ]
 [0.75309294 0.24690706]
 [0.7301881  0.26981196]
 [0.2693062  0.7306939 ]
 [0.7311562  0.26884383]
 [0.73138404 0.2686159 ]
 [0.2711272  0.72887284]
 [0.2660413  0.7339587 ]
 [0.10884746 0.89115256]
 [0.7331453  0.26685473]
 [0.21410495 0.7858951 ]
 [0.27663597 0.723364  ]
 [0.32147807 0.678522  ]
 [0.80826247 0.19173755]
 [0.17537585 0.8246242 ]
 [0.8279278  0.17207216]
 [0.7290586  0.2709414 ]
 [0.7337767  0.2662234 ]
 [0.26681232 0.7331877 ]
 [0.72914135 0.2708586 ]
 [0.45518884 0.5448111 ]
 [0.7330947  0.2669053 ]
 [0.267003   0.732997  ]
 [0.27112737 0.7288726 ]
 [0.71298015 0.28701985]
 [0.7436734  0.25632665]
 [0.7377645  0.2622355 ]
 [0.7288728  0.27112725]
 [0.67350733 0.3264926 ]
 [0.72873574 0.27126426]
 [0.73314327 0.2668568 ]
 [0.5857965  0.41420346]
 [0.7962003  0.20379966]
 [0.32506332 0.67493665]
 [0.73910767 0.26089236]
 [0.27162552 0.7283745 ]
 [0.6827387  0.31726128]
 [0.27933198 0.720668  ]
 [0.27891597 0.721084  ]
 [0.40932155 0.59067845]
 [0.820844   0.17915595]
 [0.725538   0.27446195]
 [0.7275438  0.27245626]
 [0.26686126 0.73313874]
 [0.27980945 0.7201905 ]
 [0.19018415 0.8098159 ]
 [0.14499581 0.85500413]
 [0.26685843 0.7331416 ]
 [0.7288772  0.27112284]
 [0.72542864 0.2745714 ]
 [0.72119826 0.2788018 ]
 [0.31481412 0.6851859 ]
 [0.7330775  0.26692253]
 [0.73319423 0.26680577]
 [0.26782277 0.73217714]
 [0.267025   0.732975  ]
 [0.26672736 0.7332726 ]
 [0.7443696  0.25563037]
 [0.26759923 0.7324008 ]
 [0.26819447 0.73180556]
 [0.77911246 0.22088751]
 [0.25434998 0.74565005]
 [0.25876337 0.7412367 ]
 [0.738033   0.26196694]
 [0.7290029  0.27099708]
 [0.83566165 0.16433838]
 [0.2835253  0.7164747 ]
 [0.7400614  0.25993863]
 [0.2708651  0.7291349 ]
 [0.28846517 0.71153486]
 [0.23065816 0.7693418 ]
 [0.42927435 0.5707257 ]
 [0.3286308  0.67136925]
 [0.2682896  0.7317104 ]
 [0.7331378  0.2668622 ]
 [0.25728297 0.74271697]
 [0.23436356 0.76563644]
 [0.2723406  0.72765946]
 [0.732997   0.267003  ]
 [0.7530978  0.24690221]
 [0.2746444  0.7253556 ]
 [0.2634539  0.73654616]
 [0.5204903  0.47950968]
 [0.75921994 0.24078012]
 [0.28923953 0.71076053]
 [0.26527068 0.7347294 ]
 [0.27040523 0.7295948 ]
 [0.34218073 0.6578192 ]
 [0.18838179 0.8116182 ]
 [0.7672794  0.23272058]
 [0.7289148  0.27108526]
 [0.27108237 0.72891766]
 [0.26843983 0.7315602 ]
 [0.7331879  0.26681212]
 [0.7310457  0.26895425]
 [0.7346051  0.2653949 ]
 [0.5565539  0.4434461 ]
 [0.4770665  0.5229335 ]
 [0.7274543  0.27254573]
 [0.57581484 0.42418513]
 [0.7287104  0.27128965]
 [0.27053204 0.729468  ]
 [0.731412   0.26858798]
 [0.24309084 0.7569092 ]
 [0.27056357 0.72943646]
 [0.7330752  0.2669248 ]
 [0.26871678 0.7312832 ]
 [0.2723347  0.7276653 ]
 [0.7032608  0.29673922]
 [0.84072596 0.15927406]
 [0.72638947 0.2736106 ]
 [0.27106804 0.72893196]
 [0.25477302 0.745227  ]
 [0.73295873 0.26704127]
 [0.73313576 0.26686424]
 [0.7333639  0.26663613]
 [0.27156472 0.7284353 ]
 [0.271139   0.72886103]
 [0.7329522  0.26704788]
 [0.72877204 0.27122793]
 [0.7328117  0.26718834]
 [0.4263658  0.57363427]
 [0.7288711  0.27112886]
 [0.830714   0.16928601]
 [0.6685883  0.33141172]
 [0.26194972 0.7380503 ]
 [0.72922885 0.2707712 ]
 [0.7288431  0.27115685]
 [0.7335223  0.26647767]
 [0.15599653 0.8440035 ]
 [0.69545364 0.30454633]
 [0.2815326  0.7184674 ]
 [0.26632428 0.7336757 ]
 [0.2662017  0.7337984 ]
 [0.26686275 0.7331372 ]
 [0.74021083 0.2597892 ]
 [0.25542974 0.7445702 ]
 [0.2904612  0.70953876]
 [0.27179134 0.72820866]
 [0.7288728  0.27112728]
 [0.71945614 0.28054383]
 [0.7288809  0.27111918]
 [0.26860213 0.7313978 ]
 [0.26568323 0.7343168 ]
 [0.7331448  0.2668552 ]
 [0.76781255 0.2321874 ]
 [0.26694855 0.7330514 ]
 [0.69924986 0.3007501 ]
 [0.27077946 0.7292206 ]
 [0.27007738 0.72992265]
 [0.73295647 0.26704356]
 [0.26926872 0.7307313 ]
 [0.73205703 0.26794297]
 [0.7289297  0.2710703 ]
 [0.27178544 0.72821456]
 [0.29228652 0.7077134 ]
 [0.26910004 0.7309    ]
 [0.7288652  0.27113482]
 [0.72921187 0.2707882 ]
 [0.26651493 0.7334851 ]
 [0.26685047 0.7331496 ]
 [0.27112    0.72888   ]
 [0.6852968  0.3147033 ]
 [0.7295429  0.27045712]
 [0.27072394 0.72927606]
 [0.7331394  0.2668606 ]
 [0.72777295 0.27222702]
 [0.2714027  0.72859734]
 [0.73954356 0.2604564 ]
 [0.2898715  0.7101285 ]
 [0.273765   0.72623503]
 [0.7324026  0.26759735]
 [0.7758398  0.22416018]
 [0.7015496  0.29845038]
 [0.265858   0.734142  ]
 [0.7336572  0.26634285]
 [0.37167135 0.6283286 ]
 [0.84498245 0.15501754]
 [0.75454056 0.24545945]
 [0.26684672 0.7331533 ]
 [0.73542386 0.26457614]
 [0.26225805 0.7377419 ]
 [0.26677725 0.7332228 ]
 [0.3369267  0.6630733 ]
 [0.7329971  0.26700285]
 [0.7102733  0.2897267 ]
 [0.7687794  0.23122057]
 [0.25725323 0.7427468 ]
 [0.2719203  0.7280798 ]
 [0.2647292  0.73527086]
 [0.26693293 0.73306704]
 [0.5931693  0.40683076]
 [0.29451752 0.7054825 ]
 [0.16436191 0.8356381 ]
 [0.75554764 0.24445239]
 [0.20749833 0.7925017 ]
 [0.73564976 0.2643503 ]
 [0.7301789  0.26982114]
 [0.71453416 0.2854659 ]
 [0.2537409  0.7462591 ]
 [0.5285047  0.4714952 ]
 [0.26073882 0.73926115]
 [0.73220676 0.26779327]
 [0.75943583 0.24056421]
 [0.77947235 0.22052771]
 [0.75479186 0.24520814]
 [0.70345926 0.2965408 ]
 [0.27094942 0.72905064]
 [0.72847396 0.27152604]
 [0.7558458  0.24415421]
 [0.7292798  0.27072024]
 [0.30428228 0.6957178 ]
 [0.6664839  0.33351612]
 [0.73178655 0.2682135 ]
 [0.66752905 0.33247092]
 [0.64221233 0.35778767]
 [0.72902703 0.27097297]
 [0.20421755 0.79578245]
 [0.73120224 0.2687978 ]
 [0.27107444 0.7289256 ]
 [0.27098686 0.7290132 ]
 [0.26280692 0.73719305]
 [0.7332122  0.26678783]
 [0.7327711  0.26722887]
 [0.73378426 0.26621577]
 [0.75408584 0.24591413]
 [0.336816   0.66318405]
 [0.79152393 0.20847605]
 [0.7922153  0.20778465]
 [0.7312109  0.26878908]
 [0.2727318  0.7272682 ]
 [0.26686093 0.7331391 ]
 [0.26645246 0.7335475 ]
 [0.26514414 0.73485583]
 [0.5622081  0.43779188]
 [0.68537927 0.31462076]
 [0.7288735  0.2711265 ]
 [0.21988131 0.78011864]
 [0.71230465 0.28769532]
 [0.64883494 0.3511651 ]
 [0.6294757  0.3705243 ]
 [0.7109877  0.28901228]
 [0.28772017 0.71227986]
 [0.7216963  0.2783037 ]
 [0.28387785 0.7161222 ]
 [0.27973935 0.7202607 ]
 [0.7141624  0.28583762]
 [0.7360476  0.2639524 ]
 [0.28025472 0.7197453 ]
 [0.27917516 0.7208249 ]
 [0.35254008 0.64746   ]
 [0.28706327 0.7129367 ]
 [0.8157413  0.18425871]
 [0.36874187 0.63125813]
 [0.16340502 0.836595  ]
 [0.71429515 0.2857048 ]
 [0.28776187 0.71223813]
 [0.71712667 0.2828733 ]
 [0.29000676 0.7099932 ]
 [0.32199278 0.67800725]
 [0.28262377 0.71737623]
 [0.7122519  0.2877481 ]
 [0.5331821  0.46681792]
 [0.7906828  0.20931718]
 [0.8173216  0.18267845]
 [0.28913677 0.71086323]
 [0.7163795  0.28362048]
 [0.22143704 0.77856296]
 [0.4641774  0.53582263]
 [0.7203673  0.27963275]
 [0.7130004  0.28699958]
 [0.71230054 0.28769952]
 [0.32265356 0.67734647]
 [0.28129387 0.7187061 ]
 [0.8007644  0.19923565]
 [0.71241945 0.2875805 ]
 [0.28777286 0.7122271 ]
 [0.28324565 0.7167544 ]
 [0.2873978  0.71260214]
 [0.5327538  0.46724617]
 [0.28364095 0.716359  ]
 [0.25240076 0.7475993 ]
 [0.3342445  0.66575557]
 [0.29201603 0.707984  ]
 [0.28769594 0.71230406]
 [0.7122512  0.2877488 ]
 [0.28759968 0.71240026]
 [0.74414843 0.25585154]
 [0.2752764  0.72472364]
 [0.28771037 0.71228963]
 [0.28365296 0.71634704]
 [0.74214673 0.25785318]
 [0.7403662  0.25963372]
 [0.63709575 0.3629042 ]
 [0.28803384 0.7119662 ]
 [0.71706647 0.28293347]
 [0.2876946  0.71230537]
 [0.7162598  0.28374028]
 [0.2933473  0.70665276]
 [0.7387351  0.26126495]
 [0.29561868 0.7043813 ]
 [0.7163637  0.28363627]
 [0.29089165 0.70910835]
 [0.7099266  0.29007334]
 [0.7125718  0.28742823]
 [0.71231043 0.28768954]
 [0.7124662  0.28753385]
 [0.32586187 0.6741382 ]
 [0.28773072 0.71226925]
 [0.711949   0.288051  ]
 [0.66076654 0.33923343]
 [0.2836311  0.7163689 ]
 [0.7215592  0.27844077]
 [0.7119057  0.28809428]
 [0.71068895 0.289311  ]
 [0.7164951  0.2835049 ]
 [0.43173292 0.56826705]
 [0.71564776 0.28435224]
 [0.7288038  0.27119622]
 [0.71157    0.28842995]
 [0.2893157  0.71068436]
 [0.22882622 0.7711738 ]
 [0.2858381  0.7141619 ]
 [0.6977747  0.3022253 ]
 [0.418416   0.581584  ]
 [0.7639862  0.23601384]
 [0.7163657  0.28363433]
 [0.7174988  0.2825013 ]
 [0.28775594 0.71224403]
 [0.71635896 0.283641  ]
 [0.7108549  0.28914517]
 [0.28785    0.7121499 ]
 [0.7162154  0.2837847 ]
 [0.2968196  0.7031804 ]
 [0.7353582  0.2646418 ]
 [0.7178867  0.2821133 ]
 [0.7014889  0.29851106]
 [0.7111051  0.28889492]
 [0.25601867 0.7439813 ]
 [0.27608973 0.7239103 ]
 [0.7496664  0.25033358]
 [0.5219998  0.47800028]
 [0.6976631  0.3023369 ]
 [0.66960734 0.33039272]
 [0.2820164  0.7179836 ]
 [0.28213522 0.71786475]
 [0.2467837  0.7532163 ]
 [0.7124394  0.28756055]
 [0.32658857 0.6734114 ]
 [0.2879746  0.71202534]
 [0.7330669  0.26693308]
 [0.6287872  0.37121272]
 [0.28769302 0.7123069 ]
 [0.28737703 0.712623  ]
 [0.28369626 0.7163038 ]
 [0.25973722 0.74026275]
 [0.8540949  0.14590499]
 [0.75392246 0.24607751]
 [0.28250542 0.7174946 ]
 [0.69506884 0.30493113]
 [0.7032213  0.29677865]
 [0.7035488  0.2964512 ]
 [0.29250973 0.70749027]
 [0.703547   0.2964529 ]
 [0.29441306 0.70558697]
 [0.25917032 0.7408296 ]
 [0.31612337 0.6838766 ]
 [0.26604843 0.7339516 ]
 [0.29641154 0.7035884 ]
 [0.7953434  0.20465657]
 [0.70755404 0.29244596]
 [0.2964886  0.7035114 ]
 [0.6766253  0.32337472]
 [0.292502   0.707498  ]
 [0.28874645 0.7112535 ]
 [0.26546043 0.73453957]
 [0.2915321  0.7084679 ]
 [0.29630804 0.70369196]
 [0.67087877 0.3291212 ]
 [0.292129   0.70787096]
 [0.28710884 0.71289116]
 [0.71041346 0.28958654]
 [0.23549436 0.7645056 ]
 [0.29646337 0.7035366 ]
 [0.2959871  0.7040129 ]
 [0.6922314  0.30776855]
 [0.32683295 0.67316705]
 [0.3811831  0.61881685]
 [0.29768264 0.70231736]
 [0.7704589  0.22954114]
 [0.38797712 0.6120229 ]
 [0.24653113 0.7534689 ]
 [0.4850896  0.51491046]
 [0.2923484  0.7076516 ]
 [0.28848472 0.7115152 ]
 [0.70741755 0.2925825 ]
 [0.28856534 0.7114346 ]
 [0.6274562  0.37254384]
 [0.29603916 0.7039608 ]
 [0.29159608 0.7084039 ]
 [0.68292356 0.31707644]
 [0.7074628  0.2925372 ]
 [0.29645196 0.70354795]
 [0.26464048 0.73535955]
 [0.38396847 0.6160315 ]
 [0.4767382  0.52326185]
 [0.2919014  0.70809865]
 [0.7157584  0.28424168]
 [0.2925316  0.7074684 ]
 [0.8102322  0.18976784]
 [0.5008729  0.49912706]
 [0.29626933 0.70373064]
 [0.70237744 0.29762256]
 [0.29244497 0.707555  ]
 [0.70364654 0.29635346]
 [0.70748866 0.2925113 ]
 [0.30671886 0.6932812 ]
 [0.7075051  0.2924949 ]
 [0.73275465 0.26724538]
 [0.78267527 0.21732469]
 [0.72952247 0.27047756]
 [0.70373106 0.29626894]
 [0.68537784 0.3146222 ]
 [0.68425953 0.31574047]
 [0.29250973 0.70749027]
 [0.15748078 0.84251916]
 [0.70359945 0.29640058]
 [0.29262477 0.7073752 ]
 [0.7052966  0.2947035 ]
 [0.28547993 0.71452004]
 [0.2925475  0.7074525 ]
 [0.29615033 0.7038496 ]
 [0.16941547 0.8305845 ]
 [0.54804194 0.45195806]
 [0.491035   0.50896496]
 [0.67380637 0.3261937 ]
 [0.70643556 0.29356444]
 [0.29652315 0.70347685]
 [0.7066989  0.2933012 ]
 [0.3545942  0.6454058 ]
 [0.2933397  0.70666033]
 [0.7076631  0.2923369 ]
 [0.77988845 0.22011152]
 [0.2924953  0.7075047 ]
 [0.6966381  0.3033619 ]
 [0.25262102 0.747379  ]
 [0.7075065  0.29249352]
 [0.29650372 0.7034962 ]
 [0.29259834 0.7074017 ]
 [0.70749044 0.29250956]
 [0.29518566 0.70481443]
 [0.292546   0.707454  ]
 [0.7035195  0.29648048]
 [0.2925634  0.70743656]
 [0.85727817 0.14272183]
 [0.29700708 0.7029929 ]
 [0.29252064 0.7074794 ]
 [0.2925098  0.7074902 ]
 [0.2901876  0.70981234]
 [0.30831057 0.6916895 ]
 [0.80539656 0.19460337]
 [0.7064108  0.2935892 ]
 [0.5833412  0.41665882]
 [0.70732677 0.29267326]
 [0.3832212  0.6167788 ]
 [0.29566148 0.7043385 ]
 [0.7134839  0.28651613]
 [0.29632998 0.70367   ]
 [0.6898783  0.3101217 ]
 [0.7074704  0.29252964]
 [0.67726415 0.32273582]
 [0.7355875  0.26441255]
 [0.31509414 0.6849059 ]
 [0.70868033 0.29131964]
 [0.8165668  0.18343316]
 [0.7074864  0.29251364]
 [0.40410388 0.5958962 ]
 [0.7082556  0.29174447]
 [0.2924515  0.70754844]
 [0.69726825 0.30273172]
 [0.29644302 0.703557  ]
 [0.7061916  0.29380843]
 [0.70352036 0.2964796 ]
 [0.4805646  0.5194354 ]
 [0.21122864 0.7887714 ]
 [0.7017983  0.29820165]
 [0.29640463 0.7035953 ]
 [0.7062098  0.29379025]
 [0.24449044 0.7555096 ]
 [0.53961    0.46038997]
 [0.70824367 0.29175636]
 [0.28416967 0.7158303 ]
 [0.22437991 0.7756201 ]
 [0.29698282 0.7030172 ]
 [0.298885   0.701115  ]
 [0.18730855 0.8126915 ]
 [0.5614562  0.4385438 ]
 [0.25414184 0.7458582 ]
 [0.35469285 0.6453071 ]
 [0.29631764 0.70368236]
 [0.23017809 0.76982194]
 [0.7036682  0.2963318 ]
 [0.29645023 0.70354974]
 [0.29620448 0.70379555]
 [0.70911837 0.29088166]
 [0.731376   0.268624  ]
 [0.28247875 0.7175213 ]
 [0.29293877 0.7070612 ]
 [0.29034087 0.7096591 ]
 [0.7065703  0.29342967]
 [0.297695   0.702305  ]
 [0.4651181  0.5348819 ]
 [0.73559546 0.26440454]
 [0.700622   0.29937792]
 [0.47232342 0.52767664]
 [0.30924034 0.69075966]
 [0.71161205 0.288388  ]
 [0.6942033  0.30579674]
 [0.7073229  0.29267713]
 [0.5340741  0.46592587]
 [0.29272443 0.70727557]
 [0.4057268  0.5942732 ]
 [0.70643073 0.29356933]
 [0.29275495 0.70724505]
 [0.29654953 0.7034505 ]
 [0.29184598 0.70815396]
 [0.71069694 0.28930312]
 [0.6451967  0.3548034 ]
 [0.7035855  0.29641446]
 [0.29052046 0.7094796 ]
 [0.70748866 0.29251134]
 [0.7010487  0.2989514 ]
 [0.2599275  0.7400725 ]
 [0.7074439  0.29255614]
 [0.67917407 0.32082593]
 [0.32630005 0.6737    ]
 [0.2976076  0.70239234]
 [0.7110994  0.28890064]
 [0.33908984 0.6609102 ]
 [0.7082718  0.2917283 ]
 [0.29116234 0.7088377 ]
 [0.70443475 0.29556516]
 [0.21273084 0.7872692 ]
 [0.68034357 0.31965646]
 [0.707489   0.292511  ]
 [0.29079705 0.70920295]
 [0.29228872 0.7077113 ]
 [0.28979656 0.71020347]
 [0.6787862  0.32121375]
 [0.297384   0.70261604]
 [0.29714727 0.7028527 ]
 [0.39041796 0.609582  ]
 [0.7254413  0.27455875]
 [0.31540102 0.68459904]
 [0.70351154 0.2964884 ]
 [0.3268165  0.67318356]
 [0.2907361  0.70926386]
 [0.5479665  0.45203352]
 [0.70765424 0.2923458 ]
 [0.5165349  0.48346505]
 [0.2925421  0.70745784]
 [0.7096571  0.29034296]
 [0.5178629  0.482137  ]
 [0.7262873  0.2737127 ]
 [0.70355594 0.2964441 ]
 [0.29672715 0.7032728 ]
 [0.3184657  0.68153435]
 [0.16022009 0.8397799 ]
 [0.7035448  0.2964552 ]
 [0.7087786  0.29122138]
 [0.43664968 0.5633503 ]
 [0.70778286 0.2922171 ]
 [0.6730688  0.3269312 ]
 [0.7038654  0.29613462]
 [0.73108125 0.26891878]
 [0.7256778  0.2743222 ]
 [0.6387894  0.3612106 ]
 [0.20494619 0.79505384]
 [0.29332134 0.7066787 ]
 [0.7020135  0.29798645]
 [0.7427249  0.25727516]
 [0.40018728 0.5998126 ]
 [0.29603395 0.703966  ]
 [0.2951094  0.7048906 ]
 [0.2964527  0.70354724]
 [0.29645735 0.7035426 ]
 [0.38413715 0.61586285]
 [0.70685077 0.29314923]
 [0.70748645 0.29251358]
 [0.29283375 0.70716625]
 [0.49869815 0.50130177]
 [0.7074833  0.29251677]
 [0.42525846 0.57474154]
 [0.29334554 0.7066545 ]
 [0.4390292  0.56097084]
 [0.29232958 0.70767045]
 [0.7034643  0.29653564]
 [0.71551955 0.28448045]
 [0.7441517  0.2558483 ]
 [0.293996   0.706004  ]
 [0.49469092 0.5053091 ]
 [0.29253244 0.7074676 ]
 [0.63838214 0.36161783]
 [0.7064306  0.29356948]
 [0.30313292 0.69686705]
 [0.22365984 0.7763401 ]
 [0.7042343  0.29576567]
 [0.2928948  0.70710516]
 [0.516365   0.48363504]
 [0.70874655 0.29125345]
 [0.8346711  0.16532895]
 [0.70742846 0.29257154]
 [0.6977902  0.30220976]
 [0.68968415 0.3103158 ]
 [0.7749747  0.22502531]
 [0.69110763 0.30889243]
 [0.30606273 0.6939373 ]
 [0.7591362  0.24086377]
 [0.30550367 0.6944964 ]
 [0.630508   0.369492  ]
 [0.40508187 0.5949181 ]
 [0.69770783 0.30229217]
 [0.5147241  0.48527583]
 [0.30606195 0.693938  ]
 [0.30203065 0.6979693 ]
 [0.69435257 0.30564746]
 [0.6877949  0.31220514]
 [0.6933787  0.30662137]
 [0.30082977 0.69917023]
 [0.34380826 0.6561917 ]
 [0.33822507 0.661775  ]
 [0.66252065 0.33747932]
 [0.3021154  0.6978846 ]
 [0.6927157  0.30728424]
 [0.44945735 0.5505427 ]
 [0.57016003 0.42983997]
 [0.6902348  0.30976525]
 [0.32019332 0.6798067 ]
 [0.71743274 0.28256723]
 [0.32619172 0.6738082 ]
 [0.24842525 0.75157475]
 [0.70476854 0.29523152]
 [0.6980459  0.3019541 ]
 [0.6939012  0.30609885]
 [0.7809934  0.21900655]
 [0.69828534 0.3017146 ]
 [0.58141285 0.41858712]
 [0.7355565  0.26444358]
 [0.5097231  0.4902769 ]
 [0.30144212 0.6985579 ]
 [0.68757504 0.31242502]
 [0.3049896  0.6950104 ]
 [0.6929563  0.3070436 ]
 [0.79024374 0.20975631]
 [0.38086477 0.61913526]
 [0.6971427  0.30285728]
 [0.69773805 0.30226198]
 [0.6936498  0.3063502 ]
 [0.69394606 0.30605394]
 [0.69636744 0.30363256]
 [0.7205516  0.27944833]
 [0.6945996  0.30540037]
 [0.69721395 0.302786  ]
 [0.30255434 0.6974457 ]
 [0.30558982 0.69441015]
 [0.30596355 0.6940365 ]
 [0.6942183  0.30578175]
 [0.54736227 0.45263773]
 [0.31560868 0.6843913 ]
 [0.6980499  0.3019501 ]
 [0.30225137 0.69774866]
 [0.7460691  0.2539309 ]
 [0.6945388  0.3054612 ]
 [0.6801957  0.3198043 ]
 [0.29838413 0.7016158 ]
 [0.33822548 0.6617745 ]
 [0.7197354  0.28026465]
 [0.24809964 0.7519004 ]
 [0.45732278 0.5426772 ]
 [0.5618568  0.43814328]
 [0.69773483 0.30226517]
 [0.7016344  0.29836565]
 [0.28083605 0.71916395]
 [0.69772816 0.30227178]
 [0.3022751  0.69772494]
 [0.69768566 0.30231434]
 [0.70466805 0.29533193]
 [0.7424765  0.25752354]
 [0.6936225  0.30637756]
 [0.3029309  0.69706905]
 [0.66059524 0.3394048 ]
 [0.45217827 0.54782176]
 [0.28424782 0.7157521 ]
 [0.30596638 0.6940336 ]
 [0.32041574 0.67958426]
 [0.30223852 0.6977614 ]
 [0.48722205 0.5127779 ]
 [0.6930054  0.30699462]
 [0.69499445 0.30500558]
 [0.6957458  0.30425417]
 [0.28831133 0.7116887 ]
 [0.3218828  0.6781172 ]
 [0.2999709  0.70002913]
 [0.3748872  0.6251127 ]
 [0.69769526 0.30230471]
 [0.34383467 0.65616536]
 [0.26586816 0.73413193]
 [0.66279113 0.33720887]
 [0.26894605 0.73105395]
 [0.21753617 0.78246385]]
/home/gb21553/miniconda3/envs/jax/lib/python3.12/multiprocessing/popen_fork.py:66: RuntimeWarning: os.fork() was called. os.fork() is incompatible with multithreaded code, and JAX is multithreaded, so this will likely lead to a deadlock.
  self.pid = os.fork()
        Validation Criterion: 6090.39892578
        Saving best model so far ...
✔️ Gating k-means converged after 1 iterations
✔️ Gating k-means converged after 1 iterations
✔️ Gating k-means converged after 1 iterations
✔️ Gating k-means converged after 1 iterations
✔️ Gating k-means converged after 1 iterations
04:10:02      Epoch:   0      Batch:   0      OuterStep:   6      LossModel: 9752.92871094     LossTerm2: 0.00000000     LossGates: 0.00000000      Time/Step(s): 1809.5173Contributing envs to the losses:  [737 657 790 800 662 764 804 599 650 688 832 597 596 718 809 842 815 572 697 677 745 888 909 869 563 934 897 539 893 894 879 595 924 566 902 545 933 559 863 874 555 895 908 506 511 541 474 507 583 542 578 549 851 658 540 680 621 721 797 491 921 571 704 286 861 362 505 483 221 465 883 671 285 706 326 886 114 643  91 205 579 376 237 334 446 124 452 105 402 344   2 157 409 102 289 130 125 926 179 454 140 265 222 168 394 845 788  39 209   0 363  81  97 104 184 393 358  16  24 375 263 284 472  82 389 231 232 226 377   5 255 252  86  26  57 138  48 336 182 223  62 586 355 214 546 404 277 272 943 608 278 715 907 576 113 241 450 855 816  15 172 636 808 150 678  43 300 529 696 346 433 325 915  12 648 793 127 319 471 463 260 398 315  45 812 276 436 614 439 118 440 528 844 251 264 527 872 498 795 587 359 669 434 698 194 180 110 725 165  17 659 448 732 331 871 136 882 275 262 890 196 183 307 500 939 862   1 504 710 889 932 896 719 750 345 230 357 256 269 941 605 160 877  93 810 518 713 577 875 866 318 508 817 757 755 789 302 922 904 553 476 917 373 479 142 849 806 754 675 905 695 122 464 303 383 674 860 664 333 462 930 735 898 631 794 865 938 617 920 769 925 899 848 940 892 807 919 914 682 824 606 916 685 766 651 827 906 931 711 705 857 868 935 637 699 814 847 823 726 835 775 756 891 653 780 740 600 758 672 676 703 759 839 761 843 714 684 663 687 689 837 598 693 666 660 609 679 796 692 831 649 686 644 642 762 624 781 723 776 709  99 805 825 838 744 752 538 629 911 391 335 628 477 910 777 145 702 833 626 610 632 690 665 584 573 501 773 753 656 497  66 708 717 521 765 864 568 767 534 742 531  77 562 533 502 565 537 550 449 551 238 493 654 526 516 547 482 590 548 928 581 594 535 509 582 881 612 496 309 513 873 779 580 727  80 488  85 799  70 885 829 853 366 569 486 878 623 635 570 741 248 101   9 840 655 523 323 235 858 147 481 388 834  14 611 175 432 748  32 116 207 770   7]
Gate kernel values: 
 [[ 83.732506  -84.6788   ]
 [  2.9288788   0.6715393]]
The factor: how much of the new gate kernel do I used ? [0.001]
Gate values for each environment (all envs): 
 [[0.2749763  0.7250237 ]
 [0.25491887 0.74508107]
 [0.27518144 0.7248186 ]
 [0.26968968 0.7303103 ]
 [0.62011856 0.37988147]
 [0.2747877  0.72521234]
 [0.7306273  0.26937267]
 [0.73513526 0.26486477]
 [0.2626076  0.73739237]
 [0.28185508 0.71814495]
 [0.78773785 0.21226208]
 [0.72505856 0.2749414 ]
 [0.37341765 0.6265824 ]
 [0.73106027 0.2689398 ]
 [0.27627584 0.7237242 ]
 [0.2267843  0.7732157 ]
 [0.27499372 0.72500634]
 [0.40570718 0.5942928 ]
 [0.698262   0.30173802]
 [0.26959172 0.7304083 ]
 [0.72506094 0.27493906]
 [0.72344965 0.27655035]
 [0.723368   0.27663195]
 [0.7242853  0.2757147 ]
 [0.27499416 0.72500587]
 [0.7318133  0.2681867 ]
 [0.27502337 0.72497666]
 [0.26949117 0.7305088 ]
 [0.72969204 0.27030802]
 [0.7250179  0.27498204]
 [0.51899135 0.48100868]
 [0.8024271  0.19757295]
 [0.27349404 0.72650594]
 [0.73024595 0.26975405]
 [0.66640353 0.33359638]
 [0.28881204 0.71118796]
 [0.70157105 0.29842898]
 [0.72226053 0.2777395 ]
 [0.7143972  0.28560287]
 [0.27498662 0.7250133 ]
 [0.7302112  0.2697888 ]
 [0.72500575 0.2749942 ]
 [0.4121836  0.5878164 ]
 [0.2600886  0.7399114 ]
 [0.7879333  0.21206674]
 [0.2571393  0.74286073]
 [0.64835984 0.35164016]
 [0.72500587 0.2749941 ]
 [0.3277562  0.67224383]
 [0.6446837  0.35531634]
 [0.7306201  0.26937988]
 [0.72498804 0.275012  ]
 [0.725006   0.27499402]
 [0.7304083  0.26959172]
 [0.27040574 0.7295943 ]
 [0.15849112 0.84150887]
 [0.2611911  0.7388089 ]
 [0.27430418 0.7256958 ]
 [0.7251717  0.27482837]
 [0.7302405  0.26975948]
 [0.7368369  0.26316315]
 [0.7372968  0.26270315]
 [0.27414075 0.72585934]
 [0.72966576 0.2703343 ]
 [0.462194   0.537806  ]
 [0.26981667 0.7301833 ]
 [0.71436137 0.28563866]
 [0.47877035 0.5212296 ]
 [0.5609572  0.43904284]
 [0.24214604 0.7578539 ]
 [0.1612325  0.8387675 ]
 [0.72381455 0.27618548]
 [0.83734083 0.16265915]
 [0.74273574 0.25726432]
 [0.26977906 0.730221  ]
 [0.7430432  0.25695685]
 [0.73022693 0.2697731 ]
 [0.40062305 0.5993769 ]
 [0.73022354 0.2697765 ]
 [0.8003941  0.19960591]
 [0.7207469  0.2792531 ]
 [0.27500582 0.7249942 ]
 [0.27499214 0.7250079 ]
 [0.7418412  0.25815886]
 [0.22143309 0.77856696]
 [0.72657526 0.27342477]
 [0.25866148 0.74133855]
 [0.2697664  0.73023367]
 [0.26979533 0.7302047 ]
 [0.75829726 0.24170275]
 [0.73740345 0.26259652]
 [0.2838642  0.7161358 ]
 [0.7273929  0.27260718]
 [0.25535527 0.74464476]
 [0.9012497  0.09875031]
 [0.26110062 0.7388994 ]
 [0.7252955  0.2747045 ]
 [0.27500603 0.724994  ]
 [0.2696252  0.7303749 ]
 [0.6867145  0.31328556]
 [0.72893935 0.27106062]
 [0.72459614 0.27540386]
 [0.27514228 0.7248578 ]
 [0.77425545 0.22574455]
 [0.27441704 0.72558296]
 [0.2764402  0.7235598 ]
 [0.72524166 0.27475834]
 [0.7050081  0.29499188]
 [0.72961664 0.27038336]
 [0.27629906 0.72370094]
 [0.420742   0.5792579 ]
 [0.73064315 0.2693569 ]
 [0.7424762  0.25752378]
 [0.2708297  0.72917026]
 [0.31523085 0.6847692 ]
 [0.7300464  0.26995367]
 [0.7257796  0.2742205 ]
 [0.7303532  0.2696468 ]
 [0.32016698 0.67983305]
 [0.816555   0.18344493]
 [0.7257399  0.2742601 ]
 [0.27086386 0.72913617]
 [0.3104041  0.6895959 ]
 [0.26976377 0.7302363 ]
 [0.2740698  0.7259303 ]
 [0.2744646  0.72553545]
 [0.06819899 0.93180096]
 [0.29234672 0.70765334]
 [0.4175253  0.58247477]
 [0.7302404  0.26975963]
 [0.2756601  0.7243399 ]
 [0.36786196 0.632138  ]
 [0.5311661  0.46883386]
 [0.8147045  0.18529557]
 [0.72768015 0.27231988]
 [0.2697671  0.73023295]
 [0.47143918 0.5285608 ]
 [0.26978233 0.7302177 ]
 [0.27487108 0.72512895]
 [0.27997226 0.7200277 ]
 [0.27505895 0.724941  ]
 [0.7694973  0.23050274]
 [0.51964504 0.48035493]
 [0.73062295 0.26937702]
 [0.7299391  0.27006093]
 [0.25925353 0.7407464 ]
 [0.26949275 0.7305073 ]
 [0.27358475 0.7264153 ]
 [0.72507036 0.27492964]
 [0.7302677  0.2697324 ]
 [0.28088197 0.719118  ]
 [0.23635459 0.7636454 ]
 [0.73022336 0.26977667]
 [0.7859349  0.2140651 ]
 [0.7250131  0.27498692]
 [0.7225006  0.27749935]
 [0.67640036 0.3235997 ]
 [0.27498627 0.7250138 ]
 [0.18101686 0.81898314]
 [0.35366845 0.64633155]
 [0.34046686 0.65953314]
 [0.73683923 0.2631608 ]
 [0.71331453 0.2866855 ]
 [0.72489685 0.2751031 ]
 [0.8039092  0.1960908 ]
 [0.49030817 0.50969183]
 [0.35979828 0.64020175]
 [0.7266574  0.27334264]
 [0.27506286 0.7249371 ]
 [0.71070796 0.28929207]
 [0.72860485 0.27139518]
 [0.26981258 0.7301875 ]
 [0.22388159 0.77611846]
 [0.74132204 0.25867796]
 [0.8413224  0.15867753]
 [0.27926818 0.72073185]
 [0.7545117  0.24548823]
 [0.35218456 0.6478154 ]
 [0.2635704  0.73642963]
 [0.27528524 0.72471476]
 [0.4117963  0.58820367]
 [0.72815186 0.27184808]
 [0.30255017 0.69744986]
 [0.19300309 0.80699694]
 [0.27505136 0.7249487 ]
 [0.7230934  0.27690664]
 [0.2561612  0.74383885]
 [0.7250137  0.27498633]
 [0.7261403  0.2738597 ]
 [0.7250058  0.2749942 ]
 [0.7302095  0.2697905 ]
 [0.74224496 0.25775507]
 [0.7312488  0.2687513 ]
 [0.7254236  0.27457646]
 [0.5342597  0.4657403 ]
 [0.72512394 0.274876  ]
 [0.5374736  0.4625264 ]
 [0.29359317 0.70640683]
 [0.26779485 0.73220515]
 [0.72642726 0.27357277]
 [0.72795403 0.27204597]
 [0.73021764 0.26978236]
 [0.7462506  0.2537493 ]
 [0.27362862 0.72637147]
 [0.7332854  0.2667146 ]
 [0.28928816 0.71071184]
 [0.72500265 0.27499738]
 [0.27601182 0.7239881 ]
 [0.72964114 0.27035895]
 [0.27504513 0.7249549 ]
 [0.72496593 0.27503416]
 [0.7250868  0.27491325]
 [0.7211986  0.27880135]
 [0.75056916 0.24943082]
 [0.27605608 0.7239439 ]
 [0.2700361  0.7299639 ]
 [0.5876172  0.41238278]
 [0.7343926  0.26560742]
 [0.26976812 0.7302319 ]
 [0.3307344  0.6692656 ]
 [0.7642043  0.23579575]
 [0.26820737 0.73179257]
 [0.27413207 0.7258679 ]
 [0.27063376 0.72936624]
 [0.72682625 0.2731738 ]
 [0.71621186 0.28378808]
 [0.27497286 0.72502714]
 [0.724822   0.27517802]
 [0.80542684 0.19457316]
 [0.74794805 0.25205204]
 [0.56599385 0.43400615]
 [0.27496198 0.72503805]
 [0.27498528 0.72501475]
 [0.35941476 0.6405852 ]
 [0.80834615 0.19165385]
 [0.27431506 0.72568494]
 [0.26976204 0.7302379 ]
 [0.26428154 0.7357184 ]
 [0.27243024 0.7275697 ]
 [0.72691697 0.27308306]
 [0.27173272 0.7282673 ]
 [0.27242577 0.7275743 ]
 [0.725006   0.27499402]
 [0.73114085 0.26885912]
 [0.8982457  0.10175429]
 [0.2697684  0.73023164]
 [0.7955586  0.20444143]
 [0.7188144  0.28118557]
 [0.67544776 0.32455224]
 [0.16214873 0.8378513 ]
 [0.83741355 0.1625864 ]
 [0.16790386 0.83209616]
 [0.27481827 0.72518176]
 [0.26201868 0.7379813 ]
 [0.7303171  0.26968288]
 [0.27473262 0.7252674 ]
 [0.5536282  0.44637176]
 [0.26982063 0.73017937]
 [0.7302345  0.2697655 ]
 [0.72500575 0.27499428]
 [0.25213754 0.74786246]
 [0.25663188 0.7433681 ]
 [0.26485455 0.73514545]
 [0.27499354 0.72500646]
 [0.35984826 0.6401517 ]
 [0.2751417  0.72485834]
 [0.269773   0.730227  ]
 [0.42298245 0.5770175 ]
 [0.18899094 0.81100905]
 [0.6075693  0.39243075]
 [0.26359174 0.7364083 ]
 [0.72467506 0.27532494]
 [0.3219881  0.67801183]
 [0.7164884  0.28351158]
 [0.7185115  0.28148845]
 [0.59580517 0.40419483]
 [0.17887881 0.8211212 ]
 [0.27764052 0.7223595 ]
 [0.2767899  0.7232101 ]
 [0.73022664 0.26977345]
 [0.7149572  0.28504282]
 [0.8188039  0.18119612]
 [0.8589266  0.14107339]
 [0.73022634 0.2697736 ]
 [0.27498978 0.7250102 ]
 [0.28691006 0.71308994]
 [0.28334385 0.71665615]
 [0.6921639  0.3078361 ]
 [0.26983643 0.7301636 ]
 [0.26711205 0.7328879 ]
 [0.72925127 0.27074873]
 [0.73013663 0.26986337]
 [0.7302833  0.26971674]
 [0.2518196  0.7481804 ]
 [0.7292545  0.27074555]
 [0.7305111  0.26948893]
 [0.20998378 0.7900161 ]
 [0.74320656 0.25679344]
 [0.738755   0.261245  ]
 [0.26501846 0.7349816 ]
 [0.27540344 0.72459656]
 [0.16051099 0.8394891 ]
 [0.675812   0.32418793]
 [0.2592654  0.74073464]
 [0.72570544 0.2742946 ]
 [0.6964692  0.3035308 ]
 [0.76574767 0.23425235]
 [0.56825465 0.43174535]
 [0.6670917  0.3329082 ]
 [0.69420034 0.30579975]
 [0.26977655 0.7302234 ]
 [0.6518633  0.34813675]
 [0.7704445  0.22955555]
 [0.7237555  0.2762445 ]
 [0.26992407 0.730076  ]
 [0.23717812 0.76282185]
 [0.72006166 0.27993837]
 [0.73808515 0.26191482]
 [0.50703895 0.49296105]
 [0.2458916  0.75410837]
 [0.7141484  0.28585172]
 [0.7308891  0.26911098]
 [0.7259785  0.2740215 ]
 [0.6188645  0.38113555]
 [0.8103385  0.18966146]
 [0.23750404 0.762496  ]
 [0.27491796 0.72508204]
 [0.72505224 0.27494776]
 [0.7273305  0.27266946]
 [0.2697553  0.73024464]
 [0.26902917 0.7309708 ]
 [0.29091865 0.70908135]
 [0.4078241  0.59217596]
 [0.5296423  0.47035772]
 [0.27654192 0.72345805]
 [0.43020776 0.5697923 ]
 [0.27513948 0.72486055]
 [0.7256271  0.27437285]
 [0.27112964 0.72887033]
 [0.8103942  0.18960573]
 [0.7256599  0.27434006]
 [0.26983586 0.7301641 ]
 [0.72743    0.27257007]
 [0.72372997 0.27626997]
 [0.3084022  0.6915978 ]
 [0.16975223 0.8302478 ]
 [0.27253324 0.7274668 ]
 [0.7250741  0.27492586]
 [0.7431092  0.2568908 ]
 [0.26966453 0.7303355 ]
 [0.26978078 0.73021924]
 [0.26954037 0.7304596 ]
 [0.73099875 0.2690013 ]
 [0.724997   0.275003  ]
 [0.2699853  0.73001474]
 [0.27650818 0.7234918 ]
 [0.27014023 0.72985977]
 [0.5517449  0.44825515]
 [0.27499583 0.72500414]
 [0.16951178 0.83048826]
 [0.3324894  0.66751057]
 [0.73410535 0.26589462]
 [0.27461517 0.7253849 ]
 [0.27502868 0.7249713 ]
 [0.2691627  0.7308373 ]
 [0.8474387  0.1525613 ]
 [0.30841795 0.6915821 ]
 [0.7145886  0.28541148]
 [0.73189706 0.26810294]
 [0.7308697  0.26913032]
 [0.7302221  0.26977792]
 [0.2611408  0.7388592 ]
 [0.7351707  0.26482928]
 [0.65359664 0.34640342]
 [0.72227633 0.27772373]
 [0.27499408 0.72500587]
 [0.28551167 0.7144884 ]
 [0.27497676 0.7250233 ]
 [0.7292348  0.27076524]
 [0.7313582  0.2686418 ]
 [0.2697685  0.7302316 ]
 [0.21491398 0.78508604]
 [0.7299625  0.27003747]
 [0.34540936 0.65459067]
 [0.7254782  0.27452192]
 [0.72682333 0.27317664]
 [0.26670563 0.7332944 ]
 [0.72686327 0.27313673]
 [0.27129573 0.72870433]
 [0.27492848 0.72507155]
 [0.72436315 0.27563676]
 [0.70446205 0.29553792]
 [0.7286308  0.27136928]
 [0.27500197 0.724998  ]
 [0.2747337  0.7252663 ]
 [0.7305187  0.26948136]
 [0.7302349  0.26976508]
 [0.725013   0.274987  ]
 [0.33101955 0.6689805 ]
 [0.27262464 0.7273753 ]
 [0.7265335  0.2734666 ]
 [0.27005175 0.7299482 ]
 [0.27610573 0.72389424]
 [0.72478914 0.27521083]
 [0.2626539  0.7373462 ]
 [0.706283   0.2937171 ]
 [0.7208742  0.27912587]
 [0.27055737 0.72944266]
 [0.22564074 0.7743592 ]
 [0.29399914 0.7060009 ]
 [0.73147243 0.2685276 ]
 [0.2692529  0.73074716]
 [0.60429436 0.39570567]
 [0.14141488 0.8585852 ]
 [0.25155056 0.74844944]
 [0.73023915 0.2697609 ]
 [0.2672965  0.7327035 ]
 [0.73488593 0.26511407]
 [0.73031676 0.26968327]
 [0.650741   0.34925902]
 [0.2699917  0.73000824]
 [0.27794728 0.72205275]
 [0.23036034 0.76963973]
 [0.74000406 0.25999585]
 [0.74062157 0.2593784 ]
 [0.7332717  0.2667283 ]
 [0.73030996 0.26969004]
 [0.40891984 0.5910801 ]
 [0.70304537 0.29695466]
 [0.84169436 0.15830563]
 [0.24215537 0.7578446 ]
 [0.79085106 0.20914887]
 [0.2644285  0.73557156]
 [0.26939732 0.73060274]
 [0.2892335  0.71076655]
 [0.7613607  0.23863928]
 [0.46604308 0.53395694]
 [0.73701745 0.26298255]
 [0.27072886 0.7292712 ]
 [0.24396715 0.7560329 ]
 [0.22917026 0.7708297 ]
 [0.23479259 0.76520747]
 [0.29695457 0.70304537]
 [0.7271689  0.2728311 ]
 [0.2758717  0.7241283 ]
 [0.23015036 0.76984966]
 [0.27463248 0.7253675 ]
 [0.7103808  0.28961924]
 [0.3703359  0.62966406]
 [0.31111297 0.688887  ]
 [0.3316083  0.6683917 ]
 [0.35038075 0.6496193 ]
 [0.2745407  0.72545934]
 [0.80297375 0.1970263 ]
 [0.27222696 0.7277731 ]
 [0.72502315 0.27497682]
 [0.7251462  0.2748539 ]
 [0.7351187  0.26488137]
 [0.26968145 0.73031855]
 [0.26998806 0.73001194]
 [0.26581085 0.73418915]
 [0.25568599 0.744314  ]
 [0.6634211  0.33657897]
 [0.2077117  0.79228824]
 [0.21117346 0.7888265 ]
 [0.27388376 0.7261163 ]
 [0.7431438  0.25685617]
 [0.7302224  0.26977763]
 [0.7452987  0.25470135]
 [0.73148024 0.2685198 ]
 [0.42925242 0.57074755]
 [0.33849987 0.66150016]
 [0.2749931  0.7250069 ]
 [0.78162175 0.21837822]
 [0.29068193 0.7093181 ]
 [0.35269403 0.64730597]
 [0.38368553 0.6163145 ]
 [0.29141578 0.7085842 ]
 [0.7092906  0.29070935]
 [0.27486232 0.72513777]
 [0.71335584 0.28664416]
 [0.7183123  0.28168768]
 [0.2882102  0.7117897 ]
 [0.26649305 0.7335069 ]
 [0.71863544 0.28136456]
 [0.71693546 0.28306448]
 [0.6371833  0.3628167 ]
 [0.7109697  0.28903034]
 [0.15481728 0.84518266]
 [0.62485385 0.37514612]
 [0.83574516 0.16425486]
 [0.2884484  0.7115516 ]
 [0.7092575  0.29074255]
 [0.28337717 0.7166229 ]
 [0.70638776 0.29361227]
 [0.6784365  0.32156348]
 [0.71622807 0.2837719 ]
 [0.28962094 0.710379  ]
 [0.45759058 0.54240954]
 [0.2104338  0.7895662 ]
 [0.17532907 0.8246709 ]
 [0.7080244  0.2919756 ]
 [0.285723   0.714277  ]
 [0.8131926  0.18680733]
 [0.5577145  0.44228548]
 [0.28145564 0.7185444 ]
 [0.289017   0.71098304]
 [0.29069206 0.70930797]
 [0.67521936 0.32478058]
 [0.71750313 0.2824969 ]
 [0.19991796 0.800082  ]
 [0.2905931  0.70940685]
 [0.7093743  0.29062566]
 [0.7147001  0.2852999 ]
 [0.7094893  0.29051074]
 [0.4125594  0.58744055]
 [0.7142795  0.2857205 ]
 [0.75560844 0.24439155]
 [0.6438971  0.35610282]
 [0.7183334  0.28166658]
 [0.7093177  0.29068232]
 [0.28975815 0.71024185]
 [0.7094134  0.29058656]
 [0.25664744 0.7433526 ]
 [0.75723195 0.24276802]
 [0.7093256  0.29067442]
 [0.7142701  0.28572994]
 [0.2612191  0.7387809 ]
 [0.24785951 0.7521405 ]
 [0.35283124 0.64716876]
 [0.7089945  0.29100552]
 [0.28490523 0.7150948 ]
 [0.7093191  0.29068092]
 [0.28581473 0.7141853 ]
 [0.70380276 0.2961973 ]
 [0.26469594 0.73530406]
 [0.7007977  0.29920232]
 [0.28571153 0.7142885 ]
 [0.70674694 0.29325306]
 [0.29360572 0.7063944 ]
 [0.28466436 0.71533567]
 [0.29067576 0.7093243 ]
 [0.2905928  0.7094072 ]
 [0.6391779  0.36082214]
 [0.7092819  0.2907181 ]
 [0.29119778 0.7088022 ]
 [0.341802   0.65819806]
 [0.71429724 0.2857028 ]
 [0.28152618 0.71847385]
 [0.2912595  0.70874053]
 [0.2939104  0.70608956]
 [0.28585058 0.7141494 ]
 [0.5036291  0.49637088]
 [0.28651795 0.713482  ]
 [0.26767284 0.73232716]
 [0.2914199  0.70858014]
 [0.70715994 0.29284003]
 [0.78109986 0.21890017]
 [0.71136475 0.28863522]
 [0.3067857  0.69321436]
 [0.62986106 0.37013894]
 [0.2351842  0.7648158 ]
 [0.285909   0.71409106]
 [0.28488734 0.7151127 ]
 [0.70925355 0.29074642]
 [0.28572848 0.71427155]
 [0.29271874 0.7072813 ]
 [0.70914227 0.2908577 ]
 [0.2856645  0.7143355 ]
 [0.69819355 0.30180642]
 [0.2676668  0.73233324]
 [0.28504354 0.7149565 ]
 [0.3002686  0.6997314 ]
 [0.29161847 0.7083816 ]
 [0.77270335 0.22729665]
 [0.72259253 0.27740744]
 [0.31128877 0.6887112 ]
 [0.47749507 0.522505  ]
 [0.30604511 0.69395494]
 [0.3347361  0.6652639 ]
 [0.7161864  0.28381363]
 [0.7157536  0.2842464 ]
 [0.68149036 0.3185096 ]
 [0.29054394 0.709456  ]
 [0.6579234  0.34207663]
 [0.70903265 0.29096738]
 [0.25657496 0.7434251 ]
 [0.44857478 0.55142516]
 [0.7093219  0.29067805]
 [0.7096166  0.2903834 ]
 [0.7142297  0.28577027]
 [0.7385276  0.26147237]
 [0.13458666 0.8654133 ]
 [0.23939554 0.7606045 ]
 [0.7154911  0.2845089 ]
 [0.3052756  0.69472444]
 [0.29912257 0.70087737]
 [0.2986802  0.7013199 ]
 [0.70611626 0.29388374]
 [0.29872054 0.70127946]
 [0.7046388  0.29536128]
 [0.75208515 0.24791488]
 [0.6791214  0.32087865]
 [0.7013206  0.2986794 ]
 [0.701322   0.29867795]
 [0.16768865 0.83231133]
 [0.29381886 0.70618117]
 [0.7012518  0.29874825]
 [0.34863868 0.65136135]
 [0.70612055 0.29387948]
 [0.7121486  0.28785133]
 [0.73385537 0.2661447 ]
 [0.70845157 0.2915484 ]
 [0.7014145  0.29858553]
 [0.32987678 0.6701232 ]
 [0.7056923  0.29430768]
 [0.710811   0.28918895]
 [0.29093987 0.7090602 ]
 [0.77624655 0.22375344]
 [0.7012687  0.2987314 ]
 [0.701711   0.29828906]
 [0.31333652 0.6866635 ]
 [0.67101103 0.32898897]
 [0.59075385 0.4092461 ]
 [0.70085835 0.29914165]
 [0.22882813 0.77117187]
 [0.6407786  0.35922146]
 [0.7845467  0.21545337]
 [0.5222767  0.47772324]
 [0.7062312  0.29376885]
 [0.70936143 0.29063857]
 [0.29396373 0.70603627]
 [0.7101218  0.28987813]
 [0.37449053 0.62550944]
 [0.7017008  0.2982992 ]
 [0.69976    0.30024004]
 [0.32502922 0.6749708 ]
 [0.29392087 0.7060791 ]
 [0.70128095 0.298719  ]
 [0.78253096 0.21746902]
 [0.6155473  0.3844528 ]
 [0.53555465 0.46444538]
 [0.70674896 0.29325104]
 [0.28799686 0.7120031 ]
 [0.70607376 0.29392627]
 [0.18314408 0.8168559 ]
 [0.506139   0.49386102]
 [0.70145136 0.2985487 ]
 [0.30049685 0.6995031 ]
 [0.7061752  0.29382482]
 [0.29860225 0.7013978 ]
 [0.29388532 0.70611465]
 [0.68981826 0.3101817 ]
 [0.2938853  0.70611477]
 [0.25085673 0.74914324]
 [0.20930533 0.79069465]
 [0.271739   0.728261  ]
 [0.2981471  0.70185286]
 [0.31814834 0.6818516 ]
 [0.29959598 0.7004041 ]
 [0.7061164  0.29388368]
 [0.8465292  0.15347081]
 [0.29867145 0.7013286 ]
 [0.70599854 0.29400152]
 [0.29569083 0.70430917]
 [0.71352255 0.28647742]
 [0.7060713  0.2939287 ]
 [0.7015987  0.29840133]
 [0.8472623  0.15273763]
 [0.37970552 0.62029445]
 [0.5008015  0.4991985 ]
 [0.3288897  0.6711103 ]
 [0.29607093 0.70392907]
 [0.7013371  0.29866293]
 [0.29468498 0.70531505]
 [0.6335374  0.36646256]
 [0.7051838  0.29481626]
 [0.2940297  0.7059702 ]
 [0.21666496 0.78333503]
 [0.7061315  0.29386848]
 [0.30838418 0.6916159 ]
 [0.74374473 0.2562553 ]
 [0.2938618  0.7061382 ]
 [0.7012522  0.29874784]
 [0.70603025 0.2939698 ]
 [0.29387784 0.70612216]
 [0.70366853 0.29633144]
 [0.7060809  0.29391915]
 [0.29875636 0.70124364]
 [0.7060654  0.29393458]
 [0.14212474 0.8578753 ]
 [0.7006126  0.2993874 ]
 [0.70610535 0.29389468]
 [0.70611626 0.29388374]
 [0.70933276 0.2906673 ]
 [0.686877   0.31312308]
 [0.20352848 0.79647154]
 [0.2954694  0.70453066]
 [0.4199509  0.58004916]
 [0.29702833 0.70297164]
 [0.6262702  0.3737298 ]
 [0.70206964 0.2979304 ]
 [0.28760478 0.71239525]
 [0.7051562  0.2948438 ]
 [0.31096947 0.68903047]
 [0.29390517 0.7060948 ]
 [0.32223418 0.67776585]
 [0.26354283 0.73645717]
 [0.6839921  0.31600782]
 [0.29265982 0.70734024]
 [0.18184009 0.8181599 ]
 [0.29389003 0.70611   ]
 [0.58340394 0.4165961 ]
 [0.29601735 0.70398265]
 [0.706186   0.29381403]
 [0.30533922 0.6946608 ]
 [0.7012897  0.2987103 ]
 [0.29507348 0.7049266 ]
 [0.29874963 0.7012504 ]
 [0.54505897 0.45494103]
 [0.8112643  0.18873575]
 [0.3004961  0.6995039 ]
 [0.7012826  0.2987174 ]
 [0.2955815  0.70441854]
 [0.76038074 0.23961921]
 [0.42923096 0.570769  ]
 [0.2931921  0.7068079 ]
 [0.708187   0.291813  ]
 [0.77345884 0.22654122]
 [0.7007416  0.29925847]
 [0.6874155  0.31258458]
 [0.82368934 0.17631067]
 [0.42258137 0.5774187 ]
 [0.74486196 0.255138  ]
 [0.6304889  0.36951107]
 [0.7011922  0.2988078 ]
 [0.77614063 0.22385935]
 [0.2986608  0.7013391 ]
 [0.7012828  0.2987172 ]
 [0.7014995  0.29850048]
 [0.2924601  0.7075399 ]
 [0.26695457 0.7330454 ]
 [0.7151536  0.28484645]
 [0.705379   0.294621  ]
 [0.7083215  0.2916785 ]
 [0.2956466  0.7043534 ]
 [0.7000966  0.29990336]
 [0.54512227 0.4548778 ]
 [0.27077645 0.7292236 ]
 [0.30069482 0.6993051 ]
 [0.5352913  0.46470866]
 [0.6901602  0.30983981]
 [0.28935802 0.71064204]
 [0.27987713 0.7201228 ]
 [0.29396346 0.70603657]
 [0.46171704 0.53828293]
 [0.7052006  0.29479936]
 [0.541928   0.458072  ]
 [0.29524606 0.70475394]
 [0.70576876 0.29423127]
 [0.70376164 0.29623833]
 [0.7069722  0.2930278 ]
 [0.2897417  0.7102583 ]
 [0.35529596 0.64470404]
 [0.29866463 0.7013354 ]
 [0.70966506 0.29033494]
 [0.29388532 0.70611465]
 [0.30020884 0.6997912 ]
 [0.7382627  0.2617373 ]
 [0.29393154 0.70606846]
 [0.3266051  0.673395  ]
 [0.6722195  0.32778057]
 [0.7000227  0.29997727]
 [0.28960937 0.7103906 ]
 [0.65994817 0.34005183]
 [0.29298592 0.7070141 ]
 [0.7075009  0.29249913]
 [0.29699925 0.7030008 ]
 [0.7890679  0.21093212]
 [0.2740274  0.7259726 ]
 [0.2938829  0.70611715]
 [0.70832074 0.2916792 ]
 [0.70801973 0.29198024]
 [0.7088837  0.2911163 ]
 [0.32176945 0.6782306 ]
 [0.70227975 0.29772028]
 [0.70010865 0.29989132]
 [0.6051812  0.39481878]
 [0.27545545 0.7245445 ]
 [0.68278    0.31721997]
 [0.29872483 0.70127517]
 [0.59124035 0.40875965]
 [0.70703596 0.29296407]
 [0.45042887 0.54957116]
 [0.29368624 0.70631385]
 [0.4667433  0.5332567 ]
 [0.7060839  0.2939162 ]
 [0.28730914 0.71269083]
 [0.5309192  0.46908084]
 [0.2698082  0.73019177]
 [0.29870847 0.70129156]
 [0.7009934  0.29900658]
 [0.68266267 0.3173373 ]
 [0.83254313 0.16745682]
 [0.29872227 0.70127773]
 [0.29177472 0.7082253 ]
 [0.5627072  0.43729278]
 [0.29357836 0.70642173]
 [0.3303712  0.6696288 ]
 [0.29821324 0.7017867 ]
 [0.26110044 0.7388995 ]
 [0.27319512 0.7268049 ]
 [0.3629936  0.63700646]
 [0.8035475  0.19645256]
 [0.7048065  0.29519346]
 [0.30033627 0.69966376]
 [0.25786206 0.74213797]
 [0.5966766  0.40332344]
 [0.70272523 0.29727483]
 [0.7724887  0.22751123]
 [0.7012803  0.2987198 ]
 [0.7012752  0.29872474]
 [0.70170164 0.2982984 ]
 [0.2946513  0.70534873]
 [0.29386505 0.706135  ]
 [0.7060687  0.29393134]
 [0.509386   0.4906141 ]
 [0.29389128 0.70610875]
 [0.586247   0.41375297]
 [0.70539594 0.2946041 ]
 [0.55292755 0.44707245]
 [0.7062978  0.29370221]
 [0.29881698 0.70118296]
 [0.28557822 0.7144218 ]
 [0.25154772 0.74845225]
 [0.70641506 0.29358497]
 [0.5293119  0.47068813]
 [0.70609355 0.29390648]
 [0.29481262 0.7051873 ]
 [0.2961905  0.70380944]
 [0.68964225 0.31035772]
 [0.77527344 0.22472659]
 [0.29797804 0.70202196]
 [0.7056099  0.29439008]
 [0.48928988 0.51071006]
 [0.2921086  0.7078914 ]
 [0.16875035 0.83124965]
 [0.29399452 0.70600545]
 [0.30183277 0.69816726]
 [0.3105353  0.6894647 ]
 [0.22384243 0.77615756]
 [0.31078264 0.6892174 ]
 [0.69304353 0.30695647]
 [0.23797536 0.76202464]
 [0.69361013 0.30638993]
 [0.37344018 0.62655985]
 [0.5939964  0.4060036 ]
 [0.30230004 0.69769996]
 [0.49809498 0.501905  ]
 [0.69304603 0.30695403]
 [0.6979675  0.30203247]
 [0.30605856 0.6939415 ]
 [0.31369698 0.6863031 ]
 [0.3075015  0.69249856]
 [0.6993448  0.30065516]
 [0.6474119  0.35258806]
 [0.66001433 0.33998567]
 [0.33628157 0.6637185 ]
 [0.6978834  0.30211654]
 [0.30959353 0.6904065 ]
 [0.52800494 0.4719951 ]
 [0.43085372 0.5691463 ]
 [0.31019843 0.6898016 ]
 [0.672377   0.32762307]
 [0.28508276 0.71491724]
 [0.67412996 0.32586995]
 [0.7502014  0.24979855]
 [0.2946343  0.7053657 ]
 [0.3019635  0.69803655]
 [0.30710438 0.6928957 ]
 [0.21515077 0.7848492 ]
 [0.3039272  0.69607276]
 [0.43179566 0.5682044 ]
 [0.26532686 0.73467314]
 [0.4216351  0.5783649 ]
 [0.6986668  0.3013332 ]
 [0.31611222 0.6838878 ]
 [0.6943103  0.3056898 ]
 [0.30701202 0.69298804]
 [0.1836102  0.81638974]
 [0.55776876 0.4422313 ]
 [0.30297104 0.697029  ]
 [0.30227292 0.6977271 ]
 [0.307245   0.69275504]
 [0.30616102 0.693839  ]
 [0.30100104 0.6989989 ]
 [0.27930105 0.72069895]
 [0.30622932 0.69377077]
 [0.30226147 0.6977386 ]
 [0.6975857  0.30241424]
 [0.6935647  0.30643532]
 [0.69312394 0.30687606]
 [0.30666605 0.69333404]
 [0.41778824 0.5822118 ]
 [0.6857285  0.31427148]
 [0.30231684 0.6976832 ]
 [0.6977386  0.30226147]
 [0.2549401  0.7450599 ]
 [0.30635777 0.6936423 ]
 [0.2957054  0.7042946 ]
 [0.7018841  0.2981159 ]
 [0.71766627 0.28233376]
 [0.22980079 0.77019924]
 [0.7505481  0.24945189]
 [0.5541865  0.44581354]
 [0.42153192 0.578468  ]
 [0.30227727 0.6977228 ]
 [0.2986446  0.70135546]
 [0.72119397 0.278806  ]
 [0.30228204 0.6977179 ]
 [0.6977364  0.30226362]
 [0.30218184 0.69781816]
 [0.29282454 0.7071755 ]
 [0.26827317 0.73172677]
 [0.30733007 0.6926699 ]
 [0.6967333  0.30326676]
 [0.34459624 0.65540373]
 [0.54829663 0.45170346]
 [0.7181544  0.2818457 ]
 [0.69313914 0.3068609 ]
 [0.67626953 0.32373047]
 [0.6977547  0.30224532]
 [0.5086796  0.4913204 ]
 [0.30793077 0.6920692 ]
 [0.30588573 0.6941143 ]
 [0.30451772 0.69548225]
 [0.7129846  0.2870153 ]
 [0.7315722  0.2684278 ]
 [0.700937   0.29906306]
 [0.5994889  0.40051103]
 [0.30225578 0.69774425]
 [0.5868903  0.41310978]
 [0.7183601  0.2816399 ]
 [0.3370266  0.66297346]
 [0.7315481  0.26845193]
 [0.7927188  0.20728111]]
/home/gb21553/miniconda3/envs/jax/lib/python3.12/multiprocessing/popen_fork.py:66: RuntimeWarning: os.fork() was called. os.fork() is incompatible with multithreaded code, and JAX is multithreaded, so this will likely lead to a deadlock.
  self.pid = os.fork()
        Validation Criterion: 5775.88867188
        Saving best model so far ...
✔️ Gating k-means converged after 1 iterations
✔️ Gating k-means converged after 1 iterations
✔️ Gating k-means converged after 1 iterations
✔️ Gating k-means converged after 1 iterations
✔️ Gating k-means converged after 1 iterations
04:44:42      Epoch:   0      Batch:   0      OuterStep:   7      LossModel: 8778.19726562     LossTerm2: 0.00000000     LossGates: 0.00000000      Time/Step(s): 1813.5141Contributing envs to the losses:  [460 299 838 198 330 349  27 215  54 416  88 459  98 388 137 356 554 351 364 458 270 380 341  87 329 350 236 266 310 218 245 135  74 123 171   3 257  65 288 314 411 407 420 354 401 147  32  19 203 438 748 570 235 779 146 121 338 799 432  14 207 444 741   8 178 175 109 414 186  95 145 386 461 240 399 493 482 548 371 551 805 533 537 565 502 531 523 562 568   9 550 535 521 497 656 717 253 773 238 573 702 833 293 881 477 752 834 709 762 767 366 723 740 777 780 653 775 726 617 847 637 606 711 685 651 766 824 827 705 682 807 794 151 769 758 878 631 823 561 839 811 674 430 664 699 672 784 553 753 754 707 479 848 857 916 919 892 891 940 880 898 917 713 625 935 770 905 922  69 749 303 593 421 261 139 853 850 654 510 849  84 912 877 763 499 360 408 475 166 867 451 197 445 131 449 896 422 923  93 633 177 645 810 332 515  56 655 427 442 441 383 862  35 470  42 249 158 160 846 128 262   1 122  64 464 434 331 659 381 552 268 267 233  77 884 670 301 527 903 872 592 646 118 476 159 830 219 315 319  55 712 439 791 870 335 614 412 669 260  30 636 214 641 296 826 856 798  43  70 710 216 836 264  46 605 577 787 755 812 413 909 732 489 622 797 543 725 286 156 362 483 540 861 802 305 921 895 308 874 858 465 311  36 563 221 883 494 326 602 132 491  18 536  49  34 454 529 613  86 894 578 480 446 124 505 452 786 506 657 908 223 571 886 815 615 677 739 697 125 157 746 576 113 556 737 902   2 222 104 772 542 691 801 934 620 558 530 842 673 522 334 394 863 897 809 525 567 790 492   5 511 583 619 545 924 589 929 800   0 650 102 389 722  39 564 662 764 140 544 541 231 607 474 284 520 821 852 532  16 478 804 472 263 375  24  82 588 820 667  81 738 358 638  97 859 599 393 716 168 585 363 255 688 226 209 507 232 377 162 184 832 604 901 265 237 634 252 933 879 596 512 402 745 683 130 367 900 597 179 927 225 555 105 701 893 854 718  57  26 549 138 247 788 336 572 566 818 514 729 887 943 539 647]
Gate kernel values: 
 [[ 81.35144    -82.44347   ]
 [  3.3081207    0.29512024]]
The factor: how much of the new gate kernel do I used ? [0.001]
Gate values for each environment (all envs): 
 [[0.27916384 0.7208362 ]
 [0.2565285  0.74347156]
 [0.27932066 0.72067934]
 [0.27206212 0.72793794]
 [0.6145123  0.38548768]
 [0.27895552 0.72104454]
 [0.72840613 0.2715939 ]
 [0.7311435  0.26885656]
 [0.26461393 0.7353861 ]
 [0.28640267 0.71359736]
 [0.7841126  0.21588746]
 [0.7220934  0.27790657]
 [0.34803525 0.6519648 ]
 [0.72874826 0.2712518 ]
 [0.28076726 0.7192327 ]
 [0.22192329 0.77807677]
 [0.2791848  0.7208152 ]
 [0.42251801 0.5774819 ]
 [0.6941914  0.30580863]
 [0.27189416 0.72810584]
 [0.72086614 0.2791339 ]
 [0.7213072  0.27869284]
 [0.7190944  0.2809056 ]
 [0.72006255 0.27993742]
 [0.27918532 0.72081465]
 [0.7297281  0.27027196]
 [0.2792173  0.7207827 ]
 [0.27164426 0.7283557 ]
 [0.7276491  0.27235088]
 [0.7208277  0.27917233]
 [0.47957283 0.5204272 ]
 [0.83138293 0.16861711]
 [0.27607417 0.7239258 ]
 [0.72793    0.27206996]
 [0.6136681  0.38633198]
 [0.28856835 0.7114316 ]
 [0.6974367  0.30256328]
 [0.71523625 0.28476378]
 [0.72778505 0.27221498]
 [0.27917832 0.72082174]
 [0.7278977  0.27210233]
 [0.7208147  0.2791853 ]
 [0.43850198 0.561498  ]
 [0.23357484 0.7664252 ]
 [0.78305334 0.21694672]
 [0.26193544 0.7380646 ]
 [0.65638685 0.34361315]
 [0.7208148  0.27918512]
 [0.33447444 0.66552556]
 [0.6578961  0.34210396]
 [0.7283977  0.27160227]
 [0.72079563 0.27920437]
 [0.7208148  0.27918518]
 [0.72829396 0.27170613]
 [0.27241486 0.7275852 ]
 [0.15837704 0.841623  ]
 [0.2600542  0.7399457 ]
 [0.2779918  0.72200817]
 [0.7209625  0.27903748]
 [0.7279276  0.27207237]
 [0.7355812  0.26441872]
 [0.7152162  0.28478375]
 [0.27828002 0.72172004]
 [0.72739273 0.27260724]
 [0.46135315 0.5386469 ]
 [0.27218923 0.7278108 ]
 [0.70905757 0.29094243]
 [0.49585462 0.5041454 ]
 [0.5843324  0.41566765]
 [0.24811028 0.7518897 ]
 [0.15186211 0.8481379 ]
 [0.72041166 0.27958834]
 [0.83330256 0.16669741]
 [0.7439428  0.25605717]
 [0.272093   0.727907  ]
 [0.75990766 0.24009234]
 [0.7279129  0.27208713]
 [0.4887067  0.5112933 ]
 [0.7279096  0.27209035]
 [0.79864126 0.20135874]
 [0.71834296 0.28165698]
 [0.27919698 0.720803  ]
 [0.2791832  0.7208168 ]
 [0.73920596 0.2607941 ]
 [0.22117218 0.77882785]
 [0.7249698  0.27503017]
 [0.26057327 0.7394267 ]
 [0.27207986 0.7279202 ]
 [0.27209055 0.7279095 ]
 [0.74649835 0.25350165]
 [0.73473203 0.26526797]
 [0.2918579  0.70814216]
 [0.72346324 0.27653673]
 [0.2568816  0.74311846]
 [0.90405333 0.09594662]
 [0.26136705 0.738633  ]
 [0.7211264  0.27887356]
 [0.27919623 0.7208038 ]
 [0.27183023 0.72816974]
 [0.6847861  0.31521398]
 [0.72663444 0.27336556]
 [0.71816826 0.28183177]
 [0.27920967 0.7207903 ]
 [0.77026945 0.22973052]
 [0.2785458  0.72145426]
 [0.28058854 0.71941143]
 [0.721071   0.278929  ]
 [0.6977766  0.30222338]
 [0.728133   0.27186698]
 [0.27858493 0.72141516]
 [0.41414747 0.58585256]
 [0.72835153 0.2716485 ]
 [0.7515257  0.2484743 ]
 [0.27917114 0.72082883]
 [0.3344313  0.66556865]
 [0.7277459  0.27225417]
 [0.7215878  0.27841222]
 [0.7280171  0.2719829 ]
 [0.3243821  0.67561793]
 [0.8184356  0.18156439]
 [0.721563   0.27843705]
 [0.27327898 0.726721  ]
 [0.39237    0.60763   ]
 [0.27208665 0.72791344]
 [0.27754074 0.72245926]
 [0.27872857 0.7212714 ]
 [0.06328639 0.93671364]
 [0.29590482 0.7040951 ]
 [0.42957824 0.5704218 ]
 [0.7279306  0.27206942]
 [0.27985692 0.72014314]
 [0.37226626 0.62773377]
 [0.5304494  0.46955064]
 [0.8029373  0.19706272]
 [0.7253458  0.2746542 ]
 [0.27207994 0.72792006]
 [0.47481114 0.5251888 ]
 [0.27209923 0.7279008 ]
 [0.27906293 0.72093713]
 [0.26178765 0.73821235]
 [0.27914095 0.72085905]
 [0.7685044  0.23149557]
 [0.5284449  0.47155508]
 [0.72847724 0.27152282]
 [0.72761554 0.27238446]
 [0.25634086 0.74365914]
 [0.27164972 0.72835034]
 [0.2782277  0.7217723 ]
 [0.7208798  0.27912018]
 [0.72795373 0.27204636]
 [0.28525996 0.71474004]
 [0.23309213 0.7669078 ]
 [0.7279091  0.27209094]
 [0.78585356 0.21414644]
 [0.72082746 0.27917257]
 [0.7188626  0.28113744]
 [0.68697727 0.31302276]
 [0.27918214 0.72081786]
 [0.18088478 0.8191152 ]
 [0.36696726 0.63303274]
 [0.34181815 0.65818185]
 [0.7345702  0.26542982]
 [0.70885354 0.29114646]
 [0.72070014 0.27929986]
 [0.8063522  0.19364776]
 [0.5087066  0.49129337]
 [0.36369953 0.63630044]
 [0.722571   0.27742895]
 [0.27929038 0.7207096 ]
 [0.7084142  0.2915858 ]
 [0.7184905  0.2815095 ]
 [0.2721282  0.72787184]
 [0.21764806 0.782352  ]
 [0.74140126 0.2585988 ]
 [0.85221905 0.14778093]
 [0.27883005 0.7211699 ]
 [0.752023   0.24797702]
 [0.3651686  0.6348313 ]
 [0.26328284 0.73671716]
 [0.27963853 0.7203615 ]
 [0.4554635  0.5445365 ]
 [0.72535646 0.27464357]
 [0.3076359  0.69236404]
 [0.18748337 0.81251657]
 [0.27922598 0.720774  ]
 [0.718587   0.281413  ]
 [0.2577351  0.74226487]
 [0.72081393 0.2791861 ]
 [0.72191715 0.27808285]
 [0.7208146  0.27918538]
 [0.7278962  0.2721038 ]
 [0.7395023  0.2604977 ]
 [0.72889316 0.27110684]
 [0.721331   0.278669  ]
 [0.53456604 0.46543396]
 [0.7209104  0.27908963]
 [0.53744787 0.46255207]
 [0.2945049  0.70549506]
 [0.27087736 0.7291227 ]
 [0.7230365  0.27696338]
 [0.7256584  0.2743416 ]
 [0.72790456 0.27209538]
 [0.74391514 0.25608486]
 [0.2763625  0.7236375 ]
 [0.7265271  0.27347296]
 [0.29657328 0.7034267 ]
 [0.72081184 0.2791881 ]
 [0.27831995 0.72168005]
 [0.7276875  0.27231258]
 [0.27924278 0.72075725]
 [0.7207969  0.27920315]
 [0.7208964  0.2791036 ]
 [0.7225093  0.27749065]
 [0.7019298  0.29807016]
 [0.28230602 0.717694  ]
 [0.27238598 0.72761405]
 [0.5547825  0.44521746]
 [0.73020035 0.26979968]
 [0.27211893 0.7278811 ]
 [0.2971445  0.70285547]
 [0.7618488  0.23815122]
 [0.2739334  0.7260666 ]
 [0.27962384 0.72037613]
 [0.2747132  0.72528684]
 [0.7241     0.27589998]
 [0.7126846  0.28731546]
 [0.2791631  0.72083694]
 [0.72086865 0.27913132]
 [0.80392975 0.19607031]
 [0.7906249  0.20937507]
 [0.595557   0.40444303]
 [0.27915344 0.72084653]
 [0.27917564 0.72082436]
 [0.42542586 0.5745742 ]
 [0.81252307 0.18747701]
 [0.27890593 0.721094  ]
 [0.27206758 0.72793245]
 [0.2925749  0.7074251 ]
 [0.27674657 0.7232534 ]
 [0.72275996 0.27724   ]
 [0.2739818  0.7260182 ]
 [0.27666152 0.7233384 ]
 [0.7208148  0.27918518]
 [0.72887003 0.27113003]
 [0.9011287  0.09887125]
 [0.27208078 0.7279192 ]
 [0.7980652  0.20193484]
 [0.7142431  0.28575695]
 [0.67392427 0.3260758 ]
 [0.14495301 0.855047  ]
 [0.8430711  0.15692894]
 [0.17353682 0.82646316]
 [0.27900547 0.7209945 ]
 [0.2512885  0.7487115 ]
 [0.72807884 0.27192122]
 [0.27891597 0.721084  ]
 [0.5589391  0.44106093]
 [0.2721343  0.7278657 ]
 [0.72792673 0.27207327]
 [0.72081447 0.2791855 ]
 [0.23959473 0.7604053 ]
 [0.25690454 0.7430955 ]
 [0.2672422  0.73275775]
 [0.27918425 0.7208158 ]
 [0.37958622 0.62041384]
 [0.2793402  0.7206598 ]
 [0.27208778 0.7279123 ]
 [0.41209474 0.5879053 ]
 [0.15640529 0.84359473]
 [0.5880261  0.41197392]
 [0.26578617 0.7342139 ]
 [0.7197326  0.28026736]
 [0.32623684 0.67376316]
 [0.7120913  0.2879087 ]
 [0.7154718  0.2845282 ]
 [0.6251301  0.37486988]
 [0.18084359 0.8191564 ]
 [0.2800994  0.7199006 ]
 [0.28137052 0.7186295 ]
 [0.72792006 0.27207997]
 [0.7105201  0.28947994]
 [0.8220995  0.17790052]
 [0.8599332  0.14006682]
 [0.7279123  0.27208772]
 [0.2791816  0.7208184 ]
 [0.30706584 0.69293416]
 [0.28590715 0.7140928 ]
 [0.6956294  0.3043706 ]
 [0.2721704  0.7278297 ]
 [0.26790613 0.7320939 ]
 [0.7269647  0.2730353 ]
 [0.727856   0.272144  ]
 [0.727921   0.27207908]
 [0.24870567 0.7512944 ]
 [0.7267976  0.27320245]
 [0.7288273  0.2711728 ]
 [0.19231632 0.8076837 ]
 [0.7400106  0.25998935]
 [0.7366223  0.26337773]
 [0.2673434  0.73265666]
 [0.28001037 0.71998966]
 [0.15909761 0.8409023 ]
 [0.6540305  0.34596956]
 [0.2628205  0.7371795 ]
 [0.72254395 0.27745602]
 [0.6967351  0.30326492]
 [0.7590455  0.24095447]
 [0.56676304 0.4332369 ]
 [0.6625714  0.3374286 ]
 [0.6697241  0.33027592]
 [0.27209145 0.72790855]
 [0.7056969  0.29430318]
 [0.8002716  0.19972844]
 [0.7198364  0.28016356]
 [0.27224162 0.7277584 ]
 [0.2329638  0.76703614]
 [0.7163157  0.2836843 ]
 [0.7383558  0.26164418]
 [0.5215268  0.4784732 ]
 [0.25051528 0.7494847 ]
 [0.7312273  0.26877272]
 [0.72630423 0.27369583]
 [0.7218763  0.27812368]
 [0.5913759  0.40862417]
 [0.81485367 0.18514633]
 [0.24504133 0.7549586 ]
 [0.2790428  0.7209572 ]
 [0.7208627  0.27913728]
 [0.72292256 0.27707738]
 [0.2721181  0.72788197]
 [0.26714155 0.7328585 ]
 [0.3066421  0.69335794]
 [0.37800306 0.62199694]
 [0.5332445  0.46675554]
 [0.28084686 0.71915317]
 [0.41651055 0.5834894 ]
 [0.2793119  0.72068805]
 [0.72144806 0.27855188]
 [0.273195   0.7268051 ]
 [0.8360922  0.16390778]
 [0.7215213  0.27847868]
 [0.27214524 0.7278548 ]
 [0.7232728  0.27672717]
 [0.7196364  0.28036356]
 [0.31695253 0.6830475 ]
 [0.17730656 0.8226934 ]
 [0.27364072 0.7263593 ]
 [0.72087425 0.2791258 ]
 [0.7404719  0.259528  ]
 [0.2714074  0.72859263]
 [0.27207515 0.72792494]
 [0.2718405  0.7281595 ]
 [0.7317546  0.2682454 ]
 [0.72080827 0.2791918 ]
 [0.2722983  0.72770166]
 [0.28159204 0.718408  ]
 [0.27245122 0.7275488 ]
 [0.5403718  0.45962822]
 [0.2791872  0.72081286]
 [0.17101581 0.8289842 ]
 [0.3516215  0.6483785 ]
 [0.7298187  0.27018136]
 [0.2786741  0.72132593]
 [0.27921435 0.7207857 ]
 [0.27132574 0.72867423]
 [0.84714144 0.15285861]
 [0.30487245 0.69512755]
 [0.71042055 0.28957948]
 [0.7302431  0.26975697]
 [0.7285466  0.27145335]
 [0.72790843 0.27209157]
 [0.26228744 0.73771256]
 [0.72767353 0.27232647]
 [0.6150365  0.38496357]
 [0.71661025 0.28338972]
 [0.2791853  0.7208147 ]
 [0.29065186 0.70934814]
 [0.27916476 0.72083527]
 [0.7259858  0.2740142 ]
 [0.72890985 0.27109015]
 [0.27208346 0.7279166 ]
 [0.20964034 0.7903597 ]
 [0.7275782  0.27242175]
 [0.39782733 0.60217273]
 [0.7213657  0.2786343 ]
 [0.7245012  0.2754988 ]
 [0.26380262 0.73619735]
 [0.7226693  0.27733073]
 [0.27404436 0.72595567]
 [0.27912018 0.72087985]
 [0.7205946  0.2794054 ]
 [0.7021584  0.29784164]
 [0.72357446 0.2764255 ]
 [0.2791935  0.72080654]
 [0.2789472  0.7210528 ]
 [0.7281707  0.27182928]
 [0.7279211  0.27207887]
 [0.7208218  0.27917826]
 [0.34303883 0.6569612 ]
 [0.2684725  0.7315275 ]
 [0.72432894 0.27567104]
 [0.2726652  0.7273348 ]
 [0.28042838 0.71957165]
 [0.72067523 0.2793248 ]
 [0.2658287  0.7341714 ]
 [0.7022649  0.29773512]
 [0.7158132  0.2841868 ]
 [0.2728727  0.7271274 ]
 [0.22397207 0.7760279 ]
 [0.29336047 0.7066396 ]
 [0.72933644 0.27066356]
 [0.27172518 0.7282748 ]
 [0.5883589  0.41164106]
 [0.13402799 0.86597204]
 [0.26115483 0.73884517]
 [0.727926   0.27207407]
 [0.26959363 0.7304064 ]
 [0.73260516 0.2673949 ]
 [0.72800976 0.27199024]
 [0.6394105  0.3605895 ]
 [0.27233523 0.72766477]
 [0.25099978 0.74900025]
 [0.2282551  0.7717449 ]
 [0.73779345 0.26220655]
 [0.750479   0.24952103]
 [0.7313706  0.2686294 ]
 [0.7281457  0.27185425]
 [0.41003492 0.58996505]
 [0.7017245  0.29827547]
 [0.8312391  0.1687609 ]
 [0.24152057 0.7584794 ]
 [0.7902515  0.20974852]
 [0.26464647 0.73535347]
 [0.27097902 0.72902095]
 [0.2924898  0.70751023]
 [0.76897985 0.2310202 ]
 [0.4638528  0.53614724]
 [0.7351568  0.26484317]
 [0.27301386 0.7269862 ]
 [0.24753088 0.75246906]
 [0.2362965  0.7637035 ]
 [0.21778762 0.7822124 ]
 [0.29790148 0.70209855]
 [0.724423   0.27557707]
 [0.27906916 0.7209308 ]
 [0.21546207 0.784538  ]
 [0.2788505  0.72114944]
 [0.72145754 0.2785425 ]
 [0.39707446 0.60292554]
 [0.3640296  0.6359705 ]
 [0.3184136  0.6815864 ]
 [0.33682427 0.66317576]
 [0.27842733 0.7215727 ]
 [0.8071788  0.19282117]
 [0.27633175 0.7236683 ]
 [0.72081107 0.279189  ]
 [0.7209521  0.27904785]
 [0.7333153  0.26668477]
 [0.27198306 0.728017  ]
 [0.26515847 0.7348415 ]
 [0.26793283 0.7320671 ]
 [0.25774813 0.7422518 ]
 [0.6573426  0.3426574 ]
 [0.20943917 0.79056084]
 [0.21479052 0.7852095 ]
 [0.27942315 0.7205769 ]
 [0.741015   0.25898498]
 [0.72790825 0.27209175]
 [0.75421476 0.24578524]
 [0.7282113  0.27178875]
 [0.4236015  0.57639855]
 [0.36057186 0.63942814]
 [0.279183   0.720817  ]
 [0.7998066  0.20019342]
 [0.29425496 0.7057451 ]
 [0.35370475 0.64629525]
 [0.43419668 0.5658034 ]
 [0.29344305 0.70655704]
 [0.7057159  0.29428416]
 [0.27541208 0.7245879 ]
 [0.71001625 0.28998366]
 [0.71664846 0.28335157]
 [0.2878599  0.7121401 ]
 [0.26982772 0.73017234]
 [0.7163765  0.28362352]
 [0.7131009  0.2868991 ]
 [0.63056004 0.36943996]
 [0.70825624 0.2917438 ]
 [0.14124922 0.85875076]
 [0.60779166 0.39220834]
 [0.83401436 0.1659857 ]
 [0.28827712 0.7117229 ]
 [0.7057253  0.29427472]
 [0.28276482 0.7172352 ]
 [0.7026127  0.29738733]
 [0.6795301  0.3204699 ]
 [0.7097015  0.29029855]
 [0.29044822 0.7095518 ]
 [0.45665875 0.5433412 ]
 [0.21192242 0.78807753]
 [0.17305052 0.8269494 ]
 [0.70566344 0.2943366 ]
 [0.28753012 0.71246994]
 [0.82996887 0.17003112]
 [0.57783633 0.42216375]
 [0.28441986 0.71558017]
 [0.2907055  0.70929456]
 [0.29427078 0.70572925]
 [0.6717577  0.3282423 ]
 [0.7139072  0.28609282]
 [0.20244904 0.7975509 ]
 [0.29419106 0.705809  ]
 [0.7059848  0.29401532]
 [0.71292275 0.28707722]
 [0.7058593  0.29414076]
 [0.37474227 0.62525773]
 [0.7124935  0.28750655]
 [0.75882477 0.24117528]
 [0.62908375 0.37091625]
 [0.7227952  0.2772048 ]
 [0.70574385 0.2942562 ]
 [0.29192448 0.7080756 ]
 [0.70583254 0.2941675 ]
 [0.2581269  0.7418731 ]
 [0.7154324  0.28456765]
 [0.7057729  0.29422712]
 [0.71248543 0.28751463]
 [0.2675622  0.7324378 ]
 [0.24363163 0.7563684 ]
 [0.33173886 0.66826123]
 [0.7054369  0.29456308]
 [0.28664395 0.7133561 ]
 [0.7057453  0.29425472]
 [0.2874531  0.7125469 ]
 [0.7016856  0.2983144 ]
 [0.26662734 0.7333726 ]
 [0.6969487  0.30305126]
 [0.2874949  0.7125051 ]
 [0.7044794  0.29552063]
 [0.2989274  0.70107263]
 [0.27885383 0.72114617]
 [0.29424936 0.7057506 ]
 [0.29445916 0.7055409 ]
 [0.6196366  0.38036343]
 [0.70570725 0.29429272]
 [0.29495627 0.7050438 ]
 [0.34529144 0.65470856]
 [0.7125155  0.2874845 ]
 [0.28432268 0.71567726]
 [0.29623935 0.7037607 ]
 [0.2963624  0.70363754]
 [0.28724572 0.71275425]
 [0.41792592 0.58207417]
 [0.28843814 0.71156186]
 [0.26947597 0.730524  ]
 [0.29499516 0.70500493]
 [0.7036857  0.2963143 ]
 [0.78433585 0.2156642 ]
 [0.70794934 0.29205066]
 [0.311898   0.68810207]
 [0.6499327  0.3500674 ]
 [0.23713076 0.76286924]
 [0.28804827 0.7119517 ]
 [0.28730324 0.7126968 ]
 [0.70567733 0.29432264]
 [0.28752723 0.7124727 ]
 [0.29664853 0.7033515 ]
 [0.70556545 0.29443455]
 [0.28733414 0.71266586]
 [0.69582963 0.30417037]
 [0.2702893  0.72971076]
 [0.28860357 0.7113964 ]
 [0.30248556 0.6975144 ]
 [0.29375526 0.7062447 ]
 [0.7980117  0.20198832]
 [0.71989125 0.2801087 ]
 [0.3913306  0.60866934]
 [0.4774242  0.52257586]
 [0.30966917 0.6903308 ]
 [0.33964637 0.6603536 ]
 [0.7145469  0.28545302]
 [0.713574   0.28642604]
 [0.5927253  0.40727478]
 [0.2941163  0.70588374]
 [0.64094806 0.35905194]
 [0.70545757 0.29454243]
 [0.25233996 0.74766004]
 [0.47410008 0.5258999 ]
 [0.7057503  0.2942497 ]
 [0.70512646 0.29487354]
 [0.7124088  0.28759113]
 [0.73478746 0.26521257]
 [0.12920968 0.8707903 ]
 [0.25096178 0.7490382 ]
 [0.7137398  0.2862602 ]
 [0.30850214 0.69149786]
 [0.3022599  0.6977401 ]
 [0.30173913 0.6982608 ]
 [0.7047663  0.29523373]
 [0.30181804 0.6981819 ]
 [0.703422   0.29657796]
 [0.75789803 0.24210198]
 [0.6765626  0.32343745]
 [0.6850044  0.31499553]
 [0.6982035  0.30179647]
 [0.14697477 0.8530252 ]
 [0.29516846 0.7048316 ]
 [0.6981626  0.30183744]
 [0.3735488  0.62645113]
 [0.70477664 0.29522339]
 [0.71209675 0.28790325]
 [0.73282844 0.2671716 ]
 [0.7081095  0.29189047]
 [0.6982567  0.30174333]
 [0.33045587 0.66954416]
 [0.7025922  0.2974078 ]
 [0.70785916 0.2921409 ]
 [0.2921941  0.7078059 ]
 [0.7800683  0.21993168]
 [0.6981703  0.30182967]
 [0.69710165 0.30289832]
 [0.31944034 0.68055964]
 [0.66853964 0.3314604 ]
 [0.5760167  0.4239832 ]
 [0.699476   0.30052397]
 [0.22718851 0.7728115 ]
 [0.65548956 0.34451044]
 [0.7582317  0.24176824]
 [0.5039451  0.49605486]
 [0.70486957 0.29513046]
 [0.70630735 0.29369268]
 [0.29531994 0.7046801 ]
 [0.708778   0.29122192]
 [0.37618586 0.6238141 ]
 [0.6985638  0.3014362 ]
 [0.6932207  0.30677933]
 [0.33018786 0.66981214]
 [0.2952756  0.70472443]
 [0.69818383 0.30181617]
 [0.80286944 0.19713055]
 [0.61511505 0.38488492]
 [0.54468983 0.45531023]
 [0.70538193 0.294618  ]
 [0.29408652 0.7059136 ]
 [0.7047126  0.29528737]
 [0.17871244 0.8212875 ]
 [0.50959533 0.4904046 ]
 [0.6987649  0.30123508]
 [0.3045521  0.6954479 ]
 [0.7048631  0.29513696]
 [0.3016642  0.69833577]
 [0.2952353  0.70476466]
 [0.686239   0.31376106]
 [0.29524678 0.70475316]
 [0.23455314 0.7654469 ]
 [0.20562412 0.7943759 ]
 [0.27330005 0.7267    ]
 [0.3003675  0.6996325 ]
 [0.32190442 0.6780956 ]
 [0.29523256 0.70476747]
 [0.70476633 0.2952337 ]
 [0.8479807  0.15201929]
 [0.30177334 0.69822663]
 [0.7046475  0.29535255]
 [0.2969675  0.7030325 ]
 [0.71287084 0.28712916]
 [0.7047147  0.2952853 ]
 [0.6989791  0.30102095]
 [0.8613991  0.13860081]
 [0.33984008 0.6601599 ]
 [0.49111563 0.5088845 ]
 [0.33217782 0.6678222 ]
 [0.30494347 0.69505656]
 [0.6987051  0.3012949 ]
 [0.296062   0.703938  ]
 [0.56270987 0.4372902 ]
 [0.70382434 0.2961756 ]
 [0.29734474 0.7026553 ]
 [0.21634382 0.7836562 ]
 [0.70478237 0.29521763]
 [0.31433666 0.6856634 ]
 [0.7391627  0.26083735]
 [0.2952192  0.70478076]
 [0.6981869  0.30181307]
 [0.70467913 0.29532087]
 [0.29522383 0.70477617]
 [0.6998881  0.30011192]
 [0.70473504 0.29526493]
 [0.3018744  0.6981256 ]
 [0.70471704 0.29528296]
 [0.14383008 0.85616994]
 [0.69741803 0.30258197]
 [0.7047558  0.29524425]
 [0.7047663  0.29523373]
 [0.70767987 0.2923201 ]
 [0.6836376  0.31636244]
 [0.21967986 0.78032017]
 [0.29834065 0.7016593 ]
 [0.42234537 0.5776546 ]
 [0.30009085 0.6999091 ]
 [0.63459724 0.36540276]
 [0.69896877 0.3010312 ]
 [0.28879395 0.711206  ]
 [0.69839925 0.30160075]
 [0.31419295 0.68580705]
 [0.29525602 0.7047439 ]
 [0.3237239  0.6762761 ]
 [0.26340613 0.73659384]
 [0.6830025  0.3169975 ]
 [0.29397798 0.7060221 ]
 [0.18498453 0.8150155 ]
 [0.2952418  0.7047582 ]
 [0.5503177  0.44968233]
 [0.28957656 0.71042347]
 [0.70483696 0.29516307]
 [0.3089045  0.6910955 ]
 [0.6981925  0.30180758]
 [0.2962689  0.70373106]
 [0.30184433 0.69815564]
 [0.5553574  0.44464257]
 [0.8218491  0.17815094]
 [0.30426565 0.6957343 ]
 [0.6981181  0.3018819 ]
 [0.29719234 0.7028077 ]
 [0.76168895 0.23831111]
 [0.41593826 0.58406174]
 [0.2947185  0.70528156]
 [0.7059746  0.29402542]
 [0.770494   0.22950609]
 [0.6976546  0.30234542]
 [0.66991615 0.3300838 ]
 [0.8292336  0.1707664 ]
 [0.40374509 0.59625494]
 [0.7319516  0.2680484 ]
 [0.6174693  0.38253072]
 [0.6991849  0.3008151 ]
 [0.7792146  0.22078535]
 [0.3018639  0.6981361 ]
 [0.6981846  0.30181536]
 [0.69837564 0.3016244 ]
 [0.2939406  0.7060594 ]
 [0.2753604  0.72463953]
 [0.6931461  0.3068539 ]
 [0.70363307 0.29636687]
 [0.7069894  0.29301062]
 [0.29873025 0.70126975]
 [0.6963554  0.3036446 ]
 [0.5447343  0.45526582]
 [0.26678243 0.73321766]
 [0.30189997 0.69810003]
 [0.5371455  0.4628545 ]
 [0.6950833  0.30491668]
 [0.29046226 0.70953774]
 [0.22375914 0.7762408 ]
 [0.29521224 0.7047878 ]
 [0.45905897 0.54094106]
 [0.70327735 0.2967226 ]
 [0.5187315  0.4812685 ]
 [0.296782   0.703218  ]
 [0.70435286 0.29564714]
 [0.7004074  0.2995927 ]
 [0.705711   0.294289  ]
 [0.29049346 0.7095066 ]
 [0.35449845 0.6455016 ]
 [0.30173457 0.6982654 ]
 [0.71021396 0.28978607]
 [0.2952353  0.70476466]
 [0.30143312 0.6985669 ]
 [0.7352922  0.2647078 ]
 [0.2952868  0.70471317]
 [0.3326711  0.66732883]
 [0.67054605 0.32945397]
 [0.69685465 0.30314535]
 [0.29052636 0.70947367]
 [0.6578748  0.3421252 ]
 [0.29427928 0.7057207 ]
 [0.7062281  0.29377195]
 [0.29846308 0.7015369 ]
 [0.79001087 0.20998913]
 [0.2708058  0.7291942 ]
 [0.2952263  0.7047737 ]
 [0.70722085 0.29277918]
 [0.70789605 0.29210398]
 [0.7060618  0.2939383 ]
 [0.3226295  0.6773705 ]
 [0.7014735  0.2985266 ]
 [0.69626135 0.30373865]
 [0.60091937 0.3990806 ]
 [0.2778908  0.7221092 ]
 [0.67999035 0.32000962]
 [0.30168098 0.6983191 ]
 [0.53897583 0.4610242 ]
 [0.70398533 0.29601473]
 [0.45179206 0.5482079 ]
 [0.29489768 0.7051023 ]
 [0.45420456 0.54579544]
 [0.70473516 0.29526478]
 [0.28708178 0.7129182 ]
 [0.5763333  0.42366678]
 [0.2689899  0.73101014]
 [0.30178365 0.6982163 ]
 [0.697879   0.30212095]
 [0.6766663  0.32333365]
 [0.82368624 0.17631371]
 [0.30181518 0.6981848 ]
 [0.29139423 0.70860577]
 [0.56215763 0.43784237]
 [0.29493982 0.7050602 ]
 [0.33396536 0.66603464]
 [0.30122268 0.6987773 ]
 [0.25126907 0.74873096]
 [0.27365255 0.72634745]
 [0.36517984 0.63482016]
 [0.8022082  0.19779189]
 [0.70329446 0.29670554]
 [0.3033938  0.69660616]
 [0.26105267 0.7389473 ]
 [0.5925382  0.40746185]
 [0.70041347 0.2995866 ]
 [0.80464804 0.19535199]
 [0.6981831  0.3018169 ]
 [0.6981776  0.30182236]
 [0.74925584 0.25074413]
 [0.2970052  0.7029948 ]
 [0.2952579  0.70474213]
 [0.7048836  0.29511645]
 [0.5137279  0.48627216]
 [0.29524153 0.7047585 ]
 [0.59067434 0.4093256 ]
 [0.7036636  0.2963364 ]
 [0.54765517 0.45234486]
 [0.704944   0.29505605]
 [0.30192882 0.6980711 ]
 [0.28715542 0.71284455]
 [0.24939595 0.75060403]
 [0.72124535 0.27875462]
 [0.49727154 0.50272846]
 [0.7047432  0.29525685]
 [0.25917163 0.74082834]
 [0.30002743 0.6999725 ]
 [0.6853415  0.3146586 ]
 [0.7740551  0.22594485]
 [0.30105004 0.69894993]
 [0.7041616  0.2958384 ]
 [0.49465394 0.50534606]
 [0.29330835 0.7066917 ]
 [0.17181852 0.8281815 ]
 [0.2953825  0.7046175 ]
 [0.3020481  0.6979519 ]
 [0.3113442  0.6886558 ]
 [0.22518808 0.7748119 ]
 [0.31357744 0.6864226 ]
 [0.6908094  0.3091906 ]
 [0.2367489  0.76325107]
 [0.6913812  0.3086188 ]
 [0.3788336  0.62116647]
 [0.593819   0.406181  ]
 [0.30280268 0.69719726]
 [0.50866723 0.4913328 ]
 [0.69086975 0.30913028]
 [0.6974629  0.30253702]
 [0.30782977 0.69217026]
 [0.31019348 0.6898065 ]
 [0.30969465 0.69030535]
 [0.6990316  0.30096838]
 [0.6362082  0.3637918 ]
 [0.6592415  0.3407585 ]
 [0.33569902 0.664301  ]
 [0.6973647  0.30263534]
 [0.31364086 0.68635917]
 [0.50672084 0.4932792 ]
 [0.43490234 0.5650977 ]
 [0.3123442  0.68765575]
 [0.6681797  0.33182028]
 [0.28833875 0.7116612 ]
 [0.6741344  0.32586563]
 [0.74796605 0.252034  ]
 [0.2960009  0.7039991 ]
 [0.30308124 0.6969187 ]
 [0.30951533 0.69048464]
 [0.21979338 0.78020656]
 [0.30468795 0.6953121 ]
 [0.4402052  0.5597948 ]
 [0.26976553 0.7302345 ]
 [0.48862267 0.51137733]
 [0.69909364 0.30090636]
 [0.31806374 0.6819362 ]
 [0.6922323  0.30776766]
 [0.30883715 0.6911628 ]
 [0.17144555 0.8285545 ]
 [0.52316344 0.4768366 ]
 [0.30337328 0.69662666]
 [0.30279773 0.69720227]
 [0.3094756  0.6905244 ]
 [0.30759168 0.6924083 ]
 [0.29977018 0.7002299 ]
 [0.28005174 0.71994823]
 [0.30863866 0.69136137]
 [0.3017223  0.69827765]
 [0.69715464 0.30284533]
 [0.6913541  0.308646  ]
 [0.6908675  0.3091326 ]
 [0.30890155 0.69109845]
 [0.39793426 0.6020658 ]
 [0.6871309  0.31286907]
 [0.30307102 0.696929  ]
 [0.6972157  0.30278426]
 [0.25748023 0.74251974]
 [0.30849084 0.6915091 ]
 [0.28200975 0.7179902 ]
 [0.6979206  0.30207935]
 [0.7426614  0.25733858]
 [0.20872286 0.7912771 ]
 [0.74914914 0.25085086]
 [0.55925936 0.44074064]
 [0.40962526 0.5903747 ]
 [0.30280167 0.69719833]
 [0.29957688 0.7004231 ]
 [0.7219112  0.27808884]
 [0.30280584 0.69719416]
 [0.6974226  0.3025773 ]
 [0.30357596 0.69642407]
 [0.2909564  0.70904356]
 [0.27933758 0.7206624 ]
 [0.3096016  0.69039845]
 [0.6959916  0.30400842]
 [0.34969464 0.6503054 ]
 [0.55276835 0.44723162]
 [0.7184765  0.2815235 ]
 [0.69090337 0.30909663]
 [0.6744209  0.32557917]
 [0.69723344 0.30276653]
 [0.5067893  0.4932107 ]
 [0.30989656 0.6901035 ]
 [0.30813727 0.6918628 ]
 [0.3054387  0.6945613 ]
 [0.710519   0.28948092]
 [0.7050394  0.2949606 ]
 [0.7007781  0.29922184]
 [0.62284714 0.37715286]
 [0.30256584 0.6974341 ]
 [0.5450249  0.45497516]
 [0.7031779  0.29682213]
 [0.34998852 0.6500115 ]
 [0.72999173 0.27000824]
 [0.7966079  0.20339206]]
/home/gb21553/miniconda3/envs/jax/lib/python3.12/multiprocessing/popen_fork.py:66: RuntimeWarning: os.fork() was called. os.fork() is incompatible with multithreaded code, and JAX is multithreaded, so this will likely lead to a deadlock.
  self.pid = os.fork()
        Validation Criterion: 5197.24365234
        Saving best model so far ...
✔️ Gating k-means converged after 1 iterations
✔️ Gating k-means converged after 1 iterations
✔️ Gating k-means converged after 1 iterations
✔️ Gating k-means converged after 1 iterations
✔️ Gating k-means converged after 1 iterations
05:19:11      Epoch:   0      Batch:   0      OuterStep:   8      LossModel: 8432.28320312     LossTerm2: 0.00000000     LossGates: 0.00000000      Time/Step(s): 1804.1600Contributing envs to the losses:  [182 450 344 277 409 715 272 643 845 205  12 721 237 278 285 241 869 808 355 376 704 150  91 595 680 894 888  62 102 539 559 566 706 221 222 336 788 138 549 718 572  48  26 597 105 621 130 555 596 745 252 832 255 265 377 226 507 688 232 209 168 363 393  97 358 599  81  82  24 375 263  16 472 804 284 474 545 184 231 541 764 662 389 140  39   0 650 800 511 583   5 790 809 394 334 842  57 179 104 934   2 737 542 114 157 897 893 125 677 697 879 402 902 933 571 924 816 300 863 815 657 908 546 505 454 851 124 446 223 452 289 506 113 671 578 658 404 326  15 491 465 563 886 874 907 579 895 926 921 540 362 529 861 286 797 608 483 346 883 586  86 325 127 172 909 463 440 648 471 110 398 855 943 678 433  45 214 528 436 915 890 251 793 276 136 587 614 196 871  17 812 696 669 795 439 165 260 844 319 576 636 345 269 527 872 256 498 307 359 659 500  43 732 698 675 194 448 757 183 434 118 582 262 518 180 315 331 882 335 264 275 504 725 865 462 623 932 373 939 486   1 937 719 873 889 710 248 323 584 626 690 309 862 941 750 635 904 357 896 318 885 817 169  93 742 810 864 160 316  99  61 230 755 877 496 686 875 612 866 930 727 840 534 385 287 912 481 703 628 695 181   6 922 878  71 938 806 192 212 508 391  11 914 400 917  90 142  66 849 905 134 304 333 860 600 513 898 479 825 789 200 538 501 735 116 423 469 940 418 291  28 676 848 100 590 204 644 925 553  63 290 649 369 143 580 814 843 382 899 892 258 144 115 208 692 663 796 754 837 919 666 689 516 916 201 935 660 467 609  78  40  76 283 679 693 370 598 547 906 415 396 279 931 684 857  59 759 526 868 152 190 117 687  33 254  50 294 292 395 426 129 642 714 111 756 831 891 379 920 243 149 581 303 594 410 108 744 699 776  53  25 761  13 713 629 664 425 911 624 910 368 839 417 781 509 674 161  80 457 437 569  60 464 610 632 823 631 317  38 758 665 769 298 807 705 824 682 827 766 651 711 685 606 847 637 726 775 794 777 617 740 672   7]
Gate kernel values: 
 [[ 79.81485    -80.90285   ]
 [  2.568863     0.75435257]]
The factor: how much of the new gate kernel do I used ? [0.001]
Gate values for each environment (all envs): 
 [[0.28009677 0.7199032 ]
 [0.25911716 0.7408828 ]
 [0.2802499  0.71975005]
 [0.27580783 0.72419214]
 [0.615027   0.38497302]
 [0.27988508 0.7201149 ]
 [0.7246392  0.27536082]
 [0.726266   0.273734  ]
 [0.2675561  0.73244387]
 [0.29054484 0.7094552 ]
 [0.782031   0.21796899]
 [0.7178693  0.2821308 ]
 [0.33012956 0.66987044]
 [0.7250261  0.274974  ]
 [0.28596526 0.7140347 ]
 [0.27460712 0.7253929 ]
 [0.28012246 0.71987754]
 [0.41773015 0.58226985]
 [0.6968392  0.30316085]
 [0.275628   0.72437197]
 [0.71992093 0.2800791 ]
 [0.72226226 0.27773774]
 [0.7181795  0.28182054]
 [0.71774864 0.28225145]
 [0.28012297 0.719877  ]
 [0.72620887 0.27379116]
 [0.28014764 0.7198523 ]
 [0.27529842 0.7247016 ]
 [0.7236532  0.27634686]
 [0.71989024 0.2801098 ]
 [0.4423221  0.55767787]
 [0.8469113  0.15308875]
 [0.27993873 0.7200613 ]
 [0.7242232  0.27577674]
 [0.5534256  0.44657442]
 [0.29268527 0.7073147 ]
 [0.69654447 0.30345556]
 [0.710181   0.28981906]
 [0.72965807 0.27034193]
 [0.2801165  0.7198835 ]
 [0.72418773 0.27581224]
 [0.7198771  0.28012288]
 [0.45331213 0.54668784]
 [0.21763003 0.78237   ]
 [0.78202224 0.21797775]
 [0.26216647 0.7378335 ]
 [0.6634086  0.33659148]
 [0.71987855 0.28012142]
 [0.33660024 0.6633998 ]
 [0.6658402  0.33415982]
 [0.72474325 0.27525675]
 [0.71985704 0.28014296]
 [0.7198772  0.28012282]
 [0.72614974 0.27385026]
 [0.27586725 0.7241328 ]
 [0.16101922 0.8389808 ]
 [0.2628274  0.73717254]
 [0.27832487 0.72167516]
 [0.7200277  0.2799723 ]
 [0.72422564 0.27577433]
 [0.7315384  0.26846159]
 [0.6766641  0.32333595]
 [0.2791296  0.7208704 ]
 [0.7237356  0.2762644 ]
 [0.46670634 0.5332937 ]
 [0.2759343  0.72406566]
 [0.7007851  0.29921487]
 [0.5107925  0.48920754]
 [0.6017283  0.39827162]
 [0.29472205 0.7052779 ]
 [0.1480202  0.85197973]
 [0.7172617  0.28273836]
 [0.8299048  0.17009525]
 [0.74276763 0.2572324 ]
 [0.27580228 0.7241977 ]
 [0.77307075 0.22692925]
 [0.72420365 0.27579635]
 [0.57182986 0.42817017]
 [0.7242011  0.27579895]
 [0.79571927 0.20428073]
 [0.71451235 0.28548765]
 [0.28013465 0.7198653 ]
 [0.2801208  0.7198792 ]
 [0.7375809  0.2624191 ]
 [0.22276106 0.77723897]
 [0.7193279  0.28067207]
 [0.26014918 0.73985076]
 [0.27578825 0.7242117 ]
 [0.27578336 0.72421664]
 [0.7401921  0.25980783]
 [0.7489036  0.25109646]
 [0.29462904 0.70537096]
 [0.72224236 0.27775764]
 [0.25927442 0.7407256 ]
 [0.9068342  0.09316581]
 [0.26356706 0.73643297]
 [0.7202049  0.27979514]
 [0.28013235 0.71986765]
 [0.27545187 0.7245481 ]
 [0.6812354  0.31876457]
 [0.72293115 0.27706888]
 [0.6772524  0.32274762]
 [0.2815254  0.7184746 ]
 [0.7684496  0.23155041]
 [0.2794589  0.72054106]
 [0.28149024 0.71850973]
 [0.72017473 0.27982527]
 [0.69347286 0.30652723]
 [0.7251048  0.27489513]
 [0.28227076 0.7177292 ]
 [0.34911454 0.65088546]
 [0.72464645 0.27535352]
 [0.7287992  0.27120078]
 [0.28414714 0.71585286]
 [0.34390542 0.6560946 ]
 [0.72402346 0.27597657]
 [0.71628165 0.28371835]
 [0.724303   0.275697  ]
 [0.32840112 0.6715989 ]
 [0.8218784  0.17812155]
 [0.72062457 0.2793755 ]
 [0.27709508 0.7229049 ]
 [0.45130363 0.54869634]
 [0.27581397 0.724186  ]
 [0.27806753 0.72193253]
 [0.2794337  0.7205663 ]
 [0.0609802  0.93901974]
 [0.29490867 0.70509136]
 [0.44020343 0.55979663]
 [0.724227   0.27577293]
 [0.28080508 0.7191949 ]
 [0.3728398  0.6271602 ]
 [0.5304651  0.46953487]
 [0.80790526 0.19209473]
 [0.72163856 0.2783614 ]
 [0.27578667 0.72421336]
 [0.47345826 0.52654177]
 [0.27580658 0.72419345]
 [0.2799853  0.72001475]
 [0.24769124 0.7523087 ]
 [0.27998877 0.72001123]
 [0.7743856  0.22561447]
 [0.533255   0.46674502]
 [0.7236057  0.27639434]
 [0.72389984 0.2761002 ]
 [0.25847962 0.74152035]
 [0.2753321  0.7246679 ]
 [0.28434035 0.7156596 ]
 [0.719945   0.28005502]
 [0.7242295  0.2757705 ]
 [0.28583473 0.7141653 ]
 [0.23437132 0.76562876]
 [0.7242006  0.2757994 ]
 [0.7858924  0.21410751]
 [0.7198796  0.2801204 ]
 [0.719022   0.280978  ]
 [0.70541346 0.29458657]
 [0.27998075 0.7200192 ]
 [0.18251571 0.8174843 ]
 [0.37932605 0.62067395]
 [0.3439619  0.6560381 ]
 [0.7302941  0.2697059 ]
 [0.7076937  0.29230633]
 [0.7197561  0.28024387]
 [0.80974215 0.19025785]
 [0.52224016 0.47775984]
 [0.36855596 0.631444  ]
 [0.7217457  0.27825427]
 [0.2802477  0.7197523 ]
 [0.70443374 0.29556632]
 [0.7112182  0.28878182]
 [0.27583864 0.7241614 ]
 [0.24630512 0.75369495]
 [0.74397206 0.2560279 ]
 [0.86297154 0.13702843]
 [0.28062177 0.71937823]
 [0.74837554 0.25162444]
 [0.3758831  0.6241169 ]
 [0.26554975 0.7344503 ]
 [0.2793573  0.7206427 ]
 [0.47794545 0.5220546 ]
 [0.72165436 0.27834567]
 [0.30869743 0.69130254]
 [0.18130076 0.8186993 ]
 [0.28003773 0.71996224]
 [0.71730036 0.2826996 ]
 [0.26052794 0.7394721 ]
 [0.71988267 0.28011727]
 [0.72096354 0.27903655]
 [0.7198769  0.28012308]
 [0.7241888  0.2758111 ]
 [0.7350193  0.2649806 ]
 [0.72481626 0.27518374]
 [0.7202803  0.27971974]
 [0.5250616  0.47493842]
 [0.7200108  0.27998918]
 [0.5355052  0.46449485]
 [0.29803696 0.701963  ]
 [0.27502763 0.7249724 ]
 [0.72230303 0.2776969 ]
 [0.72195    0.27805   ]
 [0.7241971  0.27580297]
 [0.74036497 0.25963503]
 [0.2804829  0.7195172 ]
 [0.7160122  0.28398782]
 [0.29914835 0.7008517 ]
 [0.7198872  0.28011274]
 [0.2819733  0.71802676]
 [0.724055   0.27594498]
 [0.28017667 0.7198233 ]
 [0.719912   0.280088  ]
 [0.7199594  0.28004062]
 [0.72300303 0.276997  ]
 [0.6765695  0.32343054]
 [0.28488863 0.7151114 ]
 [0.27613392 0.72386605]
 [0.53447306 0.465527  ]
 [0.72913885 0.27086118]
 [0.27583808 0.7241619 ]
 [0.27051443 0.7294856 ]
 [0.7614883  0.23851167]
 [0.31843626 0.68156374]
 [0.28315914 0.71684086]
 [0.27541244 0.72458756]
 [0.72413313 0.27586684]
 [0.7110566  0.28894344]
 [0.28010044 0.71989954]
 [0.7201516  0.27984843]
 [0.80599225 0.19400777]
 [0.8145419  0.18545814]
 [0.5724882  0.42751172]
 [0.28009292 0.7199071 ]
 [0.28011298 0.719887  ]
 [0.5090595  0.49094054]
 [0.82847637 0.17152362]
 [0.2839868  0.7160132 ]
 [0.27576903 0.72423095]
 [0.32159725 0.67840266]
 [0.2815994  0.7184006 ]
 [0.72185105 0.27814895]
 [0.27778143 0.7222185 ]
 [0.27738732 0.7226127 ]
 [0.7198772  0.28012282]
 [0.7251913  0.27480876]
 [0.9020914  0.09790863]
 [0.27578017 0.72421986]
 [0.7964257  0.20357424]
 [0.71311444 0.2868856 ]
 [0.67005944 0.3299406 ]
 [0.1386737  0.8613263 ]
 [0.8465373  0.1534627 ]
 [0.17886163 0.8211383 ]
 [0.27992788 0.72007215]
 [0.24751346 0.7524866 ]
 [0.7244734  0.2755266 ]
 [0.27982408 0.7201759 ]
 [0.55884516 0.44115487]
 [0.27584407 0.72415596]
 [0.7241913  0.27580866]
 [0.7198768  0.28012323]
 [0.23400176 0.7659983 ]
 [0.2588967  0.74110335]
 [0.26953462 0.73046535]
 [0.2801219  0.7198781 ]
 [0.41597953 0.58402056]
 [0.280279   0.7197209 ]
 [0.27579695 0.72420305]
 [0.39789304 0.602107  ]
 [0.13816376 0.86183625]
 [0.56602377 0.43397632]
 [0.26945764 0.7305424 ]
 [0.7202359  0.27976412]
 [0.3267478  0.6732522 ]
 [0.71230125 0.28769875]
 [0.71377987 0.28622016]
 [0.63886774 0.36113223]
 [0.17640045 0.8235996 ]
 [0.31282875 0.6871713 ]
 [0.28223127 0.7177688 ]
 [0.7242081  0.27579182]
 [0.7113365  0.28866345]
 [0.8250369  0.17496315]
 [0.85738593 0.14261408]
 [0.72420317 0.27579683]
 [0.2801198  0.7198802 ]
 [0.31909317 0.68090683]
 [0.28667614 0.7133239 ]
 [0.69452447 0.30547553]
 [0.2759024  0.72409755]
 [0.26662642 0.7333736 ]
 [0.723326   0.276674  ]
 [0.7241661  0.27583393]
 [0.72418183 0.27581817]
 [0.24846461 0.7515354 ]
 [0.72331583 0.27668408]
 [0.72227335 0.27772668]
 [0.25523922 0.7447608 ]
 [0.7402843  0.2597157 ]
 [0.73303914 0.26696086]
 [0.27096012 0.72903985]
 [0.280778   0.71922195]
 [0.16088553 0.8391145 ]
 [0.64360255 0.35639748]
 [0.26672837 0.73327166]
 [0.71819633 0.2818037 ]
 [0.7004294  0.29957056]
 [0.7493649  0.25063515]
 [0.564322   0.43567804]
 [0.6620779  0.33792204]
 [0.6555189  0.34448114]
 [0.27580035 0.72419965]
 [0.79187226 0.20812768]
 [0.81926835 0.18073162]
 [0.7195973  0.28040275]
 [0.27595344 0.7240465 ]
 [0.22956632 0.77043366]
 [0.7116021  0.2883979 ]
 [0.73623234 0.26376763]
 [0.5537916  0.4462084 ]
 [0.2534395  0.7465605 ]
 [0.74203235 0.25796768]
 [0.72478604 0.27521393]
 [0.72089875 0.27910122]
 [0.57583386 0.4241662 ]
 [0.81766164 0.18233839]
 [0.23430857 0.7656914 ]
 [0.28007627 0.7199238 ]
 [0.71992403 0.28007597]
 [0.72201204 0.27798796]
 [0.27589598 0.724104  ]
 [0.2685035  0.7314965 ]
 [0.31557977 0.6844202 ]
 [0.33099324 0.66900676]
 [0.53539443 0.46460557]
 [0.28178754 0.7182124 ]
 [0.39178833 0.6082117 ]
 [0.2802103  0.71978974]
 [0.7205212  0.2794788 ]
 [0.27680242 0.7231976 ]
 [0.78894013 0.21105984]
 [0.7206128  0.27938718]
 [0.27584812 0.72415197]
 [0.72221845 0.2777815 ]
 [0.7186663  0.28133368]
 [0.3208246  0.6791754 ]
 [0.1768685  0.8231315 ]
 [0.27188718 0.7281128 ]
 [0.7199022  0.2800978 ]
 [0.7348456  0.26515445]
 [0.2746952  0.7253048 ]
 [0.27579784 0.7242022 ]
 [0.28098866 0.71901137]
 [0.72663534 0.27336466]
 [0.71987176 0.2801282 ]
 [0.27601105 0.72398895]
 [0.28260192 0.71739805]
 [0.27614808 0.72385186]
 [0.53185964 0.46814042]
 [0.28012502 0.719875  ]
 [0.17148638 0.8285137 ]
 [0.37332198 0.62667805]
 [0.72835875 0.27164128]
 [0.2797574  0.7202426 ]
 [0.2801429  0.71985704]
 [0.27494237 0.72505766]
 [0.8491249  0.15087503]
 [0.30721456 0.69278544]
 [0.70961183 0.29038814]
 [0.72694916 0.27305079]
 [0.72482497 0.27517503]
 [0.7241999  0.27580008]
 [0.26534337 0.7346567 ]
 [0.72536767 0.27463233]
 [0.62916243 0.37083757]
 [0.7148604  0.28513968]
 [0.28012294 0.71987706]
 [0.2922414  0.70775867]
 [0.28010172 0.7198983 ]
 [0.7255186  0.27448148]
 [0.725133   0.27486703]
 [0.27579096 0.724209  ]
 [0.2117402  0.7882598 ]
 [0.72374606 0.2762539 ]
 [0.41268447 0.58731556]
 [0.72044545 0.27955455]
 [0.7206112  0.2793888 ]
 [0.26455417 0.7354458 ]
 [0.72173655 0.27826345]
 [0.27792922 0.72207075]
 [0.2800716  0.7199284 ]
 [0.72021514 0.27978483]
 [0.6986342  0.3013658 ]
 [0.7211446  0.27885535]
 [0.28013152 0.7198685 ]
 [0.27976623 0.72023374]
 [0.7244394  0.2755606 ]
 [0.7242122  0.2757878 ]
 [0.719884   0.28011596]
 [0.34757403 0.652426  ]
 [0.2658226  0.7341774 ]
 [0.72068214 0.27931786]
 [0.2765624  0.7234376 ]
 [0.2791432  0.72085685]
 [0.7198147  0.28018528]
 [0.26683107 0.73316896]
 [0.7013174  0.29868254]
 [0.7141587  0.28584135]
 [0.27656886 0.7234311 ]
 [0.2277593  0.7722407 ]
 [0.29132378 0.7086762 ]
 [0.7257153  0.27428475]
 [0.2754832  0.7245168 ]
 [0.5810364  0.41896364]
 [0.13184056 0.8681595 ]
 [0.26494774 0.7350522 ]
 [0.72421765 0.27578232]
 [0.2733617  0.7266383 ]
 [0.72886497 0.27113506]
 [0.7242925  0.2757075 ]
 [0.6352743  0.3647257 ]
 [0.27578494 0.7242151 ]
 [0.23987937 0.7601207 ]
 [0.22996022 0.77003974]
 [0.7340469  0.26595318]
 [0.75415474 0.2458453 ]
 [0.7283979  0.27160215]
 [0.72447926 0.2755207 ]
 [0.41374564 0.58625436]
 [0.6950077  0.30499232]
 [0.7962796  0.20372042]
 [0.2428177  0.75718236]
 [0.79040265 0.20959735]
 [0.26682407 0.73317593]
 [0.26888692 0.7311131 ]
 [0.29457456 0.7054255 ]
 [0.77004755 0.22995253]
 [0.46027768 0.5397224 ]
 [0.73077565 0.26922435]
 [0.27672514 0.7232749 ]
 [0.24948826 0.75051177]
 [0.23863633 0.76136374]
 [0.2107566  0.7892434 ]
 [0.30219924 0.6978007 ]
 [0.72388464 0.2761153 ]
 [0.2833564  0.71664363]
 [0.20983194 0.79016805]
 [0.27981383 0.7201862 ]
 [0.7295853  0.2704147 ]
 [0.41069916 0.5893009 ]
 [0.40000796 0.5999921 ]
 [0.30272922 0.69727075]
 [0.33151364 0.66848636]
 [0.27930215 0.7206979 ]
 [0.8099852  0.1900148 ]
 [0.2778172  0.72218287]
 [0.7198627  0.2801373 ]
 [0.72000813 0.27999187]
 [0.73030186 0.26969808]
 [0.27568397 0.724316  ]
 [0.26459193 0.73540807]
 [0.2655086  0.7344914 ]
 [0.26232558 0.73767436]
 [0.62888455 0.37111545]
 [0.21002874 0.7899712 ]
 [0.21056424 0.7894358 ]
 [0.28131503 0.718685  ]
 [0.73020154 0.26979846]
 [0.7241989  0.2758011 ]
 [0.75704753 0.2429525 ]
 [0.7207066  0.2792934 ]
 [0.41507497 0.584925  ]
 [0.3708736  0.6291264 ]
 [0.28011572 0.7198842 ]
 [0.81988627 0.18011375]
 [0.2948946  0.7051054 ]
 [0.35700327 0.6429968 ]
 [0.4874261  0.5125739 ]
 [0.296902   0.70309806]
 [0.7050738  0.29492626]
 [0.2781171  0.72188294]
 [0.70939505 0.29060495]
 [0.7132718  0.28672826]
 [0.28746828 0.7125317 ]
 [0.27046725 0.7295327 ]
 [0.7153332  0.28466678]
 [0.71242553 0.2875745 ]
 [0.6219425  0.37805742]
 [0.7082789  0.29172114]
 [0.13108312 0.8689169 ]
 [0.60116905 0.39883095]
 [0.8322507  0.16774926]
 [0.28677502 0.713225  ]
 [0.7051     0.29489997]
 [0.28548843 0.71451163]
 [0.7020744  0.2979256 ]
 [0.68376106 0.31623894]
 [0.70250803 0.297492  ]
 [0.29260015 0.7073999 ]
 [0.44803345 0.5519665 ]
 [0.2147933  0.7852067 ]
 [0.16997567 0.83002436]
 [0.70210826 0.29789174]
 [0.2908211  0.7091789 ]
 [0.8393426  0.16065747]
 [0.6344661  0.36553392]
 [0.28478655 0.7152134 ]
 [0.28839597 0.711604  ]
 [0.29491374 0.7050863 ]
 [0.70586413 0.29413587]
 [0.706107   0.29389292]
 [0.206179   0.793821  ]
 [0.29485124 0.70514876]
 [0.7054501  0.29454994]
 [0.71009237 0.28990763]
 [0.7051554  0.29484466]
 [0.35587722 0.6441228 ]
 [0.7092107  0.29078925]
 [0.75446063 0.24553932]
 [0.6043077  0.39569226]
 [0.7488151  0.25118488]
 [0.70510316 0.2948969 ]
 [0.29549983 0.70450014]
 [0.70520556 0.2947945 ]
 [0.26099485 0.73900515]
 [0.7330338  0.26696625]
 [0.70515656 0.29484347]
 [0.7092043  0.29079568]
 [0.2729633  0.7270368 ]
 [0.23904034 0.7609597 ]
 [0.30280262 0.6971973 ]
 [0.70480794 0.29519206]
 [0.2898876  0.71011245]
 [0.7051047  0.29489526]
 [0.29064223 0.70935774]
 [0.6980712  0.30192876]
 [0.26988864 0.7301113 ]
 [0.6962409  0.3037591 ]
 [0.29077545 0.70922446]
 [0.7006829  0.29931715]
 [0.2991508  0.70084924]
 [0.27568442 0.7243156 ]
 [0.29488942 0.70511055]
 [0.29522127 0.7047788 ]
 [0.61049855 0.3895014 ]
 [0.70506656 0.29493353]
 [0.29575515 0.7042449 ]
 [0.34540573 0.6545943 ]
 [0.7092358  0.29076424]
 [0.28813714 0.71186286]
 [0.29771996 0.70228004]
 [0.29838687 0.7016131 ]
 [0.29008818 0.70991176]
 [0.3614321  0.63856786]
 [0.291512   0.708488  ]
 [0.2727551  0.72724485]
 [0.29572666 0.7042734 ]
 [0.7033575  0.29664248]
 [0.78634137 0.2136586 ]
 [0.70494527 0.29505473]
 [0.31560907 0.6843909 ]
 [0.65387076 0.34612924]
 [0.24314156 0.75685847]
 [0.29156008 0.7084399 ]
 [0.28711647 0.71288353]
 [0.70503575 0.2949643 ]
 [0.29082188 0.7091781 ]
 [0.29751766 0.7024823 ]
 [0.70493203 0.295068  ]
 [0.2905453  0.7094547 ]
 [0.68997186 0.3100282 ]
 [0.27403256 0.7259675 ]
 [0.28924814 0.7107519 ]
 [0.30234247 0.69765747]
 [0.29725873 0.70274127]
 [0.8358066  0.16419345]
 [0.7134868  0.28651324]
 [0.46650726 0.5334927 ]
 [0.4796766  0.5203234 ]
 [0.31070277 0.6892972 ]
 [0.34524176 0.6547583 ]
 [0.7114787  0.2885213 ]
 [0.70933115 0.29066882]
 [0.4958521  0.5041478 ]
 [0.2947605  0.70523953]
 [0.6292675  0.37073252]
 [0.70481443 0.2951856 ]
 [0.24907877 0.75092125]
 [0.4592811  0.540719  ]
 [0.70511085 0.2948891 ]
 [0.7033034  0.29669657]
 [0.7090584  0.2909416 ]
 [0.7288022  0.2711978 ]
 [0.1268953  0.87310463]
 [0.2653234  0.7346766 ]
 [0.71048546 0.28951454]
 [0.30955473 0.6904453 ]
 [0.3027379  0.69726205]
 [0.30210534 0.6978946 ]
 [0.70180464 0.29819542]
 [0.30221033 0.6977896 ]
 [0.6973003  0.30269966]
 [0.7578981  0.2421019 ]
 [0.67834824 0.3216518 ]
 [0.6749431  0.3250569 ]
 [0.6977649  0.30223516]
 [0.10643387 0.8935662 ]
 [0.2981301  0.70186996]
 [0.6977696  0.3022304 ]
 [0.38881183 0.6111882 ]
 [0.7018197  0.29818028]
 [0.70993376 0.2900662 ]
 [0.7300507  0.26994932]
 [0.7055571  0.2944429 ]
 [0.697798   0.30220202]
 [0.32797122 0.6720288 ]
 [0.7022235  0.2977765 ]
 [0.70748985 0.29251012]
 [0.29504207 0.70495796]
 [0.7808214  0.21917856]
 [0.69777715 0.30222282]
 [0.6950594  0.30494055]
 [0.32133272 0.6786673 ]
 [0.668978   0.33102205]
 [0.56361973 0.4363803 ]
 [0.6966074  0.30339256]
 [0.22234447 0.7776555 ]
 [0.66089445 0.3391055 ]
 [0.70999193 0.29000807]
 [0.49605912 0.5039408 ]
 [0.70214254 0.29785743]
 [0.70589894 0.29410103]
 [0.29826817 0.7017318 ]
 [0.7058678  0.29413217]
 [0.38004473 0.61995524]
 [0.6981327  0.30186734]
 [0.6862754  0.3137246 ]
 [0.33310163 0.66689837]
 [0.29824227 0.7017577 ]
 [0.69778943 0.30221063]
 [0.81489515 0.18510485]
 [0.63188696 0.36811304]
 [0.55264276 0.44735715]
 [0.7023824  0.29761764]
 [0.29639918 0.70360076]
 [0.70174104 0.298259  ]
 [0.16445051 0.83554953]
 [0.5160317  0.48396835]
 [0.6986309  0.301369  ]
 [0.3039623  0.69603777]
 [0.7019356  0.29806444]
 [0.3020304  0.6979696 ]
 [0.29819697 0.701803  ]
 [0.6854554  0.3145446 ]
 [0.2983707  0.70162934]
 [0.22961217 0.7703878 ]
 [0.20387784 0.7961222 ]
 [0.27624562 0.7237544 ]
 [0.3002781  0.69972193]
 [0.32419148 0.6758085 ]
 [0.2962756  0.7037244 ]
 [0.7018042  0.2981958 ]
 [0.8472628  0.1527372 ]
 [0.30216736 0.69783264]
 [0.7016841  0.29831597]
 [0.29981756 0.7001824 ]
 [0.7113451  0.28865495]
 [0.70174986 0.29825017]
 [0.6988755  0.30112457]
 [0.8719437  0.1280562 ]
 [0.31698254 0.6830174 ]
 [0.49722204 0.50277793]
 [0.33250785 0.66749215]
 [0.3097325  0.6902675 ]
 [0.69901323 0.30098677]
 [0.298998   0.70100194]
 [0.5655669  0.43443307]
 [0.7008386  0.29916137]
 [0.2977284  0.7022716 ]
 [0.21505876 0.78494126]
 [0.70182705 0.29817295]
 [0.31625277 0.68374723]
 [0.73751646 0.26248357]
 [0.29819375 0.70180625]
 [0.697804   0.30219603]
 [0.7017073  0.29829276]
 [0.29818225 0.70181775]
 [0.6947906  0.3052095 ]
 [0.7018869  0.29811308]
 [0.30227563 0.69772434]
 [0.7017562  0.29824388]
 [0.14325741 0.85674256]
 [0.69694865 0.30305135]
 [0.7017931  0.29820687]
 [0.70180464 0.29819542]
 [0.70668304 0.29331702]
 [0.6731953  0.32680476]
 [0.15685056 0.84314936]
 [0.2985909  0.7014091 ]
 [0.42381987 0.5761801 ]
 [0.30439886 0.6956011 ]
 [0.64629126 0.3537087 ]
 [0.698569   0.30143103]
 [0.2917003  0.70829964]
 [0.68970335 0.31029662]
 [0.3141227  0.68587726]
 [0.29821804 0.701782  ]
 [0.32115126 0.6788487 ]
 [0.26607636 0.7339237 ]
 [0.68134165 0.31865835]
 [0.29691687 0.70308316]
 [0.18698551 0.8130145 ]
 [0.29821143 0.7017886 ]
 [0.5295926  0.47040737]
 [0.28819802 0.711802  ]
 [0.70187616 0.29812384]
 [0.30838823 0.69161177]
 [0.6977981  0.30220196]
 [0.29924992 0.7007501 ]
 [0.3022605  0.6977395 ]
 [0.5629404  0.43705964]
 [0.82657003 0.17342998]
 [0.3051417  0.6948584 ]
 [0.6976933  0.30230665]
 [0.30035922 0.6996408 ]
 [0.7632693  0.23673071]
 [0.4234679  0.57653207]
 [0.29769972 0.7023003 ]
 [0.708991   0.291009  ]
 [0.7691457  0.23085421]
 [0.69722325 0.30277672]
 [0.65838075 0.3416193 ]
 [0.832866   0.16713396]
 [0.35696116 0.6430388 ]
 [0.7229801  0.2770199 ]
 [0.6131819  0.38681814]
 [0.69575185 0.30424818]
 [0.7706835  0.22931653]
 [0.3023258  0.6976742 ]
 [0.6977895  0.30221042]
 [0.69798404 0.302016  ]
 [0.29699725 0.7030027 ]
 [0.28519663 0.7148034 ]
 [0.6727979  0.32720208]
 [0.7011557  0.2988443 ]
 [0.7040421  0.29595792]
 [0.2990886  0.70091134]
 [0.69530654 0.30469346]
 [0.525195   0.47480506]
 [0.26593548 0.7340645 ]
 [0.30525312 0.694747  ]
 [0.53398114 0.4660189 ]
 [0.7001041  0.29989588]
 [0.29292837 0.7070716 ]
 [0.20600778 0.7939922 ]
 [0.2980299  0.7019701 ]
 [0.44866621 0.5513337 ]
 [0.700492   0.29950798]
 [0.4765964  0.5234036 ]
 [0.29987597 0.700124  ]
 [0.70135224 0.29864782]
 [0.69384575 0.3061543 ]
 [0.702872   0.29712796]
 [0.2930302  0.7069698 ]
 [0.3549205  0.64507955]
 [0.3021573  0.6978427 ]
 [0.7103664  0.2896335 ]
 [0.29819703 0.70180297]
 [0.3044319  0.69556814]
 [0.7348842  0.26511586]
 [0.2982959  0.70170414]
 [0.34043    0.65957004]
 [0.6679239  0.33207607]
 [0.69642025 0.30357978]
 [0.29290318 0.7070968 ]
 [0.6515094  0.3484907 ]
 [0.29721165 0.70278835]
 [0.7032158  0.2967842 ]
 [0.30154946 0.6984505 ]
 [0.76797515 0.23202482]
 [0.267334   0.732666  ]
 [0.29819977 0.7018002 ]
 [0.7044269  0.29557317]
 [0.7086658  0.29133418]
 [0.70574635 0.29425365]
 [0.32505414 0.6749459 ]
 [0.70094556 0.29905447]
 [0.69546115 0.30453882]
 [0.601219   0.398781  ]
 [0.27773726 0.72226274]
 [0.70227385 0.29772606]
 [0.30216274 0.69783723]
 [0.51039046 0.48960954]
 [0.70360655 0.2963934 ]
 [0.45932    0.54068   ]
 [0.29775465 0.7022453 ]
 [0.4389428  0.56105715]
 [0.70177305 0.29822698]
 [0.28566808 0.7143319 ]
 [0.6041797  0.39582035]
 [0.27113354 0.72886646]
 [0.3021144  0.6978855 ]
 [0.6974823  0.30251765]
 [0.6674661  0.33253387]
 [0.8168706  0.18312936]
 [0.30220646 0.6977936 ]
 [0.29341614 0.7065839 ]
 [0.56129503 0.43870503]
 [0.29793072 0.7020693 ]
 [0.3342543  0.66574574]
 [0.30155924 0.6984407 ]
 [0.24531664 0.7546833 ]
 [0.27611127 0.72388875]
 [0.36580133 0.63419867]
 [0.809957   0.19004302]
 [0.7000597  0.29994038]
 [0.303847   0.69615304]
 [0.26061204 0.739388  ]
 [0.5812466  0.4187534 ]
 [0.70066684 0.29933318]
 [0.82289964 0.1771003 ]
 [0.6977887  0.3022113 ]
 [0.697783   0.30221692]
 [0.7921779  0.20782211]
 [0.29951453 0.7004855 ]
 [0.29824737 0.70175266]
 [0.7020337  0.29796636]
 [0.5222555  0.47774446]
 [0.29820338 0.70179665]
 [0.5972577  0.4027424 ]
 [0.69998723 0.3000127 ]
 [0.54643744 0.45356262]
 [0.70203394 0.29796606]
 [0.30237892 0.6976211 ]
 [0.29037347 0.7096266 ]
 [0.25028595 0.749714  ]
 [0.72306764 0.2769323 ]
 [0.54240084 0.45759928]
 [0.7016999  0.2983001 ]
 [0.20844167 0.7915584 ]
 [0.3047456  0.6952544 ]
 [0.67967063 0.32032937]
 [0.7712694  0.22873068]
 [0.3014359  0.6985641 ]
 [0.70136946 0.29863057]
 [0.49568748 0.5043126 ]
 [0.28936404 0.710636  ]
 [0.17495617 0.8250438 ]
 [0.29837972 0.7016202 ]
 [0.30423403 0.69576603]
 [0.31369588 0.6863041 ]
 [0.23102412 0.7689759 ]
 [0.31299365 0.6870063 ]
 [0.6908917  0.3091083 ]
 [0.23821819 0.7617818 ]
 [0.6914593  0.30854076]
 [0.38030767 0.6196924 ]
 [0.5969907  0.40300933]
 [0.3051976  0.6948024 ]
 [0.51601285 0.48398718]
 [0.6911535  0.30884653]
 [0.695019   0.30498102]
 [0.30691797 0.6930821 ]
 [0.30337322 0.6966267 ]
 [0.3096626  0.6903374 ]
 [0.6964948  0.30350515]
 [0.6029094  0.3970906 ]
 [0.6567667  0.34323326]
 [0.3380998  0.6619002 ]
 [0.69495714 0.3050429 ]
 [0.31125596 0.68874407]
 [0.4747185  0.5252814 ]
 [0.43381348 0.56618655]
 [0.31410095 0.6858991 ]
 [0.6223234  0.37767667]
 [0.2889708  0.7110293 ]
 [0.67269707 0.327303  ]
 [0.7447405  0.2552595 ]
 [0.29856178 0.70143825]
 [0.30606723 0.69393283]
 [0.30952042 0.69047964]
 [0.22820319 0.7717968 ]
 [0.30723438 0.6927656 ]
 [0.466957   0.53304297]
 [0.26879814 0.7312018 ]
 [0.54516846 0.45483157]
 [0.69667155 0.30332848]
 [0.31522447 0.68477553]
 [0.6924706  0.30752942]
 [0.30874377 0.69125617]
 [0.14951919 0.8504808 ]
 [0.50384575 0.49615422]
 [0.3056954  0.6943046 ]
 [0.30520242 0.6947976 ]
 [0.30938464 0.69061536]
 [0.31080207 0.6891979 ]
 [0.29715887 0.7028411 ]
 [0.28175688 0.71824306]
 [0.30876622 0.6912339 ]
 [0.3028183  0.6971817 ]
 [0.6948035  0.30519655]
 [0.69144005 0.30855992]
 [0.6909361  0.3090639 ]
 [0.30860895 0.6913911 ]
 [0.39187112 0.6081289 ]
 [0.6505389  0.34946117]
 [0.30555415 0.69444585]
 [0.6948082  0.30519179]
 [0.25194067 0.74805933]
 [0.3083877  0.69161236]
 [0.27108258 0.7289175 ]
 [0.6943174  0.30568266]
 [0.7491811  0.25081885]
 [0.29588276 0.7041172 ]
 [0.74551153 0.25448838]
 [0.55845946 0.44154063]
 [0.39992067 0.6000793 ]
 [0.30520916 0.69479084]
 [0.30215234 0.69784766]
 [0.7246296  0.2753704 ]
 [0.3052123  0.6947877 ]
 [0.69681215 0.30318788]
 [0.30354473 0.69645524]
 [0.29211128 0.7078888 ]
 [0.2890745  0.7109255 ]
 [0.3095653  0.69043475]
 [0.6934688  0.30653116]
 [0.35009944 0.64990056]
 [0.55407786 0.44592214]
 [0.7164588  0.28354126]
 [0.69098693 0.30901307]
 [0.68241245 0.3175876 ]
 [0.69482774 0.30517226]
 [0.49933758 0.50066245]
 [0.30924785 0.6907522 ]
 [0.30804902 0.691951  ]
 [0.30804455 0.69195545]
 [0.70847744 0.29152256]
 [0.64631176 0.35368824]
 [0.70075923 0.2992408 ]
 [0.6448809  0.35511914]
 [0.3052207  0.69477934]
 [0.5202267  0.47977334]
 [0.6869255  0.31307456]
 [0.35785848 0.6421415 ]
 [0.73047453 0.26952547]
 [0.7942299  0.20577006]]
/home/gb21553/miniconda3/envs/jax/lib/python3.12/multiprocessing/popen_fork.py:66: RuntimeWarning: os.fork() was called. os.fork() is incompatible with multithreaded code, and JAX is multithreaded, so this will likely lead to a deadlock.
  self.pid = os.fork()
        Validation Criterion: 5005.39404297
        Saving best model so far ...
✔️ Gating k-means converged after 1 iterations
✔️ Gating k-means converged after 1 iterations
✔️ Gating k-means converged after 1 iterations
✔️ Gating k-means converged after 1 iterations
✔️ Gating k-means converged after 1 iterations
05:53:48      Epoch:   0      Batch:   0      OuterStep:   9      LossModel: 7435.10302734     LossTerm2: 0.00000000     LossGates: 0.00000000      Time/Step(s): 1809.5952Contributing envs to the losses:  [199  92 443 480 681 936 107 751 193 652 783 220 616 322 343 352 782 630 485 792 487 647 405 887 729 514 217 328 156 944 239 167 227 384 154 162 387 120 673 667 854 900 512 683 701 340 859 901 634 392 106 390 456 206 188 327 722  20  29 337 585 716 211 397  47 638 588  51 820  52  41 242 478 353 532 259 189 852 520 821 607 544 210 564 929 604 403  96 148 738 619 492 455 163 567  58 525 522 530  23 801 772 556 691 739 187 378 746 466 342 615 589  22 213 347 195 768 558 155 406 613 247 786 918  49 536 224 313 361 620  37 602 733  21 367 321 225 494 305 484  10  36 170 280 103 173 372  18 495 724 622 802 760 818 728 274  46 560  75 297 591 694 185 798 374 308 603 273 141 473 734 627 618  83 320  31 524 281 856  68 712  44 884 803 412 830 229  77 670 453 646 101 191 785 819 787 876 543 640 228 730 216 574 295 942 250 489 324 128 476 771 503 774 233  64   4 449 870 302 829 641 132 743 700 927 271 601 836 122  53 419 910 177  42 912 427 731 577 747 569 791 828 928 765 858 311 826 835 508  85 789 708 360 665  30 470 629 632   7 610 611 339  80 383 424 501 781 509 306 624 368  13 761  25 108 294 776 744 410 920 149 594 243 292 831 129 379 756 714 111 642 395 254 426 687  50  33 117 190 152 684 580 759 868 526  59 931 396 415 679 906 547 370 598 693 283  76 609  78 467  40 660 279 201 843 516 208 689 666 930 796 663 692 417 837 144 115 258 899 581 382  63 369 290 649 644 925 100 814 418 676 590 291 348 143 437 735 425  28 457 267 116 200 825  60 298 538 513  73 212 204 860 142 134 304 469 400 333  11 600 202 391  71 192 806 552 914 317   6  66 628 515 727 176 181 481 332 517 726 385 490 423 534 166 703 695 131 755 468 153 633 866 841 557 875 878 612 496 849 431 686 435  34  99 938 160 475 316 877 770 922 864 373 905 169 935 230 119 917 784 725 736 848 892 891 898 919 916 857 940 553 754  79 161 699 720 672 664 839 264 911 763 479 674 750 885 945 713  38 631 742 823 238]
Gate kernel values: 
 [[ 78.563705   -79.61499   ]
 [  1.9611015    0.94430923]]
The factor: how much of the new gate kernel do I used ? [0.001]
Gate values for each environment (all envs): 
 [[0.28137738 0.71862257]
 [0.261546   0.7384539 ]
 [0.28154188 0.7184581 ]
 [0.27898479 0.7210152 ]
 [0.61360705 0.38639292]
 [0.28117037 0.71882963]
 [0.7214169  0.27858317]
 [0.721049   0.27895093]
 [0.26999408 0.730006  ]
 [0.2910865  0.70891356]
 [0.77777207 0.22222789]
 [0.7143155  0.2856845 ]
 [0.31512323 0.68487674]
 [0.72187394 0.2781261 ]
 [0.2900518  0.7099482 ]
 [0.33689645 0.66310364]
 [0.2814125  0.7185875 ]
 [0.4043677  0.5956323 ]
 [0.69734025 0.30265972]
 [0.27881995 0.7211801 ]
 [0.7186238  0.28137618]
 [0.7240773  0.2759227 ]
 [0.7169099  0.28309005]
 [0.71474594 0.28525403]
 [0.28141293 0.718587  ]
 [0.7232727  0.27672726]
 [0.2814443  0.7185557 ]
 [0.27847496 0.721525  ]
 [0.71970564 0.28029445]
 [0.7186002  0.28139973]
 [0.42503315 0.57496685]
 [0.8561665  0.14383347]
 [0.28315148 0.7168486 ]
 [0.721055   0.27894503]
 [0.5554728  0.4445272 ]
 [0.30103278 0.6989672 ]
 [0.6953437  0.30465633]
 [0.7062383  0.29376173]
 [0.72912174 0.27087831]
 [0.28140625 0.7185938 ]
 [0.72101104 0.27898893]
 [0.7185871  0.2814128 ]
 [0.4423579  0.5576421 ]
 [0.20758875 0.7924112 ]
 [0.78128535 0.21871457]
 [0.26293305 0.7370669 ]
 [0.6688054  0.33119464]
 [0.7185902  0.28140983]
 [0.33912948 0.66087055]
 [0.66932815 0.33067182]
 [0.7215567  0.2784433 ]
 [0.7185673  0.28143272]
 [0.7185873  0.28141278]
 [0.7421995  0.25780052]
 [0.27880916 0.72119087]
 [0.16371484 0.8362851 ]
 [0.26551467 0.7344853 ]
 [0.2791788  0.7208212 ]
 [0.7187099  0.28129008]
 [0.7210653  0.27893478]
 [0.7282839  0.27171612]
 [0.6194179  0.3805821 ]
 [0.2803511  0.7196489 ]
 [0.72074664 0.27925336]
 [0.47058466 0.52941537]
 [0.2791127  0.7208873 ]
 [0.6940731  0.30592695]
 [0.52016574 0.47983423]
 [0.610691   0.38930902]
 [0.3284167  0.67158324]
 [0.1462549  0.8537451 ]
 [0.7157053  0.2842948 ]
 [0.8297415  0.17025854]
 [0.74118817 0.2588118 ]
 [0.27897474 0.7210252 ]
 [0.7800628  0.21993722]
 [0.7210337  0.27896637]
 [0.6189317  0.3810683 ]
 [0.72103155 0.27896848]
 [0.7929277  0.2070723 ]
 [0.7114712  0.28852877]
 [0.2814246  0.71857536]
 [0.28141072 0.71858925]
 [0.73684794 0.263152  ]
 [0.2254598  0.7745402 ]
 [0.69313204 0.30686805]
 [0.2605305  0.7394695 ]
 [0.27895752 0.72104245]
 [0.27895665 0.72104335]
 [0.7369052  0.26309475]
 [0.77570176 0.22429824]
 [0.2968017  0.7031984 ]
 [0.72059894 0.27940106]
 [0.26152238 0.7384776 ]
 [0.9077529  0.09224709]
 [0.26625794 0.73374206]
 [0.7189193  0.28108063]
 [0.2814204  0.71857953]
 [0.27857304 0.7214269 ]
 [0.6782614  0.32173866]
 [0.71976805 0.28023195]
 [0.6414623  0.35853767]
 [0.28393072 0.71606934]
 [0.76647884 0.23352116]
 [0.28073984 0.71926016]
 [0.28273776 0.71726227]
 [0.7189299  0.28107005]
 [0.69008726 0.3099128 ]
 [0.7222117  0.27778834]
 [0.2854247  0.7145753 ]
 [0.3078604  0.6921396 ]
 [0.72149384 0.27850625]
 [0.7078412  0.29215875]
 [0.2884532  0.71154684]
 [0.35058126 0.6494187 ]
 [0.72072124 0.27927876]
 [0.7118583  0.28814173]
 [0.7211386  0.2788614 ]
 [0.33225313 0.66774684]
 [0.8267636  0.17323643]
 [0.71933144 0.28066856]
 [0.28032935 0.71967065]
 [0.4966129  0.50338703]
 [0.27898684 0.7210131 ]
 [0.27911448 0.7208856 ]
 [0.28027448 0.7197255 ]
 [0.06023937 0.9397606 ]
 [0.29468936 0.70531064]
 [0.4459304  0.55406964]
 [0.7210684  0.2789316 ]
 [0.28219938 0.7178006 ]
 [0.37444586 0.6255541 ]
 [0.53042775 0.46957228]
 [0.8128923  0.18710765]
 [0.7186432  0.28135675]
 [0.27896312 0.7210369 ]
 [0.4720542  0.5279458 ]
 [0.2789761  0.72102386]
 [0.28126463 0.7187354 ]
 [0.25209087 0.7479091 ]
 [0.28124967 0.71875036]
 [0.7749147  0.22508533]
 [0.53594816 0.4640518 ]
 [0.7196451  0.28035486]
 [0.7207272  0.2792728 ]
 [0.2660596  0.73394036]
 [0.2785002  0.72149986]
 [0.289107   0.71089303]
 [0.7186565  0.2813435 ]
 [0.72136146 0.27863854]
 [0.28686866 0.7131313 ]
 [0.23619139 0.76380867]
 [0.7210312  0.27896887]
 [0.7887138  0.21128616]
 [0.7185812  0.2814187 ]
 [0.71840477 0.2815952 ]
 [0.7263498  0.2736503 ]
 [0.28121677 0.71878326]
 [0.1817957  0.8182043 ]
 [0.38619816 0.61380184]
 [0.34593585 0.6540642 ]
 [0.7257821  0.2742179 ]
 [0.70650107 0.29349893]
 [0.71846354 0.28153646]
 [0.81155145 0.18844855]
 [0.53213483 0.46786517]
 [0.37213656 0.6278634 ]
 [0.7205135  0.27948654]
 [0.28154236 0.71845764]
 [0.7011389  0.2988611 ]
 [0.7051047  0.29489532]
 [0.27900913 0.7209909 ]
 [0.22350281 0.7764972 ]
 [0.7451326  0.2548673 ]
 [0.8704598  0.12954022]
 [0.30316496 0.6968351 ]
 [0.74519694 0.2548031 ]
 [0.39221308 0.6077869 ]
 [0.26786974 0.7321303 ]
 [0.28002214 0.7199779 ]
 [0.4916667  0.5083333 ]
 [0.71860844 0.28139153]
 [0.30999315 0.69000685]
 [0.17828555 0.8217144 ]
 [0.28122526 0.71877474]
 [0.7160743  0.28392577]
 [0.26349112 0.7365089 ]
 [0.7185961  0.28140387]
 [0.71967995 0.28032005]
 [0.7185868  0.28141317]
 [0.7210203  0.2789797 ]
 [0.72985506 0.270145  ]
 [0.72117317 0.27882683]
 [0.7190758  0.2809242 ]
 [0.50322115 0.49677882]
 [0.71874887 0.28125113]
 [0.5350152  0.4649848 ]
 [0.29885083 0.70114917]
 [0.27827844 0.7217216 ]
 [0.7228213  0.27717867]
 [0.7187773  0.28122267]
 [0.72103614 0.2789639 ]
 [0.73733634 0.26266366]
 [0.28369838 0.7163017 ]
 [0.70829964 0.2917004 ]
 [0.3013943  0.69860566]
 [0.71862745 0.28137258]
 [0.28502047 0.7149796 ]
 [0.72094727 0.27905267]
 [0.28147206 0.7185279 ]
 [0.71869767 0.2813023 ]
 [0.7186715  0.28132844]
 [0.72486717 0.27513283]
 [0.72627044 0.27372953]
 [0.28701928 0.7129807 ]
 [0.27932867 0.72067136]
 [0.5186668  0.48133314]
 [0.7278218  0.27217817]
 [0.27900034 0.72099966]
 [0.25919393 0.74080604]
 [0.7602818  0.2397182 ]
 [0.34841195 0.651588  ]
 [0.27814764 0.72185236]
 [0.27667746 0.7233225 ]
 [0.72925687 0.2707432 ]
 [0.70930314 0.2906968 ]
 [0.28139198 0.718608  ]
 [0.719443   0.28055695]
 [0.8057101  0.19428994]
 [0.83694196 0.16305809]
 [0.5599796  0.44002038]
 [0.28138414 0.71861583]
 [0.281402   0.71859795]
 [0.5862119  0.41378805]
 [0.8386952  0.16130479]
 [0.287731   0.712269  ]
 [0.27893326 0.7210668 ]
 [0.34229523 0.6577048 ]
 [0.28787124 0.7121287 ]
 [0.72064394 0.27935606]
 [0.28100386 0.71899617]
 [0.2785564  0.72144365]
 [0.7185871  0.2814128 ]
 [0.72199225 0.27800772]
 [0.901789   0.09821101]
 [0.27894157 0.7210585 ]
 [0.7938971  0.2061029 ]
 [0.7117242  0.2882758 ]
 [0.6671118  0.33288825]
 [0.13388051 0.8661195 ]
 [0.8479148  0.15208521]
 [0.18292879 0.8170712 ]
 [0.2812002  0.7187998 ]
 [0.24627206 0.753728  ]
 [0.7213634  0.27863666]
 [0.28127602 0.718724  ]
 [0.5626512  0.43734878]
 [0.27901143 0.7209886 ]
 [0.7210622  0.27893788]
 [0.7185867  0.28141332]
 [0.25874323 0.7412568 ]
 [0.26106957 0.73893046]
 [0.27195692 0.72804314]
 [0.28141218 0.7185879 ]
 [0.46924278 0.5307572 ]
 [0.28156698 0.718433  ]
 [0.27896664 0.72103333]
 [0.38694772 0.6130522 ]
 [0.1286716  0.8713284 ]
 [0.556423   0.44357696]
 [0.27018756 0.72981244]
 [0.71981055 0.28018948]
 [0.32749927 0.6725008 ]
 [0.7114705  0.2885295 ]
 [0.71212953 0.28787044]
 [0.64608294 0.35391703]
 [0.17504261 0.8249574 ]
 [0.37986124 0.62013876]
 [0.28341678 0.71658325]
 [0.721024   0.27897602]
 [0.71164834 0.28835163]
 [0.8259821  0.17401794]
 [0.8547259  0.14527416]
 [0.72103345 0.27896655]
 [0.28141025 0.7185897 ]
 [0.32738513 0.67261493]
 [0.2805858  0.7194142 ]
 [0.6957476  0.3042524 ]
 [0.27909085 0.7209092 ]
 [0.26591027 0.7340898 ]
 [0.7202256  0.2797744 ]
 [0.7210268  0.27897322]
 [0.7209639  0.27903613]
 [0.26231718 0.7376828 ]
 [0.7204588  0.2795412 ]
 [0.7154774  0.28452262]
 [0.24639383 0.75360614]
 [0.73978657 0.2602134 ]
 [0.729905   0.27009508]
 [0.27408192 0.7259181 ]
 [0.28179345 0.7182065 ]
 [0.1634626  0.8365374 ]
 [0.6458368  0.35416326]
 [0.26998103 0.7300189 ]
 [0.71522444 0.28477556]
 [0.70210373 0.2978963 ]
 [0.74230236 0.25769767]
 [0.5626121  0.43738794]
 [0.6613779  0.33862206]
 [0.64697576 0.35302424]
 [0.27896994 0.72103006]
 [0.83192056 0.16807945]
 [0.8288653  0.17113471]
 [0.71966606 0.28033394]
 [0.27912468 0.7208753 ]
 [0.22842158 0.7715784 ]
 [0.707728   0.292272  ]
 [0.73393446 0.26606557]
 [0.5925769  0.4074231 ]
 [0.25618574 0.7438143 ]
 [0.7475362  0.25246382]
 [0.72325635 0.27674365]
 [0.7195943  0.2804057 ]
 [0.5658365  0.43416354]
 [0.81577367 0.1842263 ]
 [0.24221902 0.75778097]
 [0.28143856 0.7185614 ]
 [0.7186329  0.2813671 ]
 [0.7207584  0.27924168]
 [0.27909678 0.72090316]
 [0.26914793 0.7308521 ]
 [0.3173659  0.6826341 ]
 [0.3236505  0.6763495 ]
 [0.53718644 0.46281356]
 [0.2829961  0.7170038 ]
 [0.3751053  0.62489474]
 [0.28147596 0.71852404]
 [0.7192362  0.2807638 ]
 [0.2799215  0.7200785 ]
 [0.72217876 0.27782127]
 [0.71933854 0.28066143]
 [0.27900314 0.72099686]
 [0.720759   0.27924109]
 [0.7173629  0.28263718]
 [0.32470793 0.6752921 ]
 [0.17944685 0.8205532 ]
 [0.27176467 0.72823536]
 [0.7186197  0.2813803 ]
 [0.7303926  0.26960748]
 [0.27740297 0.72259706]
 [0.2789339  0.72106606]
 [0.28749076 0.7125093 ]
 [0.7237577  0.27624232]
 [0.7185703  0.2814297 ]
 [0.27918154 0.7208184 ]
 [0.28316504 0.71683496]
 [0.27931955 0.7206805 ]
 [0.52883726 0.4711628 ]
 [0.28141552 0.7185844 ]
 [0.1726763  0.8273237 ]
 [0.40169424 0.5983059 ]
 [0.7268392  0.2731608 ]
 [0.28123283 0.71876717]
 [0.2814274  0.7185726 ]
 [0.27806225 0.7219377 ]
 [0.84952813 0.1504718 ]
 [0.309994   0.69000596]
 [0.70843446 0.29156548]
 [0.72405505 0.27594498]
 [0.7216451  0.27835485]
 [0.72103107 0.2789689 ]
 [0.268142   0.73185796]
 [0.7232305  0.2767695 ]
 [0.6788416  0.32115835]
 [0.7131939  0.2868061 ]
 [0.2814129  0.71858704]
 [0.29312536 0.7068746 ]
 [0.28139395 0.7186061 ]
 [0.7244767  0.2755233 ]
 [0.7219405  0.27805948]
 [0.27895597 0.72104406]
 [0.20772815 0.79227185]
 [0.72039276 0.27960718]
 [0.38120604 0.61879396]
 [0.71915805 0.28084195]
 [0.71733636 0.28266364]
 [0.26653114 0.7334689 ]
 [0.7204542  0.27954575]
 [0.28120297 0.71879697]
 [0.28136635 0.7186336 ]
 [0.7189676  0.28103235]
 [0.6956008  0.30439916]
 [0.7201209  0.27987903]
 [0.28142187 0.71857816]
 [0.28099644 0.71900356]
 [0.7212601  0.27873993]
 [0.7210427  0.2789573 ]
 [0.7185939  0.28140604]
 [0.3505354  0.6494646 ]
 [0.26518208 0.7348179 ]
 [0.7175541  0.28244585]
 [0.27984864 0.72015136]
 [0.27642477 0.7235753 ]
 [0.7185904  0.2814096 ]
 [0.26828325 0.73171675]
 [0.7001027  0.29989734]
 [0.7129877  0.28701225]
 [0.28066453 0.71933544]
 [0.23172794 0.76827204]
 [0.2901079  0.70989215]
 [0.7225925  0.27740756]
 [0.27872    0.72128004]
 [0.57612497 0.42387506]
 [0.13353933 0.8664607 ]
 [0.2675989  0.7324011 ]
 [0.72104865 0.27895138]
 [0.2765624  0.7234376 ]
 [0.7256688  0.27433124]
 [0.7211272  0.27887285]
 [0.6360813  0.3639187 ]
 [0.2787365  0.72126347]
 [0.23387475 0.76612526]
 [0.23773204 0.76226795]
 [0.73079145 0.26920858]
 [0.75689083 0.2431092 ]
 [0.7269385  0.27306157]
 [0.7212507  0.2787493 ]
 [0.41858765 0.5814124 ]
 [0.68965834 0.31034172]
 [0.7708262  0.2291738 ]
 [0.24451162 0.7554884 ]
 [0.7898195  0.2101805 ]
 [0.26908213 0.7309178 ]
 [0.26827165 0.7317284 ]
 [0.2970371  0.7029629 ]
 [0.77014065 0.2298594 ]
 [0.45818785 0.5418121 ]
 [0.7271875  0.27281252]
 [0.27993977 0.7200602 ]
 [0.25151396 0.74848604]
 [0.24111864 0.7588814 ]
 [0.20799676 0.7920032 ]
 [0.29442796 0.70557207]
 [0.72290087 0.27709916]
 [0.2868642  0.71313584]
 [0.21329959 0.7867004 ]
 [0.28176534 0.71823466]
 [0.73571956 0.2642805 ]
 [0.42036152 0.5796385 ]
 [0.42253467 0.57746536]
 [0.28085    0.71915   ]
 [0.32895324 0.6710468 ]
 [0.2806865  0.7193135 ]
 [0.80895627 0.19104372]
 [0.27947444 0.72052556]
 [0.7184356  0.28156438]
 [0.7187108  0.28128922]
 [0.7276763  0.27232373]
 [0.27884907 0.72115093]
 [0.26475027 0.7352497 ]
 [0.26483512 0.73516494]
 [0.26822853 0.73177147]
 [0.614509   0.38549098]
 [0.21406125 0.78593874]
 [0.21081257 0.78918743]
 [0.28299502 0.717005  ]
 [0.7199783  0.28002173]
 [0.7210287  0.2789713 ]
 [0.7575885  0.24241143]
 [0.7134313  0.28656873]
 [0.40578958 0.59421045]
 [0.37853253 0.6214675 ]
 [0.28140366 0.71859634]
 [0.8303673  0.16963272]
 [0.29596764 0.70403236]
 [0.35877562 0.6412244 ]
 [0.5169193  0.48308071]
 [0.2998726  0.70012736]
 [0.70399845 0.29600155]
 [0.28432676 0.71567327]
 [0.7204876  0.27951247]
 [0.71022666 0.28977332]
 [0.28539371 0.7146063 ]
 [0.27157408 0.7284259 ]
 [0.71378654 0.2862135 ]
 [0.7115426  0.28845736]
 [0.6141051  0.38589492]
 [0.70752734 0.29247272]
 [0.12607701 0.87392294]
 [0.58495516 0.41504478]
 [0.83034956 0.16965044]
 [0.28668475 0.71331525]
 [0.7039553  0.29604468]
 [0.2881532  0.7118468 ]
 [0.7009861  0.29901388]
 [0.67621076 0.32378924]
 [0.69772696 0.30227304]
 [0.29473585 0.70526415]
 [0.42139843 0.5786016 ]
 [0.21774758 0.78225243]
 [0.1689913  0.8310087 ]
 [0.6996008  0.30039924]
 [0.29369202 0.706308  ]
 [0.8437397  0.15626027]
 [0.66148525 0.3385148 ]
 [0.28572282 0.7142772 ]
 [0.28560495 0.71439505]
 [0.29598755 0.70401245]
 [0.7222037  0.27779636]
 [0.7004192  0.29958084]
 [0.20947446 0.79052556]
 [0.2959435  0.7040565 ]
 [0.7044231  0.29557684]
 [0.7073167  0.29268336]
 [0.70414853 0.29585147]
 [0.3474836  0.6525164 ]
 [0.7063438  0.2936562 ]
 [0.7487491  0.2512509 ]
 [0.5861831  0.41381696]
 [0.7550354  0.24496461]
 [0.70402896 0.29597104]
 [0.29856828 0.70143175]
 [0.70410633 0.29589367]
 [0.26266518 0.7373348 ]
 [0.760426   0.239574  ]
 [0.70410085 0.29589918]
 [0.7063387  0.2936613 ]
 [0.27813858 0.7218614 ]
 [0.23710622 0.76289374]
 [0.30600378 0.69399625]
 [0.7036705  0.29632953]
 [0.29271233 0.7072876 ]
 [0.7040306  0.29596943]
 [0.29359478 0.7064052 ]
 [0.69505054 0.30494943]
 [0.2526088  0.74739116]
 [0.69515157 0.30484843]
 [0.293641   0.706359  ]
 [0.6969609  0.303039  ]
 [0.3008263  0.6991737 ]
 [0.27111405 0.728886  ]
 [0.29596126 0.7040388 ]
 [0.29637852 0.70362145]
 [0.60440236 0.39559764]
 [0.70399284 0.29600713]
 [0.29726577 0.70273423]
 [0.34625128 0.65374875]
 [0.7063703  0.2936298 ]
 [0.29127896 0.70872104]
 [0.29928353 0.7007165 ]
 [0.30003607 0.69996387]
 [0.2923535  0.7076464 ]
 [0.32786053 0.67213947]
 [0.29423353 0.70576644]
 [0.27419338 0.7258067 ]
 [0.29687026 0.70312977]
 [0.70225024 0.29774976]
 [0.7970662  0.20293379]
 [0.70119065 0.29880938]
 [0.31925187 0.6807481 ]
 [0.6538787  0.3461213 ]
 [0.24762687 0.7523731 ]
 [0.29455927 0.7054408 ]
 [0.28735906 0.7126409 ]
 [0.70396125 0.29603875]
 [0.2936937  0.70630634]
 [0.2986762  0.70132387]
 [0.70350635 0.2964936 ]
 [0.29340076 0.7065993 ]
 [0.65968287 0.34031716]
 [0.27702627 0.72297376]
 [0.29026467 0.70973533]
 [0.30316517 0.69683486]
 [0.3002419  0.6997581 ]
 [0.85928905 0.14071096]
 [0.7157054  0.2842947 ]
 [0.5672858  0.43271428]
 [0.459723   0.540277  ]
 [0.3122524  0.68774766]
 [0.35553113 0.6444689 ]
 [0.7080672  0.29193282]
 [0.7044913  0.29550862]
 [0.40177152 0.5982286 ]
 [0.29584375 0.7041563 ]
 [0.6247847  0.37521526]
 [0.7037272  0.29627287]
 [0.25454304 0.745457  ]
 [0.46870047 0.5312995 ]
 [0.70403737 0.2959626 ]
 [0.70141256 0.2985874 ]
 [0.70616764 0.29383245]
 [0.72043914 0.2795609 ]
 [0.12646079 0.87353915]
 [0.27616587 0.72383416]
 [0.7076365  0.2923635 ]
 [0.31198776 0.68801224]
 [0.30367094 0.69632906]
 [0.30299312 0.69700694]
 [0.6991546  0.30084538]
 [0.30311427 0.6968857 ]
 [0.6921341  0.30786598]
 [0.7513168  0.24868318]
 [0.67762375 0.3223762 ]
 [0.6248189  0.375181  ]
 [0.6968273  0.30317265]
 [0.08799963 0.9120004 ]
 [0.3007958  0.6992042 ]
 [0.6968587  0.3031413 ]
 [0.3985718  0.6014282 ]
 [0.6991711  0.3008288 ]
 [0.7077494  0.29225054]
 [0.7274677  0.27253234]
 [0.70312136 0.29687864]
 [0.69688785 0.3031121 ]
 [0.32702535 0.67297465]
 [0.7013687  0.29863128]
 [0.7066119  0.29338816]
 [0.29764453 0.7023555 ]
 [0.78032917 0.2196708 ]
 [0.69687206 0.3031279 ]
 [0.6921794  0.30782056]
 [0.32225582 0.6777442 ]
 [0.66757905 0.33242095]
 [0.55707794 0.4429221 ]
 [0.69403654 0.3059635 ]
 [0.22051674 0.77948326]
 [0.6620762  0.3379239 ]
 [0.6807787  0.3192213 ]
 [0.49570212 0.50429785]
 [0.69971144 0.30028862]
 [0.7049609  0.2950391 ]
 [0.30090714 0.6990928 ]
 [0.70323795 0.29676205]
 [0.38307512 0.61692494]
 [0.6972046  0.30279538]
 [0.68027246 0.3197275 ]
 [0.33586243 0.6641375 ]
 [0.3008959  0.6991041 ]
 [0.6968837  0.30311626]
 [0.82016385 0.17983614]
 [0.6538692  0.34613085]
 [0.5577501  0.44224995]
 [0.69968784 0.30031216]
 [0.2984261  0.7015739 ]
 [0.6990785  0.3009215 ]
 [0.15985934 0.8401407 ]
 [0.5185834  0.48141658]
 [0.6978846  0.3021154 ]
 [0.30408385 0.6959162 ]
 [0.6993039  0.30069602]
 [0.30291915 0.6970809 ]
 [0.300847   0.69915295]
 [0.68438196 0.31561804]
 [0.30114043 0.6988596 ]
 [0.23332992 0.76667005]
 [0.1937267  0.80627334]
 [0.27892542 0.7210746 ]
 [0.30094415 0.69905585]
 [0.3261989  0.67380106]
 [0.30526125 0.6947388 ]
 [0.6991535  0.30084652]
 [0.84591675 0.15408319]
 [0.30306998 0.69693   ]
 [0.6990321  0.30096784]
 [0.30331635 0.69668365]
 [0.7108525  0.28914753]
 [0.69909805 0.3009019 ]
 [0.6981409  0.30185905]
 [0.8778295  0.12217051]
 [0.3043021  0.6956979 ]
 [0.5043008  0.49569926]
 [0.33328077 0.66671926]
 [0.30750024 0.6924998 ]
 [0.6986357  0.3013643 ]
 [0.3016303  0.6983697 ]
 [0.6044824  0.39551762]
 [0.69830996 0.30169004]
 [0.2985172  0.70148283]
 [0.2147553  0.7852447 ]
 [0.6991824  0.3008176 ]
 [0.31806797 0.68193203]
 [0.7357584  0.26424158]
 [0.30085468 0.69914526]
 [0.6969709  0.30302903]
 [0.6990534  0.3009466 ]
 [0.30082595 0.69917405]
 [0.6905914  0.30940863]
 [0.69930583 0.3006941 ]
 [0.30317667 0.6968233 ]
 [0.6991072  0.30089277]
 [0.14404632 0.8559537 ]
 [0.69598395 0.3040161 ]
 [0.69914246 0.30085745]
 [0.6991545  0.3008455 ]
 [0.7051667  0.29483336]
 [0.6612569  0.3387431 ]
 [0.12209541 0.87790453]
 [0.29940262 0.70059735]
 [0.42510042 0.57489955]
 [0.3088546  0.69114536]
 [0.65268826 0.34731176]
 [0.69765747 0.3023425 ]
 [0.29435834 0.70564175]
 [0.68543535 0.31456468]
 [0.31246662 0.6875334 ]
 [0.30086824 0.6991317 ]
 [0.30970404 0.69029593]
 [0.26865602 0.731344  ]
 [0.67993957 0.32006043]
 [0.2995647  0.70043534]
 [0.18771385 0.8122862 ]
 [0.30087897 0.69912106]
 [0.51629746 0.48370254]
 [0.28836966 0.7116304 ]
 [0.69922656 0.30077338]
 [0.3085782  0.6914218 ]
 [0.69689155 0.30310848]
 [0.3023216  0.6976784 ]
 [0.303185   0.6968151 ]
 [0.5656701  0.43432996]
 [0.828512   0.17148796]
 [0.3064785  0.69352144]
 [0.69704956 0.30295044]
 [0.30311012 0.6968899 ]
 [0.76530874 0.23469126]
 [0.46377486 0.53622514]
 [0.36404535 0.6359546 ]
 [0.7142382  0.28576177]
 [0.76745874 0.23254128]
 [0.6962631  0.30373695]
 [0.64194596 0.35805404]
 [0.82839614 0.17160384]
 [0.3324071  0.66759294]
 [0.71552736 0.2844726 ]
 [0.61371285 0.38628715]
 [0.6929539  0.3070461 ]
 [0.7580914  0.24190862]
 [0.30324265 0.69675726]
 [0.69665545 0.30334452]
 [0.6970716  0.3029284 ]
 [0.29977039 0.70022964]
 [0.29037318 0.70962685]
 [0.65919447 0.34080556]
 [0.69892013 0.30107984]
 [0.70139295 0.29860702]
 [0.29998043 0.7000196 ]
 [0.69288033 0.30711964]
 [0.49849057 0.5015094 ]
 [0.26504183 0.73495823]
 [0.30815092 0.6918491 ]
 [0.53277093 0.4672291 ]
 [0.7026305  0.29736948]
 [0.29530004 0.7047    ]
 [0.19028176 0.80971825]
 [0.30055138 0.6994486 ]
 [0.43240103 0.567599  ]
 [0.6979603  0.30203968]
 [0.42229667 0.5777033 ]
 [0.30244103 0.697559  ]
 [0.6986834  0.30131665]
 [0.6863801  0.3136199 ]
 [0.70027286 0.2997271 ]
 [0.29559773 0.7044023 ]
 [0.33057407 0.66942596]
 [0.30303422 0.6969658 ]
 [0.7069196  0.29308033]
 [0.30084705 0.6991529 ]
 [0.30708313 0.6929169 ]
 [0.73394734 0.26605272]
 [0.30113143 0.6988686 ]
 [0.3461924  0.65380764]
 [0.66552824 0.33447182]
 [0.6954665  0.30453345]
 [0.29519308 0.70480686]
 [0.64619654 0.35380352]
 [0.29984558 0.7001545 ]
 [0.70054156 0.29945847]
 [0.30425376 0.69574624]
 [0.7750206  0.22497946]
 [0.24690585 0.75309414]
 [0.30088246 0.69911754]
 [0.70190024 0.2980997 ]
 [0.7120035  0.28799647]
 [0.7043764  0.29562357]
 [0.32786462 0.67213535]
 [0.7001601  0.29983988]
 [0.694327   0.30567303]
 [0.6011821  0.3988179 ]
 [0.27836397 0.721636  ]
 [0.7207862  0.27921373]
 [0.303086   0.69691396]
 [0.4933008  0.5066992 ]
 [0.70269674 0.29730332]
 [0.46985167 0.5301483 ]
 [0.30032644 0.6996736 ]
 [0.4454654  0.5545347 ]
 [0.6991213  0.30087864]
 [0.2854795  0.7145205 ]
 [0.62376255 0.37623745]
 [0.27351505 0.72648495]
 [0.30275974 0.6972403 ]
 [0.69658744 0.3034125 ]
 [0.6598691  0.34013093]
 [0.81097245 0.18902755]
 [0.303111   0.69688904]
 [0.29557684 0.7044232 ]
 [0.5605281  0.43947196]
 [0.3006221  0.6993779 ]
 [0.33541256 0.66458744]
 [0.30244336 0.6975567 ]
 [0.25619638 0.7438036 ]
 [0.27890468 0.7210953 ]
 [0.36656758 0.63343245]
 [0.8221634  0.1778366 ]
 [0.6971813  0.3028187 ]
 [0.30498388 0.6950161 ]
 [0.26060587 0.7393941 ]
 [0.5681819  0.43181816]
 [0.70008636 0.29991367]
 [0.8312303  0.16876976]
 [0.69688284 0.30311716]
 [0.69687676 0.30312324]
 [0.8248801  0.17511982]
 [0.3016275  0.69837254]
 [0.30078027 0.6992197 ]
 [0.6995405  0.30045956]
 [0.52663493 0.4733651 ]
 [0.3008535  0.6991465 ]
 [0.5998161  0.40018395]
 [0.6974473  0.3025527 ]
 [0.5442364  0.4557636 ]
 [0.69942075 0.30057916]
 [0.30331504 0.69668496]
 [0.29287678 0.70712316]
 [0.25190395 0.7480961 ]
 [0.7198156  0.28018436]
 [0.4851947  0.5148054 ]
 [0.6989627  0.30103728]
 [0.17244363 0.8275564 ]
 [0.3079302  0.6920698 ]
 [0.67528266 0.32471728]
 [0.7697493  0.23025076]
 [0.30234018 0.6976598 ]
 [0.69891185 0.30108812]
 [0.49859554 0.5014044 ]
 [0.2887731  0.71122694]
 [0.17660326 0.82339674]
 [0.301053   0.69894695]
 [0.30862942 0.6913706 ]
 [0.31571004 0.68428993]
 [0.23065011 0.7693499 ]
 [0.31366795 0.68633205]
 [0.6902939  0.30970615]
 [0.2301859  0.76981413]
 [0.6908551  0.3091449 ]
 [0.38169983 0.61830014]
 [0.5991724  0.40082753]
 [0.30750576 0.6924943 ]
 [0.5161606  0.48383948]
 [0.69067484 0.30932513]
 [0.69269943 0.30730057]
 [0.30710047 0.6928995 ]
 [0.27849635 0.7215036 ]
 [0.3107832  0.68921673]
 [0.6942811  0.30571893]
 [0.57764024 0.4223598 ]
 [0.6543367  0.34566328]
 [0.34032175 0.65967834]
 [0.69266325 0.3073367 ]
 [0.30579647 0.6942035 ]
 [0.43854117 0.56145895]
 [0.43373117 0.5662689 ]
 [0.3144281  0.68557185]
 [0.5706075  0.42939246]
 [0.29005045 0.70994955]
 [0.66843116 0.33156887]
 [0.74114186 0.2588582 ]
 [0.29948136 0.7005186 ]
 [0.30877578 0.69122416]
 [0.30971432 0.6902857 ]
 [0.22285488 0.77714515]
 [0.3097588  0.69024116]
 [0.49369135 0.5063086 ]
 [0.26819584 0.73180413]
 [0.57617795 0.42382202]
 [0.69401425 0.3059858 ]
 [0.31374386 0.6862561 ]
 [0.6919611  0.30803886]
 [0.309267   0.69073296]
 [0.1390466  0.8609534 ]
 [0.49436218 0.5056379 ]
 [0.30794042 0.6920595 ]
 [0.30749503 0.692505  ]
 [0.3099836  0.6900164 ]
 [0.31384474 0.68615526]
 [0.2969077  0.7030923 ]
 [0.28368503 0.716315  ]
 [0.3095833  0.69041675]
 [0.3029796  0.6970204 ]
 [0.692549   0.30745104]
 [0.6910671  0.308933  ]
 [0.69044787 0.30955213]
 [0.30922496 0.6907751 ]
 [0.38886955 0.6111305 ]
 [0.6091404  0.39085963]
 [0.3078915  0.69210845]
 [0.69251394 0.30748615]
 [0.24138626 0.7586137 ]
 [0.30898777 0.69101226]
 [0.26678556 0.73321444]
 [0.7258023  0.2741977 ]
 [0.7422925  0.2577074 ]
 [0.41148144 0.5885186 ]
 [0.74223167 0.25776836]
 [0.55476063 0.4452394 ]
 [0.39422897 0.60577106]
 [0.3075034  0.6924966 ]
 [0.30456704 0.69543296]
 [0.7254475  0.27455255]
 [0.3075057  0.6924944 ]
 [0.69439876 0.30560133]
 [0.30361143 0.6963886 ]
 [0.29304972 0.70695025]
 [0.2960436  0.70395637]
 [0.31020463 0.6897953 ]
 [0.6910588  0.30894116]
 [0.3510323  0.6489677 ]
 [0.5525049  0.44749513]
 [0.7144683  0.2855317 ]
 [0.6903895  0.30961052]
 [0.686902   0.31309798]
 [0.69253445 0.30746558]
 [0.45334405 0.546656  ]
 [0.3090658  0.69093424]
 [0.30863613 0.6913639 ]
 [0.31053758 0.6894624 ]
 [0.70630026 0.29369974]
 [0.5673688  0.43263116]
 [0.7019999  0.29800016]
 [0.61037904 0.389621  ]
 [0.30802685 0.69197315]
 [0.50557584 0.49442416]
 [0.6710089  0.32899114]
 [0.36200985 0.6379901 ]
 [0.7300167  0.26998332]
 [0.7933533  0.20664665]]
/home/gb21553/miniconda3/envs/jax/lib/python3.12/multiprocessing/popen_fork.py:66: RuntimeWarning: os.fork() was called. os.fork() is incompatible with multithreaded code, and JAX is multithreaded, so this will likely lead to a deadlock.
  self.pid = os.fork()
        Validation Criterion: 4747.91210938
        Saving best model so far ...
✔️ Gating k-means converged after 1 iterations
✔️ Gating k-means converged after 1 iterations
✔️ Gating k-means converged after 1 iterations
✔️ Gating k-means converged after 1 iterations
✔️ Gating k-means converged after 1 iterations
06:28:06      Epoch:   0      Batch:   0      OuterStep:  10      LossModel: 7325.93017578     LossTerm2: 0.00000000     LossGates: 0.00000000      Time/Step(s): 1792.1463Contributing envs to the losses:  [ 79 945 431 153 841 435 557 468 133 813 424 306 736 720 517  73 176  72 789 202 661 835 611 928 910 119 665 246 348 312 317 298 610  60 457 632 437 425   7  80 781 417 368 294  25 601  13 509 761 776 108 212 149 292 744 410  71 594 129 831 208 243 756 379 111 714 642 395 254 687 426  33 117 843 418 190 684 152  50 759 526  59 396 679 415 547 370 598 609 693 283  76  78 467 660 279  40 692 516 666 689 201 796 663 837 144  63 258 676 115 580 290 369 382 513 644 100 727 649 590 291 501 814 200 423 581  28 825 735 143 304 116 134 899 538 860 868 508 629 931 906 400 204 624 925  11 600 391 192 469 920 639   6 373 534 385 481  66 703 181 911 930 875 612 490 496  99 668 316  53 686 731 708 169 864  89  85  38 161 938 866 913 695 743 765 428 248 885 876 829 635 191 742  90 309 112 324 295 174 287 675 576 524 275 626 462 504 519 785  61 942  83 453 282 618 771 164 518 339 840 865 307 817 486 244 429 591 904 939 774 503 640 569 844 937 447 778 302 793 196 584 728 256 623 269 250 230 694 103 274 719 194 234 575 357 873 436 484 750 806 890 882 165 627 352  10 914 220  75 323 822 318 681 443 724 333 142 941 855 608 101 795 277 473 199 603 579 136  92  68 221 927 587 803 281 932 560 156 926 751 173 768  31 944  49 107 658 915 217 884 114 652 671 193 498 783 782 798 734 943 858 616 343 936 698 546 322 630 628 224 485  48 792 487 378 647 559 851 405 285 887 621 900 514 729 328 227 361 167 239 384 390 154 162 387 667 120 854 512 683 893 392 901 859 701 340 722 673 634 206 106 456 188 327 924 863  20  29 337 210 211 353 716 397 638  47 588 820  52  41 242  51 532 259 478 852 520 821 189 897 585 607 544  58 564 403 929 918 148  96 604 619 492 163 455  44 738 879 525 530 801 934 372 187 522 556 739 772 902 228 933 691  23 313 746 908 615 680 567 342 886  22 888 589 613 195 155 595 406 800 347 737 247 558 572 657 237 596 790 213 764 815 832 688 599 804 662 786 650 578 842 809 536]
Gate kernel values: 
 [[ 77.38026    -78.37249   ]
 [  2.4850082    0.35059738]]
The factor: how much of the new gate kernel do I used ? [0.001]
Gate values for each environment (all envs): 
 [[0.2851724  0.71482766]
 [0.26393482 0.7360652 ]
 [0.28532204 0.71467793]
 [0.2800627  0.7199373 ]
 [0.6097326  0.39026728]
 [0.28497243 0.71502763]
 [0.72033703 0.27966294]
 [0.7186065  0.28139353]
 [0.2694373  0.7305627 ]
 [0.289659   0.71034104]
 [0.77055305 0.22944698]
 [0.71308434 0.28691563]
 [0.31263864 0.68736136]
 [0.72082275 0.27917728]
 [0.29170415 0.7082958 ]
 [0.38227576 0.61772424]
 [0.2852179  0.71478206]
 [0.3978508  0.6021492 ]
 [0.69439465 0.3056054 ]
 [0.27987355 0.7201265 ]
 [0.7148158  0.2851842 ]
 [0.7211277  0.2788723 ]
 [0.71312803 0.2868719 ]
 [0.70968616 0.2903139 ]
 [0.2852184  0.7147816 ]
 [0.7227031  0.27729687]
 [0.28527418 0.71472585]
 [0.2795778  0.72042215]
 [0.7181222  0.28187776]
 [0.7147957  0.28520432]
 [0.4176841  0.5823159 ]
 [0.85966516 0.14033484]
 [0.28423172 0.7157683 ]
 [0.7199772  0.28002277]
 [0.55002415 0.44997582]
 [0.30338708 0.69661295]
 [0.6915691  0.3084309 ]
 [0.7001637  0.29983628]
 [0.73220414 0.26779586]
 [0.2852111  0.7147889 ]
 [0.7199296  0.28007042]
 [0.71478176 0.28521824]
 [0.43814123 0.5618587 ]
 [0.20236926 0.7976308 ]
 [0.7754606  0.22453938]
 [0.26791096 0.73208904]
 [0.6746639  0.32533607]
 [0.7147857  0.28521436]
 [0.3436164  0.6563835 ]
 [0.66781956 0.33218047]
 [0.7202425  0.27975756]
 [0.7147585  0.28524148]
 [0.71478194 0.28521806]
 [0.75677806 0.2432219 ]
 [0.2797342  0.7202658 ]
 [0.16431685 0.8356831 ]
 [0.2651813  0.7348187 ]
 [0.28196052 0.71803945]
 [0.7148804  0.28511965]
 [0.7199947  0.28000528]
 [0.7289167  0.27108327]
 [0.56272715 0.4372729 ]
 [0.28413576 0.7158643 ]
 [0.7199803  0.28001967]
 [0.4711065  0.52889353]
 [0.28018987 0.7198101 ]
 [0.6889641  0.31103593]
 [0.52083516 0.47916484]
 [0.6118262  0.3881738 ]
 [0.34597537 0.6540246 ]
 [0.14779864 0.85220134]
 [0.7234902  0.27650985]
 [0.8302357  0.16976425]
 [0.74067163 0.25932837]
 [0.28005302 0.7199469 ]
 [0.7854378  0.2145622 ]
 [0.71995765 0.28004232]
 [0.63321066 0.36678937]
 [0.7199557  0.28004438]
 [0.7911581  0.20884192]
 [0.71024436 0.2897557 ]
 [0.28522995 0.7147701 ]
 [0.28521612 0.7147839 ]
 [0.7356019  0.26439804]
 [0.22642587 0.7735742 ]
 [0.6424879  0.35751215]
 [0.26355574 0.73644423]
 [0.28003347 0.71996653]
 [0.2800739  0.71992606]
 [0.7364018  0.26359814]
 [0.79234654 0.20765342]
 [0.3010738  0.69892627]
 [0.7159635  0.28403655]
 [0.2632984  0.73670167]
 [0.90570694 0.094293  ]
 [0.26710668 0.73289335]
 [0.7151002  0.28489983]
 [0.28522423 0.71477574]
 [0.27963293 0.7203671 ]
 [0.67758125 0.32241872]
 [0.71870226 0.2812977 ]
 [0.6201909  0.37980905]
 [0.28851902 0.7114809 ]
 [0.7630435  0.23695652]
 [0.2845292  0.71547085]
 [0.28648442 0.7135156 ]
 [0.71517867 0.28482133]
 [0.68592066 0.31407934]
 [0.7210655  0.27893445]
 [0.28640476 0.7135953 ]
 [0.30233586 0.6976641 ]
 [0.72046953 0.27953047]
 [0.690568   0.30943206]
 [0.29454303 0.705457  ]
 [0.3578784  0.64212155]
 [0.7195788  0.28042114]
 [0.7087901  0.2912098 ]
 [0.7200848  0.2799152 ]
 [0.33462465 0.66537535]
 [0.83234257 0.1676575 ]
 [0.71552795 0.28447202]
 [0.28143018 0.71856976]
 [0.5276995  0.4723006 ]
 [0.28006527 0.7199347 ]
 [0.28271317 0.7172868 ]
 [0.28384382 0.7161562 ]
 [0.06142676 0.93857324]
 [0.29860157 0.70139843]
 [0.44597298 0.554027  ]
 [0.7200003  0.27999967]
 [0.28611997 0.7138801 ]
 [0.37511083 0.6248892 ]
 [0.5297078  0.47029218]
 [0.82184625 0.17815374]
 [0.7190229  0.280977  ]
 [0.28004748 0.7199525 ]
 [0.47358233 0.52641773]
 [0.28005624 0.7199438 ]
 [0.28508213 0.71491784]
 [0.25315163 0.7468484 ]
 [0.28503728 0.7149628 ]
 [0.75419533 0.24580465]
 [0.537788   0.462212  ]
 [0.7167446  0.28325546]
 [0.7196515  0.28034845]
 [0.26934326 0.73065674]
 [0.27949175 0.7205082 ]
 [0.29191545 0.7080845 ]
 [0.7148496  0.28515047]
 [0.7205069  0.27949318]
 [0.29096276 0.70903724]
 [0.23673722 0.7632628 ]
 [0.7199548  0.28004515]
 [0.81050855 0.18949147]
 [0.71478534 0.2852147 ]
 [0.71488166 0.2851183 ]
 [0.74085397 0.25914598]
 [0.285012   0.714988  ]
 [0.18080342 0.8191966 ]
 [0.38672724 0.6132728 ]
 [0.34689093 0.653109  ]
 [0.7246164  0.27538362]
 [0.7035612  0.2964388 ]
 [0.7146548  0.2853452 ]
 [0.82243687 0.17756312]
 [0.53971344 0.46028662]
 [0.37276685 0.6272331 ]
 [0.7167078  0.2832922 ]
 [0.2853491  0.7146509 ]
 [0.7003754  0.29962462]
 [0.69512534 0.30487463]
 [0.28008515 0.71991485]
 [0.19387217 0.80612785]
 [0.74010575 0.25989428]
 [0.87828785 0.12171219]
 [0.31688657 0.6831134 ]
 [0.7439268  0.25607324]
 [0.40280345 0.5971966 ]
 [0.26839605 0.7316039 ]
 [0.28366113 0.71633893]
 [0.50729775 0.49270225]
 [0.7168253  0.28317466]
 [0.3140533  0.68594676]
 [0.18021567 0.81978434]
 [0.28495115 0.7150489 ]
 [0.7123239  0.28767607]
 [0.26451755 0.7354825 ]
 [0.71476823 0.28523174]
 [0.7158847  0.2841153 ]
 [0.7147809  0.28521907]
 [0.7199443  0.28005573]
 [0.72512805 0.27487198]
 [0.71963453 0.2803654 ]
 [0.7161525  0.28384748]
 [0.48659515 0.51340485]
 [0.71491134 0.28508866]
 [0.5364148  0.46358514]
 [0.29755804 0.70244193]
 [0.279462   0.720538  ]
 [0.7260097  0.27399027]
 [0.7177153  0.2822847 ]
 [0.71994954 0.28005043]
 [0.73621875 0.2637813 ]
 [0.28467846 0.7153215 ]
 [0.70372903 0.29627097]
 [0.30582532 0.69417477]
 [0.71481156 0.2851885 ]
 [0.28594604 0.714054  ]
 [0.7213407  0.27865934]
 [0.2852846  0.7147154 ]
 [0.7150639  0.28493604]
 [0.7148834  0.28511664]
 [0.7277969  0.27220315]
 [0.7511584  0.24884163]
 [0.29001206 0.709988  ]
 [0.28043127 0.71956867]
 [0.503523   0.49647698]
 [0.7241146  0.27588537]
 [0.2800711  0.7199289 ]
 [0.24904117 0.7509588 ]
 [0.7558934  0.24410656]
 [0.37494868 0.6250513 ]
 [0.2715316  0.7284684 ]
 [0.2804893  0.7195107 ]
 [0.7280585  0.27194145]
 [0.7067244  0.29327562]
 [0.28520897 0.7147911 ]
 [0.71598315 0.28401688]
 [0.80039936 0.19960064]
 [0.8512789  0.14872102]
 [0.5447869  0.45521325]
 [0.2851905  0.71480954]
 [0.2852031  0.71479696]
 [0.634732   0.36526796]
 [0.8426629  0.15733714]
 [0.28948164 0.7105183 ]
 [0.28000554 0.7199945 ]
 [0.3531711  0.6468289 ]
 [0.29616725 0.70383275]
 [0.7167299  0.28327012]
 [0.28198054 0.7180195 ]
 [0.28251207 0.7174879 ]
 [0.71478176 0.28521824]
 [0.72085136 0.27914864]
 [0.90082806 0.09917191]
 [0.28000513 0.7199949 ]
 [0.7930807  0.20691936]
 [0.7078587  0.29214135]
 [0.6664425  0.33355752]
 [0.13145535 0.8685447 ]
 [0.84758836 0.15241167]
 [0.18750383 0.8124962 ]
 [0.28499633 0.7150037 ]
 [0.24471505 0.7552849 ]
 [0.72032326 0.27967674]
 [0.285517   0.714483  ]
 [0.5678496  0.43215048]
 [0.2800854  0.71991456]
 [0.72001326 0.2799867 ]
 [0.71478117 0.28521886]
 [0.2911814  0.7088187 ]
 [0.2611089  0.73889107]
 [0.27457905 0.725421  ]
 [0.28521773 0.71478224]
 [0.427246   0.5727539 ]
 [0.2853701  0.7146299 ]
 [0.2800426  0.7199574 ]
 [0.35296667 0.6470333 ]
 [0.12399124 0.87600875]
 [0.5820176  0.41798243]
 [0.269678   0.73032194]
 [0.7152931  0.2847069 ]
 [0.3309173  0.66908276]
 [0.7066694  0.29333058]
 [0.7097055  0.29029456]
 [0.65094787 0.34905213]
 [0.17649408 0.8235059 ]
 [0.4261173  0.57388276]
 [0.28748    0.71251994]
 [0.71993357 0.2800664 ]
 [0.7092835  0.2907165 ]
 [0.82414967 0.17585036]
 [0.8535279  0.14647211]
 [0.7199577  0.28004232]
 [0.28521597 0.714784  ]
 [0.3382799  0.66172004]
 [0.2779583  0.72204167]
 [0.7007538  0.2992462 ]
 [0.28017724 0.7198227 ]
 [0.2687873  0.7312127 ]
 [0.71918774 0.28081226]
 [0.7199863  0.2800137 ]
 [0.71980774 0.2801923 ]
 [0.27033418 0.7296659 ]
 [0.7205271  0.2794729 ]
 [0.70919126 0.2908087 ]
 [0.24000885 0.7599911 ]
 [0.73599464 0.2640054 ]
 [0.72876555 0.27123445]
 [0.27520153 0.72479844]
 [0.28497255 0.7150275 ]
 [0.1643613  0.83563876]
 [0.6450298  0.3549702 ]
 [0.2718065  0.72819346]
 [0.7166558  0.28334424]
 [0.70095855 0.29904142]
 [0.73876935 0.2612306 ]
 [0.56358784 0.4364122 ]
 [0.6576348  0.34236515]
 [0.64164555 0.35835442]
 [0.28004557 0.71995443]
 [0.8483716  0.15162838]
 [0.8362417  0.16375826]
 [0.71693045 0.28306952]
 [0.28020012 0.7197999 ]
 [0.22891498 0.771085  ]
 [0.70616066 0.29383934]
 [0.7332998  0.26670024]
 [0.622321   0.37767896]
 [0.2594076  0.7405923 ]
 [0.7499558  0.2500442 ]
 [0.71897274 0.28102723]
 [0.7158533  0.28414673]
 [0.57394534 0.42605475]
 [0.8111822  0.18881778]
 [0.25334442 0.7466556 ]
 [0.28512657 0.71487343]
 [0.7148295  0.28517047]
 [0.7168651  0.28313485]
 [0.28018218 0.7198178 ]
 [0.269017   0.7309829 ]
 [0.31848398 0.68151605]
 [0.3333966  0.6666034 ]
 [0.5362612  0.4637389 ]
 [0.2859398  0.71406025]
 [0.36564976 0.63435024]
 [0.2852839  0.71471614]
 [0.71542794 0.28457204]
 [0.28088975 0.71911025]
 [0.6219386  0.37806138]
 [0.71554244 0.28445756]
 [0.28006697 0.71993303]
 [0.71676075 0.28323925]
 [0.7136833  0.28631672]
 [0.33007824 0.6699218 ]
 [0.1856237  0.8143763 ]
 [0.27562502 0.724375  ]
 [0.7147676  0.28523245]
 [0.7377231  0.26227695]
 [0.27821222 0.72178775]
 [0.27999544 0.7200046 ]
 [0.2905127  0.7094872 ]
 [0.72474694 0.27525306]
 [0.7147524  0.28524762]
 [0.28025013 0.71974987]
 [0.29028362 0.7097164 ]
 [0.28040648 0.7195935 ]
 [0.5350955  0.4649045 ]
 [0.2852214  0.7147786 ]
 [0.17779526 0.8222047 ]
 [0.4209288  0.5790712 ]
 [0.7253492  0.27465087]
 [0.28491688 0.7150831 ]
 [0.28523046 0.71476954]
 [0.27910492 0.7208951 ]
 [0.84587157 0.15412842]
 [0.31120694 0.6887931 ]
 [0.7046446  0.29535544]
 [0.72337663 0.2766234 ]
 [0.7205757  0.27942434]
 [0.7199559  0.28004414]
 [0.26889405 0.7311059 ]
 [0.7183346  0.2816654 ]
 [0.7103624  0.28963766]
 [0.7084457  0.29155424]
 [0.28521833 0.71478164]
 [0.29710808 0.7028919 ]
 [0.28519905 0.71480095]
 [0.7206889  0.2793111 ]
 [0.7208401  0.2791599 ]
 [0.28002855 0.7199715 ]
 [0.20353974 0.7964603 ]
 [0.7192254  0.28077456]
 [0.30911654 0.6908835 ]
 [0.7153854  0.28461465]
 [0.7166176  0.28338242]
 [0.26683825 0.73316175]
 [0.7166483  0.28335175]
 [0.2824008  0.7175992 ]
 [0.2851771  0.7148229 ]
 [0.716587   0.28341305]
 [0.69454783 0.30545223]
 [0.71627885 0.28372118]
 [0.28522748 0.7147725 ]
 [0.28485832 0.7151417 ]
 [0.7201799  0.27982008]
 [0.71996725 0.28003275]
 [0.7147885  0.28521156]
 [0.37170637 0.6282936 ]
 [0.26392666 0.7360733 ]
 [0.71652156 0.28347844]
 [0.28097308 0.7190269 ]
 [0.2757818  0.7242182 ]
 [0.7148161  0.28518397]
 [0.27216405 0.727836  ]
 [0.6965231  0.30347687]
 [0.7094764  0.29052356]
 [0.28247705 0.7175229 ]
 [0.23330477 0.7666952 ]
 [0.2924887  0.70751125]
 [0.7215654  0.27843457]
 [0.2798464  0.72015357]
 [0.5698503  0.43014967]
 [0.13355914 0.86644083]
 [0.26858872 0.7314113 ]
 [0.7199753  0.2800247 ]
 [0.277587   0.722413  ]
 [0.72453266 0.27546737]
 [0.7200906  0.27990937]
 [0.6414192  0.3585809 ]
 [0.27962002 0.7203799 ]
 [0.2299589  0.77004117]
 [0.24092288 0.7590771 ]
 [0.7293499  0.27065003]
 [0.7568632  0.24313688]
 [0.7264537  0.27354628]
 [0.72010803 0.279892  ]
 [0.42147166 0.57852834]
 [0.69384366 0.3061563 ]
 [0.8020888  0.19791119]
 [0.24524613 0.7547539 ]
 [0.78897053 0.21102947]
 [0.26986596 0.73013407]
 [0.2723151  0.7276849 ]
 [0.29701334 0.7029866 ]
 [0.7713013  0.22869866]
 [0.459466   0.54053396]
 [0.72817147 0.27182853]
 [0.28100705 0.71899295]
 [0.25453845 0.7454615 ]
 [0.2464225  0.75357753]
 [0.2050805  0.79491955]
 [0.2883844  0.7116155 ]
 [0.72006655 0.27993348]
 [0.28734085 0.7126591 ]
 [0.21460287 0.7853971 ]
 [0.28629306 0.71370703]
 [0.73498946 0.2650105 ]
 [0.43132004 0.5686799 ]
 [0.43486652 0.5651335 ]
 [0.2657667  0.7342333 ]
 [0.32605842 0.67394155]
 [0.28449157 0.71550846]
 [0.817336   0.18266396]
 [0.28344464 0.7165554 ]
 [0.7145383  0.28546172]
 [0.714897   0.28510305]
 [0.7287187  0.2712813 ]
 [0.27992362 0.7200764 ]
 [0.2641144  0.73588556]
 [0.263825   0.736175  ]
 [0.27240753 0.7275924 ]
 [0.6273553  0.37264472]
 [0.21995182 0.78004813]
 [0.20230687 0.79769313]
 [0.28637686 0.7136231 ]
 [0.703337   0.29666296]
 [0.7199527  0.2800473 ]
 [0.7583104  0.2416896 ]
 [0.7069618  0.2930382 ]
 [0.40023533 0.5997647 ]
 [0.39467067 0.60532933]
 [0.28520775 0.71479225]
 [0.8340389  0.16596109]
 [0.29949567 0.70050436]
 [0.35860986 0.64139014]
 [0.5370472  0.4629528 ]
 [0.3008268  0.6991732 ]
 [0.7004684  0.29953155]
 [0.28766236 0.7123377 ]
 [0.73858947 0.26141056]
 [0.70909435 0.29090565]
 [0.28266478 0.71733516]
 [0.27504805 0.724952  ]
 [0.71094203 0.28905803]
 [0.7081988  0.29180124]
 [0.6110165  0.38898355]
 [0.7042737  0.2957264 ]
 [0.12667146 0.87332857]
 [0.5699919  0.43000808]
 [0.8285784  0.17142163]
 [0.28965598 0.710344  ]
 [0.70040435 0.29959574]
 [0.28895605 0.71104395]
 [0.69709134 0.3029086 ]
 [0.6665721  0.33342788]
 [0.6959015  0.30409855]
 [0.29521325 0.7047868 ]
 [0.41360068 0.58639926]
 [0.21901716 0.78098285]
 [0.17184475 0.8281552 ]
 [0.6988203  0.30117968]
 [0.2946258  0.70537424]
 [0.8433423  0.15665762]
 [0.67842823 0.3215717 ]
 [0.28922096 0.7107791 ]
 [0.2851172  0.71488285]
 [0.29951835 0.70048165]
 [0.68225163 0.31774837]
 [0.6975788  0.30242124]
 [0.21120091 0.7887991 ]
 [0.29948366 0.70051634]
 [0.7009561  0.29904392]
 [0.7061353  0.29386476]
 [0.70069    0.29930997]
 [0.34348676 0.6565133 ]
 [0.7054135  0.2945865 ]
 [0.7512298  0.24877012]
 [0.5772934  0.42270654]
 [0.7431417  0.2568583 ]
 [0.70049995 0.29950005]
 [0.29958484 0.7004152 ]
 [0.7002391  0.29976094]
 [0.26317626 0.7368237 ]
 [0.77844447 0.22155556]
 [0.70058084 0.29941916]
 [0.7054086  0.29459146]
 [0.28233618 0.7176638 ]
 [0.23983884 0.76016116]
 [0.31165773 0.6883422 ]
 [0.70012015 0.29987985]
 [0.2936038  0.7063963 ]
 [0.7005015  0.29949847]
 [0.2946069  0.7053931 ]
 [0.69376916 0.30623093]
 [0.24190697 0.758093  ]
 [0.69166565 0.30833438]
 [0.29457104 0.70542896]
 [0.69571435 0.30428562]
 [0.30502835 0.6949717 ]
 [0.27120817 0.72879183]
 [0.29948878 0.7005112 ]
 [0.2998068  0.70019317]
 [0.5970302  0.40296975]
 [0.70046407 0.29953587]
 [0.30093926 0.69906074]
 [0.34960806 0.65039194]
 [0.70544046 0.2945596 ]
 [0.29230917 0.7076909 ]
 [0.30308345 0.6969165 ]
 [0.29994217 0.7000578 ]
 [0.29314187 0.70685816]
 [0.30673936 0.69326067]
 [0.29531994 0.70468014]
 [0.27431068 0.72568935]
 [0.30043206 0.699568  ]
 [0.69882834 0.30117172]
 [0.82507956 0.17492038]
 [0.69615555 0.3038445 ]
 [0.32453495 0.67546505]
 [0.6580356  0.34196448]
 [0.2499079  0.750092  ]
 [0.2955702  0.7044298 ]
 [0.2943404  0.70565957]
 [0.70043087 0.29956916]
 [0.2946289  0.70537114]
 [0.3022776  0.69772243]
 [0.6985705  0.30142948]
 [0.2943583  0.70564175]
 [0.5596227  0.4403773 ]
 [0.27830762 0.7216924 ]
 [0.2936343  0.7063657 ]
 [0.30729905 0.692701  ]
 [0.3011981  0.6988019 ]
 [0.8702199  0.12978011]
 [0.72791934 0.2720806 ]
 [0.62261856 0.37738147]
 [0.395897   0.60410297]
 [0.31609806 0.68390197]
 [0.36742538 0.6325747 ]
 [0.7077145  0.29228547]
 [0.70133686 0.29866317]
 [0.3551864  0.6448136 ]
 [0.29937744 0.7006225 ]
 [0.61807346 0.3819265 ]
 [0.7001794  0.2998206 ]
 [0.26236418 0.7376358 ]
 [0.5782877  0.42171234]
 [0.7005088  0.2994912 ]
 [0.6973469  0.302653  ]
 [0.70521    0.29479006]
 [0.7124148  0.2875852 ]
 [0.12659012 0.8734099 ]
 [0.2791602  0.7208398 ]
 [0.7067069  0.29329315]
 [0.31618434 0.68381566]
 [0.30714875 0.69285125]
 [0.30635577 0.6936442 ]
 [0.698335   0.30166507]
 [0.30646396 0.6935361 ]
 [0.69146967 0.30853045]
 [0.75397736 0.24602267]
 [0.6741468  0.3258532 ]
 [0.5378606  0.46213943]
 [0.6934528  0.30654722]
 [0.07899054 0.9210095 ]
 [0.30162778 0.6983722 ]
 [0.6935049  0.30649504]
 [0.39361137 0.6063886 ]
 [0.69835454 0.30164552]
 [0.70714754 0.29285243]
 [0.7266564  0.27334368]
 [0.7027457  0.29725426]
 [0.69353646 0.30646354]
 [0.32821345 0.67178655]
 [0.6978519  0.30214804]
 [0.7032545  0.29674545]
 [0.2984479  0.7015521 ]
 [0.7781546  0.22184542]
 [0.6935192  0.30648088]
 [0.68743604 0.312564  ]
 [0.32509565 0.6749044 ]
 [0.6636702  0.33632985]
 [0.5558099  0.44419014]
 [0.6931492  0.3068508 ]
 [0.21920992 0.7807901 ]
 [0.66123146 0.33876854]
 [0.6622705  0.33772957]
 [0.50025547 0.49974453]
 [0.6989053  0.30109474]
 [0.70158756 0.29841244]
 [0.30173647 0.69826347]
 [0.7022626  0.2977374 ]
 [0.3829912  0.6170088 ]
 [0.6938324  0.30616757]
 [0.67677194 0.32322812]
 [0.33828902 0.661711  ]
 [0.30171615 0.69828385]
 [0.6935336  0.3064664 ]
 [0.8224595  0.17754039]
 [0.6508893  0.34911075]
 [0.5620962  0.43790385]
 [0.69883436 0.30116558]
 [0.30342004 0.69657993]
 [0.6982563  0.30174363]
 [0.15681222 0.84318775]
 [0.51842934 0.4815706 ]
 [0.69479525 0.3052048 ]
 [0.3086191  0.6913809 ]
 [0.6984927  0.30150726]
 [0.30627075 0.69372934]
 [0.30166662 0.6983334 ]
 [0.6812367  0.31876335]
 [0.30191657 0.6980834 ]
 [0.23546188 0.76453817]
 [0.18803549 0.8119646 ]
 [0.28002682 0.7199732 ]
 [0.30409926 0.6959008 ]
 [0.33018205 0.669818  ]
 [0.31641546 0.6835845 ]
 [0.69833344 0.3016665 ]
 [0.8449383  0.15506169]
 [0.3064184  0.6935817 ]
 [0.69821316 0.3017868 ]
 [0.301784   0.69821596]
 [0.7110825  0.28891742]
 [0.6982834  0.3017167 ]
 [0.69489455 0.30510545]
 [0.8803057  0.11969429]
 [0.2981031  0.70189685]
 [0.51551956 0.4844805 ]
 [0.33661884 0.6633812 ]
 [0.3073658  0.69263417]
 [0.6952358  0.30476424]
 [0.30250242 0.69749755]
 [0.6056709  0.39432913]
 [0.69810843 0.3018916 ]
 [0.30052876 0.6994713 ]
 [0.21728788 0.78271216]
 [0.6983656  0.3016344 ]
 [0.32210186 0.67789817]
 [0.7281984  0.2718016 ]
 [0.30168042 0.6983195 ]
 [0.6936724  0.30632764]
 [0.6982279  0.30177218]
 [0.30164194 0.69835806]
 [0.6890649  0.31093508]
 [0.69848675 0.30151325]
 [0.30650064 0.6934994 ]
 [0.6982891  0.30171087]
 [0.1480272  0.8519728 ]
 [0.69259936 0.3074007 ]
 [0.6983297  0.30167028]
 [0.69833475 0.3016652 ]
 [0.7031636  0.29683632]
 [0.65514094 0.34485903]
 [0.10604058 0.89395946]
 [0.30270934 0.69729066]
 [0.426746   0.573254  ]
 [0.3102992  0.68970084]
 [0.65116847 0.34883153]
 [0.69430184 0.3056982 ]
 [0.2954118  0.70458823]
 [0.6849374  0.31506255]
 [0.3147666  0.6852335 ]
 [0.30168784 0.6983122 ]
 [0.30173782 0.69826216]
 [0.26890218 0.7310979 ]
 [0.6798298  0.3201702 ]
 [0.3003541  0.69964594]
 [0.18907942 0.8109206 ]
 [0.30170414 0.6982958 ]
 [0.5063736  0.4936264 ]
 [0.28812715 0.7118728 ]
 [0.6984039  0.3015961 ]
 [0.31226727 0.68773276]
 [0.69354075 0.3064593 ]
 [0.30329588 0.6967041 ]
 [0.30656707 0.6934329 ]
 [0.5076741  0.49232584]
 [0.83231026 0.16768971]
 [0.3103361  0.6896639 ]
 [0.6939573  0.30604273]
 [0.30391496 0.696085  ]
 [0.76601654 0.23398344]
 [0.4842053  0.51579475]
 [0.41896683 0.58103323]
 [0.7247542  0.27524585]
 [0.7646437  0.23535629]
 [0.692865   0.30713505]
 [0.69683945 0.30316052]
 [0.81937426 0.18062572]
 [0.31791824 0.6820817 ]
 [0.70039684 0.29960316]
 [0.6069922  0.3930078 ]
 [0.6922628  0.30773717]
 [0.74833465 0.25166535]
 [0.30658242 0.6934176 ]
 [0.69312704 0.306873  ]
 [0.693705   0.3062951 ]
 [0.30079213 0.69920784]
 [0.29458648 0.7054136 ]
 [0.6523834  0.34761655]
 [0.6976343  0.3023657 ]
 [0.7005018  0.2994982 ]
 [0.3033608  0.6966392 ]
 [0.68838066 0.31161934]
 [0.481314   0.518686  ]
 [0.26349387 0.7365061 ]
 [0.30851963 0.6914804 ]
 [0.52996945 0.4700305 ]
 [0.7107167  0.28928322]
 [0.29599026 0.7040098 ]
 [0.18126862 0.8187314 ]
 [0.3013979  0.6986021 ]
 [0.4223699  0.5776301 ]
 [0.6960845  0.30391556]
 [0.38320246 0.61679757]
 [0.30299038 0.69700956]
 [0.6978522  0.30214772]
 [0.68016064 0.31983942]
 [0.69943464 0.30056533]
 [0.2964163  0.70358366]
 [0.33521327 0.66478664]
 [0.30635333 0.6936467 ]
 [0.70105785 0.29894218]
 [0.30166674 0.6983333 ]
 [0.30773532 0.6922647 ]
 [0.73063403 0.26936597]
 [0.30209625 0.69790375]
 [0.38734865 0.6126513 ]
 [0.66375726 0.33624274]
 [0.69197625 0.30802372]
 [0.29517347 0.70482653]
 [0.6397509  0.36024913]
 [0.3006622  0.6993378 ]
 [0.6998917  0.30010825]
 [0.30503225 0.6949678 ]
 [0.8130983  0.18690173]
 [0.23473862 0.7652614 ]
 [0.3016804  0.6983196 ]
 [0.70115453 0.29884544]
 [0.7119031  0.28809685]
 [0.70028603 0.29971397]
 [0.32832676 0.6716733 ]
 [0.6989621  0.30103785]
 [0.69078827 0.3092117 ]
 [0.5975858  0.40241417]
 [0.28181446 0.7181856 ]
 [0.7281952  0.27180484]
 [0.3064494  0.6935506 ]
 [0.47951195 0.520488  ]
 [0.6993447  0.3006553 ]
 [0.487987   0.512013  ]
 [0.301134   0.698866  ]
 [0.54168737 0.45831263]
 [0.69830155 0.30169845]
 [0.287963   0.71203697]
 [0.6328553  0.3671447 ]
 [0.27449134 0.72550863]
 [0.30676496 0.6932351 ]
 [0.6932483  0.3067518 ]
 [0.69154155 0.30845845]
 [0.77671075 0.22328927]
 [0.30646142 0.6935386 ]
 [0.2962689  0.7037311 ]
 [0.5605042  0.43949577]
 [0.30147317 0.69852674]
 [0.33958018 0.6604199 ]
 [0.3057955  0.69420457]
 [0.2643537  0.7356463 ]
 [0.27924368 0.72075635]
 [0.36871412 0.63128585]
 [0.83166623 0.16833374]
 [0.6960954  0.30390456]
 [0.3082497  0.6917503 ]
 [0.2636667  0.7363333 ]
 [0.561442   0.43855807]
 [0.69628763 0.30371237]
 [0.83283275 0.16716725]
 [0.6935316  0.30646846]
 [0.6935249  0.30647513]
 [0.85350925 0.14649077]
 [0.3018383  0.69816166]
 [0.30144918 0.6985508 ]
 [0.69887275 0.30112723]
 [0.5255233  0.4744767 ]
 [0.30167308 0.6983268 ]
 [0.5944121  0.40558794]
 [0.6955132  0.30448684]
 [0.5402865  0.45971343]
 [0.69862074 0.3013793 ]
 [0.30668187 0.69331807]
 [0.29370576 0.7062942 ]
 [0.25244945 0.7475505 ]
 [0.7236569  0.27634302]
 [0.4495049  0.5504951 ]
 [0.69809186 0.30190808]
 [0.15268037 0.8473196 ]
 [0.3097242  0.6902758 ]
 [0.6748004  0.32519954]
 [0.7702973  0.22970276]
 [0.30569187 0.69430816]
 [0.6981839  0.30181605]
 [0.504509   0.49549097]
 [0.29269516 0.7073048 ]
 [0.17788328 0.82211673]
 [0.30187663 0.6981234 ]
 [0.31101397 0.688986  ]
 [0.31610277 0.6838972 ]
 [0.23032609 0.7696739 ]
 [0.31679365 0.6832063 ]
 [0.6872009  0.31279904]
 [0.22562815 0.7743719 ]
 [0.6877636  0.3122365 ]
 [0.38631618 0.6136839 ]
 [0.59698033 0.4030197 ]
 [0.30817616 0.6918239 ]
 [0.51651543 0.48348463]
 [0.6876527  0.31234732]
 [0.6921036  0.30789638]
 [0.3095258  0.69047415]
 [0.2630138  0.73698616]
 [0.31455833 0.6854417 ]
 [0.694483   0.30551708]
 [0.5555291  0.44447088]
 [0.6535442  0.34645587]
 [0.340061   0.65993893]
 [0.69203895 0.30796108]
 [0.306253   0.693747  ]
 [0.41244698 0.5875531 ]
 [0.4431615  0.5568386 ]
 [0.31483102 0.685169  ]
 [0.5720496  0.42795032]
 [0.29327187 0.70672816]
 [0.6634622  0.33653778]
 [0.7397332  0.2602668 ]
 [0.2994072  0.7005928 ]
 [0.31007925 0.6899208 ]
 [0.3121113  0.6878887 ]
 [0.2192985  0.7807015 ]
 [0.31017962 0.68982035]
 [0.51003474 0.48996526]
 [0.27053785 0.7294622 ]
 [0.61143064 0.38856944]
 [0.6936224  0.30637765]
 [0.3155787  0.68442124]
 [0.6889232  0.3110768 ]
 [0.3122889  0.68771106]
 [0.13665846 0.8633415 ]
 [0.49374816 0.5062519 ]
 [0.30832618 0.6916738 ]
 [0.30812114 0.6918789 ]
 [0.31308267 0.6869173 ]
 [0.31878397 0.6812161 ]
 [0.301056   0.698944  ]
 [0.28494477 0.7150552 ]
 [0.31277347 0.68722653]
 [0.30241656 0.69758344]
 [0.6903677  0.3096323 ]
 [0.68835175 0.31164825]
 [0.6874297  0.31257024]
 [0.31239438 0.6876057 ]
 [0.38379458 0.61620545]
 [0.58619    0.41381007]
 [0.30860597 0.6913941 ]
 [0.69188863 0.3081114 ]
 [0.23956317 0.76043683]
 [0.3120465  0.68795353]
 [0.26664135 0.7333587 ]
 [0.7506545  0.24934544]
 [0.745828   0.25417197]
 [0.48538983 0.5146102 ]
 [0.74142796 0.25857198]
 [0.55344963 0.44655046]
 [0.39234364 0.60765636]
 [0.3081275  0.69187254]
 [0.30537695 0.6946231 ]
 [0.72425    0.27574995]
 [0.30812967 0.69187033]
 [0.69169724 0.3083028 ]
 [0.30521163 0.6947884 ]
 [0.29278964 0.70721036]
 [0.29808667 0.7019133 ]
 [0.3133028  0.68669724]
 [0.6904654  0.30953464]
 [0.35454884 0.6454511 ]
 [0.54869586 0.45130414]
 [0.7129036  0.28709638]
 [0.6872943  0.31270576]
 [0.68991417 0.31008577]
 [0.6919109  0.3080891 ]
 [0.36299786 0.6370021 ]
 [0.31179106 0.68820894]
 [0.3117037  0.68829626]
 [0.31140438 0.6885956 ]
 [0.6915347  0.30846536]
 [0.52375257 0.47624746]
 [0.7011859  0.29881406]
 [0.5762086  0.42379144]
 [0.30873975 0.6912603 ]
 [0.4974061  0.502594  ]
 [0.6610165  0.33898348]
 [0.36499256 0.63500744]
 [0.72680825 0.27319172]
 [0.80413264 0.19586736]]
/home/gb21553/miniconda3/envs/jax/lib/python3.12/multiprocessing/popen_fork.py:66: RuntimeWarning: os.fork() was called. os.fork() is incompatible with multithreaded code, and JAX is multithreaded, so this will likely lead to a deadlock.
  self.pid = os.fork()
        Validation Criterion: 4504.68261719
        Saving best model so far ...
✔️ Gating k-means converged after 1 iterations
✔️ Gating k-means converged after 1 iterations
✔️ Gating k-means converged after 1 iterations
✔️ Gating k-means converged after 1 iterations
✔️ Gating k-means converged after 1 iterations
07:02:41      Epoch:   0      Batch:   0      OuterStep:  11      LossModel: 6792.91259766     LossTerm2: 0.00000000     LossGates: 0.00000000      Time/Step(s): 1807.4390Contributing envs to the losses:  [181 385   6 316 192 400 423 169 481 143  28 612 200 134 291 864 100 304 382 369  11 290 258 115 144  63  50 201  40 279 467  78  76 283 370 415 396  59 152 190 426 117  33 395 254 111 379 243 418   7 129 410 108 149 292 208  13  25 212 417 368 425 727 938 496  71 373 294 298 437 317  60 348 469 116 885 580 161 457 269  80 686 611 428 594 513 590 789 547 516 526 635 202 204 665 610 928 581 534 825  38 744 176 649 644 642 391 687 796 679 609 660 693 598 689 676 666  73 663 781 837  66 714 692 684 831 761 538 776 759 632 843 911 287 814  89 756 600  99 703 860 509 920 835 275 735 629 868 931 906 501 306 624 925 742 913 626 504 112 736 248 576 517 468 309 462 899 930 435 875 841 708 866 675 743 519 840 695 424 486  79 939 246 829 518 431 910 601 904 765 945 307  85  72 623 639 153 942 196 133 720 191 785 256 557 813 876 584 873 771 661 508 165 937 447 890 817 865 884 323 591 318  83 295 844 774 793 587 575 436  90 119 731  53 357 490 694 136 282 312 302 230 569 274 668 882 484 750 806 914 471  61 194 627 324 237 352 719 871 429 142 333 114 546 339 608 855 174 344 618 524 272 579 443  48 941 180 234 926 277 894 808 603 221 927  68 182 681 795  12 285 671 643 560  92 728 680 205 798 103 751 721 559 107 621 122 355 409 658 101 563 704 845 628 102 943 199 640 241 595 778 193 652 858 376 244 734  91 783 539 715 616  17 782 698 278 630  49 485 888 487 792 647 915 405 887 343  62 900 851 150 737 514 566 729 718 138  26 336 549 788 667 255  57 597 512 901 722 936 683 596 854 859 893 446 105 701 130 634 572 745 863 252 113 832 555 924 265 226 377 209 232 897 507 168 716 363 638 393 588 358 688  81  82 263 820  24 375  16 532  97 472 478 852 520 821 284 474 804 599 231 541 607 544 662 585 389 564  39 140 492 929 650 511 583   0 619   5 604 613 184 322 790 738 809 764 525 394 842 530 801 879 934 556 162 902 545 615   2 772 104 542 908 933 691 522 800 673 157 476 179 125 697]
Gate kernel values: 
 [[-77.23721    76.3292   ]
 [  1.0011292   1.9341469]]
The factor: how much of the new gate kernel do I used ? [0.001]
Gate values for each environment (all envs): 
 [[0.71393025 0.28606978]
 [0.73348    0.26652008]
 [0.71377987 0.28622016]
 [0.71613353 0.28386644]
 [0.38840464 0.6115954 ]
 [0.71412814 0.28587192]
 [0.28364772 0.7163523 ]
 [0.28979105 0.71020895]
 [0.72910106 0.2708989 ]
 [0.7080744  0.29192567]
 [0.23592235 0.7640776 ]
 [0.29079723 0.70920277]
 [0.68104    0.31896004]
 [0.28293172 0.71706825]
 [0.7040809  0.29591915]
 [0.59794915 0.40205082]
 [0.71388006 0.28611997]
 [0.61410385 0.3858962 ]
 [0.30619624 0.6938038 ]
 [0.71629685 0.28370318]
 [0.28608927 0.71391076]
 [0.27896813 0.72103184]
 [0.2875312  0.71246874]
 [0.29180267 0.70819736]
 [0.71387976 0.28612024]
 [0.28052875 0.7194712 ]
 [0.7138311  0.28616887]
 [0.7166654  0.28333458]
 [0.28599697 0.7140031 ]
 [0.28610703 0.713893  ]
 [0.61475515 0.38524485]
 [0.13808061 0.8619194 ]
 [0.71191764 0.28808242]
 [0.2838227  0.71617734]
 [0.477168   0.52283204]
 [0.68993205 0.31006792]
 [0.30920327 0.69079673]
 [0.30304697 0.696953  ]
 [0.2695218  0.73047817]
 [0.713885   0.286115  ]
 [0.28387356 0.7161264 ]
 [0.28612033 0.7138797 ]
 [0.579434   0.42056608]
 [0.8018821  0.19811788]
 [0.22940618 0.7705938 ]
 [0.7320085  0.26799148]
 [0.32496312 0.6750369 ]
 [0.28611594 0.71388406]
 [0.65618753 0.3438125 ]
 [0.33371395 0.66628605]
 [0.28371975 0.71628034]
 [0.28614786 0.71385217]
 [0.28611997 0.7138801 ]
 [0.24796267 0.75203735]
 [0.71650565 0.28349435]
 [0.8315396  0.16846038]
 [0.73045766 0.26954237]
 [0.7184528  0.2815471 ]
 [0.28628364 0.7137164 ]
 [0.283802   0.716198  ]
 [0.27315378 0.7268463 ]
 [0.57213616 0.4278638 ]
 [0.71506417 0.2849358 ]
 [0.28364167 0.7163583 ]
 [0.52520204 0.4747979 ]
 [0.7160086  0.28399137]
 [0.31888866 0.68111134]
 [0.47320762 0.52679235]
 [0.38863173 0.61136824]
 [0.63676035 0.36323962]
 [0.8505192  0.14948082]
 [0.2747995  0.7252005 ]
 [0.16986574 0.8301343 ]
 [0.2626379  0.7373621 ]
 [0.7161441  0.28385594]
 [0.20257984 0.79742014]
 [0.28384247 0.7161575 ]
 [0.35693952 0.64306045]
 [0.28384516 0.7161548 ]
 [0.21265867 0.78734136]
 [0.29341307 0.70658696]
 [0.713868   0.286132  ]
 [0.7138827  0.28611732]
 [0.26717532 0.73282474]
 [0.7697513  0.23024875]
 [0.40510547 0.5948945 ]
 [0.73566663 0.2643334 ]
 [0.7161667  0.28383335]
 [0.7161001  0.2838999 ]
 [0.26861376 0.73138624]
 [0.20181842 0.79818165]
 [0.6982663  0.30173364]
 [0.28647894 0.71352106]
 [0.73396623 0.26603374]
 [0.09466381 0.9053362 ]
 [0.72922707 0.27077293]
 [0.2858053  0.7141947 ]
 [0.71387494 0.28612503]
 [0.71658015 0.2834199 ]
 [0.32596853 0.6740314 ]
 [0.28508976 0.71491027]
 [0.3950594  0.60494065]
 [0.7102662  0.2897338 ]
 [0.23884585 0.7611541 ]
 [0.7148887  0.2851113 ]
 [0.71258515 0.28741488]
 [0.2856487  0.7143513 ]
 [0.31189382 0.6881062 ]
 [0.28280476 0.7171952 ]
 [0.70978117 0.2902188 ]
 [0.7066514  0.29334864]
 [0.28329942 0.7167006 ]
 [0.3361119  0.66388804]
 [0.70308906 0.296911  ]
 [0.6487616  0.35123837]
 [0.2841551  0.7158449 ]
 [0.29671353 0.7032864 ]
 [0.28369874 0.71630126]
 [0.6626564  0.33734357]
 [0.14995216 0.8500478 ]
 [0.28538138 0.7146186 ]
 [0.7146133  0.2853867 ]
 [0.4357321  0.5642679 ]
 [0.7161315  0.28386852]
 [0.71644354 0.28355646]
 [0.71556824 0.2844317 ]
 [0.93799317 0.06200688]
 [0.7018841  0.29811588]
 [0.55047476 0.44952524]
 [0.28376868 0.71623135]
 [0.71296406 0.287036  ]
 [0.6178879  0.38211212]
 [0.47028938 0.52971065]
 [0.1664107  0.8335894 ]
 [0.288237   0.71176296]
 [0.71614623 0.28385377]
 [0.5292962  0.47070375]
 [0.71614593 0.2838541 ]
 [0.7140322  0.28596786]
 [0.7419216  0.2580784 ]
 [0.71409816 0.2859018 ]
 [0.2720498  0.72795016]
 [0.46179453 0.5382055 ]
 [0.2889859  0.7110141 ]
 [0.28414935 0.7158506 ]
 [0.7247512  0.2752488 ]
 [0.7166575  0.28334248]
 [0.7020852  0.29791483]
 [0.28605095 0.7139491 ]
 [0.2831521  0.71684784]
 [0.7085183  0.29148173]
 [0.7598751  0.24012482]
 [0.28384522 0.7161548 ]
 [0.18068807 0.819312  ]
 [0.2861264  0.7138736 ]
 [0.28583345 0.7141665 ]
 [0.26008394 0.739916  ]
 [0.71408486 0.28591517]
 [0.81658643 0.18341354]
 [0.60744    0.39256003]
 [0.65059066 0.34940934]
 [0.28009087 0.71990913]
 [0.2976961  0.70230395]
 [0.28624645 0.7137536 ]
 [0.12918217 0.8708178 ]
 [0.46191257 0.53808737]
 [0.6236778  0.37632218]
 [0.28424618 0.7157538 ]
 [0.7137576  0.28624243]
 [0.30354646 0.69645345]
 [0.31574404 0.6842559 ]
 [0.716114   0.28388602]
 [0.8556252  0.1443748 ]
 [0.26445743 0.73554254]
 [0.1179411  0.8820589 ]
 [0.67403823 0.32596174]
 [0.25984785 0.7401521 ]
 [0.58892375 0.41107628]
 [0.7280164  0.27198365]
 [0.7152684  0.28473163]
 [0.48876268 0.5112374 ]
 [0.28783923 0.7121607 ]
 [0.68543595 0.31456405]
 [0.8203676  0.17963241]
 [0.7141933  0.2858067 ]
 [0.28803203 0.711968  ]
 [0.7316991  0.26830083]
 [0.28613266 0.71386737]
 [0.28503636 0.7149636 ]
 [0.28612164 0.7138784 ]
 [0.28385502 0.716145  ]
 [0.28076428 0.7192357 ]
 [0.2853016  0.7146985 ]
 [0.28467602 0.715324  ]
 [0.5444637  0.4555363 ]
 [0.28594872 0.7140513 ]
 [0.46617016 0.53382987]
 [0.6990868  0.30091318]
 [0.71662945 0.2833705 ]
 [0.27236587 0.7276341 ]
 [0.2860897  0.7139103 ]
 [0.28385374 0.7161463 ]
 [0.2674747  0.7325252 ]
 [0.71174634 0.2882537 ]
 [0.30408445 0.6959156 ]
 [0.69300056 0.30699944]
 [0.28613922 0.7138608 ]
 [0.71034217 0.28965783]
 [0.28100926 0.71899074]
 [0.71381074 0.2861893 ]
 [0.2856696  0.71433043]
 [0.28599453 0.7140055 ]
 [0.27374044 0.72625965]
 [0.23636967 0.76363033]
 [0.70806587 0.29193413]
 [0.715754   0.28424603]
 [0.50519013 0.49480993]
 [0.27715153 0.7228485 ]
 [0.7161369  0.28386313]
 [0.750495   0.24950495]
 [0.23701742 0.76298255]
 [0.5977776  0.4022224 ]
 [0.7335489  0.26645112]
 [0.7185348  0.28146517]
 [0.27264056 0.7273595 ]
 [0.29252836 0.7074717 ]
 [0.713885   0.286115  ]
 [0.2845094  0.71549064]
 [0.20237048 0.7976295 ]
 [0.14107253 0.8589275 ]
 [0.45292225 0.5470778 ]
 [0.7139067  0.28609324]
 [0.7139001  0.28609988]
 [0.3288617  0.6711383 ]
 [0.16681874 0.83318126]
 [0.7059989  0.29400116]
 [0.71619433 0.28380564]
 [0.64269936 0.3573007 ]
 [0.6952525  0.30474758]
 [0.28424793 0.71575207]
 [0.71412784 0.28587225]
 [0.7167274  0.28327262]
 [0.28612033 0.71387976]
 [0.2829777  0.71702236]
 [0.10119831 0.89880174]
 [0.716206   0.28379402]
 [0.21042857 0.7895714 ]
 [0.29303712 0.7069629 ]
 [0.33745673 0.66254336]
 [0.8680433  0.13195674]
 [0.15324636 0.84675366]
 [0.80835396 0.19164611]
 [0.7141214  0.28587863]
 [0.75289166 0.24710837]
 [0.28345543 0.7165446 ]
 [0.71306247 0.2869375 ]
 [0.43148172 0.5685183 ]
 [0.71611494 0.2838851 ]
 [0.2837797  0.71622026]
 [0.28612092 0.7138791 ]
 [0.68885803 0.31114197]
 [0.7350961  0.26490384]
 [0.72258115 0.27741888]
 [0.7138801  0.2861199 ]
 [0.61915326 0.3808467 ]
 [0.713728   0.28627202]
 [0.7161567  0.28384325]
 [0.6815573  0.3184427 ]
 [0.8773005  0.12269948]
 [0.31024748 0.6897526 ]
 [0.72771275 0.27228725]
 [0.2818907  0.7181093 ]
 [0.66903514 0.3309649 ]
 [0.29379734 0.7062027 ]
 [0.29182616 0.7081738 ]
 [0.34917796 0.65082204]
 [0.8241989  0.17580113]
 [0.5337938  0.46620616]
 [0.7118659  0.2881341 ]
 [0.28388026 0.71611977]
 [0.28967875 0.71032125]
 [0.17645675 0.8235432 ]
 [0.14996064 0.8500393 ]
 [0.28384268 0.7161573 ]
 [0.71388173 0.28611827]
 [0.65934485 0.3406552 ]
 [0.7202786  0.27972138]
 [0.29981416 0.70018584]
 [0.71601546 0.28398454]
 [0.7312991  0.2687008 ]
 [0.28457317 0.71542686]
 [0.2838293  0.7161707 ]
 [0.28401825 0.7159817 ]
 [0.72493905 0.27506098]
 [0.28105992 0.7189401 ]
 [0.3034838  0.6965162 ]
 [0.76029193 0.23970805]
 [0.2646404  0.7353596 ]
 [0.2750476  0.72495246]
 [0.7210954  0.27890465]
 [0.7157983  0.2842017 ]
 [0.83174074 0.16825919]
 [0.35632217 0.6436778 ]
 [0.7246845  0.27531555]
 [0.28448805 0.715512  ]
 [0.29948282 0.7005172 ]
 [0.26122782 0.7387722 ]
 [0.4389348  0.5610652 ]
 [0.34318274 0.65681726]
 [0.35991254 0.6400874 ]
 [0.7161537  0.28384632]
 [0.14155293 0.8584471 ]
 [0.14654537 0.85345465]
 [0.2833039  0.7166961 ]
 [0.71599984 0.28400022]
 [0.76979554 0.23020445]
 [0.2984269  0.70157313]
 [0.27023265 0.7297673 ]
 [0.3663787  0.63362134]
 [0.7381174  0.2618827 ]
 [0.25020593 0.7497941 ]
 [0.28226435 0.71773565]
 [0.28507316 0.7149269 ]
 [0.42494708 0.575053  ]
 [0.1964092  0.80359083]
 [0.73705065 0.2629493 ]
 [0.713845   0.28615502]
 [0.28607398 0.713926  ]
 [0.28432345 0.71567655]
 [0.7160175  0.28398252]
 [0.7276647  0.2723353 ]
 [0.67942095 0.32057908]
 [0.6589709  0.3410292 ]
 [0.4659181  0.5340819 ]
 [0.7136229  0.28637707]
 [0.6358805  0.36411944]
 [0.71383494 0.28616506]
 [0.28547448 0.7145255 ]
 [0.7152858  0.28471428]
 [0.4591859  0.5408141 ]
 [0.285359   0.71464103]
 [0.716144   0.283856  ]
 [0.28427854 0.7157214 ]
 [0.28782183 0.7121782 ]
 [0.6698484  0.33015162]
 [0.8149104  0.18508963]
 [0.7251883  0.27481169]
 [0.2860891  0.71391094]
 [0.25934324 0.74065673]
 [0.7180886  0.28191137]
 [0.716219   0.283781  ]
 [0.70439696 0.29560298]
 [0.26959348 0.7304065 ]
 [0.28617397 0.71382606]
 [0.7159454  0.28405452]
 [0.7071469  0.29285303]
 [0.7157899  0.2842101 ]
 [0.44538692 0.5546131 ]
 [0.71387637 0.2861237 ]
 [0.81919676 0.18080331]
 [0.56597894 0.43402112]
 [0.2716574  0.72834253]
 [0.71390074 0.28609926]
 [0.7138693  0.28613073]
 [0.71710587 0.28289416]
 [0.15427531 0.8457247 ]
 [0.69043386 0.30956608]
 [0.29615062 0.7038493 ]
 [0.27952808 0.7204719 ]
 [0.28323483 0.71676517]
 [0.28384423 0.7161558 ]
 [0.72731245 0.27268752]
 [0.28369734 0.7163027 ]
 [0.2671199  0.73288006]
 [0.2920956  0.7079044 ]
 [0.71387964 0.28612038]
 [0.70159584 0.29840422]
 [0.71389997 0.28610006]
 [0.2802736  0.7197264 ]
 [0.28299296 0.71700704]
 [0.71617764 0.2838224 ]
 [0.79429895 0.20570105]
 [0.28463098 0.7153691 ]
 [0.7183077  0.2816924 ]
 [0.2854635  0.7145365 ]
 [0.28712052 0.71287954]
 [0.72968936 0.27031064]
 [0.2842582  0.7157418 ]
 [0.71380407 0.28619593]
 [0.71394944 0.28605056]
 [0.2844204  0.7155796 ]
 [0.30933544 0.6906646 ]
 [0.284157   0.715843  ]
 [0.7138704  0.28612962]
 [0.7139487  0.28605133]
 [0.28362322 0.7163768 ]
 [0.28383285 0.7161672 ]
 [0.2861138  0.71388626]
 [0.61987424 0.38012576]
 [0.733559   0.266441  ]
 [0.2873337  0.7126663 ]
 [0.7151814  0.2848186 ]
 [0.72563744 0.27436256]
 [0.28633642 0.7136635 ]
 [0.7286937  0.27130637]
 [0.30441707 0.695583  ]
 [0.2906305  0.7093695 ]
 [0.71323645 0.28676352]
 [0.7623278  0.2376722 ]
 [0.7077951  0.29220492]
 [0.28215548 0.71784455]
 [0.7163406  0.28365934]
 [0.43136227 0.56863767]
 [0.86274564 0.13725433]
 [0.72555804 0.27444196]
 [0.28382394 0.71617603]
 [0.7187028  0.28129718]
 [0.27924794 0.7207521 ]
 [0.28368077 0.7163192 ]
 [0.35539505 0.644605  ]
 [0.715449   0.28455096]
 [0.769635   0.23036505]
 [0.75283426 0.24716568]
 [0.27484998 0.72515005]
 [0.23485506 0.765145  ]
 [0.2770378  0.72296214]
 [0.28375277 0.71624714]
 [0.5724732  0.4275268 ]
 [0.30363926 0.69636077]
 [0.19318303 0.80681694]
 [0.7516132  0.24838684]
 [0.2135372  0.7864628 ]
 [0.72676337 0.27323663]
 [0.73058426 0.26941568]
 [0.7052428  0.29475722]
 [0.23104891 0.7689512 ]
 [0.54221344 0.45778656]
 [0.27052626 0.72947377]
 [0.7151479  0.28485203]
 [0.7434157  0.25658423]
 [0.75251985 0.24748012]
 [0.7926473  0.2073527 ]
 [0.71169347 0.28830653]
 [0.2807335  0.7192665 ]
 [0.71003765 0.28996232]
 [0.78116494 0.218835  ]
 [0.7123665  0.2876335 ]
 [0.25071964 0.74928033]
 [0.5804667  0.4195333 ]
 [0.5554288  0.4445712 ]
 [0.7469909  0.25300902]
 [0.67231935 0.32768062]
 [0.71456677 0.28543326]
 [0.16867562 0.83132434]
 [0.7155172  0.2844828 ]
 [0.2864221  0.7135779 ]
 [0.28602043 0.71397966]
 [0.2675876  0.7324124 ]
 [0.71627605 0.283724  ]
 [0.73315525 0.26684484]
 [0.7338325  0.26616746]
 [0.7225354  0.2774646 ]
 [0.3603792  0.63962084]
 [0.7788099  0.2211901 ]
 [0.80377805 0.19622196]
 [0.71278644 0.28721362]
 [0.30493546 0.6950646 ]
 [0.28384793 0.7161521 ]
 [0.24412261 0.75587744]
 [0.30356774 0.69643223]
 [0.6022357  0.3977643 ]
 [0.59762955 0.40237045]
 [0.7138912  0.28610876]
 [0.16341886 0.8365811 ]
 [0.69970393 0.30029613]
 [0.6382569  0.36174306]
 [0.4400326  0.55996746]
 [0.6956309  0.3043691 ]
 [0.30033413 0.6996659 ]
 [0.710166   0.28983402]
 [0.24903108 0.75096893]
 [0.29487282 0.70512724]
 [0.71576184 0.28423813]
 [0.7239779  0.27602202]
 [0.2905886  0.70941144]
 [0.29237482 0.7076252 ]
 [0.39366114 0.60633886]
 [0.29637745 0.7036226 ]
 [0.87471455 0.12528542]
 [0.4349502  0.56504977]
 [0.17409928 0.8259007 ]
 [0.7092706  0.29072937]
 [0.30032292 0.6996771 ]
 [0.7077103  0.2922897 ]
 [0.30383953 0.6961605 ]
 [0.3307488  0.6692512 ]
 [0.30806738 0.69193256]
 [0.7014958  0.29850414]
 [0.5985701  0.40142986]
 [0.7771226  0.22287744]
 [0.8279231  0.1720769 ]
 [0.30518052 0.6948195 ]
 [0.7018123  0.29818773]
 [0.15873982 0.8412602 ]
 [0.31923074 0.6807692 ]
 [0.7101732  0.28982684]
 [0.7163834  0.28361663]
 [0.6996939  0.30030605]
 [0.43199456 0.5680055 ]
 [0.30688    0.69312   ]
 [0.78491956 0.2150804 ]
 [0.6997027  0.30029732]
 [0.29977685 0.7002232 ]
 [0.29755405 0.7024459 ]
 [0.3001827  0.69981724]
 [0.65424514 0.34575483]
 [0.29814947 0.70185053]
 [0.23714593 0.76285404]
 [0.4312261  0.56877387]
 [0.26770782 0.7322922 ]
 [0.30030105 0.6996989 ]
 [0.6967577  0.30324227]
 [0.30079815 0.6992019 ]
 [0.7336546  0.26634544]
 [0.20309229 0.7969077 ]
 [0.300188   0.69981194]
 [0.29814807 0.70185196]
 [0.71373427 0.28626573]
 [0.7544665  0.24553356]
 [0.68869907 0.31130096]
 [0.3006953  0.6993047 ]
 [0.7028802  0.29711983]
 [0.30029982 0.6997002 ]
 [0.7018334  0.29816657]
 [0.31006175 0.68993825]
 [0.76123357 0.23876648]
 [0.30868658 0.69131345]
 [0.70186585 0.29813418]
 [0.3077175  0.6922825 ]
 [0.6941425  0.30585754]
 [0.7327592  0.26724088]
 [0.69971114 0.30028886]
 [0.6996073  0.3003927 ]
 [0.4042033  0.5957967 ]
 [0.30033648 0.6996635 ]
 [0.6983345  0.30166548]
 [0.65021414 0.3497859 ]
 [0.2981222  0.70187783]
 [0.7041534  0.29584655]
 [0.69594973 0.3040503 ]
 [0.6977192  0.30228075]
 [0.7036446  0.29635543]
 [0.69741803 0.30258194]
 [0.7013318  0.29866818]
 [0.7222395  0.27776048]
 [0.6987445  0.30125552]
 [0.30187428 0.6981258 ]
 [0.16218595 0.83781403]
 [0.30682048 0.6931795 ]
 [0.67351484 0.32648525]
 [0.33540687 0.66459316]
 [0.74583584 0.25416422]
 [0.70082057 0.29917943]
 [0.7029905  0.29700956]
 [0.30037242 0.6996276 ]
 [0.7018114  0.2981886 ]
 [0.6970091  0.3029909 ]
 [0.30278715 0.6972129 ]
 [0.70207953 0.29792044]
 [0.5086489  0.49135116]
 [0.7179366  0.28206342]
 [0.70566016 0.2943398 ]
 [0.6915544  0.30844563]
 [0.6952212  0.30477884]
 [0.12289383 0.87710613]
 [0.27080226 0.7291978 ]
 [0.34620437 0.6537956 ]
 [0.64374435 0.35625562]
 [0.68299747 0.31700253]
 [0.6252268  0.3747732 ]
 [0.29579473 0.7042053 ]
 [0.30375865 0.6962413 ]
 [0.6771515  0.32284853]
 [0.69981825 0.30018172]
 [0.39259636 0.60740364]
 [0.300634   0.69936603]
 [0.7325518  0.26744825]
 [0.3522966  0.6477034 ]
 [0.300292   0.699708  ]
 [0.30374908 0.6962509 ]
 [0.29837728 0.7016228 ]
 [0.2933221  0.7066779 ]
 [0.87134236 0.1286577 ]
 [0.71836776 0.2816322 ]
 [0.29684323 0.7031568 ]
 [0.6835494  0.31645057]
 [0.69207805 0.30792198]
 [0.6929323  0.30706772]
 [0.30508336 0.6949166 ]
 [0.6928095  0.3071905 ]
 [0.31225547 0.68774456]
 [0.24513537 0.7548646 ]
 [0.3285311  0.6714689 ]
 [0.51635456 0.4836455 ]
 [0.30728868 0.69271135]
 [0.9247696  0.07523043]
 [0.69494593 0.30505413]
 [0.307224   0.69277596]
 [0.6141339  0.3858661 ]
 [0.30505928 0.69494075]
 [0.2961305  0.70386946]
 [0.2761805  0.72381943]
 [0.30091244 0.6990876 ]
 [0.3069497  0.6930503 ]
 [0.6806547  0.3193453 ]
 [0.30298385 0.6970161 ]
 [0.29734606 0.70265394]
 [0.6981162  0.3018838 ]
 [0.22394446 0.7760555 ]
 [0.3072077  0.69279236]
 [0.31265715 0.6873429 ]
 [0.67595834 0.3240416 ]
 [0.33700818 0.6629918 ]
 [0.45559406 0.54440594]
 [0.3101961  0.68980384]
 [0.7788609  0.22113909]
 [0.34459803 0.655402  ]
 [0.34568554 0.65431446]
 [0.49576795 0.50423205]
 [0.3044371  0.6955629 ]
 [0.2992166  0.70078343]
 [0.6948617  0.30513835]
 [0.3012222  0.6987778 ]
 [0.6133034  0.38669667]
 [0.30688438 0.69311565]
 [0.32845235 0.67154765]
 [0.6593521  0.34064788]
 [0.6948602  0.30513978]
 [0.3071939  0.6928061 ]
 [0.1791664  0.8208337 ]
 [0.4711142  0.5288858 ]
 [0.4316856  0.5683145 ]
 [0.30454594 0.69545406]
 [0.6950208  0.30497926]
 [0.3051954  0.6948046 ]
 [0.84202963 0.1579704 ]
 [0.47905856 0.5209414 ]
 [0.3056559  0.6943441 ]
 [0.6918849  0.3081151 ]
 [0.30493614 0.6950639 ]
 [0.6930246  0.30697545]
 [0.694915   0.30508497]
 [0.31965876 0.6803413 ]
 [0.69453174 0.3054683 ]
 [0.7604855  0.23951453]
 [0.81307495 0.18692501]
 [0.716509   0.283491  ]
 [0.6953056  0.3046944 ]
 [0.6688942  0.3311059 ]
 [0.67521095 0.32478908]
 [0.30508524 0.69491476]
 [0.15805393 0.841946  ]
 [0.6928523  0.30714774]
 [0.3052035  0.6947965 ]
 [0.6980552  0.3019447 ]
 [0.29177457 0.70822537]
 [0.30513123 0.6948688 ]
 [0.3055649  0.6944351 ]
 [0.11850657 0.88149345]
 [0.7043393  0.29566064]
 [0.47498092 0.5250191 ]
 [0.66291934 0.3370807 ]
 [0.68017066 0.31982934]
 [0.3067127  0.6932873 ]
 [0.69410694 0.3058931 ]
 [0.39806932 0.6019307 ]
 [0.30512628 0.69487375]
 [0.6995584  0.30044162]
 [0.78301495 0.21698503]
 [0.305057   0.6949431 ]
 [0.67700523 0.3229948 ]
 [0.27698064 0.72301936]
 [0.6948988  0.30510122]
 [0.30703294 0.6929671 ]
 [0.30519995 0.69480014]
 [0.6949437  0.3050563 ]
 [0.31568992 0.68431   ]
 [0.30483958 0.69516045]
 [0.6927929  0.3072071 ]
 [0.30512205 0.6948779 ]
 [0.85085726 0.14914267]
 [0.308132   0.69186807]
 [0.30507457 0.6949255 ]
 [0.30508363 0.69491637]
 [0.31280723 0.68719274]
 [0.35131386 0.6486861 ]
 [0.9014132  0.09858683]
 [0.6965758  0.30342415]
 [0.57307446 0.42692554]
 [0.68444824 0.31555173]
 [0.3457843  0.65421575]
 [0.30643365 0.69356644]
 [0.70127004 0.29873002]
 [0.31593093 0.6840691 ]
 [0.6855492  0.3144508 ]
 [0.69489384 0.30510625]
 [0.70857656 0.29142338]
 [0.72716254 0.2728375 ]
 [0.32310364 0.67689645]
 [0.69618684 0.3038132 ]
 [0.8096156  0.19038436]
 [0.6948736  0.30512643]
 [0.49737465 0.5026254 ]
 [0.7089684  0.2910316 ]
 [0.305005   0.69499505]
 [0.68788606 0.31211397]
 [0.3071871  0.69281286]
 [0.6929742  0.30702576]
 [0.69270986 0.3072902 ]
 [0.52860457 0.47139537]
 [0.16756278 0.8324372 ]
 [0.68869567 0.3113043 ]
 [0.30662423 0.6933758 ]
 [0.69264555 0.30735442]
 [0.23235305 0.76764697]
 [0.50522125 0.49477872]
 [0.54419196 0.455808  ]
 [0.25276515 0.7472349 ]
 [0.2366845  0.76331544]
 [0.30790237 0.6920976 ]
 [0.23794325 0.76205677]
 [0.18620716 0.8137929 ]
 [0.73580086 0.26419914]
 [0.3062477  0.69375235]
 [0.40430924 0.5956908 ]
 [0.31084254 0.6891575 ]
 [0.26053256 0.73946744]
 [0.6936243  0.30637568]
 [0.30770794 0.69229203]
 [0.30689922 0.6931008 ]
 [0.6955119  0.30448818]
 [0.68694353 0.31305647]
 [0.3550816  0.6449184 ]
 [0.30526432 0.69473577]
 [0.30293196 0.6970681 ]
 [0.6959174  0.30408257]
 [0.31288663 0.6871134 ]
 [0.5313638  0.4686362 ]
 [0.7339438  0.2660562 ]
 [0.6876842  0.31231582]
 [0.4739685  0.5260315 ]
 [0.27267855 0.7273215 ]
 [0.7007016  0.29929844]
 [0.82152253 0.17847738]
 [0.69532824 0.30467176]
 [0.58273834 0.41726172]
 [0.30756843 0.6924316 ]
 [0.6468937  0.35310632]
 [0.69390523 0.30609477]
 [0.30556884 0.6944312 ]
 [0.3206758  0.6793242 ]
 [0.3043606  0.69563943]
 [0.70016766 0.2998323 ]
 [0.68926823 0.3107318 ]
 [0.6928661  0.30713394]
 [0.30453622 0.6954638 ]
 [0.6949149  0.30508506]
 [0.6888647  0.3111353 ]
 [0.27007508 0.7299249 ]
 [0.69438714 0.30561292]
 [0.52651817 0.47348186]
 [0.33897695 0.66102314]
 [0.30887705 0.69112295]
 [0.7027486  0.2972514 ]
 [0.36713025 0.6328698 ]
 [0.6959243  0.3040757 ]
 [0.3036069  0.69639313]
 [0.6915115  0.3084885 ]
 [0.1816799  0.81832016]
 [0.7696135  0.23038645]
 [0.69483197 0.3051681 ]
 [0.30187905 0.69812095]
 [0.28772315 0.7122768 ]
 [0.29891273 0.70108736]
 [0.66768354 0.3323164 ]
 [0.30315563 0.6968444 ]
 [0.30993074 0.6900693 ]
 [0.4015427  0.59845734]
 [0.717535   0.28246498]
 [0.29271328 0.7072867 ]
 [0.69293666 0.3070633 ]
 [0.52509433 0.47490567]
 [0.3014315  0.69856846]
 [0.503155   0.49684498]
 [0.6954901  0.30450988]
 [0.40608072 0.5939193 ]
 [0.30511808 0.6948819 ]
 [0.7115014  0.28849858]
 [0.3610742  0.63892585]
 [0.721838   0.27816194]
 [0.692001   0.30799904]
 [0.30744925 0.6925507 ]
 [0.244575   0.75542504]
 [0.27926648 0.7207335 ]
 [0.69281876 0.30718124]
 [0.69982    0.30018   ]
 [0.4407571  0.5592429 ]
 [0.6950866  0.30491343]
 [0.6598224  0.3401776 ]
 [0.6934747  0.30652526]
 [0.7289374  0.27106258]
 [0.7167846  0.2832154 ]
 [0.630083   0.369917  ]
 [0.16824628 0.83175373]
 [0.30746675 0.69253325]
 [0.69105154 0.3089485 ]
 [0.7365299  0.26347008]
 [0.44498292 0.5550171 ]
 [0.30406475 0.69593525]
 [0.16240871 0.83759135]
 [0.30719656 0.6928035 ]
 [0.30720338 0.69279665]
 [0.13406263 0.86593735]
 [0.6951399  0.30486012]
 [0.69523764 0.30476236]
 [0.3045004  0.6954996 ]
 [0.47081202 0.52918804]
 [0.6949085  0.30509153]
 [0.40558398 0.5944161 ]
 [0.3088384  0.6911616 ]
 [0.46072695 0.5392731 ]
 [0.30478835 0.69521165]
 [0.6925759  0.30742416]
 [0.7027973  0.29720274]
 [0.7443842  0.25561574]
 [0.26187614 0.7381239 ]
 [0.55757666 0.44242334]
 [0.30536166 0.6946384 ]
 [0.8551858  0.14481424]
 [0.68443733 0.31556267]
 [0.32993323 0.67006683]
 [0.23228593 0.76771414]
 [0.69357526 0.30642477]
 [0.30736917 0.69263077]
 [0.48826137 0.51173866]
 [0.706793   0.29320705]
 [0.8191185  0.18088153]
 [0.69470006 0.30529997]
 [0.6846273  0.3153727 ]
 [0.6810255  0.31897452]
 [0.76731724 0.23268276]
 [0.68372506 0.31627485]
 [0.31340346 0.68659663]
 [0.7750331  0.22496693]
 [0.3128498  0.68715024]
 [0.6137859  0.38621408]
 [0.40337178 0.5966282 ]
 [0.68862885 0.31137118]
 [0.48202485 0.5179751 ]
 [0.31292024 0.6870798 ]
 [0.31115788 0.68884206]
 [0.6895851  0.31041497]
 [0.7469328  0.25306717]
 [0.6844434  0.31555653]
 [0.30870253 0.6912974 ]
 [0.4584677  0.54153234]
 [0.34974244 0.6502576 ]
 [0.6565454  0.34345457]
 [0.31119072 0.6888093 ]
 [0.6956436  0.30435643]
 [0.60645956 0.3935404 ]
 [0.55635107 0.44364896]
 [0.6835298  0.31647018]
 [0.42821324 0.57178676]
 [0.7059329  0.29406708]
 [0.34340218 0.6565978 ]
 [0.26102024 0.73897976]
 [0.6978342  0.30216578]
 [0.6866626  0.31333748]
 [0.6876734  0.31232658]
 [0.7799392  0.22006077]
 [0.68719    0.31281   ]
 [0.48057008 0.51943   ]
 [0.73085773 0.2691423 ]
 [0.30653155 0.6934685 ]
 [0.3105013  0.6894987 ]
 [0.68489784 0.31510216]
 [0.31173816 0.6882618 ]
 [0.68735766 0.31264237]
 [0.8660714  0.13392864]
 [0.51691985 0.48308015]
 [0.68860435 0.31139565]
 [0.6886545  0.3113455 ]
 [0.68632025 0.3136798 ]
 [0.68015105 0.319849  ]
 [0.69778734 0.3022126 ]
 [0.7123814  0.2876186 ]
 [0.6866225  0.31337747]
 [0.6947509  0.3052491 ]
 [0.31890672 0.68109334]
 [0.31214708 0.68785286]
 [0.31313753 0.68686247]
 [0.6869191  0.31308085]
 [0.614117   0.38588297]
 [0.42957267 0.5704273 ]
 [0.6881838  0.3118162 ]
 [0.31134373 0.6886563 ]
 [0.76467746 0.23532254]
 [0.68727446 0.3127255 ]
 [0.7348385  0.26516157]
 [0.23658149 0.76341856]
 [0.24585845 0.7541415 ]
 [0.4669194  0.5330806 ]
 [0.2627779  0.73722214]
 [0.44305825 0.5569417 ]
 [0.61035573 0.3896443 ]
 [0.6886458  0.31135422]
 [0.69139475 0.30860525]
 [0.27787566 0.72212434]
 [0.6886449  0.31135514]
 [0.30409443 0.69590557]
 [0.69429225 0.30570778]
 [0.7051565  0.2948435 ]
 [0.69603544 0.30396453]
 [0.6860045  0.31399545]
 [0.31270534 0.68729466]
 [0.64508474 0.35491523]
 [0.45362732 0.5463727 ]
 [0.29499763 0.70500237]
 [0.31330934 0.6866907 ]
 [0.31090763 0.68909234]
 [0.31131592 0.68868405]
 [0.6832727  0.31672728]
 [0.68773687 0.3122631 ]
 [0.68770593 0.31229413]
 [0.5790414  0.42095852]
 [0.30335352 0.69664645]
 [0.49552375 0.5044762 ]
 [0.30332738 0.69667256]
 [0.40956116 0.59043884]
 [0.687977   0.31202298]
 [0.5082377  0.49176234]
 [0.34701377 0.65298617]
 [0.63578075 0.36421928]
 [0.27397078 0.7260293 ]
 [0.19203663 0.8079634 ]]
/home/gb21553/miniconda3/envs/jax/lib/python3.12/multiprocessing/popen_fork.py:66: RuntimeWarning: os.fork() was called. os.fork() is incompatible with multithreaded code, and JAX is multithreaded, so this will likely lead to a deadlock.
  self.pid = os.fork()
        Validation Criterion: 4418.75048828
        Saving best model so far ...
✔️ Gating k-means converged after 1 iterations
✔️ Gating k-means converged after 1 iterations
✔️ Gating k-means converged after 1 iterations
✔️ Gating k-means converged after 1 iterations
✔️ Gating k-means converged after 1 iterations
07:37:00      Epoch:   0      Batch:   0      OuterStep:  12      LossModel: 6435.56201172     LossTerm2: 0.00000000     LossGates: 0.00000000      Time/Step(s): 1794.9025Contributing envs to the losses:  [643 563 237 205 376 182 102 845 409 344 894  91 721 539 241 355 325 577 272 737  57  62 566  26 138 255 549 336 788 704 446 278 130 105 745 252 226 555 265 377 232 209 168 393 363 358  24  81 263  82 375  16  97 472 284 474 541 231 507  39 389 140 511 583   0 184   5 394 542 718   2 179 597 545 104 157 125 697 809 842 650 150 932 662 804 688 599 790 832 454 596 764 113 571 595 452 677  12 505 657 223 572 124 715 289 800 680 888 816 529 879 934 404 933 893 897 586 465 908  48 902 924 326 851 506 874 621 815 808 546 863 559 706 886 402 491 671 869 895 658 222 286 578 362 483 285 334 797 926 114  86 540 883 110 861 450 346 127 471 440 463 300 909 943 921 648 855 678 579 251 608 614 907  61 436 528 335 214 890 221  17  45 757 276 439 136 812 937 793 196 871 915 669 623 359 345 498 319  85 262 194 844 659 862 872 518 527 307 433 698  15 165 360 569 603 500 434 732 331 904 183   1 636 939 582  43 710 865 462 398 675 817 256 882 486 725 118 315 873 719 742 309 448 508 690 230 275 941 750 896 357  93 747 277 810 260 626 635 323  30 576 696 877 878 112 853 686 160  99 496 864 875 316 169 612 248  66 180 866 134 695 332 885 469 784 889 267 481 922 385 754 914 303   6 553 204 534 181 584 938 552 628 192 703 264 755 600 917 479 806 898 333 391 664 116 143   7  11 400 843 581 905 935 238 860 849 142 538 423 674 836  28 713 825 200 814 291 631 649 580  70 775 644 100 382 590 925 824 369 290 807 617 258 115 837 892 144  50 796 663 919 685 689 201  63 516 679 666 916  40 660 467  78 279 906 651 766 283  76 693 598 370 827 547 415 396 931 711 705 868 606  59 682 609 526 152 426 190 759 117  33 684 676 857 891 395 254 773 637 714 642 687 847 692 379 111 794 243 740 513 735 756 831 501 594 761 769 418 304 108 762 410 129 744 149 477 292 899 758 940 709  13 504 928 208 624 752 833 509  25 848 839 417 776 702 780 521 781  80 366 573 212 368 425 656 777 562 723 823 568 610 632 531]
Gate kernel values: 
 [[-76.34187    75.40086  ]
 [  2.1213608   0.7261543]]
The factor: how much of the new gate kernel do I used ? [0.001]
Gate values for each environment (all envs): 
 [[0.7147329  0.2852671 ]
 [0.7309585  0.26904148]
 [0.7145747  0.2854253 ]
 [0.7112318  0.2887682 ]
 [0.3844285  0.6155715 ]
 [0.71499175 0.2850082 ]
 [0.28885394 0.711146  ]
 [0.2976125  0.70238745]
 [0.7256199  0.27438012]
 [0.7039777  0.29602236]
 [0.23977834 0.76022166]
 [0.29574558 0.7042544 ]
 [0.6509874  0.34901264]
 [0.28778324 0.7122167 ]
 [0.6989565  0.3010435 ]
 [0.59087944 0.4091206 ]
 [0.71468216 0.28531787]
 [0.6322748  0.3677252 ]
 [0.30553088 0.69446915]
 [0.71133935 0.28866068]
 [0.2852889  0.7147111 ]
 [0.2774097  0.7225903 ]
 [0.28644726 0.7135528 ]
 [0.2913089  0.7086911 ]
 [0.7146823  0.28531775]
 [0.2847519  0.7152481 ]
 [0.7146513  0.2853487 ]
 [0.71178466 0.28821534]
 [0.29107925 0.7089207 ]
 [0.2853061  0.7146939 ]
 [0.68033713 0.31966284]
 [0.13630924 0.8636908 ]
 [0.7069606  0.29303938]
 [0.28872144 0.71127856]
 [0.43314338 0.5668566 ]
 [0.6813219  0.31867805]
 [0.30820712 0.6917929 ]
 [0.30444407 0.695556  ]
 [0.2734181  0.7265819 ]
 [0.7146858  0.28531423]
 [0.28877512 0.7112248 ]
 [0.28531826 0.7146818 ]
 [0.5921638  0.40783617]
 [0.8058909  0.19410908]
 [0.23143844 0.76856154]
 [0.7347395  0.26526052]
 [0.33044133 0.6695587 ]
 [0.28531364 0.7146864 ]
 [0.6603375  0.33966246]
 [0.33342275 0.6665772 ]
 [0.2886226  0.7113774 ]
 [0.28534806 0.71465194]
 [0.28531766 0.71468234]
 [0.27887335 0.7211266 ]
 [0.7116398  0.28836018]
 [0.82582325 0.17417671]
 [0.7239426  0.27605742]
 [0.7208891  0.2791109 ]
 [0.28585258 0.71414745]
 [0.28869817 0.7113018 ]
 [0.27757764 0.72242236]
 [0.648739   0.35126105]
 [0.7159459  0.28405407]
 [0.2884321  0.7115679 ]
 [0.5197897  0.48021036]
 [0.7111062  0.28889388]
 [0.3267741  0.67322594]
 [0.46485847 0.5351415 ]
 [0.39776814 0.60223186]
 [0.6198481  0.38015193]
 [0.8483802  0.15161979]
 [0.2765551  0.72344494]
 [0.17307504 0.8269249 ]
 [0.2670907  0.7329093 ]
 [0.7112433  0.2887567 ]
 [0.19442017 0.8055799 ]
 [0.28874147 0.71125853]
 [0.34819576 0.65180427]
 [0.2887438  0.71125615]
 [0.21712938 0.7828706 ]
 [0.29780838 0.7021917 ]
 [0.7146702  0.2853299 ]
 [0.7146858  0.2853142 ]
 [0.28372675 0.7162733 ]
 [0.7647573  0.23524271]
 [0.5079411  0.49205887]
 [0.73608345 0.26391655]
 [0.7112679  0.28873208]
 [0.7111946  0.28880537]
 [0.2778742  0.72212577]
 [0.19507751 0.8049225 ]
 [0.6999652  0.30003482]
 [0.28697994 0.71302   ]
 [0.7309641  0.26903588]
 [0.09396999 0.90603006]
 [0.72441685 0.27558315]
 [0.28500238 0.71499765]
 [0.7146759  0.2853242 ]
 [0.71173304 0.28826693]
 [0.33064237 0.66935766]
 [0.2899823  0.71001774]
 [0.40279007 0.59720993]
 [0.7111107  0.28888932]
 [0.23969969 0.76030034]
 [0.71600664 0.28399336]
 [0.7135519  0.28644812]
 [0.28479278 0.7152073 ]
 [0.30922157 0.6907785 ]
 [0.28795397 0.712046  ]
 [0.7048164  0.2951836 ]
 [0.70248395 0.29751608]
 [0.2881659  0.71183413]
 [0.35070828 0.64929163]
 [0.70177287 0.29822713]
 [0.627657   0.37234303]
 [0.28902546 0.7109746 ]
 [0.30487248 0.69512755]
 [0.2885855  0.7114145 ]
 [0.660286   0.33971402]
 [0.13420011 0.8657999 ]
 [0.2845909  0.7154091 ]
 [0.7095256  0.29047444]
 [0.43584004 0.56416   ]
 [0.71123075 0.2887692 ]
 [0.71715456 0.28284544]
 [0.7165071  0.28349295]
 [0.93790036 0.06209961]
 [0.70325094 0.296749  ]
 [0.5462618  0.45373818]
 [0.28862178 0.7113783 ]
 [0.7137573  0.28624266]
 [0.6075286  0.39247137]
 [0.46990916 0.5300909 ]
 [0.15445426 0.84554577]
 [0.31010514 0.68989486]
 [0.71124226 0.28875774]
 [0.5343464  0.46565363]
 [0.71125233 0.28874764]
 [0.71486866 0.28513142]
 [0.73521984 0.2647802 ]
 [0.71492267 0.28507733]
 [0.28585765 0.7141424 ]
 [0.4621379  0.5378621 ]
 [0.2950085  0.7049915 ]
 [0.28904954 0.71095043]
 [0.7177442  0.28225583]
 [0.7116308  0.28836915]
 [0.6965073  0.30349278]
 [0.2852452  0.7147548 ]
 [0.28796065 0.7120394 ]
 [0.71002567 0.28997433]
 [0.7553095  0.24469048]
 [0.2887438  0.71125615]
 [0.16748361 0.8325164 ]
 [0.28534207 0.71465796]
 [0.28482658 0.7151734 ]
 [0.2617339  0.7382661 ]
 [0.7148758  0.2851242 ]
 [0.8123448  0.18765523]
 [0.5991387  0.40086126]
 [0.6475239  0.3524761 ]
 [0.28583553 0.7141645 ]
 [0.2973588  0.7026412 ]
 [0.2854413  0.7145588 ]
 [0.10950408 0.8904959 ]
 [0.46874347 0.53125656]
 [0.61888534 0.38111472]
 [0.28348362 0.71651644]
 [0.7145622  0.28543788]
 [0.3087946  0.6912054 ]
 [0.3219633  0.67803675]
 [0.7112142  0.28878582]
 [0.89304984 0.10695013]
 [0.26593956 0.73406047]
 [0.11585775 0.8841422 ]
 [0.6680032  0.33199677]
 [0.26454142 0.73545855]
 [0.5825944  0.41740564]
 [0.72313243 0.27686763]
 [0.7158955  0.2841046 ]
 [0.4914003  0.50859976]
 [0.29385328 0.7061468 ]
 [0.68692607 0.31307387]
 [0.8225519  0.17744815]
 [0.7149168  0.28508314]
 [0.28718314 0.7128169 ]
 [0.72679865 0.27320144]
 [0.28533167 0.71466833]
 [0.28424817 0.71575177]
 [0.2853194  0.7146806 ]
 [0.28875276 0.71124727]
 [0.28541964 0.71458036]
 [0.29090613 0.70909387]
 [0.28450876 0.71549124]
 [0.56503373 0.4349663 ]
 [0.2850656  0.71493435]
 [0.46956217 0.53043777]
 [0.6935612  0.3064388 ]
 [0.7117063  0.28829372]
 [0.27132452 0.7286755 ]
 [0.29099873 0.70900124]
 [0.28873506 0.7112649 ]
 [0.2728175  0.7271825 ]
 [0.70673865 0.2932614 ]
 [0.31930524 0.6806947 ]
 [0.6937441  0.30625588]
 [0.2853759  0.7146241 ]
 [0.7053466  0.29465342]
 [0.2849854  0.7150146 ]
 [0.71461105 0.28538898]
 [0.2847641  0.7152359 ]
 [0.28516734 0.7148327 ]
 [0.27837923 0.7216208 ]
 [0.22827181 0.77172816]
 [0.7068292  0.2931708 ]
 [0.71080697 0.28919306]
 [0.5094959  0.49050412]
 [0.2768411  0.72315884]
 [0.711244   0.288756  ]
 [0.74449825 0.25550172]
 [0.23007767 0.7699224 ]
 [0.5979383  0.40206173]
 [0.737438   0.262562  ]
 [0.71895844 0.28104153]
 [0.27178147 0.7282185 ]
 [0.2908114  0.70918864]
 [0.7146699  0.28533015]
 [0.2834154  0.7165846 ]
 [0.20301846 0.7969816 ]
 [0.13722044 0.86277956]
 [0.4517698  0.54823023]
 [0.7147084  0.28529167]
 [0.71470165 0.2852984 ]
 [0.30590266 0.6940974 ]
 [0.17989153 0.82010853]
 [0.70130545 0.2986946 ]
 [0.7112941  0.28870586]
 [0.7074697  0.29253036]
 [0.68825865 0.31174135]
 [0.28350806 0.716492  ]
 [0.7090531  0.29094693]
 [0.71781963 0.2821804 ]
 [0.28531814 0.71468186]
 [0.28793192 0.7120681 ]
 [0.10356933 0.8964307 ]
 [0.71131647 0.28868353]
 [0.22173959 0.77826047]
 [0.29219478 0.7078052 ]
 [0.34471628 0.65528375]
 [0.8662564  0.13374354]
 [0.15414484 0.8458552 ]
 [0.8084028  0.19159727]
 [0.71495664 0.28504342]
 [0.7486652  0.25133485]
 [0.28834167 0.71165836]
 [0.7134446  0.2865554 ]
 [0.43638295 0.56361705]
 [0.7112153  0.28878462]
 [0.28865343 0.7113465 ]
 [0.2853187  0.71468127]
 [0.6730479  0.32695216]
 [0.7296527  0.27034736]
 [0.72021884 0.27978116]
 [0.7146821  0.2853179 ]
 [0.5988752  0.40112475]
 [0.71452475 0.2854753 ]
 [0.7112569  0.288743  ]
 [0.7022895  0.29771048]
 [0.8770212  0.12297879]
 [0.25029117 0.7497088 ]
 [0.7235646  0.2764354 ]
 [0.27640778 0.7235923 ]
 [0.67067456 0.3293255 ]
 [0.29147333 0.7085267 ]
 [0.2928524  0.7071476 ]
 [0.3555741  0.6444259 ]
 [0.82526946 0.17473058]
 [0.49973568 0.5002643 ]
 [0.7131804  0.28681955]
 [0.28878874 0.7112113 ]
 [0.28748685 0.71251315]
 [0.17619145 0.82380855]
 [0.15268376 0.84731627]
 [0.28874215 0.7112579 ]
 [0.71468365 0.28531635]
 [0.67171407 0.328286  ]
 [0.72057897 0.27942103]
 [0.30378887 0.6962111 ]
 [0.71111137 0.2888887 ]
 [0.7338258  0.26617417]
 [0.28945982 0.71054024]
 [0.28889608 0.71110386]
 [0.28890043 0.7110996 ]
 [0.72018147 0.27981856]
 [0.28588235 0.71411765]
 [0.31172264 0.6882774 ]
 [0.7579233  0.2420767 ]
 [0.26345932 0.7365406 ]
 [0.2798929  0.72010714]
 [0.71689993 0.28310004]
 [0.7186851  0.2813149 ]
 [0.8265495  0.17345043]
 [0.3575773  0.64242274]
 [0.72045755 0.27954245]
 [0.2871712  0.71282876]
 [0.29859415 0.7014059 ]
 [0.25767583 0.74232423]
 [0.44286868 0.5571314 ]
 [0.34213802 0.657862  ]
 [0.37957165 0.6204283 ]
 [0.71125376 0.28874627]
 [0.13441594 0.8655841 ]
 [0.14235677 0.8576432 ]
 [0.28225672 0.71774334]
 [0.71110004 0.28890002]
 [0.768304   0.231696  ]
 [0.3041392  0.6958608 ]
 [0.27498442 0.7250156 ]
 [0.35890052 0.64109945]
 [0.7362133  0.26378667]
 [0.24904324 0.7509567 ]
 [0.2815211  0.71847886]
 [0.28440243 0.71559757]
 [0.42326775 0.5767323 ]
 [0.2366623  0.7633377 ]
 [0.66487813 0.3351219 ]
 [0.714389   0.28561097]
 [0.28527552 0.71472454]
 [0.28377077 0.7162292 ]
 [0.7111157  0.28888422]
 [0.7230868  0.27691323]
 [0.676664   0.323336  ]
 [0.65115154 0.34884852]
 [0.46623868 0.5337613 ]
 [0.7142364  0.28576365]
 [0.63570213 0.36429787]
 [0.7146742  0.2853258 ]
 [0.2846697  0.71533036]
 [0.71029246 0.28970748]
 [0.5284809  0.47151908]
 [0.2845604  0.7154396 ]
 [0.71125096 0.28874904]
 [0.28351286 0.71648717]
 [0.2881665  0.71183354]
 [0.6765229  0.3234771 ]
 [0.81719285 0.18280719]
 [0.72866434 0.27133566]
 [0.28517458 0.71482545]
 [0.26033068 0.7396694 ]
 [0.7133517  0.28664833]
 [0.7113519  0.28864807]
 [0.6986324  0.30136755]
 [0.26565915 0.7343409 ]
 [0.2853997  0.7146003 ]
 [0.7110304  0.2889696 ]
 [0.7072223  0.29277775]
 [0.7109601  0.28903994]
 [0.41814393 0.5818561 ]
 [0.71467835 0.28532162]
 [0.8176242  0.18237574]
 [0.5599399  0.44006002]
 [0.26868173 0.73131824]
 [0.71422285 0.28577718]
 [0.714673   0.28532708]
 [0.7122015  0.28779852]
 [0.15239654 0.8476035 ]
 [0.6896756  0.3103244 ]
 [0.29520804 0.70479196]
 [0.28394097 0.716059  ]
 [0.28814924 0.71185076]
 [0.28874356 0.7112564 ]
 [0.72224903 0.27775103]
 [0.28408444 0.71591556]
 [0.25791785 0.7420822 ]
 [0.2900799  0.7099201 ]
 [0.7146818  0.28531826]
 [0.6972349  0.30276507]
 [0.71469605 0.28530398]
 [0.27953994 0.72046006]
 [0.28789783 0.7121022 ]
 [0.7113058  0.28869417]
 [0.7889526  0.21104744]
 [0.2895695  0.71043044]
 [0.72664577 0.27335426]
 [0.2846503  0.71534973]
 [0.2920366  0.7079634 ]
 [0.72486746 0.2751325 ]
 [0.2834624  0.7165376 ]
 [0.7089828  0.29101714]
 [0.71478486 0.2852151 ]
 [0.28743026 0.7125697 ]
 [0.31393275 0.6860673 ]
 [0.2824608  0.7175392 ]
 [0.71467245 0.2853275 ]
 [0.7145749  0.28542513]
 [0.2885254  0.7114746 ]
 [0.2887322  0.7112678 ]
 [0.28531182 0.71468824]
 [0.61962306 0.38037696]
 [0.7293495  0.2706505 ]
 [0.29227683 0.70772314]
 [0.71023834 0.2897617 ]
 [0.7278168  0.27218324]
 [0.28573948 0.7142606 ]
 [0.7303783  0.2696217 ]
 [0.30377707 0.6962229 ]
 [0.2892329  0.7107671 ]
 [0.70804775 0.2919522 ]
 [0.756839   0.243161  ]
 [0.7106866  0.28931335]
 [0.28702024 0.7129798 ]
 [0.7114353  0.28856465]
 [0.42969245 0.5703076 ]
 [0.85733783 0.14266224]
 [0.7149551  0.28504494]
 [0.28872263 0.7112773 ]
 [0.71383834 0.28616166]
 [0.28400096 0.715999  ]
 [0.2885399  0.71146005]
 [0.35074425 0.6492557 ]
 [0.70820063 0.29179943]
 [0.7672882  0.23271176]
 [0.7453195  0.25468054]
 [0.27946705 0.72053295]
 [0.21382119 0.78617877]
 [0.2817246  0.71827537]
 [0.28867796 0.711322  ]
 [0.5659651  0.4340349 ]
 [0.30154648 0.69845355]
 [0.15417744 0.84582263]
 [0.748175   0.25182498]
 [0.21699937 0.7830007 ]
 [0.72233844 0.27766153]
 [0.73785466 0.2621453 ]
 [0.7068802  0.2931198 ]
 [0.23634568 0.7636543 ]
 [0.5453533  0.45464668]
 [0.27363434 0.7263657 ]
 [0.7101752  0.28982484]
 [0.7421559  0.2578441 ]
 [0.75371426 0.24628566]
 [0.78784996 0.21215004]
 [0.7091409  0.29085907]
 [0.2808109  0.7191891 ]
 [0.70580643 0.2941936 ]
 [0.7757303  0.22426966]
 [0.71298957 0.28701046]
 [0.18554658 0.8144534 ]
 [0.58916986 0.41083014]
 [0.54772586 0.45227414]
 [0.74182713 0.2581729 ]
 [0.6686038  0.33139622]
 [0.7152875  0.2847125 ]
 [0.16246246 0.8375376 ]
 [0.71623206 0.2837679 ]
 [0.28567395 0.7143261 ]
 [0.28523043 0.7147696 ]
 [0.2677387  0.73226136]
 [0.7113768  0.2886232 ]
 [0.7289442  0.27105585]
 [0.7300034  0.2699966 ]
 [0.7175632  0.28243685]
 [0.39494255 0.60505754]
 [0.7784913  0.22150874]
 [0.817624   0.18237597]
 [0.7137101  0.28628993]
 [0.30856737 0.6914326 ]
 [0.28874722 0.7112528 ]
 [0.24800853 0.7519915 ]
 [0.3142102  0.68578976]
 [0.6015481  0.398452  ]
 [0.5942332  0.40576676]
 [0.714697   0.28530303]
 [0.16153215 0.8384679 ]
 [0.70050305 0.29949692]
 [0.6336693  0.3663307 ]
 [0.42361608 0.5763839 ]
 [0.6910827  0.30891728]
 [0.29953638 0.70046365]
 [0.70735276 0.2926472 ]
 [0.23966788 0.7603321 ]
 [0.30016643 0.69983363]
 [0.71210355 0.28789645]
 [0.72449857 0.27550146]
 [0.2913169  0.7086831 ]
 [0.2914952  0.7085048 ]
 [0.3993154  0.60068464]
 [0.29533988 0.7046601 ]
 [0.8772072  0.12279277]
 [0.4345043  0.5654958 ]
 [0.17713927 0.8228608 ]
 [0.7104308  0.28956914]
 [0.29944748 0.7005525 ]
 [0.7032764  0.2967236 ]
 [0.3030754  0.69692457]
 [0.32575485 0.6742451 ]
 [0.31310537 0.6868947 ]
 [0.69703126 0.30296874]
 [0.59900916 0.40099084]
 [0.7722396  0.22776039]
 [0.82922924 0.17077082]
 [0.31127736 0.6887226 ]
 [0.6971875  0.3028125 ]
 [0.1604776  0.8395224 ]
 [0.31743917 0.6825608 ]
 [0.711073   0.28892705]
 [0.72486275 0.2751373 ]
 [0.70051587 0.29948416]
 [0.5245312  0.47546884]
 [0.31140572 0.6885942 ]
 [0.78024524 0.21975476]
 [0.70047873 0.29952136]
 [0.2989324  0.70106757]
 [0.30213147 0.6978685 ]
 [0.29948717 0.7005129 ]
 [0.64985883 0.3501412 ]
 [0.30277765 0.69722235]
 [0.172479   0.82752097]
 [0.43845126 0.5615488 ]
 [0.27346075 0.7265393 ]
 [0.2995022  0.70049787]
 [0.6919393  0.30806077]
 [0.30011755 0.6998825 ]
 [0.7295765  0.27042353]
 [0.20217213 0.7978279 ]
 [0.29937038 0.70062965]
 [0.302769   0.697231  ]
 [0.71068174 0.28931823]
 [0.7535023  0.24649765]
 [0.6929592  0.3070409 ]
 [0.29990393 0.700096  ]
 [0.6983058  0.3016942 ]
 [0.29950145 0.7004986 ]
 [0.6972303  0.30276978]
 [0.31485823 0.6851418 ]
 [0.7603012  0.23969889]
 [0.30720946 0.6927905 ]
 [0.6972378  0.3027622 ]
 [0.31223878 0.68776125]
 [0.6949522  0.30504787]
 [0.73649913 0.2635009 ]
 [0.70051074 0.29948932]
 [0.7005199  0.2994801 ]
 [0.40199974 0.5980002 ]
 [0.29953712 0.7004629 ]
 [0.6976861  0.30231392]
 [0.6520125  0.3479875 ]
 [0.30274925 0.6972507 ]
 [0.6995637  0.30043635]
 [0.6966393  0.3033607 ]
 [0.6953145  0.30468547]
 [0.69931257 0.30068743]
 [0.6980949  0.30190507]
 [0.6971326  0.30286738]
 [0.7174292  0.28257075]
 [0.6995441  0.30045587]
 [0.30115086 0.6988491 ]
 [0.15367274 0.8463273 ]
 [0.3091869  0.6908131 ]
 [0.67350304 0.32649696]
 [0.32867318 0.6713268 ]
 [0.7409005  0.25909948]
 [0.6961725  0.30382758]
 [0.7032049  0.29679513]
 [0.29957616 0.70042384]
 [0.69719285 0.30280715]
 [0.6980784  0.3019216 ]
 [0.30228105 0.6977189 ]
 [0.69746846 0.30253157]
 [0.55718637 0.44281363]
 [0.7132225  0.28677747]
 [0.70660585 0.29339424]
 [0.69210625 0.30789372]
 [0.6905781  0.309422  ]
 [0.11826623 0.8817338 ]
 [0.27831188 0.7216881 ]
 [0.33680922 0.66319084]
 [0.6928396  0.30716044]
 [0.6834865  0.31651348]
 [0.6064536  0.39354637]
 [0.30029634 0.6997037 ]
 [0.3096081  0.6903919 ]
 [0.70299107 0.29700893]
 [0.70061487 0.2993852 ]
 [0.3941037  0.60589623]
 [0.29984313 0.7001569 ]
 [0.7240686  0.27593142]
 [0.3176251  0.6823749 ]
 [0.29949307 0.7005069 ]
 [0.30309248 0.6969075 ]
 [0.3030015  0.69699854]
 [0.29778367 0.7022164 ]
 [0.8684828  0.13151717]
 [0.72502077 0.2749792 ]
 [0.30146244 0.6985375 ]
 [0.6860236  0.31397644]
 [0.6929758  0.3070242 ]
 [0.69376475 0.30623522]
 [0.30955848 0.69044155]
 [0.6936208  0.30637923]
 [0.31911138 0.68088865]
 [0.24141376 0.7585863 ]
 [0.32852316 0.67147684]
 [0.5502993  0.44970074]
 [0.30648422 0.69351584]
 [0.9259159  0.07408417]
 [0.69046545 0.30953464]
 [0.30641422 0.6935858 ]
 [0.61656827 0.38343173]
 [0.30953237 0.6904676 ]
 [0.300515   0.699485  ]
 [0.2798782  0.7201218 ]
 [0.3058445  0.6941556 ]
 [0.30607218 0.6939278 ]
 [0.6854539  0.31454614]
 [0.30221432 0.6977857 ]
 [0.2963485  0.7036515 ]
 [0.6937621  0.30623785]
 [0.2256722  0.7743279 ]
 [0.3063951  0.69360495]
 [0.31015468 0.6898453 ]
 [0.6764002  0.32359987]
 [0.3356571  0.6643429 ]
 [0.46979785 0.53020215]
 [0.31455314 0.68544686]
 [0.775491   0.22450899]
 [0.35266638 0.6473336 ]
 [0.3349395  0.6650605 ]
 [0.4992594  0.5007405 ]
 [0.30874124 0.6912587 ]
 [0.2984997  0.7015003 ]
 [0.69041336 0.30958664]
 [0.30549222 0.6945078 ]
 [0.60822916 0.3917709 ]
 [0.30606756 0.6939325 ]
 [0.3342164  0.6657836 ]
 [0.6570266  0.34297344]
 [0.690379   0.30962104]
 [0.30638382 0.6936162 ]
 [0.18191321 0.8180868 ]
 [0.54936224 0.45063767]
 [0.4242428  0.57575715]
 [0.30898148 0.6910185 ]
 [0.6956207  0.30437928]
 [0.30969384 0.6903062 ]
 [0.838776   0.16122396]
 [0.4752371  0.5247629 ]
 [0.30466178 0.69533825]
 [0.6951474  0.3048527 ]
 [0.30943546 0.6905646 ]
 [0.6938852  0.3061148 ]
 [0.69043994 0.30956006]
 [0.31917882 0.68082124]
 [0.68981993 0.31018007]
 [0.7552585  0.24474144]
 [0.8119137  0.1880863 ]
 [0.7121382  0.28786185]
 [0.69605553 0.30394447]
 [0.6708302  0.32916987]
 [0.66944516 0.3305549 ]
 [0.30956066 0.6904394 ]
 [0.16183911 0.8381608 ]
 [0.6936516  0.30634832]
 [0.30967692 0.6903231 ]
 [0.69564927 0.30435067]
 [0.2956218  0.70437825]
 [0.30960387 0.6903961 ]
 [0.3043969  0.69560313]
 [0.11534318 0.8846568 ]
 [0.7077969  0.2922032 ]
 [0.4683915  0.5316085 ]
 [0.66413486 0.33586508]
 [0.67291254 0.32708746]
 [0.30662793 0.6933721 ]
 [0.6897051  0.31029496]
 [0.38402635 0.6159737 ]
 [0.30917087 0.6908291 ]
 [0.7012661  0.2987339 ]
 [0.78402096 0.21597904]
 [0.30957448 0.6904255 ]
 [0.6777713  0.3222288 ]
 [0.2797696  0.72023034]
 [0.69042367 0.30957636]
 [0.3062186  0.6937815 ]
 [0.30969152 0.6903085 ]
 [0.690459   0.30954102]
 [0.32131472 0.6786853 ]
 [0.30919647 0.6908035 ]
 [0.6935785  0.30642158]
 [0.30957967 0.6904204 ]
 [0.8415658  0.1584343 ]
 [0.3073006  0.69269943]
 [0.30953205 0.69046795]
 [0.30955896 0.6904411 ]
 [0.32678953 0.6732105 ]
 [0.3582537  0.64174634]
 [0.9061846  0.09381542]
 [0.6973829  0.30261704]
 [0.5737197  0.42628026]
 [0.6798788  0.32012123]
 [0.3405209  0.65947914]
 [0.3056318  0.6943682 ]
 [0.69698215 0.30301785]
 [0.31820816 0.68179184]
 [0.68719393 0.3128061 ]
 [0.6904187  0.30958125]
 [0.72260904 0.277391  ]
 [0.7215959  0.27840418]
 [0.32678503 0.673215  ]
 [0.69164044 0.30835962]
 [0.8085741  0.19142595]
 [0.6903981  0.3096019 ]
 [0.49772456 0.5022754 ]
 [0.7043486  0.29565138]
 [0.30946994 0.69053006]
 [0.6939713  0.30602875]
 [0.30637708 0.69362295]
 [0.6881208  0.3118792 ]
 [0.6935613  0.3064387 ]
 [0.49542454 0.5045755 ]
 [0.17136477 0.8286353 ]
 [0.689469   0.31053096]
 [0.30573124 0.69426876]
 [0.6879524  0.31204766]
 [0.23032866 0.7696714 ]
 [0.59618086 0.4038191 ]
 [0.5195651  0.4804349 ]
 [0.1906893  0.8093107 ]
 [0.23728496 0.762715  ]
 [0.30714765 0.69285244]
 [0.20313378 0.7968662 ]
 [0.24539322 0.7546068 ]
 [0.7900116  0.2099884 ]
 [0.3081859  0.6918141 ]
 [0.41244105 0.5875589 ]
 [0.31486732 0.68513274]
 [0.26737893 0.7326211 ]
 [0.695179   0.30482098]
 [0.3069578  0.69304216]
 [0.30584496 0.69415504]
 [0.69077444 0.3092256 ]
 [0.6647188  0.33528116]
 [0.36259902 0.6374009 ]
 [0.30847263 0.6915273 ]
 [0.30745518 0.6925449 ]
 [0.69674736 0.30325258]
 [0.3121833  0.6878167 ]
 [0.544445   0.45555496]
 [0.72941685 0.27058315]
 [0.6824085  0.31759146]
 [0.4772829  0.5227171 ]
 [0.26225266 0.7377474 ]
 [0.6965014  0.30349866]
 [0.82121    0.17878999]
 [0.6911957  0.30880433]
 [0.58466744 0.41533256]
 [0.3100829  0.6899171 ]
 [0.6673123  0.33268774]
 [0.68981606 0.31018394]
 [0.31003308 0.6899669 ]
 [0.3189957  0.6810043 ]
 [0.30924144 0.6907586 ]
 [0.6958278  0.30417222]
 [0.7469497  0.25305033]
 [0.69365454 0.3063455 ]
 [0.309722   0.690278  ]
 [0.6904399  0.3095602 ]
 [0.6846969  0.31530306]
 [0.2693092  0.7306908 ]
 [0.68981695 0.31018308]
 [0.4641553  0.5358448 ]
 [0.34148392 0.65851605]
 [0.30812538 0.6918746 ]
 [0.6992975  0.30070248]
 [0.37259603 0.627404  ]
 [0.6914541  0.30854583]
 [0.30807495 0.69192505]
 [0.68696076 0.31303933]
 [0.18397368 0.8160263 ]
 [0.7699919  0.23000813]
 [0.69028205 0.309718  ]
 [0.3069893  0.69301075]
 [0.28613642 0.7138636 ]
 [0.2897365  0.7102635 ]
 [0.6614669  0.3385331 ]
 [0.3056932  0.69430685]
 [0.30902782 0.6909722 ]
 [0.39828223 0.6017178 ]
 [0.71851903 0.28148088]
 [0.31245884 0.6875411 ]
 [0.69382006 0.30618003]
 [0.5245232  0.47547686]
 [0.30068985 0.6993101 ]
 [0.5186763  0.48132366]
 [0.6910253  0.3089747 ]
 [0.37052044 0.6294795 ]
 [0.309596   0.690404  ]
 [0.71215314 0.2878468 ]
 [0.3564652  0.6435347 ]
 [0.7145254  0.28547466]
 [0.69245136 0.3075486 ]
 [0.3065966  0.69340336]
 [0.21181443 0.7881856 ]
 [0.31458867 0.68541133]
 [0.69363356 0.30636644]
 [0.6947507  0.30524924]
 [0.44265205 0.55734795]
 [0.69060117 0.30939883]
 [0.6634631  0.33653688]
 [0.69428086 0.30571914]
 [0.72299254 0.27700743]
 [0.7112058  0.28879425]
 [0.6296385  0.37036154]
 [0.17203608 0.82796395]
 [0.31194702 0.688053  ]
 [0.69132185 0.30867812]
 [0.7375717  0.26242828]
 [0.45127246 0.5487276 ]
 [0.3025698  0.6974302 ]
 [0.15791042 0.84208953]
 [0.30638662 0.6936134 ]
 [0.30639356 0.69360644]
 [0.12936388 0.8706361 ]
 [0.7027579  0.29724213]
 [0.69087344 0.3091266 ]
 [0.30898407 0.69101596]
 [0.46507975 0.5349203 ]
 [0.6904334  0.30956662]
 [0.40717763 0.59282243]
 [0.31272712 0.68727297]
 [0.4594353  0.5405647 ]
 [0.3092574  0.6907426 ]
 [0.6933768  0.30662322]
 [0.69826347 0.30173653]
 [0.74017596 0.259824  ]
 [0.25310224 0.74689776]
 [0.5988486  0.40115142]
 [0.30986488 0.6901352 ]
 [0.85704386 0.14295614]
 [0.67771083 0.32228914]
 [0.33652675 0.66347325]
 [0.23824131 0.7617587 ]
 [0.69438314 0.30561686]
 [0.31430724 0.6856927 ]
 [0.49035022 0.50964975]
 [0.7070423  0.29295778]
 [0.8155257  0.1844743 ]
 [0.690223   0.30977696]
 [0.6795731  0.32042694]
 [0.67657375 0.32342625]
 [0.76382095 0.23617902]
 [0.6852737  0.3147263 ]
 [0.31254888 0.6874511 ]
 [0.77490425 0.22509576]
 [0.3120078  0.68799216]
 [0.611796   0.38820398]
 [0.40232232 0.59767765]
 [0.684361   0.31563905]
 [0.48222235 0.5177776 ]
 [0.3120622  0.68793786]
 [0.31552494 0.68447506]
 [0.6897826  0.31021732]
 [0.75301766 0.24698232]
 [0.6852241  0.3147759 ]
 [0.3135114  0.6864886 ]
 [0.38541263 0.6145874 ]
 [0.35402447 0.6459755 ]
 [0.65151656 0.34848347]
 [0.315491   0.68450904]
 [0.69985837 0.30014166]
 [0.61310345 0.38689652]
 [0.56429017 0.4357098 ]
 [0.681799   0.31820104]
 [0.43636414 0.5636358 ]
 [0.7063384  0.29366165]
 [0.34732166 0.6526784 ]
 [0.26272938 0.7372706 ]
 [0.6966867  0.30331334]
 [0.6829439  0.3170561 ]
 [0.6886606  0.3113394 ]
 [0.7771445  0.22285554]
 [0.68426126 0.31573874]
 [0.45285073 0.5471493 ]
 [0.73390144 0.2660986 ]
 [0.26565325 0.73434675]
 [0.3159618  0.68403816]
 [0.6863671  0.31363297]
 [0.31098056 0.68901944]
 [0.68841887 0.31158113]
 [0.86929804 0.13070188]
 [0.5290211  0.47097898]
 [0.6844099  0.31559005]
 [0.6843604  0.31563962]
 [0.6871842  0.3128158 ]
 [0.68144137 0.31855866]
 [0.7014651  0.29853493]
 [0.7090952  0.29090485]
 [0.6876517  0.3123483 ]
 [0.6902072  0.30979282]
 [0.3266873  0.6733127 ]
 [0.3113038  0.68869615]
 [0.31227237 0.68772763]
 [0.687632   0.31236795]
 [0.6083719  0.39162803]
 [0.43668768 0.5633123 ]
 [0.68395907 0.31604096]
 [0.31564614 0.6843538 ]
 [0.7692379  0.23076215]
 [0.6881495  0.3118505 ]
 [0.73543715 0.26456285]
 [0.23100469 0.7689953 ]
 [0.2447826  0.7552174 ]
 [0.4357456  0.5642544 ]
 [0.26741925 0.7325808 ]
 [0.4532987  0.5467013 ]
 [0.613506   0.38649398]
 [0.68434703 0.31565297]
 [0.6871665  0.3128335 ]
 [0.2784554  0.72154456]
 [0.6843481  0.31565186]
 [0.40407124 0.5959288 ]
 [0.694256   0.30574402]
 [0.702275   0.29772502]
 [0.6885013  0.31149876]
 [0.6867497  0.31325036]
 [0.3170019  0.68299806]
 [0.64664453 0.35335544]
 [0.45602787 0.5439722 ]
 [0.31418    0.68582   ]
 [0.3124525  0.68754756]
 [0.31324586 0.68675417]
 [0.31561542 0.6843845 ]
 [0.67321354 0.32678655]
 [0.6886575  0.31134248]
 [0.688555   0.311445  ]
 [0.50907224 0.49092782]
 [0.29501763 0.7049824 ]
 [0.4932375  0.5067625 ]
 [0.30930015 0.6906998 ]
 [0.41660112 0.5833988 ]
 [0.68360007 0.3163999 ]
 [0.5113348  0.48866522]
 [0.35714844 0.6428516 ]
 [0.644536   0.355464  ]
 [0.27325583 0.7267442 ]
 [0.19253914 0.8074609 ]]
/home/gb21553/miniconda3/envs/jax/lib/python3.12/multiprocessing/popen_fork.py:66: RuntimeWarning: os.fork() was called. os.fork() is incompatible with multithreaded code, and JAX is multithreaded, so this will likely lead to a deadlock.
  self.pid = os.fork()
        Validation Criterion: 4283.87304688
        Saving best model so far ...
✔️ Gating k-means converged after 1 iterations
✔️ Gating k-means converged after 1 iterations
✔️ Gating k-means converged after 1 iterations
✔️ Gating k-means converged after 1 iterations
✔️ Gating k-means converged after 1 iterations
08:11:42      Epoch:   0      Batch:   0      OuterStep:  13      LossModel: 6089.22802734     LossTerm2: 0.00000000     LossGates: 0.00000000      Time/Step(s): 1815.0689Contributing envs to the losses:  [424 910 431 490 601 945 884 813  79 835 269 841 312 435 661 306  72 736 468 153 743 119 373 865 876  73 324 176 829 930 133 457 202 639 611 174 212 665 557  71 708 524 437 911 629 294 317  60 348 298 632 610 246 368 776 425  80 789 417  25 208 781 509 624 899 304  13 600 292 149 129 744 410 418 735 756 594 108 831 191 761 243 692 513 379 687 111 642 714  50 254 395 684 117  33 759 426 190 609 526 152  63  59 868 931 396 415 547 370 598  76 693 283 906 279  78 201 660 689 467  40 516 679 666 676 663 796 115 144 837 258 590 369 290 925 100 382 644 580 649 291 814 244 423 785 200 501 825  28 538 860 400 581  11 928 143 843 391   7 703 447 116 668 192   6 534 765 385 204 481 503 771 695 720 469 248 866 576 618 727 181 612 875  99  66 496  83 316 686  38 942 134 169 250 913 161 453  89 864 517 731 938 885 591 774 357 694 462 635 282 287 728 742 230 504 675 309 275 519 103 817 274 882 626 352 220 730 302 473 234 112 750 484 806 428 914  90 295  10  75 307 486 627 844 518 724 751 281 443 719 802 142 333 939 681 920 937 360 277 840 927  53 228 935 603 941 793 199 193  31 560 196  92  68 194 798 783 819 579 904 221 584 476 795 107 768 372 944 786  44 858 623 173 217 652 782 256 322 313 122 734 616  85 698 436 630 485 936 487 792 647 378 224 405 887 667 343 900 165 514 227 392 873  58 384 729 328 156 167 239 722 154 387 901 512 120 683 859 854 206 340 701 634 106 353 327 188 456 210 211  20 492 337  29 716 638 397  47 588  52 820  41 242 259 478 520 852 821  51 532 607 189 544 564 585 929 619 615  96 148 187 163 604 455 738 525 530 403 801 613 556 772 620 691 522 318 746  23 361 406 342  22 918 195 498 589 567 673 155 162 390 247 587 536 347 225 185 747 297 335 367 558 508 132 739 494 305  37 602 101 943 890 280 608  18 778  36  21 321 229 855  49 466 622 213 325 812 818 822  46 136 575 861 471 114 323 733 170 216 233 915  61 926 495 320  12 578 614 760 921 480 725 658]
Gate kernel values: 
 [[ 74.59978    -75.40804   ]
 [ -0.22943878   2.8917885 ]]
The factor: how much of the new gate kernel do I used ? [0.001]
Gate values for each environment (all envs): 
 [[0.28516188 0.7148382 ]
 [0.27160266 0.7283973 ]
 [0.28533554 0.7146645 ]
 [0.29293728 0.7070628 ]
 [0.61973184 0.38026816]
 [0.2848482  0.7151518 ]
 [0.7068102  0.29318985]
 [0.69676536 0.3032346 ]
 [0.2777094  0.72229064]
 [0.29970026 0.7002998 ]
 [0.75727326 0.24272679]
 [0.70007634 0.2999237 ]
 [0.39450032 0.60549974]
 [0.70806855 0.2919314 ]
 [0.30532783 0.69467217]
 [0.40681925 0.5931808 ]
 [0.28521505 0.7147849 ]
 [0.34811372 0.65188634]
 [0.69462156 0.30537844]
 [0.2928753  0.70712465]
 [0.7148158  0.2851842 ]
 [0.72324324 0.2767567 ]
 [0.71388096 0.28611907]
 [0.7085909  0.29140902]
 [0.28521496 0.71478504]
 [0.71195364 0.28804633]
 [0.2852931  0.71470696]
 [0.29207397 0.70792603]
 [0.70481694 0.29518303]
 [0.7148008  0.28519922]
 [0.28768054 0.71231943]
 [0.8639067  0.13609329]
 [0.29723504 0.7027649 ]
 [0.7071092  0.29289076]
 [0.5946264  0.4053735 ]
 [0.3254892  0.67451084]
 [0.6920056  0.30799437]
 [0.6962667  0.3037333 ]
 [0.72388715 0.2761128 ]
 [0.2852128  0.7147872 ]
 [0.70705444 0.2929456 ]
 [0.71478474 0.2852152 ]
 [0.3700684  0.6299316 ]
 [0.19058947 0.8094106 ]
 [0.7663565  0.2336435 ]
 [0.26369482 0.7363052 ]
 [0.6655824  0.33441764]
 [0.71478933 0.2852107 ]
 [0.33734173 0.6626583 ]
 [0.6650173  0.3349827 ]
 [0.70752805 0.29247203]
 [0.7147536  0.28524634]
 [0.71478516 0.28521484]
 [0.7026917  0.2973083 ]
 [0.29251415 0.7074859 ]
 [0.17917028 0.8208297 ]
 [0.28153154 0.7184685 ]
 [0.27872682 0.72127324]
 [0.7140294  0.28597063]
 [0.7071328  0.29286718]
 [0.717149   0.28285104]
 [0.3106002  0.68939984]
 [0.28392687 0.71607316]
 [0.7074576  0.29254237]
 [0.4851042  0.5148958 ]
 [0.29306108 0.7069389 ]
 [0.66658527 0.33341476]
 [0.5410436  0.4589564 ]
 [0.59422535 0.4057746 ]
 [0.39247814 0.6075219 ]
 [0.15058134 0.84941864]
 [0.7205903  0.27940965]
 [0.82359934 0.17640065]
 [0.728904   0.27109602]
 [0.29292697 0.707073  ]
 [0.81095517 0.18904476]
 [0.7070899  0.2929101 ]
 [0.6540295  0.3459706 ]
 [0.70708734 0.29291263]
 [0.77887183 0.22112817]
 [0.6987463  0.3012537 ]
 [0.2852271  0.71477294]
 [0.28521082 0.7147892 ]
 [0.7017667  0.29823327]
 [0.23959844 0.7604015 ]
 [0.43185842 0.56814164]
 [0.26429817 0.7357018 ]
 [0.2929016  0.70709836]
 [0.29298308 0.707017  ]
 [0.71515673 0.28484327]
 [0.81475055 0.18524945]
 [0.29946598 0.70053405]
 [0.7122343  0.2877657 ]
 [0.27182597 0.728174  ]
 [0.90596414 0.09403585]
 [0.27972433 0.72027564]
 [0.71510357 0.2848964 ]
 [0.2852257  0.71477437]
 [0.29241452 0.70758545]
 [0.6652819  0.3347181 ]
 [0.70585597 0.2941441 ]
 [0.5941836  0.40581647]
 [0.28856194 0.71143806]
 [0.75937134 0.24062872]
 [0.28371114 0.71628886]
 [0.28624758 0.71375245]
 [0.71535504 0.28464493]
 [0.6921615  0.30783847]
 [0.7075069  0.29249308]
 [0.29938927 0.7006107 ]
 [0.30124363 0.6987563 ]
 [0.7076219  0.29237816]
 [0.6374789  0.36252114]
 [0.30212295 0.69787705]
 [0.38654357 0.6134564 ]
 [0.706992   0.2930081 ]
 [0.68808013 0.31191987]
 [0.70725155 0.29274848]
 [0.3415873  0.65841275]
 [0.87550104 0.12449896]
 [0.7155009  0.28449917]
 [0.29479852 0.7052015 ]
 [0.5353173  0.46468267]
 [0.2929402  0.70705986]
 [0.2827533  0.71724665]
 [0.2830514  0.7169486 ]
 [0.06265482 0.9373452 ]
 [0.3040146  0.69598544]
 [0.45934016 0.54065984]
 [0.70723593 0.29276407]
 [0.2862764  0.7137236 ]
 [0.39964947 0.60035056]
 [0.530246   0.46975398]
 [0.8505099  0.14949009]
 [0.67400193 0.3259981 ]
 [0.29293427 0.7070657 ]
 [0.461717   0.53828293]
 [0.29291266 0.7070873 ]
 [0.28500992 0.71499014]
 [0.27038968 0.7296103 ]
 [0.28497496 0.71502507]
 [0.69647396 0.3035261 ]
 [0.53738314 0.4626169 ]
 [0.7001321  0.2998679 ]
 [0.7067814  0.29321864]
 [0.2879595  0.71204054]
 [0.2926401  0.7073599 ]
 [0.30771336 0.6922867 ]
 [0.7148604  0.2851397 ]
 [0.70785    0.29215002]
 [0.2893408  0.71065915]
 [0.24873187 0.75126815]
 [0.70708716 0.29291284]
 [0.8430919  0.15690808]
 [0.71474844 0.28525156]
 [0.71542317 0.28457677]
 [0.6897476  0.3102524 ]
 [0.28499037 0.7150096 ]
 [0.19160523 0.80839485]
 [0.40724522 0.5927547 ]
 [0.35514757 0.64485246]
 [0.7105647  0.28943533]
 [0.7024744  0.2975256 ]
 [0.71466434 0.28533575]
 [0.89929104 0.10070899]
 [0.52716887 0.47283122]
 [0.38496247 0.61503756]
 [0.7166042  0.2833958 ]
 [0.2853358  0.71466416]
 [0.68687546 0.31312457]
 [0.6753898  0.32461014]
 [0.2929558  0.70704424]
 [0.09003215 0.9099679 ]
 [0.7246588  0.27534118]
 [0.8839636  0.11603633]
 [0.3377623  0.6622377 ]
 [0.73144484 0.2685552 ]
 [0.42162827 0.5783717 ]
 [0.281084   0.718916  ]
 [0.2838562  0.71614385]
 [0.50521725 0.49478275]
 [0.70117986 0.29882017]
 [0.31243044 0.6875695 ]
 [0.17636676 0.8236332 ]
 [0.28505382 0.7149462 ]
 [0.7129139  0.2870861 ]
 [0.27741092 0.72258914]
 [0.71476454 0.28523543]
 [0.71582496 0.2841751 ]
 [0.7147836  0.28521645]
 [0.70707893 0.29292098]
 [0.73439246 0.2656075 ]
 [0.7050886  0.29491144]
 [0.71495265 0.28504732]
 [0.42520645 0.5747936 ]
 [0.71509373 0.2849063 ]
 [0.52830917 0.4716908 ]
 [0.3111492  0.6888508 ]
 [0.292375   0.70762503]
 [0.73084843 0.26915163]
 [0.7048231  0.29517695]
 [0.70709336 0.29290658]
 [0.7224508  0.27754924]
 [0.29748833 0.70251167]
 [0.6677256  0.33227438]
 [0.30621377 0.6937862 ]
 [0.7146996  0.2853004 ]
 [0.29892787 0.7010721 ]
 [0.71203506 0.287965  ]
 [0.28529248 0.71470755]
 [0.7153971  0.2846029 ]
 [0.7149506  0.28504935]
 [0.73100877 0.26899117]
 [0.7764137  0.22358628]
 [0.29459062 0.70540935]
 [0.29340222 0.70659786]
 [0.49157164 0.5084284 ]
 [0.7228135  0.27718657]
 [0.2929224  0.7070775 ]
 [0.26116866 0.73883134]
 [0.7723487  0.2276513 ]
 [0.440035   0.559965  ]
 [0.2607416  0.73925835]
 [0.28136772 0.7186322 ]
 [0.7294653  0.2705347 ]
 [0.7105796  0.2894204 ]
 [0.28523794 0.71476203]
 [0.7168395  0.28316042]
 [0.79582226 0.20417775]
 [0.8649132  0.13508677]
 [0.5387545  0.46124545]
 [0.28518927 0.7148107 ]
 [0.28519636 0.71480364]
 [0.70716697 0.29283306]
 [0.8109325  0.18906748]
 [0.29836282 0.70163715]
 [0.29287618 0.70712376]
 [0.24705432 0.7529457 ]
 [0.32199326 0.67800677]
 [0.7165396  0.28346044]
 [0.2952352  0.7047648 ]
 [0.28184453 0.7181555 ]
 [0.7147847  0.28521532]
 [0.7079395  0.2920605 ]
 [0.8938604  0.10613961]
 [0.29284224 0.70715773]
 [0.76797044 0.23202957]
 [0.7079612  0.29203877]
 [0.6470334  0.35296658]
 [0.13589293 0.8641071 ]
 [0.84238076 0.1576192 ]
 [0.22314437 0.7768556 ]
 [0.28488544 0.71511453]
 [0.25522423 0.7447757 ]
 [0.7074875  0.2925125 ]
 [0.28672898 0.713271  ]
 [0.5591512  0.4408489 ]
 [0.2929541  0.707046  ]
 [0.7071957  0.29280433]
 [0.7147842  0.28521582]
 [0.33867815 0.6613219 ]
 [0.275011   0.72498894]
 [0.28323528 0.71676475]
 [0.2852152  0.71478474]
 [0.4195767  0.5804233 ]
 [0.28538    0.71462   ]
 [0.292913   0.707087  ]
 [0.2860355  0.7139645 ]
 [0.12409916 0.8759008 ]
 [0.7838136  0.21618643]
 [0.28016922 0.7198308 ]
 [0.7270074  0.27299258]
 [0.32826844 0.6717316 ]
 [0.70990556 0.2900945 ]
 [0.7055949  0.2944051 ]
 [0.6399538  0.36004615]
 [0.17568289 0.8243171 ]
 [0.5225633  0.4774367 ]
 [0.28633276 0.7136672 ]
 [0.70703596 0.29296413]
 [0.71298784 0.28701216]
 [0.8231953  0.17680468]
 [0.8441273  0.15587273]
 [0.7070882  0.2929118 ]
 [0.2852137  0.71478635]
 [0.2889228  0.7110772 ]
 [0.27928638 0.72071356]
 [0.6923609  0.30763912]
 [0.29306185 0.7069381 ]
 [0.26064795 0.73935205]
 [0.70632666 0.2936734 ]
 [0.70676523 0.2932348 ]
 [0.706959   0.29304102]
 [0.28252393 0.71747607]
 [0.7103397  0.28966025]
 [0.6834002  0.3165998 ]
 [0.24467221 0.75532776]
 [0.7370434  0.2629566 ]
 [0.71594924 0.28405082]
 [0.28608125 0.71391875]
 [0.27927938 0.72072065]
 [0.1780374  0.82196254]
 [0.6400461  0.3599539 ]
 [0.28339043 0.7166096 ]
 [0.7096989  0.29030108]
 [0.6985617  0.3014383 ]
 [0.74293864 0.25706133]
 [0.5544259  0.4455741 ]
 [0.65709496 0.34290504]
 [0.6047384  0.39526168]
 [0.29291606 0.7070839 ]
 [0.8693484  0.13065158]
 [0.85325843 0.14674161]
 [0.71787935 0.2821207 ]
 [0.29306856 0.7069314 ]
 [0.23328397 0.76671606]
 [0.690326   0.30967405]
 [0.721161   0.27883902]
 [0.62884516 0.37115484]
 [0.2657651  0.734235  ]
 [0.75349057 0.24650948]
 [0.71841866 0.28158134]
 [0.71555454 0.28444546]
 [0.47370473 0.52629536]
 [0.760514   0.23948604]
 [0.39661053 0.60338944]
 [0.28571257 0.71428746]
 [0.71482503 0.285175  ]
 [0.71625787 0.28374213]
 [0.29305524 0.70694476]
 [0.28090915 0.7190909 ]
 [0.32620615 0.67379385]
 [0.35033315 0.64966685]
 [0.5340285  0.46597147]
 [0.28600273 0.71399724]
 [0.36463675 0.6353632 ]
 [0.28519076 0.71480924]
 [0.71543205 0.28456795]
 [0.29394776 0.70605224]
 [0.5616202  0.43837988]
 [0.71553785 0.28446218]
 [0.2929142  0.7070858 ]
 [0.7166682  0.2833319 ]
 [0.7112624  0.28873762]
 [0.3205598  0.6794402 ]
 [0.16526064 0.8347394 ]
 [0.2693804  0.73061967]
 [0.7150217  0.28497833]
 [0.7376174  0.2623826 ]
 [0.29068688 0.70931315]
 [0.2927931  0.70720696]
 [0.3060648  0.6939352 ]
 [0.73418134 0.2658187 ]
 [0.714689   0.28531095]
 [0.29315728 0.70684266]
 [0.2931189  0.70688117]
 [0.29317954 0.7068204 ]
 [0.60054225 0.39945778]
 [0.28521886 0.71478117]
 [0.1840879  0.8159121 ]
 [0.44405714 0.5559429 ]
 [0.73476714 0.26523286]
 [0.2861571  0.7138429 ]
 [0.28522372 0.7147762 ]
 [0.29197785 0.7080221 ]
 [0.8483601  0.15163983]
 [0.31079555 0.68920445]
 [0.70507884 0.2949211 ]
 [0.7122472  0.28775278]
 [0.7076647  0.29233524]
 [0.70708686 0.2929131 ]
 [0.28208405 0.71791595]
 [0.7151043  0.28489575]
 [0.76898533 0.23101464]
 [0.7109137  0.2890863 ]
 [0.28521544 0.71478456]
 [0.30472675 0.6952733 ]
 [0.28520572 0.71479434]
 [0.7204322  0.2795678 ]
 [0.7080023  0.29199767]
 [0.29281667 0.70718336]
 [0.21599236 0.78400767]
 [0.7062054  0.29379457]
 [0.26773056 0.73226947]
 [0.71544814 0.28455183]
 [0.7039149  0.2960851 ]
 [0.2793142  0.72068584]
 [0.71662915 0.28337085]
 [0.29495955 0.70504045]
 [0.28510544 0.7148946 ]
 [0.71047413 0.28952587]
 [0.68217534 0.3178247 ]
 [0.7186172  0.28138277]
 [0.28522474 0.7147753 ]
 [0.2854609  0.7145392 ]
 [0.7073025  0.29269755]
 [0.70709825 0.2929017 ]
 [0.71479094 0.2852091 ]
 [0.37935185 0.6206482 ]
 [0.27445757 0.7255424 ]
 [0.703454   0.2965459 ]
 [0.2939557  0.7060443 ]
 [0.26923263 0.73076737]
 [0.71425116 0.28574884]
 [0.2694247  0.7305753 ]
 [0.6962864  0.30371365]
 [0.7112551  0.28874493]
 [0.29629323 0.70370674]
 [0.24784476 0.7521553 ]
 [0.287981   0.712019  ]
 [0.7088042  0.29119587]
 [0.29273906 0.7072609 ]
 [0.5715712  0.42842883]
 [0.14747289 0.85252714]
 [0.2879424  0.7120576 ]
 [0.7071083  0.29289165]
 [0.29027775 0.7097222 ]
 [0.7120449  0.28795508]
 [0.7073176  0.29268247]
 [0.64762264 0.3523774 ]
 [0.29761013 0.7023899 ]
 [0.23528467 0.7647154 ]
 [0.26080874 0.7391913 ]
 [0.7168123  0.2831877 ]
 [0.8014886  0.1985114 ]
 [0.7136258  0.2863742 ]
 [0.70719725 0.29280275]
 [0.4384556  0.5615444 ]
 [0.697655   0.30234504]
 [0.8735526  0.12644735]
 [0.25420552 0.7457945 ]
 [0.81471336 0.18528664]
 [0.2815789  0.7184211 ]
 [0.25695375 0.7430463 ]
 [0.2960263  0.70397365]
 [0.7600469  0.23995312]
 [0.4525032  0.5474968 ]
 [0.7224379  0.2775621 ]
 [0.29404372 0.7059563 ]
 [0.25932816 0.7406718 ]
 [0.24621698 0.75378305]
 [0.21660319 0.7833969 ]
 [0.29348034 0.70651966]
 [0.71862525 0.28137478]
 [0.2979724  0.7020276 ]
 [0.2289572  0.7710428 ]
 [0.28706577 0.71293426]
 [0.8459104  0.15408966]
 [0.40718323 0.5928167 ]
 [0.45748183 0.5425182 ]
 [0.2893965  0.7106035 ]
 [0.3347005  0.66529953]
 [0.28463995 0.71536005]
 [0.8345718  0.16542825]
 [0.28374332 0.71625674]
 [0.7144383  0.28556174]
 [0.71486527 0.28513476]
 [0.7300157  0.26998433]
 [0.29279295 0.7072071 ]
 [0.27483752 0.72516245]
 [0.27384514 0.7261549 ]
 [0.2871548  0.71284515]
 [0.6641341  0.3358659 ]
 [0.2228454  0.77715456]
 [0.1747677  0.82523227]
 [0.2856106  0.7143894 ]
 [0.68912166 0.31087828]
 [0.7070549  0.29294512]
 [0.7489002  0.25109977]
 [0.6769441  0.32305595]
 [0.3993203  0.6006797 ]
 [0.4088398  0.5911602 ]
 [0.28519338 0.7148067 ]
 [0.8180765  0.18192351]
 [0.29937536 0.70062464]
 [0.37010288 0.6298971 ]
 [0.58951366 0.4104864 ]
 [0.3127975  0.6872025 ]
 [0.7005828  0.2994172 ]
 [0.29479042 0.70520955]
 [0.765985   0.234015  ]
 [0.6952964  0.30470356]
 [0.2913585  0.7086415 ]
 [0.2756756  0.7243244 ]
 [0.7076369  0.29236314]
 [0.70868194 0.29131806]
 [0.5980676  0.4019324 ]
 [0.7048923  0.2951077 ]
 [0.12170114 0.8782989 ]
 [0.5664509  0.43354902]
 [0.8199043  0.18009572]
 [0.28901228 0.71098775]
 [0.700729   0.29927093]
 [0.30057636 0.6994236 ]
 [0.6975375  0.30246255]
 [0.6771403  0.32285973]
 [0.6828704  0.3171296 ]
 [0.3067615  0.69323844]
 [0.40331727 0.5966827 ]
 [0.23202878 0.7679712 ]
 [0.1704808  0.8295193 ]
 [0.68329215 0.3167079 ]
 [0.30675063 0.6932494 ]
 [0.83749515 0.16250479]
 [0.681399   0.31860104]
 [0.28861788 0.7113821 ]
 [0.25159743 0.7484026 ]
 [0.29935673 0.7006433 ]
 [0.42131877 0.57868123]
 [0.68505484 0.3149452 ]
 [0.22386071 0.77613926]
 [0.29941484 0.7005852 ]
 [0.7012022  0.2987978 ]
 [0.69407696 0.30592313]
 [0.7005602  0.2994398 ]
 [0.35404634 0.6459537 ]
 [0.69327945 0.30672058]
 [0.888455   0.11154503]
 [0.55608755 0.44391245]
 [0.7224299  0.27757013]
 [0.70061743 0.2993826 ]
 [0.31200212 0.6879979 ]
 [0.6999417  0.3000583 ]
 [0.2742023  0.7257978 ]
 [0.7926733  0.20732673]
 [0.70076495 0.299235  ]
 [0.6932998  0.30670026]
 [0.29328722 0.7067128 ]
 [0.24592619 0.7540738 ]
 [0.31875068 0.6812493 ]
 [0.70021045 0.29978955]
 [0.30559993 0.69440013]
 [0.70061797 0.29938203]
 [0.30674073 0.6932593 ]
 [0.6811375  0.31886253]
 [0.241677   0.75832295]
 [0.6933882  0.3066118 ]
 [0.3067047  0.6932953 ]
 [0.6842323  0.31576768]
 [0.30490413 0.6950959 ]
 [0.26972356 0.73027647]
 [0.29936832 0.7006317 ]
 [0.29883337 0.7011667 ]
 [0.5995801  0.40041986]
 [0.7005829  0.29941714]
 [0.30391574 0.6960843 ]
 [0.34699628 0.65300375]
 [0.69330865 0.30669138]
 [0.30432057 0.6956794 ]
 [0.30333745 0.6966625 ]
 [0.3067566  0.69324344]
 [0.30417302 0.69582695]
 [0.28934032 0.71065974]
 [0.30650857 0.6934914 ]
 [0.28674516 0.71325487]
 [0.30032367 0.6996763 ]
 [0.69870126 0.30129877]
 [0.8515717  0.14842826]
 [0.6890762  0.31092384]
 [0.32721183 0.67278826]
 [0.6731017  0.3268983 ]
 [0.26330522 0.7366948 ]
 [0.30791283 0.6920872 ]
 [0.29656017 0.70343983]
 [0.7005421  0.29945794]
 [0.30674574 0.6932543 ]
 [0.30165136 0.6983486 ]
 [0.6976941  0.30230588]
 [0.30645773 0.69354236]
 [0.40002978 0.59997016]
 [0.29080385 0.7091962 ]
 [0.2931986  0.7068015 ]
 [0.3082954  0.69170463]
 [0.3133556  0.6866444 ]
 [0.8840167  0.11598323]
 [0.71535295 0.28464705]
 [0.6710176  0.32898247]
 [0.27099213 0.7290079 ]
 [0.3174385  0.6825615 ]
 [0.41485703 0.585143  ]
 [0.6966254  0.3033746 ]
 [0.68612754 0.31387252]
 [0.2822702  0.7177298 ]
 [0.29926702 0.700733  ]
 [0.611323   0.388677  ]
 [0.70027256 0.29972744]
 [0.27195257 0.7280475 ]
 [0.668953   0.33104703]
 [0.7006265  0.29937348]
 [0.6969702  0.30302975]
 [0.69288135 0.3071186 ]
 [0.69847757 0.30152243]
 [0.13437693 0.8656231 ]
 [0.2678334  0.7321666 ]
 [0.69472694 0.30527312]
 [0.31253263 0.6874674 ]
 [0.30685133 0.6931487 ]
 [0.30608037 0.69391966]
 [0.686623   0.31337705]
 [0.30624437 0.6937556 ]
 [0.692754   0.3072461 ]
 [0.7620663  0.23793367]
 [0.6689798  0.33102024]
 [0.42903212 0.57096785]
 [0.69365025 0.30634975]
 [0.07426215 0.9257379 ]
 [0.31335685 0.6866431 ]
 [0.6937218  0.30627826]
 [0.35558376 0.6444163 ]
 [0.6866462  0.31335378]
 [0.6957037  0.3042963 ]
 [0.7163605  0.2836395 ]
 [0.6899742  0.3100258 ]
 [0.69301623 0.30698374]
 [0.323812   0.67618805]
 [0.69784194 0.30215806]
 [0.7038633  0.29613668]
 [0.30997002 0.69003004]
 [0.77250534 0.22749458]
 [0.693743   0.30625704]
 [0.6908821  0.3091179 ]
 [0.32041433 0.67958564]
 [0.664735   0.33526498]
 [0.5074913  0.4925087 ]
 [0.681698   0.31830192]
 [0.22778255 0.77221745]
 [0.63424665 0.36575332]
 [0.6714195  0.32858047]
 [0.47941265 0.5205874 ]
 [0.6875573  0.31244272]
 [0.70155215 0.29844785]
 [0.31338483 0.68661517]
 [0.6911056  0.30889443]
 [0.39580885 0.6041911 ]
 [0.6940699  0.30593008]
 [0.66118085 0.3388191 ]
 [0.34514287 0.6548572 ]
 [0.31344378 0.6865562 ]
 [0.69375235 0.3062477 ]
 [0.816925   0.183075  ]
 [0.40190303 0.59809697]
 [0.58060074 0.4193993 ]
 [0.6872631  0.31273693]
 [0.3044831  0.69551694]
 [0.68647134 0.3135287 ]
 [0.16458419 0.83541584]
 [0.52736044 0.47263956]
 [0.69558126 0.30441868]
 [0.30279562 0.6972044 ]
 [0.6867317  0.31326836]
 [0.30594602 0.69405395]
 [0.3133787  0.68662137]
 [0.68075633 0.31924358]
 [0.31418654 0.6858134 ]
 [0.24989747 0.7501025 ]
 [0.18997526 0.81002474]
 [0.29164234 0.70835763]
 [0.30389047 0.6961095 ]
 [0.32769194 0.6723081 ]
 [0.33336484 0.6666352 ]
 [0.68662155 0.31337845]
 [0.834644   0.16535604]
 [0.30621946 0.69378054]
 [0.6865056  0.31349432]
 [0.30694297 0.69305706]
 [0.7011411  0.29885888]
 [0.68657124 0.31342876]
 [0.6959266  0.3040734 ]
 [0.8874226  0.11257742]
 [0.28537303 0.71462697]
 [0.5364829  0.4635171 ]
 [0.33537167 0.6646283 ]
 [0.33310062 0.6668994 ]
 [0.69269097 0.30730903]
 [0.3140544  0.6859456 ]
 [0.63265985 0.3673401 ]
 [0.6864194  0.31358057]
 [0.29799688 0.7020031 ]
 [0.21576583 0.7842342 ]
 [0.6865727  0.31342736]
 [0.32191563 0.67808443]
 [0.7179648  0.2820351 ]
 [0.31339073 0.6866093 ]
 [0.6939156  0.30608445]
 [0.6864657  0.3135343 ]
 [0.31341112 0.68658894]
 [0.67428577 0.32571423]
 [0.6870797  0.31292024]
 [0.30630118 0.6936989 ]
 [0.6867042  0.3132958 ]
 [0.17563847 0.8243615 ]
 [0.6928595  0.30714053]
 [0.6866635  0.3133365 ]
 [0.6866224  0.3133776 ]
 [0.6304027  0.3695973 ]
 [0.63361764 0.36638233]
 [0.09549093 0.90450907]
 [0.30249172 0.6975082 ]
 [0.4266393  0.57336074]
 [0.32452476 0.67547524]
 [0.66143435 0.33856565]
 [0.69449687 0.3055032 ]
 [0.30687502 0.69312495]
 [0.678349   0.32165098]
 [0.31196624 0.68803376]
 [0.31339985 0.68660015]
 [0.2707739  0.7292262 ]
 [0.28314108 0.71685886]
 [0.6699731  0.33002698]
 [0.3122731  0.687727  ]
 [0.1928425  0.8071575 ]
 [0.31342128 0.68657875]
 [0.5015894  0.49841058]
 [0.30145028 0.6985497 ]
 [0.68671614 0.31328383]
 [0.3021911  0.6978089 ]
 [0.693759   0.30624098]
 [0.31659606 0.68340397]
 [0.306272   0.69372797]
 [0.588894   0.41110602]
 [0.83103275 0.16896729]
 [0.31057793 0.6894221 ]
 [0.6944106  0.30558935]
 [0.3159879  0.68401206]
 [0.76977426 0.23022574]
 [0.2763378  0.72366226]
 [0.49578643 0.5042136 ]
 [0.8387203  0.1612797 ]
 [0.76163936 0.2383607 ]
 [0.69298536 0.3070146 ]
 [0.8148305  0.18516958]
 [0.70139015 0.2986098 ]
 [0.17681445 0.8231855 ]
 [0.6754119  0.32458812]
 [0.5836364  0.4163637 ]
 [0.68157774 0.31842223]
 [0.74539816 0.2546018 ]
 [0.30415902 0.695841  ]
 [0.69314426 0.30685574]
 [0.69452465 0.30547535]
 [0.313266   0.68673396]
 [0.34928322 0.6507167 ]
 [0.6313978  0.3686022 ]
 [0.6892037  0.31079635]
 [0.6886678  0.31133223]
 [0.30310848 0.69689155]
 [0.6880565  0.31194347]
 [0.44281432 0.55718565]
 [0.27467823 0.7253218 ]
 [0.32199797 0.67800206]
 [0.5239998  0.47600022]
 [0.74331456 0.25668547]
 [0.3071804  0.69281965]
 [0.1801853  0.81981474]
 [0.31249464 0.6875054 ]
 [0.41478187 0.58521813]
 [0.6873711  0.31262895]
 [0.32004654 0.6799535 ]
 [0.31369394 0.68630606]
 [0.68616    0.31383997]
 [0.68186295 0.3181371 ]
 [0.68681246 0.3131875 ]
 [0.30755895 0.6924411 ]
 [0.18905105 0.8109489 ]
 [0.3061426  0.6938574 ]
 [0.6863073  0.3136927 ]
 [0.3133788  0.68662125]
 [0.31893596 0.68106407]
 [0.73064166 0.2693583 ]
 [0.31407365 0.6859264 ]
 [0.5742303  0.42576966]
 [0.65586346 0.3441365 ]
 [0.69198346 0.30801654]
 [0.30344397 0.6965561 ]
 [0.62650186 0.37349817]
 [0.31237707 0.68762296]
 [0.6881688  0.3118312 ]
 [0.31690443 0.6830955 ]
 [0.812668   0.18733202]
 [0.23099287 0.76900715]
 [0.31355605 0.686444  ]
 [0.68860835 0.31139156]
 [0.714502   0.28549805]
 [0.7152489  0.28475115]
 [0.34468776 0.65531224]
 [0.6922295  0.3077705 ]
 [0.7073064  0.2926936 ]
 [0.60395944 0.3960406 ]
 [0.281278   0.718722  ]
 [0.6802778  0.3197222 ]
 [0.3060136  0.69398636]
 [0.4756343  0.52436566]
 [0.69938284 0.30061713]
 [0.47542116 0.5245788 ]
 [0.3127994  0.6872006 ]
 [0.64467573 0.35532433]
 [0.6865872  0.3134128 ]
 [0.2879156  0.7120844 ]
 [0.6460342  0.35396576]
 [0.29172    0.70827997]
 [0.30763865 0.69236135]
 [0.6935693  0.30643076]
 [0.80565506 0.19434488]
 [0.6650763  0.33492368]
 [0.30622762 0.6937724 ]
 [0.30945343 0.6905466 ]
 [0.5556476  0.4443524 ]
 [0.3132293  0.68677074]
 [0.333535   0.66646504]
 [0.30556878 0.6944312 ]
 [0.2809531  0.7190469 ]
 [0.29351377 0.7064862 ]
 [0.370219   0.629781  ]
 [0.80110955 0.1988904 ]
 [0.68424267 0.31575733]
 [0.30908936 0.6909106 ]
 [0.26350886 0.7364911 ]
 [0.54361194 0.45638806]
 [0.69797546 0.3020246 ]
 [0.84328574 0.15671425]
 [0.69374937 0.3062506 ]
 [0.6937425  0.3062575 ]
 [0.87147695 0.12852302]
 [0.27945128 0.72054875]
 [0.31292918 0.6870708 ]
 [0.68718016 0.31281984]
 [0.53808343 0.4619166 ]
 [0.31338522 0.6866148 ]
 [0.59321874 0.40678126]
 [0.6841719  0.31582808]
 [0.53235567 0.46764436]
 [0.6869204  0.31307963]
 [0.3064936  0.6935064 ]
 [0.3056338  0.6943662 ]
 [0.26354364 0.7364564 ]
 [0.7539573  0.2460427 ]
 [0.3411832  0.6588169 ]
 [0.68630934 0.3136907 ]
 [0.1432622  0.85673785]
 [0.32771605 0.672284  ]
 [0.6541507  0.34584925]
 [0.7568153  0.2431847 ]
 [0.30548045 0.6945196 ]
 [0.6801586  0.31984144]
 [0.5098573  0.49014267]
 [0.29246226 0.7075378 ]
 [0.18782711 0.8121729 ]
 [0.31358865 0.6864114 ]
 [0.324465   0.675535  ]
 [0.32654923 0.6734508 ]
 [0.23948728 0.7605127 ]
 [0.3141614  0.6858387 ]
 [0.6876235  0.31237644]
 [0.22534043 0.7746596 ]
 [0.6881562  0.3118438 ]
 [0.39126164 0.60873836]
 [0.6000322  0.39996773]
 [0.31932566 0.6806743 ]
 [0.5177738  0.4822261 ]
 [0.68811184 0.31188816]
 [0.6807326  0.31926736]
 [0.31063294 0.689367  ]
 [0.24448325 0.7555167 ]
 [0.3147622  0.6852378 ]
 [0.6823946  0.3176054 ]
 [0.69820005 0.30179995]
 [0.64235294 0.357647  ]
 [0.352654   0.64734596]
 [0.68082273 0.3191773 ]
 [0.29753482 0.7024652 ]
 [0.3837063  0.6162937 ]
 [0.42441127 0.57558876]
 [0.3199534  0.6800467 ]
 [0.5502949  0.44970518]
 [0.29401502 0.705985  ]
 [0.65029025 0.34970966]
 [0.7375478  0.2624522 ]
 [0.34558773 0.65441227]
 [0.32027572 0.6797243 ]
 [0.31113732 0.6888627 ]
 [0.22580212 0.7741979 ]
 [0.31859177 0.6814083 ]
 [0.62948567 0.37051427]
 [0.26540354 0.73459655]
 [0.75572354 0.24427646]
 [0.67987686 0.32012317]
 [0.31308073 0.6869193 ]
 [0.68911386 0.31088609]
 [0.31138882 0.6886112 ]
 [0.13219619 0.8678038 ]
 [0.46177986 0.5382201 ]
 [0.31921396 0.680786  ]
 [0.31931928 0.6806807 ]
 [0.3126326  0.6873674 ]
 [0.31737104 0.682629  ]
 [0.29823247 0.7017675 ]
 [0.29398796 0.70601207]
 [0.3121672  0.68783283]
 [0.3138534  0.6861467 ]
 [0.66768503 0.33231494]
 [0.6889139  0.31108612]
 [0.68790174 0.31209826]
 [0.31231818 0.6876818 ]
 [0.39644906 0.603551  ]
 [0.5567789  0.44322112]
 [0.31966713 0.6803329 ]
 [0.6806682  0.3193318 ]
 [0.22815278 0.77184725]
 [0.31168428 0.68831575]
 [0.26516116 0.7348388 ]
 [0.7712145  0.22878546]
 [0.7512753  0.24872471]
 [0.58324254 0.41675752]
 [0.72911495 0.27088508]
 [0.53307325 0.46692675]
 [0.41680562 0.58319443]
 [0.3193363  0.68066365]
 [0.31645846 0.68354154]
 [0.7216759  0.27832416]
 [0.3193338  0.6806662 ]
 [0.5327287  0.46727136]
 [0.30551803 0.69448197]
 [0.30078176 0.6992182 ]
 [0.31753075 0.68246925]
 [0.31322098 0.686779  ]
 [0.67931914 0.32068083]
 [0.35247996 0.64752007]
 [0.5398125  0.46018752]
 [0.67305076 0.3269493 ]
 [0.68772143 0.31227857]
 [0.6844176  0.31558242]
 [0.6807003  0.3192997 ]
 [0.33946982 0.6605302 ]
 [0.31113833 0.68886167]
 [0.31127325 0.6887268 ]
 [0.5321212  0.46787885]
 [0.7103462  0.28965375]
 [0.5130879  0.4869121 ]
 [0.685132   0.31486794]
 [0.5795105  0.4204895 ]
 [0.32053626 0.67946374]
 [0.4874057  0.5125944 ]
 [0.63574886 0.3642511 ]
 [0.38441133 0.6155887 ]
 [0.7267439  0.2732562 ]
 [0.8061779  0.19382206]]
/home/gb21553/miniconda3/envs/jax/lib/python3.12/multiprocessing/popen_fork.py:66: RuntimeWarning: os.fork() was called. os.fork() is incompatible with multithreaded code, and JAX is multithreaded, so this will likely lead to a deadlock.
  self.pid = os.fork()
        Validation Criterion: 3838.71801758
        Saving best model so far ...
✔️ Gating k-means converged after 1 iterations
✔️ Gating k-means converged after 1 iterations
✔️ Gating k-means converged after 1 iterations
✔️ Gating k-means converged after 1 iterations
✔️ Gating k-means converged after 1 iterations
08:46:23      Epoch:   0      Batch:   0      OuterStep:  14      LossModel: 5576.77441406     LossTerm2: 0.00000000     LossGates: 0.00000000      Time/Step(s): 1813.7272Contributing envs to the losses:  [227 328 167 239 384 387 154 120 206 340 106 456 353 327 188 210 211  20 337 397  47  41  52 242 259  51  29 189  96 148 187 163 455 392 403  58 378 225 406 342  22 936 195 155 247  23 390 343 347 217 313 367 782  37 944 185 918 162 322 768 173 280 485 305 494 321  18 372 224 739  36 487 522 525 492 512 532 588 520 530 544 478 564 585 567 556 589 514 616 783 466 615 630 536 792 613  21 673  92 361 701 801 558 604 619 405 691 722 716 820 638 821 607 634 667 683 738 647 620 786 772 818 729  53 746 929 854 859 852 193 901 887 297  46 233 900 733 681 199  49 107 622 170 443 724 602 751 495 339 652 156 760  10 308  44 374 484 273 220 560 103 803 228 281 856 795 473 274 641 728 352 295 802 627 412  75 320 912 798 787 730 819 213 731 770 543 830  77 646 591 618 670 480 101 419  83 726  64   4 271 524 489 229  31 712 700 785 302 734 719 476 765 128  68 826 791 427 324 876 828 449 131 628 470 166 865 141 453 633 915 250 503 829 942 771 475 877 132 870 743 574 774 736 216 122 175  42 515 741 451 672 177 930 675 867 601 717 910 665 600 723 708 805 767 858 653 920  67 550 294 147 629 789  14 238 632 927 610 777 776 836 699 573 521  80 881 839 940 848 509 780 611 351 781 501 624 899  32  13 292 758 756 477 149 709 744 129 735 410 304 418 420 769 740 366 594 831 407 243 761 203 692 108 687 379  50 847 368 642 111 714 637 426 254 857 395 684 117 891  33 759 533 190 685 609 152  63 606  59 705 682 689 201 931 396 868 415 711 526 547 827 370  76 598 283 693 766 651 279 660 906  78 537 467  40 916 497 516 565 513 794 562 919 679 333 115 796 666 502 663 417 144 258 837 892 807 207  25 109 369 590 290 824 676 925 100 382 775 644 631 208 568 580 649 356  88 814  54 291 380 548 493 551 137 329 411 123 288  65 314 341  27 200 171  87 257 266 310 350 531  74 298 135 245 444 458 617  98 218 236   3 401 849 215 354 825 425 277 365  28 538 702 674  60 142 198 752 364 306 749 860 905 442]
Gate kernel values: 
 [[ 73.68994   -73.9899   ]
 [ -0.6898155   2.7377243]]
The factor: how much of the new gate kernel do I used ? [0.001]
Gate values for each environment (all envs): 
 [[0.2875685  0.71243143]
 [0.2747822  0.7252178 ]
 [0.2877422  0.7122578 ]
 [0.29615185 0.7038481 ]
 [0.6196005  0.38039955]
 [0.28722674 0.7127732 ]
 [0.70358753 0.2964125 ]
 [0.69248927 0.30751073]
 [0.2808261  0.71917385]
 [0.30129552 0.6987044 ]
 [0.75346017 0.2465398 ]
 [0.69674134 0.30325866]
 [0.42598617 0.5740138 ]
 [0.70482457 0.29517546]
 [0.30854914 0.6914509 ]
 [0.40898812 0.5910118 ]
 [0.28762525 0.71237475]
 [0.33873942 0.66126055]
 [0.69257957 0.3074205 ]
 [0.29609174 0.7039082 ]
 [0.71240544 0.28759456]
 [0.72141576 0.2785842 ]
 [0.7116286  0.28837135]
 [0.70603967 0.2939604 ]
 [0.2876251  0.71237487]
 [0.70977473 0.2902253 ]
 [0.28779373 0.7122063 ]
 [0.2951268  0.7048732 ]
 [0.701607   0.29839307]
 [0.71239436 0.28760564]
 [0.27491784 0.7250822 ]
 [0.86173576 0.13826422]
 [0.30039683 0.6996032 ]
 [0.7038908  0.29610923]
 [0.6079167  0.3920833 ]
 [0.32400554 0.6759944 ]
 [0.6894571  0.31054288]
 [0.70169157 0.2983085 ]
 [0.72728187 0.27271816]
 [0.28762355 0.71237636]
 [0.70383805 0.29616198]
 [0.71237576 0.2876242 ]
 [0.33467257 0.6653274 ]
 [0.19063143 0.80936855]
 [0.76143396 0.23856606]
 [0.26593828 0.7340618 ]
 [0.65693235 0.34306762]
 [0.7123794  0.28762057]
 [0.33880273 0.66119736]
 [0.6592997  0.34070036]
 [0.7046503  0.29534966]
 [0.71234417 0.2876558 ]
 [0.712375   0.28762498]
 [0.6846108  0.3153893 ]
 [0.29580835 0.7041916 ]
 [0.18306133 0.81693864]
 [0.28499755 0.7150024 ]
 [0.28148007 0.7185199 ]
 [0.7115867  0.28841323]
 [0.70391566 0.2960843 ]
 [0.7122969  0.2877031 ]
 [0.2925341  0.70746595]
 [0.28635797 0.71364206]
 [0.7042686  0.2957314 ]
 [0.482818   0.517182  ]
 [0.29627624 0.7037237 ]
 [0.6619123  0.33808765]
 [0.5420453  0.4579547 ]
 [0.59137964 0.4086204 ]
 [0.5236781  0.47632185]
 [0.15191843 0.8480816 ]
 [0.7185081  0.28149185]
 [0.8262878  0.1737121 ]
 [0.7253288  0.2746712 ]
 [0.29614434 0.70385563]
 [0.8121896  0.18781045]
 [0.7038742  0.2961258 ]
 [0.64944315 0.35055685]
 [0.70387125 0.29612872]
 [0.7747758  0.22522423]
 [0.69469786 0.3053021 ]
 [0.2876372  0.7123628 ]
 [0.28762078 0.7123792 ]
 [0.6917062  0.30829382]
 [0.23590922 0.7640908 ]
 [0.39856318 0.60143685]
 [0.2669916  0.73300844]
 [0.29611886 0.70388114]
 [0.29623705 0.70376295]
 [0.7087316  0.2912684 ]
 [0.82595533 0.1740447 ]
 [0.30130208 0.69869787]
 [0.70950514 0.29049483]
 [0.27529413 0.7247059 ]
 [0.9035645  0.09643549]
 [0.28296885 0.7170312 ]
 [0.7126936  0.2873064 ]
 [0.2876394  0.7123605 ]
 [0.29561082 0.7043892 ]
 [0.6624125  0.33758745]
 [0.70265055 0.2973495 ]
 [0.5932908  0.4067092 ]
 [0.29080123 0.7091988 ]
 [0.75661683 0.24338312]
 [0.2860162  0.7139838 ]
 [0.2885764  0.71142364]
 [0.7129909  0.28700912]
 [0.69209456 0.30790547]
 [0.7039199  0.29608008]
 [0.30255994 0.69744   ]
 [0.30401415 0.6959859 ]
 [0.70437765 0.29562238]
 [0.62509817 0.37490183]
 [0.3102048  0.6897952 ]
 [0.39754367 0.60245633]
 [0.70395845 0.2960416 ]
 [0.68307155 0.31692845]
 [0.7040263  0.29597366]
 [0.34372395 0.656276  ]
 [0.8759194  0.12408069]
 [0.713104   0.28689602]
 [0.29807183 0.70192814]
 [0.40322357 0.5967764 ]
 [0.29615855 0.7038414 ]
 [0.2850287  0.7149713 ]
 [0.28493747 0.7150626 ]
 [0.06472831 0.9352717 ]
 [0.31430373 0.6856963 ]
 [0.4632295  0.53677046]
 [0.7040132  0.29598674]
 [0.28884584 0.71115416]
 [0.40376675 0.59623325]
 [0.52971166 0.47028834]
 [0.86724573 0.13275422]
 [0.66260177 0.33739823]
 [0.29615417 0.70384586]
 [0.46074975 0.53925025]
 [0.2961266  0.7038734 ]
 [0.2874195  0.7125805 ]
 [0.27113554 0.72886443]
 [0.28737873 0.7126212 ]
 [0.680694   0.31930602]
 [0.5369738  0.4630262 ]
 [0.6960751  0.30392495]
 [0.7035672  0.29643282]
 [0.29053688 0.7094631 ]
 [0.29580373 0.7041963 ]
 [0.30857608 0.691424  ]
 [0.71245056 0.28754944]
 [0.70461696 0.29538304]
 [0.29161093 0.70838904]
 [0.25217098 0.747829  ]
 [0.7038702  0.29612982]
 [0.8446258  0.15537418]
 [0.7123367  0.2876633 ]
 [0.71307665 0.28692332]
 [0.62739503 0.372605  ]
 [0.28734735 0.7126526 ]
 [0.19493529 0.80506474]
 [0.4104653  0.5895347 ]
 [0.3574625  0.6425375 ]
 [0.7111471  0.28885278]
 [0.7041253  0.29587474]
 [0.71225524 0.2877448 ]
 [0.9035803  0.09641972]
 [0.5286661  0.47133398]
 [0.38724133 0.61275864]
 [0.71423036 0.28576973]
 [0.28774503 0.712255  ]
 [0.68377936 0.31622067]
 [0.67016083 0.32983923]
 [0.29617295 0.7038271 ]
 [0.08271258 0.9172874 ]
 [0.6978778  0.3021222 ]
 [0.88048327 0.11951671]
 [0.34355065 0.6564493 ]
 [0.7280919  0.27190813]
 [0.42417142 0.57582855]
 [0.28447443 0.7155255 ]
 [0.28616437 0.71383566]
 [0.50545937 0.49454057]
 [0.6968685  0.30313152]
 [0.31457555 0.68542445]
 [0.17877793 0.82122207]
 [0.28743225 0.7125678 ]
 [0.7105093  0.28949076]
 [0.27537584 0.72462416]
 [0.7123541  0.28764588]
 [0.7133734  0.28662658]
 [0.71237344 0.28762656]
 [0.70386213 0.29613784]
 [0.80690336 0.1930966 ]
 [0.7017031  0.29829696]
 [0.71192026 0.2880797 ]
 [0.4493257  0.55067426]
 [0.7126927  0.2873073 ]
 [0.527646   0.472354  ]
 [0.31361    0.68639004]
 [0.29519117 0.70480883]
 [0.727225   0.272775  ]
 [0.7016098  0.2983902 ]
 [0.7038751  0.29612488]
 [0.7188223  0.2811777 ]
 [0.30073807 0.69926196]
 [0.6506688  0.3493312 ]
 [0.3063943  0.6936057 ]
 [0.71228546 0.28771454]
 [0.30214804 0.6978519 ]
 [0.70979714 0.2902029 ]
 [0.28770602 0.712294  ]
 [0.7129514  0.28704855]
 [0.712559   0.28744096]
 [0.780005   0.21999499]
 [0.77733415 0.22266579]
 [0.2973     0.70269996]
 [0.2967154  0.70328456]
 [0.4933531  0.5066469 ]
 [0.7197886  0.2802114 ]
 [0.2961232  0.7038768 ]
 [0.26413292 0.7358671 ]
 [0.7711822  0.22881785]
 [0.4561444  0.54385567]
 [0.262113   0.737887  ]
 [0.28405848 0.71594155]
 [0.7267197  0.27328032]
 [0.7106918  0.28930822]
 [0.28767055 0.71232945]
 [0.7144993  0.2855007 ]
 [0.79178745 0.20821254]
 [0.86382365 0.13617636]
 [0.5263732  0.47362682]
 [0.28759998 0.7124    ]
 [0.2876069  0.71239305]
 [0.7121278  0.28787217]
 [0.7918036  0.2081964 ]
 [0.29801065 0.7019893 ]
 [0.29609337 0.7039066 ]
 [0.22474667 0.7752533 ]
 [0.32837716 0.6716228 ]
 [0.71416944 0.28583053]
 [0.29845425 0.7015457 ]
 [0.28422287 0.71577716]
 [0.7123745  0.2876255 ]
 [0.7048605  0.29513958]
 [0.8901665  0.10983347]
 [0.29608527 0.7039147 ]
 [0.760125   0.23987497]
 [0.70561236 0.2943877 ]
 [0.62527907 0.37472093]
 [0.12317584 0.87682414]
 [0.8382614  0.16173856]
 [0.25737202 0.742628  ]
 [0.28725454 0.7127455 ]
 [0.25849146 0.7415085 ]
 [0.70426816 0.29573178]
 [0.2894053  0.7105948 ]
 [0.5570778  0.4429222 ]
 [0.29617113 0.7038288 ]
 [0.7039801  0.29601985]
 [0.71237403 0.287626  ]
 [0.3462607  0.65373933]
 [0.278396   0.72160405]
 [0.28709388 0.7129061 ]
 [0.2876255  0.7123745 ]
 [0.43012813 0.5698719 ]
 [0.28779262 0.7122074 ]
 [0.29613027 0.7038697 ]
 [0.2765835  0.7234165 ]
 [0.12645942 0.87354064]
 [0.802247   0.19775303]
 [0.2832426  0.7167575 ]
 [0.72540313 0.27459693]
 [0.32944748 0.6705525 ]
 [0.70784473 0.29215527]
 [0.70272094 0.2972791 ]
 [0.644039   0.35596105]
 [0.17881615 0.8211838 ]
 [0.5319999  0.46800008]
 [0.28866425 0.7113357 ]
 [0.7038211  0.2961789 ]
 [0.71063554 0.28936446]
 [0.82027537 0.17972472]
 [0.8400429  0.15995714]
 [0.70387113 0.2961289 ]
 [0.28762394 0.712376  ]
 [0.26893973 0.73106027]
 [0.28144884 0.7185511 ]
 [0.6895664  0.3104337 ]
 [0.29628226 0.7037177 ]
 [0.2553986  0.7446014 ]
 [0.7032481  0.29675186]
 [0.7034867  0.2965133 ]
 [0.7037552  0.29624477]
 [0.28571603 0.714284  ]
 [0.70676315 0.29323682]
 [0.68028504 0.31971496]
 [0.24812494 0.75187504]
 [0.7350415  0.26495856]
 [0.7126219  0.28737804]
 [0.288668   0.7113319 ]
 [0.28096718 0.7190328 ]
 [0.18185054 0.81814945]
 [0.6318525  0.36814743]
 [0.28554085 0.7144592 ]
 [0.7049061  0.29509395]
 [0.6927127  0.30728728]
 [0.7370482  0.26295185]
 [0.55397576 0.44602427]
 [0.654107   0.34589303]
 [0.6364242  0.36357585]
 [0.29613292 0.703867  ]
 [0.8687714  0.13122864]
 [0.84459466 0.1554053 ]
 [0.7154915  0.2845085 ]
 [0.29628375 0.70371616]
 [0.23604508 0.7639549 ]
 [0.6860947  0.3139053 ]
 [0.7178565  0.28214344]
 [0.6337494  0.36625054]
 [0.26880604 0.73119396]
 [0.7704201  0.22957993]
 [0.71589464 0.28410533]
 [0.713037   0.286963  ]
 [0.40638268 0.5936174 ]
 [0.8307706  0.16922946]
 [0.43114316 0.56885684]
 [0.28817782 0.71182215]
 [0.7124139  0.28758606]
 [0.71375346 0.28624654]
 [0.29629537 0.7037046 ]
 [0.28423458 0.7157655 ]
 [0.3322407  0.66775936]
 [0.346695   0.653305  ]
 [0.53400797 0.4659921 ]
 [0.28855613 0.71144384]
 [0.36898366 0.63101625]
 [0.28758702 0.71241295]
 [0.7130155  0.2869845 ]
 [0.29720613 0.70279384]
 [0.6672643  0.33273578]
 [0.7131218  0.28687823]
 [0.29613125 0.7038687 ]
 [0.71425    0.28575003]
 [0.70856935 0.29143062]
 [0.32100424 0.6789957 ]
 [0.15478756 0.8452124 ]
 [0.271142   0.72885805]
 [0.7126343  0.2873657 ]
 [0.7354975  0.26450256]
 [0.29322353 0.70677644]
 [0.29600722 0.7039927 ]
 [0.3099387  0.6900613 ]
 [0.7685718  0.23142827]
 [0.71226907 0.28773087]
 [0.29638028 0.7036197 ]
 [0.2974099  0.7025901 ]
 [0.29637134 0.70362866]
 [0.60136867 0.39863136]
 [0.2876291  0.71237093]
 [0.18746243 0.8125376 ]
 [0.44860962 0.5513904 ]
 [0.73117274 0.26882726]
 [0.28873208 0.71126795]
 [0.2876356  0.7123644 ]
 [0.29520446 0.7047956 ]
 [0.8457277  0.15427229]
 [0.31283194 0.6871681 ]
 [0.70283854 0.29716143]
 [0.709366   0.29063398]
 [0.7044305  0.2955695 ]
 [0.7038698  0.2961302 ]
 [0.28431165 0.71568835]
 [0.7121323  0.2878677 ]
 [0.79141855 0.20858136]
 [0.7086415  0.29135847]
 [0.2876256  0.71237445]
 [0.30787188 0.6921281 ]
 [0.28761688 0.71238315]
 [0.7175461  0.28245392]
 [0.70476323 0.29523674]
 [0.29600725 0.7039927 ]
 [0.21942851 0.78057146]
 [0.70292807 0.29707193]
 [0.26802334 0.7319767 ]
 [0.7129661  0.28703395]
 [0.70092297 0.29907703]
 [0.284182   0.715818  ]
 [0.7142194  0.28578058]
 [0.2980543  0.7019457 ]
 [0.28750026 0.7124997 ]
 [0.70730436 0.29269564]
 [0.67900705 0.32099295]
 [0.7172607  0.28273925]
 [0.28763488 0.71236515]
 [0.28795022 0.7120497 ]
 [0.7040827  0.29591724]
 [0.70388144 0.29611853]
 [0.7123807  0.2876193 ]
 [0.38145667 0.6185433 ]
 [0.2785301  0.7214699 ]
 [0.70020646 0.29979348]
 [0.2971797  0.7028203 ]
 [0.27014598 0.72985405]
 [0.71180403 0.28819594]
 [0.27186128 0.72813874]
 [0.6940274  0.30597258]
 [0.7091197  0.29088026]
 [0.29978085 0.70021915]
 [0.25141284 0.7485872 ]
 [0.28974637 0.7102536 ]
 [0.70563126 0.29436868]
 [0.29596192 0.7040381 ]
 [0.57057256 0.42942747]
 [0.15124677 0.84875315]
 [0.2901738  0.7098262 ]
 [0.70389134 0.29610866]
 [0.29342234 0.70657766]
 [0.7088063  0.29119375]
 [0.7041058  0.29589418]
 [0.64315397 0.3568461 ]
 [0.30170447 0.6982956 ]
 [0.24981894 0.7501811 ]
 [0.26561117 0.7343889 ]
 [0.7140548  0.2859452 ]
 [0.80977184 0.19022809]
 [0.7111116  0.28888837]
 [0.7041447  0.29585522]
 [0.43524417 0.5647558 ]
 [0.6961941  0.3038059 ]
 [0.88738865 0.11261134]
 [0.25674915 0.7432508 ]
 [0.8632282  0.13677186]
 [0.28458998 0.71541   ]
 [0.25717857 0.74282146]
 [0.29949224 0.7005077 ]
 [0.74906635 0.2509336 ]
 [0.45259285 0.5474072 ]
 [0.7160506  0.28394938]
 [0.2972407  0.7027593 ]
 [0.26224628 0.7377537 ]
 [0.24900778 0.75099224]
 [0.22011039 0.7798896 ]
 [0.2954578  0.70454216]
 [0.71589524 0.2841048 ]
 [0.30103782 0.69896215]
 [0.23109455 0.76890546]
 [0.28962204 0.710378  ]
 [0.8612037  0.13879634]
 [0.40642208 0.593578  ]
 [0.46022618 0.5397739 ]
 [0.32350022 0.67649984]
 [0.33706614 0.66293395]
 [0.28708363 0.7129164 ]
 [0.81638885 0.18361114]
 [0.28619638 0.71380365]
 [0.7121055  0.2878945 ]
 [0.7124761  0.2875239 ]
 [0.7287628  0.27123716]
 [0.29601088 0.7039891 ]
 [0.27795056 0.72204953]
 [0.2796294  0.7203706 ]
 [0.28885144 0.7111486 ]
 [0.7343695  0.26563054]
 [0.22645573 0.77354425]
 [0.17186683 0.82813317]
 [0.2878899  0.71211004]
 [0.68394876 0.3160513 ]
 [0.70382065 0.29617935]
 [0.74648076 0.25351924]
 [0.67090374 0.32909623]
 [0.39976868 0.6002313 ]
 [0.41167638 0.5883236 ]
 [0.2875987  0.71240133]
 [0.7981756  0.2018245 ]
 [0.30165404 0.6983459 ]
 [0.3724401  0.6275599 ]
 [0.59504324 0.4049567 ]
 [0.3157844  0.6842156 ]
 [0.6983012  0.30169877]
 [0.3299286  0.67007136]
 [0.766435   0.23356505]
 [0.6919857  0.30801424]
 [0.29420006 0.70579994]
 [0.27821907 0.72178096]
 [0.70531446 0.2946855 ]
 [0.705367   0.29463303]
 [0.59847385 0.40152615]
 [0.70273393 0.29726607]
 [0.12389684 0.87610316]
 [0.56500435 0.4349957 ]
 [0.8164906  0.18350938]
 [0.29089698 0.70910305]
 [0.6985981  0.3014019 ]
 [0.30360016 0.6963998 ]
 [0.6955612  0.3044389 ]
 [0.67499    0.32501   ]
 [0.6799624  0.32003763]
 [0.3097086  0.69029146]
 [0.4184138  0.58158624]
 [0.23541528 0.7645848 ]
 [0.17320427 0.8267957 ]
 [0.67992014 0.32007983]
 [0.30979073 0.69020927]
 [0.8340061  0.16599391]
 [0.6799921  0.32000798]
 [0.29087776 0.7091222 ]
 [0.24063894 0.759361  ]
 [0.30161417 0.6983858 ]
 [0.39114127 0.6088588 ]
 [0.68251914 0.31748086]
 [0.2281348  0.7718652 ]
 [0.3016995  0.6983005 ]
 [0.6989974  0.30100262]
 [0.69139063 0.3086094 ]
 [0.6982528  0.30174723]
 [0.35611078 0.6438892 ]
 [0.69023573 0.30976427]
 [0.9212743  0.0787257 ]
 [0.5530773  0.44692272]
 [0.71804136 0.28195867]
 [0.6983365  0.3016635 ]
 [0.3150363  0.6849637 ]
 [0.6975079  0.30249202]
 [0.27739945 0.7226006 ]
 [0.77373946 0.22626053]
 [0.69849    0.30151   ]
 [0.6902783  0.30972174]
 [0.29629287 0.7037071 ]
 [0.24842049 0.7515796 ]
 [0.33706015 0.6629399 ]
 [0.69798356 0.30201647]
 [0.30867425 0.6913258 ]
 [0.6983369  0.3016631 ]
 [0.30980766 0.6901924 ]
 [0.67801714 0.32198286]
 [0.24377157 0.7562285 ]
 [0.69163656 0.30836344]
 [0.30974725 0.6902527 ]
 [0.68189096 0.318109  ]
 [0.30661744 0.69338256]
 [0.28081235 0.7191876 ]
 [0.3016488  0.6983512 ]
 [0.30028772 0.6997123 ]
 [0.59831727 0.40168276]
 [0.6983023  0.30169767]
 [0.30721822 0.6927818 ]
 [0.34864065 0.6513593 ]
 [0.690266   0.309734  ]
 [0.30744374 0.6925562 ]
 [0.30565208 0.694348  ]
 [0.31108585 0.6889142 ]
 [0.30718616 0.6928139 ]
 [0.28133023 0.7186698 ]
 [0.3094905  0.69050956]
 [0.28974107 0.7102589 ]
 [0.3025876  0.6974124 ]
 [0.696616   0.30338404]
 [0.84632564 0.15367433]
 [0.6840738  0.31592616]
 [0.32938096 0.6706191 ]
 [0.6769272  0.3230728 ]
 [0.26750156 0.73249847]
 [0.31106195 0.6889381 ]
 [0.2986985  0.7013015 ]
 [0.69826066 0.30173934]
 [0.30978572 0.69021434]
 [0.30379602 0.69620395]
 [0.6952102  0.30478975]
 [0.30949068 0.6905093 ]
 [0.37662786 0.62337214]
 [0.294348   0.70565206]
 [0.29546574 0.70453423]
 [0.31090268 0.6890973 ]
 [0.31634277 0.6836572 ]
 [0.8829618  0.11703821]
 [0.71794814 0.2820519 ]
 [0.6636815  0.33631855]
 [0.25301334 0.7469867 ]
 [0.32072195 0.6792781 ]
 [0.42871678 0.57128316]
 [0.69538844 0.3046116 ]
 [0.6832466  0.3167534 ]
 [0.27755395 0.7224461 ]
 [0.3015489  0.69845104]
 [0.6072336  0.39276636]
 [0.697992   0.30200794]
 [0.26554844 0.7344516 ]
 [0.64476866 0.3552313 ]
 [0.69834554 0.30165446]
 [0.69464666 0.30535334]
 [0.68948936 0.31051064]
 [0.69483835 0.30516165]
 [0.13756855 0.8624314 ]
 [0.26500365 0.7349964 ]
 [0.6918047  0.3081953 ]
 [0.3139818  0.6860182 ]
 [0.30903336 0.6909667 ]
 [0.30828202 0.69171804]
 [0.683674   0.31632602]
 [0.30845588 0.6915442 ]
 [0.70183295 0.29816702]
 [0.76216173 0.2378383 ]
 [0.65999734 0.34000275]
 [0.41991657 0.58008343]
 [0.69144195 0.30855808]
 [0.07569385 0.92430615]
 [0.31630784 0.68369216]
 [0.6915125  0.3084875 ]
 [0.33522835 0.6647716 ]
 [0.68369925 0.3163007 ]
 [0.6927123  0.30728772]
 [0.7127109  0.2872891 ]
 [0.68699545 0.31300455]
 [0.6902291  0.30977088]
 [0.33753273 0.66246724]
 [0.6955211  0.30447888]
 [0.7013512  0.29864883]
 [0.31299    0.68701005]
 [0.76901346 0.23098649]
 [0.69153357 0.30846652]
 [0.6900666  0.30993345]
 [0.31863254 0.68136746]
 [0.66275954 0.33724043]
 [0.49156365 0.5084364 ]
 [0.6791916  0.32080847]
 [0.23074946 0.7692506 ]
 [0.618685   0.38131493]
 [0.67324567 0.3267543 ]
 [0.46920952 0.53079045]
 [0.68453854 0.31546152]
 [0.69925725 0.30074272]
 [0.31633705 0.6836629 ]
 [0.6884731  0.31152692]
 [0.3980399  0.6019601 ]
 [0.6918635  0.3081365 ]
 [0.665341   0.33465892]
 [0.34745738 0.65254265]
 [0.31639355 0.68360645]
 [0.6915427  0.3084574 ]
 [0.81718177 0.18281817]
 [0.37407047 0.6259295 ]
 [0.5806226  0.41937742]
 [0.68437266 0.31562728]
 [0.3070847  0.6929153 ]
 [0.68353146 0.3164685 ]
 [0.16777788 0.83222204]
 [0.527245   0.47275507]
 [0.69424087 0.30575916]
 [0.30456886 0.6954312 ]
 [0.68377274 0.3162273 ]
 [0.30813974 0.6918603 ]
 [0.31632763 0.68367237]
 [0.67863643 0.32136354]
 [0.31709707 0.682903  ]
 [0.25404352 0.74595654]
 [0.18914966 0.8108503 ]
 [0.294775   0.705225  ]
 [0.3061455  0.6938545 ]
 [0.32876635 0.67123365]
 [0.33613354 0.6638664 ]
 [0.68367356 0.31632638]
 [0.83091515 0.16908483]
 [0.3084325  0.6915676 ]
 [0.68351936 0.31648058]
 [0.3092083  0.69079167]
 [0.6984964  0.30150363]
 [0.6836191  0.31638086]
 [0.69382423 0.30617586]
 [0.890757   0.10924301]
 [0.28335166 0.71664834]
 [0.5401405  0.4598594 ]
 [0.33726475 0.6627353 ]
 [0.34365982 0.6563402 ]
 [0.6899782  0.31002176]
 [0.3169752  0.6830248 ]
 [0.6794512  0.3205488 ]
 [0.6827073  0.3172927 ]
 [0.29973838 0.7002616 ]
 [0.21795669 0.78204334]
 [0.6836024  0.31639764]
 [0.32376507 0.67623496]
 [0.7147929  0.28520712]
 [0.31633627 0.68366367]
 [0.69171053 0.30828947]
 [0.68349713 0.3165029 ]
 [0.3163907  0.6836093 ]
 [0.6710959  0.3289041 ]
 [0.68424904 0.31575096]
 [0.30850282 0.6914972 ]
 [0.68381536 0.3161846 ]
 [0.1897801  0.8102199 ]
 [0.69068587 0.30931422]
 [0.68372065 0.3162793 ]
 [0.683673   0.31632695]
 [0.5616603  0.43833983]
 [0.61345965 0.38654032]
 [0.09853292 0.9014671 ]
 [0.30471703 0.69528294]
 [0.4274458  0.57255423]
 [0.31658098 0.68341905]
 [0.65905917 0.34094083]
 [0.6922791  0.3077209 ]
 [0.30993056 0.69006944]
 [0.67290825 0.32709175]
 [0.313559   0.686441  ]
 [0.31634846 0.6836515 ]
 [0.26881334 0.7311866 ]
 [0.2865547  0.71344525]
 [0.6673828  0.33261728]
 [0.31527767 0.68472236]
 [0.19583818 0.80416185]
 [0.3163716  0.6836283 ]
 [0.5000226  0.49997738]
 [0.30622104 0.693779  ]
 [0.6837653  0.31623465]
 [0.30258143 0.6974186 ]
 [0.69154924 0.30845082]
 [0.32124087 0.67875916]
 [0.30852273 0.69147736]
 [0.6301623  0.36983767]
 [0.8458312  0.15416883]
 [0.3140665  0.6859336 ]
 [0.6920882  0.30791178]
 [0.31811565 0.68188435]
 [0.7671761  0.23282392]
 [0.21496962 0.7850303 ]
 [0.5040593  0.49594066]
 [0.8554926  0.14450736]
 [0.75877815 0.24122182]
 [0.69093436 0.30906564]
 [0.8224759  0.17752403]
 [0.6655787  0.33442128]
 [0.16093689 0.8390631 ]
 [0.6604677  0.3395323 ]
 [0.5879782  0.41202188]
 [0.6788175  0.32118255]
 [0.8038702  0.19612983]
 [0.30593392 0.69406605]
 [0.69091445 0.30908558]
 [0.6924597  0.3075403 ]
 [0.31635094 0.683649  ]
 [0.35731873 0.6426813 ]
 [0.62832355 0.37167645]
 [0.68734723 0.31265277]
 [0.6856716  0.3143284 ]
 [0.30535308 0.69464695]
 [0.68623334 0.3137667 ]
 [0.43710786 0.5628922 ]
 [0.27780908 0.7221909 ]
 [0.3249913  0.6750087 ]
 [0.530235   0.46976507]
 [0.7454142  0.25458583]
 [0.31007236 0.68992764]
 [0.17708325 0.82291675]
 [0.31548253 0.68451744]
 [0.4140565  0.5859435 ]
 [0.68659925 0.31340075]
 [0.31773612 0.6822639 ]
 [0.31660378 0.6833962 ]
 [0.6832171  0.31678292]
 [0.6797283  0.3202717 ]
 [0.68394125 0.31605875]
 [0.31030616 0.6896938 ]
 [0.16465972 0.83534026]
 [0.3076597  0.69234025]
 [0.6834552  0.31654474]
 [0.31632775 0.68367225]
 [0.32160228 0.6783978 ]
 [0.7285464  0.2714537 ]
 [0.31709024 0.6829097 ]
 [0.59122336 0.4087766 ]
 [0.6526339  0.34736612]
 [0.6897806  0.3102194 ]
 [0.30581373 0.6941863 ]
 [0.6252527  0.37474725]
 [0.3153416  0.6846584 ]
 [0.6853537  0.31464627]
 [0.31983265 0.68016744]
 [0.8096047  0.19039528]
 [0.23304303 0.766957  ]
 [0.31648222 0.6835177 ]
 [0.6853508  0.3146492 ]
 [0.71298456 0.28701544]
 [0.71592087 0.2840791 ]
 [0.34859782 0.6514022 ]
 [0.6898116  0.3101885 ]
 [0.71571696 0.28428298]
 [0.60316354 0.3968365 ]
 [0.28366673 0.71633327]
 [0.68053424 0.3194658 ]
 [0.30821246 0.69178754]
 [0.4742919  0.52570814]
 [0.69711393 0.30288607]
 [0.4790157  0.5209843 ]
 [0.31573007 0.68426996]
 [0.6552491  0.34475085]
 [0.68364096 0.3163591 ]
 [0.29026154 0.7097385 ]
 [0.64613205 0.35386795]
 [0.294872   0.7051281 ]
 [0.30981848 0.69018155]
 [0.6914055  0.30859452]
 [0.8131961  0.18680395]
 [0.6500111  0.34998885]
 [0.30843556 0.6915645 ]
 [0.31303945 0.6869606 ]
 [0.55451417 0.4454859 ]
 [0.31618857 0.6838114 ]
 [0.33385077 0.6661492 ]
 [0.30776498 0.69223505]
 [0.28349376 0.7165062 ]
 [0.29601136 0.7039887 ]
 [0.3701689  0.6298311 ]
 [0.7646348  0.23536524]
 [0.6812694  0.31873053]
 [0.3115445  0.6884555 ]
 [0.26728278 0.7327173 ]
 [0.54103583 0.4589642 ]
 [0.69577813 0.30422184]
 [0.8413295  0.15867053]
 [0.69153947 0.30846056]
 [0.6915327  0.30846736]
 [0.86985624 0.13014376]
 [0.2700712  0.7299288 ]
 [0.31591645 0.6840835 ]
 [0.68417823 0.31582177]
 [0.5381633  0.46183667]
 [0.3163341  0.6836659 ]
 [0.5908095  0.40919045]
 [0.6816558  0.31834415]
 [0.52418506 0.4758149 ]
 [0.68394655 0.31605342]
 [0.3087064  0.6912936 ]
 [0.30869937 0.69130063]
 [0.2667668  0.7332333 ]
 [0.7552732  0.24472685]
 [0.29656193 0.703438  ]
 [0.6833765  0.31662345]
 [0.1445165  0.85548353]
 [0.33202037 0.66797966]
 [0.6455483  0.35445178]
 [0.7530851  0.24691491]
 [0.30769512 0.69230485]
 [0.6770856  0.32291448]
 [0.5107027  0.4892973 ]
 [0.29359287 0.7064071 ]
 [0.18614401 0.813856  ]
 [0.316469   0.683531  ]
 [0.3274508  0.67254925]
 [0.3287529  0.67124707]
 [0.24250115 0.7574989 ]
 [0.31606156 0.68393844]
 [0.6854921  0.31450793]
 [0.22693124 0.7730688 ]
 [0.6860162  0.31398383]
 [0.3944486  0.6055514 ]
 [0.60087836 0.39912164]
 [0.32216734 0.6778327 ]
 [0.51933044 0.48066965]
 [0.68613106 0.31386894]
 [0.6778687  0.32213122]
 [0.31289613 0.68710387]
 [0.2450426  0.7549574 ]
 [0.31745934 0.6825407 ]
 [0.67953235 0.32046762]
 [0.7422827  0.25771725]
 [0.63927275 0.36072725]
 [0.35529146 0.6447086 ]
 [0.6779694  0.32203066]
 [0.29882383 0.70117617]
 [0.3815333  0.61846673]
 [0.42831972 0.5716802 ]
 [0.32210013 0.67789984]
 [0.5372086  0.46279138]
 [0.29645163 0.7035483 ]
 [0.64591545 0.35408455]
 [0.74031407 0.2596859 ]
 [0.37282228 0.6271777 ]
 [0.32306358 0.6769364 ]
 [0.31328338 0.6867166 ]
 [0.22910269 0.7708973 ]
 [0.32090142 0.6790986 ]
 [0.6826352  0.31736487]
 [0.26779395 0.73220605]
 [0.76644874 0.2335513 ]
 [0.6771925  0.32280755]
 [0.3152481  0.6847519 ]
 [0.68693763 0.31306243]
 [0.31354725 0.6864528 ]
 [0.13585982 0.86414015]
 [0.4618171  0.538183  ]
 [0.32205048 0.67794955]
 [0.32216907 0.67783093]
 [0.31475887 0.6852411 ]
 [0.31853378 0.6814662 ]
 [0.30097488 0.69902515]
 [0.2970207  0.70297927]
 [0.31429222 0.68570775]
 [0.31698918 0.6830108 ]
 [0.6637083  0.33629173]
 [0.68704605 0.31295398]
 [0.6857752  0.31422484]
 [0.3144031  0.68559694]
 [0.39907962 0.6009204 ]
 [0.55312014 0.4468798 ]
 [0.32250857 0.6774914 ]
 [0.67781603 0.32218394]
 [0.22948039 0.77051955]
 [0.31382304 0.68617696]
 [0.26771337 0.7322866 ]
 [0.7710066  0.2289934 ]
 [0.7385602  0.26143983]
 [0.59255314 0.40744686]
 [0.72672933 0.27327073]
 [0.51433015 0.48566985]
 [0.4805424  0.51945764]
 [0.32218686 0.6778131 ]
 [0.31933722 0.6806628 ]
 [0.7191668  0.28083315]
 [0.32218426 0.6778158 ]
 [0.48577797 0.51422197]
 [0.30676308 0.69323695]
 [0.30360785 0.6963922 ]
 [0.32105568 0.6789443 ]
 [0.315362   0.684638  ]
 [0.67647517 0.32352483]
 [0.35393116 0.6460688 ]
 [0.53287244 0.4671276 ]
 [0.66451585 0.33548406]
 [0.6855894  0.31441072]
 [0.6821859  0.31781414]
 [0.67784965 0.32215032]
 [0.3436288  0.65637124]
 [0.3132255  0.68677455]
 [0.31340507 0.6865949 ]
 [0.5560521  0.4439479 ]
 [0.71125066 0.2887493 ]
 [0.5183554  0.4816445 ]
 [0.6810891  0.3189109 ]
 [0.5962012  0.40379885]
 [0.32372537 0.67627466]
 [0.48010018 0.51989985]
 [0.63073903 0.36926094]
 [0.43341404 0.56658596]
 [0.7242864  0.2757136 ]
 [0.80452996 0.19546999]]
/home/gb21553/miniconda3/envs/jax/lib/python3.12/multiprocessing/popen_fork.py:66: RuntimeWarning: os.fork() was called. os.fork() is incompatible with multithreaded code, and JAX is multithreaded, so this will likely lead to a deadlock.
  self.pid = os.fork()
        Validation Criterion: 3746.82080078
        Saving best model so far ...
✔️ Gating k-means converged after 1 iterations
✔️ Gating k-means converged after 1 iterations
✔️ Gating k-means converged after 1 iterations
✔️ Gating k-means converged after 1 iterations
✔️ Gating k-means converged after 1 iterations
09:20:49      Epoch:   0      Batch:   0      OuterStep:  15      LossModel: 5698.78515625     LossTerm2: 0.00000000     LossGates: 0.00000000      Time/Step(s): 1804.8151Contributing envs to the losses:  [644 649 796 666 679 663 660 693 598 689 837 609 538 684 714 642 692 687 759 831 676 761 744 825 814 581 781 756 860 509 843 776 391 629 590 610 632 516 547 526 868 931 906 735 624 534 594  80 925 116 513 501 789 665 576 580 928 600  99  11 469 294 143 496 930 703   7 686  66 309 292 875 612 129 200 100 481 418 400 304  28  13 382 149 108 290 611 144 279 190  33 467 152  40 370 283  76 396  78 415  59 201 117 395 426 258 111 254 115  63 243 379 291  50 410 369 204 169 368 417  25 899 864 298 208  60 425 708 437 202  73   6 385  71 866 885 317 181 176 938 316 743 306 813 423 192 457 468 841 435 134 635 742 835 504 275 829 287 161 348 357  89 695 939 884  79 248 675 462 626 765 771  38 112 913 307 486 694 911 785 945 601 518 937 817 246 519 882 269 910 844 774 876  83 373 793 196 230 942 661 591 587 221 584 428 865  72 904 935 750 256 436 312 325 165 318 490 719 191 806 557 424 360 890 639 194 274 873 133 623 447 212 914 627 302 295  12 855 484 142 114 277 471 136  85 524 560 731 927 603 333 234 529 579  68 798 926 476 153 941 282 119 443 671 107 795 734 681 431 618 858 193 559 652 546 871 658 199 943  48 498 840 698 900 680 721 887 888 729 595 863 851 859 901 113 596 572 786 854 893 924 647 683 832 667 688 597 852 599 662 804 929 634 607 722 821 405 638 820 716 897 650 619 604 908 790 809 718 738 801 842 701 934 879 902 772 691 764 933 746 697 800 728 886 704  92 545 335 745 620 549 174 792 657 272 536 673 615 621 630 677 555 566 616 613 514 507 511 541 474 583 578 589 556 539 567 585 737 132 512 564 478 544 520 588 532 815 530 492 739 525 727 522 783 487 542 558 244 372 322 344 874 571 101 103 180 494 326 485  18  36 376 305 540  91 465 185 205  37 505 782 491 736 808 622 602 895 313 608 343 483  23 466 751 503 247 367 452 936 182   2 747 446 797 706 130 394 105 255 124 454 406 173 157 168 265 389   0 209  39  97  81 363 393 284 358  16 375 263  24  82 231 472]
Gate kernel values: 
 [[ 72.66073   -72.75366  ]
 [ -1.4406204   3.157215 ]]
The factor: how much of the new gate kernel do I used ? [0.001]
Gate values for each environment (all envs): 
 [[0.28887245 0.7111276 ]
 [0.27809274 0.7219072 ]
 [0.2890196  0.7109804 ]
 [0.30042824 0.6995717 ]
 [0.6196147  0.38038525]
 [0.28852025 0.7114797 ]
 [0.69922775 0.30077225]
 [0.69960666 0.3003934 ]
 [0.28496167 0.71503836]
 [0.30465046 0.6953496 ]
 [0.7506214  0.2493787 ]
 [0.69235486 0.30764517]
 [0.44387895 0.55612105]
 [0.7005298  0.29947016]
 [0.3127826  0.6872174 ]
 [0.4073248  0.59267527]
 [0.28893197 0.7110681 ]
 [0.3285213  0.6714787 ]
 [0.6914804  0.30851963]
 [0.30039364 0.6996064 ]
 [0.71109575 0.28890428]
 [0.7213108  0.27868918]
 [0.71060634 0.28939372]
 [0.7046394  0.2953606 ]
 [0.28893158 0.71106845]
 [0.7057955  0.2942045 ]
 [0.2891345  0.7108655 ]
 [0.2992974  0.7007026 ]
 [0.69721586 0.30278412]
 [0.7110904  0.28890964]
 [0.23920704 0.760793  ]
 [0.86020243 0.13979763]
 [0.30446658 0.6955334 ]
 [0.6996155  0.3003845 ]
 [0.61897177 0.38102823]
 [0.32674584 0.67325425]
 [0.688229   0.31177098]
 [0.7017276  0.29827234]
 [0.728094   0.27190602]
 [0.28893128 0.7110687 ]
 [0.69956374 0.30043626]
 [0.7110703  0.28892973]
 [0.3087104  0.6912896 ]
 [0.19255081 0.80744916]
 [0.75510204 0.24489799]
 [0.26649565 0.73350435]
 [0.65222704 0.347773  ]
 [0.7110727  0.28892735]
 [0.3371168  0.6628832 ]
 [0.6532375  0.34676257]
 [0.70077014 0.29922983]
 [0.7110331  0.2889669 ]
 [0.71106833 0.2889317 ]
 [0.67256486 0.32743514]
 [0.2999522  0.7000478 ]
 [0.18838938 0.81161064]
 [0.2902928  0.70970714]
 [0.28340968 0.7165903 ]
 [0.710291   0.28970894]
 [0.69963974 0.30036032]
 [0.70753616 0.29246387]
 [0.27994388 0.7200561 ]
 [0.2876527  0.7123473 ]
 [0.70000666 0.29999337]
 [0.48388585 0.5161142 ]
 [0.30055457 0.69944537]
 [0.6570941  0.34290588]
 [0.54582006 0.45417997]
 [0.5894036  0.4105964 ]
 [0.60624516 0.3937549 ]
 [0.153146   0.84685403]
 [0.7153258  0.28467423]
 [0.8288347  0.1711653 ]
 [0.72086394 0.27913603]
 [0.3004207  0.6995793 ]
 [0.81371963 0.18628034]
 [0.6995989  0.3004011 ]
 [0.6435373  0.35646272]
 [0.6995959  0.30040404]
 [0.7701035  0.22989652]
 [0.6897591  0.3102409 ]
 [0.28894383 0.7110562 ]
 [0.28892732 0.7110727 ]
 [0.6850736  0.3149264 ]
 [0.23631461 0.76368546]
 [0.38053763 0.6194624 ]
 [0.26871958 0.7312804 ]
 [0.30039468 0.69960535]
 [0.3005289  0.6994711 ]
 [0.7017143  0.29828578]
 [0.81947154 0.18052848]
 [0.3019014  0.69809854]
 [0.7078366  0.29216337]
 [0.27877802 0.721222  ]
 [0.9022789  0.09772108]
 [0.2867008  0.71329916]
 [0.7113652  0.28863472]
 [0.28894806 0.71105194]
 [0.30010697 0.69989306]
 [0.6584893  0.3415107 ]
 [0.69838613 0.3016138 ]
 [0.59336376 0.40663624]
 [0.29177755 0.7082225 ]
 [0.7546221  0.24537788]
 [0.28726527 0.71273476]
 [0.28980404 0.71019596]
 [0.71172917 0.28827086]
 [0.6928463  0.30715373]
 [0.6994318  0.3005682 ]
 [0.30682623 0.6931737 ]
 [0.31242582 0.6875742 ]
 [0.70011586 0.29988414]
 [0.609719   0.39028102]
 [0.3154642  0.6845358 ]
 [0.40265954 0.59734046]
 [0.6999985  0.3000016 ]
 [0.67293817 0.32706186]
 [0.69974333 0.30025673]
 [0.34629485 0.6537052 ]
 [0.87998265 0.12001737]
 [0.7117987  0.28820124]
 [0.30242276 0.6975772 ]
 [0.33246785 0.66753215]
 [0.30043286 0.69956714]
 [0.28613043 0.7138696 ]
 [0.28595483 0.7140452 ]
 [0.06636495 0.93363506]
 [0.31920546 0.6807945 ]
 [0.46815315 0.5318468 ]
 [0.69975126 0.3002488 ]
 [0.2899404  0.7100596 ]
 [0.40819135 0.5918086 ]
 [0.52960706 0.470393  ]
 [0.8111404  0.18885957]
 [0.6271609  0.37283912]
 [0.30042675 0.6995733 ]
 [0.4584865  0.54151356]
 [0.30038586 0.6996141 ]
 [0.2887325  0.71126753]
 [0.27468997 0.72531   ]
 [0.28866667 0.71133333]
 [0.67452013 0.3254798 ]
 [0.53621566 0.46378437]
 [0.69115084 0.30884925]
 [0.6992938  0.30070627]
 [0.29495403 0.705046  ]
 [0.30010945 0.69989055]
 [0.30777118 0.69222885]
 [0.71114534 0.28885463]
 [0.70031935 0.29968065]
 [0.29252952 0.70747054]
 [0.2566525  0.74334747]
 [0.69959486 0.3004052 ]
 [0.8622853  0.1377147 ]
 [0.7110227  0.2889773 ]
 [0.71182925 0.28817078]
 [0.57629865 0.42370135]
 [0.28860885 0.71139115]
 [0.19963327 0.80036676]
 [0.4157331  0.58426696]
 [0.36033428 0.6396658 ]
 [0.70940614 0.29059383]
 [0.70598626 0.29401377]
 [0.71095145 0.28904852]
 [0.9031468  0.09685326]
 [0.5261839  0.47381616]
 [0.3906913  0.6093087 ]
 [0.71306664 0.28693333]
 [0.28905153 0.71094847]
 [0.6794375  0.32056248]
 [0.66994834 0.3300517 ]
 [0.30044895 0.6995511 ]
 [0.07989801 0.92010194]
 [0.67614263 0.32385734]
 [0.8762837  0.12371625]
 [0.3528679  0.64713204]
 [0.7238199  0.27618006]
 [0.4268347  0.5731653 ]
 [0.28895667 0.71104336]
 [0.28764266 0.7123574 ]
 [0.5025103  0.4974897 ]
 [0.6917902  0.3082098 ]
 [0.31540036 0.68459964]
 [0.17999083 0.82000923]
 [0.28864422 0.7113558 ]
 [0.7075771  0.2924229 ]
 [0.27869698 0.721303  ]
 [0.7110554  0.28894454]
 [0.7120451  0.28795493]
 [0.711067   0.28893298]
 [0.69958705 0.30041304]
 [0.8410048  0.1589952 ]
 [0.6971699  0.30283004]
 [0.70955366 0.29044637]
 [0.49465594 0.50534403]
 [0.71143395 0.28856608]
 [0.5255155  0.47448447]
 [0.31795767 0.68204236]
 [0.30071023 0.69928974]
 [0.72248626 0.27751374]
 [0.69730407 0.30269593]
 [0.6995016  0.30049846]
 [0.7144101  0.28558984]
 [0.30529785 0.6947022 ]
 [0.6380692  0.3619308 ]
 [0.30337617 0.6966238 ]
 [0.7109757  0.28902432]
 [0.3064431  0.6935569 ]
 [0.70710886 0.2928911 ]
 [0.28901297 0.71098703]
 [0.71165806 0.28834197]
 [0.71126103 0.28873894]
 [0.8412767  0.15872334]
 [0.70471007 0.29528987]
 [0.29968846 0.7003116 ]
 [0.30106232 0.69893765]
 [0.49781132 0.50218874]
 [0.71794796 0.28205207]
 [0.29955998 0.70044005]
 [0.27039918 0.72960085]
 [0.7683903  0.23160976]
 [0.4629345  0.5370655 ]
 [0.26298407 0.73701596]
 [0.28551057 0.7144895 ]
 [0.72291553 0.2770844 ]
 [0.7122944  0.2877056 ]
 [0.28899685 0.7110032 ]
 [0.71333927 0.28666073]
 [0.8009616  0.19903842]
 [0.86319673 0.1368033 ]
 [0.5054376  0.4945624 ]
 [0.28890708 0.7110929 ]
 [0.2889127  0.7110872 ]
 [0.7155568  0.28444326]
 [0.7720608  0.22793919]
 [0.30010357 0.69989645]
 [0.30037177 0.69962823]
 [0.18121974 0.8187803 ]
 [0.3334012  0.66659874]
 [0.7132897  0.28671035]
 [0.30280626 0.69719374]
 [0.28538385 0.7146162 ]
 [0.71106786 0.2889322 ]
 [0.70076585 0.29923412]
 [0.8863745  0.11362554]
 [0.3004435  0.6995565 ]
 [0.75339514 0.24660487]
 [0.70438427 0.2956158 ]
 [0.6083752  0.39162487]
 [0.11697663 0.8830233 ]
 [0.8350646  0.16493542]
 [0.28985235 0.7101477 ]
 [0.28852758 0.71147245]
 [0.26307088 0.73692906]
 [0.6999925  0.30000755]
 [0.29090625 0.70909375]
 [0.54960704 0.45039302]
 [0.3004472  0.69955283]
 [0.69969624 0.3003038 ]
 [0.7110674  0.28893262]
 [0.35198075 0.64801925]
 [0.28317794 0.7168221 ]
 [0.2910261  0.70897394]
 [0.28893223 0.71106786]
 [0.4422326  0.55776745]
 [0.2890963  0.71090376]
 [0.30040595 0.699594  ]
 [0.26591182 0.73408824]
 [0.12966949 0.87033045]
 [0.81056863 0.1894314 ]
 [0.28712958 0.7128704 ]
 [0.7253317  0.27466828]
 [0.32926366 0.6707363 ]
 [0.70751053 0.29248947]
 [0.7003519  0.29964814]
 [0.6369927  0.3630073 ]
 [0.18098262 0.8190174 ]
 [0.5430923  0.45690766]
 [0.28969225 0.7103077 ]
 [0.69950444 0.3004956 ]
 [0.70922595 0.29077405]
 [0.8180977  0.18190229]
 [0.8333908  0.1666093 ]
 [0.6995952  0.3004048 ]
 [0.28893077 0.7110693 ]
 [0.25683278 0.7431672 ]
 [0.2827295  0.71727055]
 [0.6846164  0.31538364]
 [0.30056307 0.6994369 ]
 [0.25317585 0.74682415]
 [0.6992441  0.30075595]
 [0.69913894 0.30086106]
 [0.69950944 0.30049062]
 [0.2950064  0.70499367]
 [0.70225614 0.29774386]
 [0.677805   0.32219505]
 [0.25603142 0.74396867]
 [0.7340658  0.2659343 ]
 [0.70826066 0.2917393 ]
 [0.29232407 0.70767593]
 [0.28135994 0.7186401 ]
 [0.18654692 0.8134531 ]
 [0.61085635 0.38914365]
 [0.28873447 0.7112655 ]
 [0.6985208  0.3014792 ]
 [0.68469524 0.31530473]
 [0.73110664 0.26889333]
 [0.5518904  0.4481097 ]
 [0.6526083  0.3473917 ]
 [0.66816103 0.33183894]
 [0.3004086  0.69959146]
 [0.867842   0.13215797]
 [0.8375048  0.1624952 ]
 [0.7140844  0.2859157 ]
 [0.3005583  0.6994416 ]
 [0.23907502 0.76092505]
 [0.6805136  0.31948638]
 [0.71316296 0.286837  ]
 [0.62794846 0.37205154]
 [0.27162728 0.7283727 ]
 [0.812966   0.18703407]
 [0.71477675 0.28522325]
 [0.7113622  0.2886378 ]
 [0.36700246 0.6329976 ]
 [0.86354756 0.1364525 ]
 [0.45009497 0.549905  ]
 [0.2896425  0.7103575 ]
 [0.7111049  0.28889513]
 [0.71241695 0.287583  ]
 [0.3005901  0.69940984]
 [0.28855726 0.71144277]
 [0.3372061  0.662794  ]
 [0.34889817 0.6511018 ]
 [0.5339893  0.46601072]
 [0.29009077 0.70990926]
 [0.3771829  0.6228171 ]
 [0.28887284 0.71112716]
 [0.7117003  0.2882997 ]
 [0.30155706 0.6984429 ]
 [0.7532222  0.24677779]
 [0.7118074  0.28819257]
 [0.30040503 0.69959503]
 [0.712938   0.28706208]
 [0.70708054 0.29291943]
 [0.3220487  0.6779513 ]
 [0.14936358 0.8506364 ]
 [0.27166867 0.7283314 ]
 [0.7113973  0.28860262]
 [0.7317353  0.26826474]
 [0.29667264 0.70332736]
 [0.30028394 0.6997161 ]
 [0.3141868  0.68581325]
 [0.8034401  0.19655986]
 [0.71093655 0.2890635 ]
 [0.30066675 0.69933325]
 [0.30187112 0.6981288 ]
 [0.30064857 0.6993514 ]
 [0.58990806 0.410092  ]
 [0.28893578 0.7110642 ]
 [0.19010973 0.8098902 ]
 [0.45132038 0.5486796 ]
 [0.7350177  0.2649823 ]
 [0.29045874 0.7095413 ]
 [0.2889457  0.71105427]
 [0.29951334 0.70048666]
 [0.8445319  0.15546805]
 [0.32216042 0.6778396 ]
 [0.7016709  0.29832911]
 [0.7056657  0.29433432]
 [0.70011604 0.29988405]
 [0.6995937  0.30040628]
 [0.28812897 0.71187097]
 [0.710367   0.28963304]
 [0.8032339  0.19676605]
 [0.7080544  0.29194564]
 [0.28893226 0.71106774]
 [0.31052855 0.6894715 ]
 [0.28892112 0.71107894]
 [0.715484   0.28451595]
 [0.7004731  0.29952687]
 [0.30026847 0.6997315 ]
 [0.22498259 0.77501744]
 [0.69857484 0.3014251 ]
 [0.27184498 0.728155  ]
 [0.7117139  0.28828612]
 [0.6966893  0.30331072]
 [0.2895695  0.71043044]
 [0.71292853 0.2870715 ]
 [0.3022072  0.69779277]
 [0.2888007  0.7111992 ]
 [0.7199358  0.2800642 ]
 [0.67454535 0.32545465]
 [0.7173373  0.28266263]
 [0.2889415  0.7110585 ]
 [0.28924814 0.7107519 ]
 [0.6998048  0.30019528]
 [0.6996058  0.30039424]
 [0.7110735  0.28892648]
 [0.37988836 0.6201117 ]
 [0.28305593 0.71694404]
 [0.6958564  0.30414358]
 [0.30146512 0.6985349 ]
 [0.2715799  0.7284201 ]
 [0.710467   0.289533  ]
 [0.27324912 0.7267509 ]
 [0.6927298  0.30727026]
 [0.708103   0.29189703]
 [0.30480582 0.6951942 ]
 [0.25614038 0.7438596 ]
 [0.29064134 0.70935863]
 [0.7014161  0.29858395]
 [0.3002283  0.6997717 ]
 [0.57113206 0.4288679 ]
 [0.156514   0.84348595]
 [0.2909831  0.7090169 ]
 [0.6996155  0.30038446]
 [0.2976086  0.7023914 ]
 [0.70447206 0.295528  ]
 [0.6998414  0.30015865]
 [0.64197326 0.3580268 ]
 [0.30650824 0.69349176]
 [0.26723248 0.7327675 ]
 [0.27170026 0.72829974]
 [0.7100523  0.28994766]
 [0.8263886  0.17361137]
 [0.7076115  0.29238844]
 [0.6999792  0.30002084]
 [0.4339644  0.5660357 ]
 [0.6978894  0.30211058]
 [0.893586   0.10641401]
 [0.25969937 0.7403006 ]
 [0.88479537 0.1152046 ]
 [0.28861624 0.7113838 ]
 [0.25649795 0.7435021 ]
 [0.3026362  0.6973638 ]
 [0.7423714  0.25762868]
 [0.45148814 0.54851186]
 [0.7086958  0.29130414]
 [0.3015297  0.69847023]
 [0.26477295 0.73522705]
 [0.25047454 0.7495254 ]
 [0.22528501 0.774715  ]
 [0.3029174  0.69708264]
 [0.71383417 0.2861658 ]
 [0.30526316 0.69473684]
 [0.23590234 0.7640977 ]
 [0.2909621  0.7090379 ]
 [0.86787605 0.13212395]
 [0.4158829  0.5841171 ]
 [0.46321088 0.5367891 ]
 [0.34467596 0.65532404]
 [0.34066564 0.65933436]
 [0.28851065 0.7114894 ]
 [0.8532743  0.1467257 ]
 [0.28760937 0.71239066]
 [0.7109143  0.28908575]
 [0.71118754 0.28881246]
 [0.7300059  0.26999408]
 [0.30028746 0.69971263]
 [0.28318518 0.7168148 ]
 [0.28523353 0.7147665 ]
 [0.29001513 0.7099849 ]
 [0.7693535  0.23064652]
 [0.22901736 0.7709826 ]
 [0.17414667 0.82585335]
 [0.28963593 0.71036404]
 [0.6813076  0.3186924 ]
 [0.6995349  0.30046514]
 [0.74255234 0.2574477 ]
 [0.66302377 0.33697623]
 [0.40220952 0.5977905 ]
 [0.41195825 0.5880417 ]
 [0.28890172 0.71109825]
 [0.7829477  0.2170523 ]
 [0.3028885  0.6971115 ]
 [0.3759719  0.6240281 ]
 [0.597419   0.40258095]
 [0.31978634 0.6802137 ]
 [0.6970655  0.30293453]
 [0.3536918  0.64630824]
 [0.7660607  0.23393932]
 [0.68760914 0.31239083]
 [0.29832572 0.7016742 ]
 [0.2798031  0.72019684]
 [0.7034521  0.29654786]
 [0.7030093  0.29699066]
 [0.598478   0.40152204]
 [0.7013973  0.2986027 ]
 [0.12110543 0.8788945 ]
 [0.5667016  0.4332984 ]
 [0.81260246 0.18739754]
 [0.29196835 0.70803165]
 [0.69751245 0.30248752]
 [0.30774334 0.6922567 ]
 [0.6944522  0.30554786]
 [0.674776   0.325224  ]
 [0.6757894  0.32421055]
 [0.3136809  0.6863191 ]
 [0.423656   0.57634395]
 [0.23825265 0.76174736]
 [0.17475192 0.82524806]
 [0.67587364 0.3241264 ]
 [0.31379628 0.68620366]
 [0.8282979  0.1717021 ]
 [0.6777348  0.32226527]
 [0.29209918 0.7079008 ]
 [0.23458305 0.7654169 ]
 [0.30281818 0.6971818 ]
 [0.37577513 0.62422484]
 [0.6783185  0.32168153]
 [0.23334299 0.76665705]
 [0.30293715 0.6970628 ]
 [0.6976249  0.30237508]
 [0.68761665 0.31238338]
 [0.69698215 0.30301788]
 [0.35927486 0.64072514]
 [0.6861902  0.3138098 ]
 [0.9347282  0.06527185]
 [0.5493884  0.45061165]
 [0.7114187  0.2885813 ]
 [0.6971016  0.30289844]
 [0.31928492 0.680715  ]
 [0.6962083  0.30379173]
 [0.2815885  0.7184115 ]
 [0.7255759  0.27442408]
 [0.697258   0.30274197]
 [0.6862405  0.3137595 ]
 [0.29934588 0.7006541 ]
 [0.24915214 0.75084794]
 [0.36435744 0.6356426 ]
 [0.69687486 0.30312517]
 [0.3127298  0.6872702 ]
 [0.69710183 0.30289814]
 [0.31388035 0.68611974]
 [0.6739189  0.3260811 ]
 [0.24762493 0.75237507]
 [0.69076383 0.30923626]
 [0.31379646 0.6862036 ]
 [0.6785246  0.32147536]
 [0.3070973  0.6929028 ]
 [0.28786153 0.7121385 ]
 [0.30288374 0.6971162 ]
 [0.300928   0.699072  ]
 [0.5990514  0.40094858]
 [0.6970676  0.3029324 ]
 [0.3090833  0.6909168 ]
 [0.34921154 0.65078855]
 [0.68621653 0.31378344]
 [0.31154123 0.6884588 ]
 [0.30690083 0.69309914]
 [0.31746072 0.6825392 ]
 [0.31097224 0.6890277 ]
 [0.28077292 0.7192271 ]
 [0.3133334  0.68666667]
 [0.29400146 0.70599854]
 [0.30380893 0.6961911 ]
 [0.69517726 0.30482274]
 [0.8399     0.16010003]
 [0.6812686  0.31873143]
 [0.33019915 0.6698009 ]
 [0.67874974 0.3212503 ]
 [0.27207515 0.7279248 ]
 [0.31515968 0.6848404 ]
 [0.2996426  0.70035744]
 [0.69702625 0.30297378]
 [0.31383336 0.6861667 ]
 [0.30499333 0.69500667]
 [0.6938686  0.30613145]
 [0.31349745 0.6865026 ]
 [0.35998172 0.6400183 ]
 [0.29873458 0.70126545]
 [0.29673323 0.70326674]
 [0.31237644 0.6876235 ]
 [0.32034084 0.6796591 ]
 [0.8829096  0.1170904 ]
 [0.7157221  0.28427792]
 [0.66550964 0.3344904 ]
 [0.24182883 0.75817114]
 [0.32276168 0.6772383 ]
 [0.43727285 0.5627272 ]
 [0.6936417  0.30635828]
 [0.67939574 0.32060423]
 [0.2727111  0.7272889 ]
 [0.3027856  0.6972144 ]
 [0.5966053  0.40339464]
 [0.69674224 0.30325773]
 [0.26100287 0.73899716]
 [0.6281616  0.3718384 ]
 [0.69711035 0.3028896 ]
 [0.6934402  0.3065599 ]
 [0.68591225 0.31408775]
 [0.69107294 0.30892706]
 [0.14137478 0.85862523]
 [0.2681973  0.73180276]
 [0.6878101  0.31218988]
 [0.3145376  0.6854624 ]
 [0.31023335 0.68976665]
 [0.30945793 0.6905421 ]
 [0.6797424  0.3202576 ]
 [0.3096517  0.69034827]
 [0.70522517 0.29477483]
 [0.7584693  0.24153069]
 [0.6549245  0.34507558]
 [0.41380975 0.5861903 ]
 [0.69024676 0.3097533 ]
 [0.07797597 0.922024  ]
 [0.32024115 0.67975885]
 [0.69031626 0.3096837 ]
 [0.32214823 0.67785174]
 [0.6797733  0.32022676]
 [0.6887344  0.3112656 ]
 [0.70811564 0.29188433]
 [0.68285614 0.3171438 ]
 [0.6887232  0.31127682]
 [0.3457724  0.6542276 ]
 [0.69411904 0.305881  ]
 [0.6998236  0.30017638]
 [0.3166897  0.6833103 ]
 [0.76630884 0.23369116]
 [0.69033915 0.3096608 ]
 [0.69144773 0.30855224]
 [0.3130511  0.68694896]
 [0.66133446 0.33866557]
 [0.4801235  0.5198765 ]
 [0.6760879  0.32391208]
 [0.23424304 0.76575696]
 [0.60784656 0.39215347]
 [0.6766789  0.32332113]
 [0.46183306 0.53816694]
 [0.6805977  0.31940228]
 [0.69796294 0.30203703]
 [0.32026476 0.67973524]
 [0.68467313 0.3153269 ]
 [0.40169036 0.5983097 ]
 [0.69065535 0.30934465]
 [0.6670511  0.33294898]
 [0.3498192  0.6501808 ]
 [0.3203276  0.6796724 ]
 [0.6903472  0.30965286]
 [0.81537145 0.18462858]
 [0.35870886 0.64129114]
 [0.58030105 0.41969898]
 [0.68048286 0.31951717]
 [0.30842292 0.691577  ]
 [0.6796058  0.32039416]
 [0.17124328 0.82875675]
 [0.5281621  0.47183788]
 [0.69405514 0.30594483]
 [0.30438566 0.69561434]
 [0.6798262  0.3201738 ]
 [0.30931473 0.6906853 ]
 [0.32025924 0.6797408 ]
 [0.6775394  0.32246056]
 [0.32106963 0.67893034]
 [0.25814238 0.7418576 ]
 [0.19144605 0.80855393]
 [0.2987791  0.7012209 ]
 [0.3074115  0.6925885 ]
 [0.32946447 0.6705355 ]
 [0.33858958 0.66141045]
 [0.6797425  0.32025746]
 [0.82557523 0.17442475]
 [0.30963126 0.6903688 ]
 [0.67959446 0.32040554]
 [0.31268668 0.6873134 ]
 [0.69484186 0.30515817]
 [0.67968595 0.32031405]
 [0.6926587  0.3073413 ]
 [0.9229484  0.07705162]
 [0.28443244 0.7155675 ]
 [0.5435097  0.45649034]
 [0.3380652  0.6619348 ]
 [0.35131255 0.6486874 ]
 [0.6883249  0.31167504]
 [0.32085282 0.67914724]
 [0.7138304  0.28616962]
 [0.6782537  0.3217463 ]
 [0.30043826 0.6995617 ]
 [0.2197607  0.7802392 ]
 [0.67966044 0.32033965]
 [0.3248399  0.67516005]
 [0.71144956 0.28855047]
 [0.32026947 0.6797306 ]
 [0.69051117 0.30948883]
 [0.6795581  0.3204419 ]
 [0.32034108 0.679659  ]
 [0.6667834  0.33321658]
 [0.6804017  0.31959835]
 [0.3096953  0.69030476]
 [0.6799173  0.32008272]
 [0.1986146  0.8013854 ]
 [0.6894919  0.310508  ]
 [0.67979866 0.3202013 ]
 [0.679741   0.32025898]
 [0.5173901  0.48260987]
 [0.60073894 0.39926103]
 [0.10145544 0.89854455]
 [0.30591837 0.69408166]
 [0.42740393 0.5725961 ]
 [0.31354025 0.6864597 ]
 [0.65902585 0.3409742 ]
 [0.6910757  0.3089244 ]
 [0.31372163 0.6862784 ]
 [0.6656197  0.3343803 ]
 [0.314113   0.68588704]
 [0.3202798  0.67972016]
 [0.27475214 0.72524786]
 [0.29135382 0.7086462 ]
 [0.66390723 0.33609277]
 [0.31926978 0.6807302 ]
 [0.19868357 0.80131644]
 [0.32029858 0.67970145]
 [0.5003345  0.49966547]
 [0.3121038  0.6878962 ]
 [0.67983216 0.32016784]
 [0.30244938 0.69755065]
 [0.6903537  0.30964628]
 [0.32678232 0.6732178 ]
 [0.3097381  0.6902619 ]
 [0.6455411  0.35445893]
 [0.850785   0.14921492]
 [0.31729093 0.6827091 ]
 [0.6909926  0.3090074 ]
 [0.32177004 0.67823005]
 [0.76602614 0.23397386]
 [0.18356991 0.8164301 ]
 [0.5102696  0.48973042]
 [0.8635047  0.13649535]
 [0.7564058  0.2435942 ]
 [0.69008464 0.30991536]
 [0.8261097  0.17389028]
 [0.6430975  0.35690245]
 [0.15416485 0.84583515]
 [0.6520297  0.3479704 ]
 [0.58661634 0.4133837 ]
 [0.6752641  0.32473582]
 [0.8313456  0.16865441]
 [0.30676815 0.69323194]
 [0.6897064  0.3102936 ]
 [0.69093645 0.3090636 ]
 [0.32035735 0.6796427 ]
 [0.36804417 0.6319558 ]
 [0.6238674  0.37613258]
 [0.6846349  0.31536517]
 [0.6817273  0.31827274]
 [0.30656394 0.6934361 ]
 [0.68528837 0.3147116 ]
 [0.40399584 0.5960042 ]
 [0.28233397 0.71766603]
 [0.3292999  0.67070013]
 [0.5327726  0.46722743]
 [0.74643624 0.2535638 ]
 [0.31399396 0.68600607]
 [0.17126632 0.8287337 ]
 [0.31934482 0.6806552 ]
 [0.41460532 0.5853946 ]
 [0.68492174 0.3150783 ]
 [0.3040583  0.6959417 ]
 [0.32063544 0.6793646 ]
 [0.6792938  0.3207062 ]
 [0.6790506  0.32094935]
 [0.6802693  0.31973076]
 [0.31416363 0.68583643]
 [0.15404947 0.84595054]
 [0.307708   0.692292  ]
 [0.6804768  0.31952325]
 [0.32025933 0.67974067]
 [0.32541844 0.6745816 ]
 [0.7273069  0.27269307]
 [0.32110402 0.678896  ]
 [0.60289234 0.39710772]
 [0.6493394  0.3506606 ]
 [0.6885664  0.3114336 ]
 [0.30941972 0.6905803 ]
 [0.62328583 0.3767142 ]
 [0.3192631  0.6807369 ]
 [0.68186265 0.3181373 ]
 [0.32377097 0.67622906]
 [0.80418444 0.19581552]
 [0.23650505 0.76349497]
 [0.32043755 0.6795624 ]
 [0.6812539  0.31874606]
 [0.71340024 0.28659976]
 [0.7204453  0.27955475]
 [0.35253367 0.64746636]
 [0.6863043  0.3136957 ]
 [0.72053796 0.27946207]
 [0.60403514 0.39596483]
 [0.2849753  0.71502477]
 [0.6770038  0.32299617]
 [0.30960757 0.69039243]
 [0.47609058 0.5239095 ]
 [0.69584745 0.3041526 ]
 [0.4951664  0.5048335 ]
 [0.31964862 0.6803514 ]
 [0.6680859  0.3319141 ]
 [0.6796321  0.32036787]
 [0.29176605 0.70823395]
 [0.64637965 0.3536203 ]
 [0.29950637 0.70049363]
 [0.3110104  0.6889896 ]
 [0.69024837 0.30975157]
 [0.8089761  0.19102392]
 [0.64396864 0.35603136]
 [0.30962995 0.6903701 ]
 [0.31876904 0.6812309 ]
 [0.55340046 0.4465995 ]
 [0.32012495 0.679875  ]
 [0.33238694 0.667613  ]
 [0.30895472 0.6910453 ]
 [0.2861579  0.7138421 ]
 [0.30023137 0.69976866]
 [0.3703647  0.6296353 ]
 [0.728028   0.27197197]
 [0.67741174 0.3225882 ]
 [0.31361267 0.6863874 ]
 [0.26893643 0.7310636 ]
 [0.53831893 0.46168107]
 [0.69479084 0.30520916]
 [0.83807737 0.16192268]
 [0.69034374 0.30965635]
 [0.6903373  0.3096627 ]
 [0.8672816  0.13271838]
 [0.26711133 0.7328887 ]
 [0.3202527  0.67974734]
 [0.6801856  0.31981438]
 [0.5433183  0.45668173]
 [0.32026565 0.6797344 ]
 [0.5930892  0.40691078]
 [0.6787501  0.32124993]
 [0.5210455  0.47895446]
 [0.6799796  0.32002044]
 [0.30990118 0.6900988 ]
 [0.3127927  0.68720734]
 [0.27089    0.72911006]
 [0.7428304  0.25716963]
 [0.27441737 0.72558266]
 [0.67963225 0.32036775]
 [0.14756198 0.852438  ]
 [0.336948   0.663052  ]
 [0.6348105  0.36518943]
 [0.74871063 0.25128934]
 [0.30889913 0.6911009 ]
 [0.672987   0.32701308]
 [0.51055664 0.48944342]
 [0.29346994 0.70653015]
 [0.18520805 0.8147919 ]
 [0.32036215 0.67963785]
 [0.33133554 0.66866446]
 [0.33180958 0.6681905 ]
 [0.24879618 0.75120384]
 [0.31721982 0.68278027]
 [0.68434083 0.31565922]
 [0.22892769 0.77107227]
 [0.6848548  0.31514516]
 [0.39399895 0.60600114]
 [0.60647726 0.39352268]
 [0.32600853 0.6739915 ]
 [0.5209908  0.47900927]
 [0.68505776 0.3149423 ]
 [0.6740051  0.3259949 ]
 [0.3144068  0.6855932 ]
 [0.22895655 0.7710434 ]
 [0.31943476 0.6805653 ]
 [0.6753879  0.3246121 ]
 [0.76602805 0.23397203]
 [0.63510346 0.3648965 ]
 [0.35929194 0.640708  ]
 [0.67414993 0.32585004]
 [0.29882953 0.7011705 ]
 [0.38241667 0.6175834 ]
 [0.44003245 0.5599675 ]
 [0.32442755 0.6755725 ]
 [0.5247625  0.47523755]
 [0.2977222  0.70227784]
 [0.641997   0.35800302]
 [0.7419714  0.2580287 ]
 [0.39153087 0.6084691 ]
 [0.32659668 0.6734033 ]
 [0.31446454 0.68553543]
 [0.23418126 0.7658187 ]
 [0.32436728 0.6756327 ]
 [0.7184394  0.28156057]
 [0.2698735  0.73012656]
 [0.77397037 0.22602968]
 [0.673367   0.326633  ]
 [0.3166861  0.68331397]
 [0.6857947  0.3142053 ]
 [0.31497875 0.68502134]
 [0.13824691 0.8617531 ]
 [0.46087188 0.5391281 ]
 [0.325856   0.67414397]
 [0.32598302 0.674017  ]
 [0.31590754 0.6840924 ]
 [0.31816527 0.6818348 ]
 [0.3019659  0.6980341 ]
 [0.30049214 0.6995079 ]
 [0.31544647 0.68455356]
 [0.3209564  0.6790436 ]
 [0.65939397 0.34060606]
 [0.6858077  0.31419232]
 [0.68461704 0.31538305]
 [0.31533736 0.6846626 ]
 [0.40385133 0.59614867]
 [0.54734176 0.4526582 ]
 [0.32627827 0.6737218 ]
 [0.67399836 0.32600164]
 [0.23010112 0.7698989 ]
 [0.31497648 0.68502355]
 [0.2692362  0.73076373]
 [0.7688953  0.2311047 ]
 [0.7394503  0.2605497 ]
 [0.5993016  0.40069833]
 [0.7232101  0.27678993]
 [0.48897403 0.51102597]
 [0.41873103 0.5812689 ]
 [0.3260031  0.6739969 ]
 [0.32312846 0.6768716 ]
 [0.7166872  0.28331277]
 [0.32600027 0.6739998 ]
 [0.4624848  0.5375152 ]
 [0.30794454 0.6920554 ]
 [0.30714795 0.6928521 ]
 [0.32632613 0.67367387]
 [0.3164934  0.68350667]
 [0.6726509  0.32734916]
 [0.35430476 0.64569527]
 [0.52470636 0.47529358]
 [0.657264   0.342736  ]
 [0.68443805 0.3155619 ]
 [0.678869   0.32113096]
 [0.67403257 0.3259674 ]
 [0.33772075 0.66227925]
 [0.31435448 0.6856455 ]
 [0.3144216  0.68557835]
 [0.5691685  0.43083155]
 [0.6657977  0.3342023 ]
 [0.51707315 0.4829268 ]
 [0.6759238  0.32407618]
 [0.6037609  0.3962391 ]
 [0.3277749  0.6722252 ]
 [0.47392341 0.5260766 ]
 [0.62579226 0.37420776]
 [0.4627549  0.5372451 ]
 [0.72282255 0.27717745]
 [0.8018493  0.19815072]]
/home/gb21553/miniconda3/envs/jax/lib/python3.12/multiprocessing/popen_fork.py:66: RuntimeWarning: os.fork() was called. os.fork() is incompatible with multithreaded code, and JAX is multithreaded, so this will likely lead to a deadlock.
  self.pid = os.fork()
        Validation Criterion: 3755.27294922
✔️ Gating k-means converged after 1 iterations
✔️ Gating k-means converged after 1 iterations
✔️ Gating k-means converged after 1 iterations
✔️ Gating k-means converged after 1 iterations
✔️ Gating k-means converged after 1 iterations
09:55:34      Epoch:   0      Batch:   0      OuterStep:  16      LossModel: 5180.81298828     LossTerm2: 0.00000000     LossGates: 0.00000000      Time/Step(s): 1819.2473Contributing envs to the losses:  [607 638 821 820 716 604 619 738 634 801 701 683 722 772 691 729 405 667 615 792 536 673 746 630 647 616 514 556 589 613 739 929 854 859 852 901 512 567 585 887 564 478 544 520 588 532 530 492 525 522 487 558 494 485 900  36  18 155 313  37 305 782 622 343  23 107 466 372  92 247 367 225 406 227 384 602 154 206 322 217 353 403 456 327  51  20 242  52  41 259  47 397 455 189 163  29 652 211 148 120 187  96 106 340 210 337 328 188 390  58 167 387  22 239 944 378 195 818 918 342 392 347 733 280 768  49 173 321  46 162 795 783 193 170 224 560  53 681 786 443 620 495 185 724 308 760  21 751  10 627 213 233 295 524 199 361 484 297  44 220 798 103 856 274 641 473 731 374 156 803 591 728 273 802 912 646 412 670  83 830 726 787 101 770 281 936 785 543 719 618  77 712 419 476  64 128 765   4 339 734 489 819  68 730 829 628 302 352  31 449 427 700  75 791 228 480 826 675 771 470 132 828 229 131 774 216 743 324 876 166 633 271 736 877 515 942 250 177 930 475 320 503 175 858 672 453 333 870 708 789 141 238 920 865 501 277 741 629 940 839 848 899 624 366 776 735 509 781 831 692 849 761 714 684 857 891 759 824 931 685 705 868 827 906 766 651 682 916 711 598 693 660 609 919 606 881 663 679 666 637 632 796 837 892 689 769 807 847 687 925 642 576 775 631 777 644 676 814 740 744 649 794 758 538 477 709 674 142 780 825 767 905 860 617 756 581 573 762 451 521 833 752 935 898 610 806 702 917 843 590 562 391 755 260 653 479 568 531 927 665 565 502 533 537 516 547 497 526 867 723 534 551 594 805  80 699 461 548 773 550 754 513 264 664 928 116 601 309 717  67 813 493 799 553 248 442 713 570 915 600  14 640 910  88 388 203 293 580 147 299 656 878 432 235 866  99  11 294 143 160 686 351 922  32 420 407 306 496 349 332 292 204  66 304 469 109 207 435 129 200 198 612 100  54 418 481 875 400 356  28 108  13 382  42 149 380 611  27 329 137 290 123 279 288 144  65 314 341 190 523 467  33 135]
Gate kernel values: 
 [[ 71.699615  -71.66092  ]
 [ -1.5508308   3.0870285]]
The factor: how much of the new gate kernel do I used ? [0.001]
Gate values for each environment (all envs): 
 [[0.2913335  0.7086665 ]
 [0.2800168  0.7199832 ]
 [0.29145956 0.70854044]
 [0.3030515  0.69694847]
 [0.61739635 0.38260365]
 [0.29097837 0.7090216 ]
 [0.69659317 0.3034069 ]
 [0.7096595  0.29034045]
 [0.28713977 0.71286017]
 [0.30693933 0.69306076]
 [0.74631786 0.25368214]
 [0.68967795 0.31032202]
 [0.52961063 0.4703893 ]
 [0.6978514  0.30214858]
 [0.3153156  0.6846844 ]
 [0.4070551  0.59294486]
 [0.2913967  0.70860326]
 [0.3246258  0.6753742 ]
 [0.6896141  0.31038588]
 [0.30301502 0.69698495]
 [0.70862395 0.29137602]
 [0.71928394 0.28071606]
 [0.7083957  0.29160434]
 [0.70207    0.29793003]
 [0.29139507 0.7086049 ]
 [0.7034024  0.29659766]
 [0.29164508 0.7083549 ]
 [0.30184045 0.6981595 ]
 [0.69420356 0.30579644]
 [0.7086269  0.291373  ]
 [0.22342128 0.7765787 ]
 [0.8581944  0.14180563]
 [0.30708748 0.6929125 ]
 [0.69699335 0.30300662]
 [0.62259626 0.37740377]
 [0.32809633 0.6719037 ]
 [0.6859097  0.3140903 ]
 [0.69988835 0.3001117 ]
 [0.72921705 0.27078295]
 [0.29139668 0.7086033 ]
 [0.6969411  0.30305892]
 [0.7086066  0.29139346]
 [0.29562998 0.7043701 ]
 [0.19508931 0.8049106 ]
 [0.7492768  0.25072315]
 [0.2693352  0.73066485]
 [0.6478577  0.3521423 ]
 [0.7086078  0.29139227]
 [0.33783704 0.662163  ]
 [0.64658237 0.35341772]
 [0.6983577  0.3016423 ]
 [0.70856565 0.2914344 ]
 [0.70860356 0.29139635]
 [0.66391754 0.33608246]
 [0.30238912 0.6976109 ]
 [0.19167282 0.8083272 ]
 [0.2930679  0.7069321 ]
 [0.28650537 0.71349466]
 [0.70783216 0.2921679 ]
 [0.6970142  0.30298573]
 [0.7106481  0.28935197]
 [0.27060378 0.7293962 ]
 [0.29011402 0.709886  ]
 [0.69739187 0.30260813]
 [0.47758564 0.52241427]
 [0.30318668 0.6968133 ]
 [0.6536978  0.34630224]
 [0.54572415 0.45427585]
 [0.5878637  0.41213626]
 [0.6495975  0.35040238]
 [0.1571271  0.84287286]
 [0.7138606  0.2861395 ]
 [0.8317205  0.16827956]
 [0.7179296  0.28207037]
 [0.30304435 0.6969556 ]
 [0.81329536 0.18670464]
 [0.6969748  0.30302516]
 [0.63759744 0.36240262]
 [0.69697237 0.30302766]
 [0.76676553 0.23323444]
 [0.6870334  0.3129666 ]
 [0.2914085  0.7085915 ]
 [0.29139194 0.7086081 ]
 [0.68079716 0.31920278]
 [0.23677583 0.7632241 ]
 [0.3722406  0.6277594 ]
 [0.2714078  0.72859216]
 [0.3030188  0.69698113]
 [0.3031248  0.6968752 ]
 [0.6957402  0.30425978]
 [0.7979319  0.2020681 ]
 [0.30422688 0.6957731 ]
 [0.70533925 0.29466075]
 [0.28152016 0.7184798 ]
 [0.8999606  0.10003939]
 [0.28912222 0.7108778 ]
 [0.70887256 0.29112738]
 [0.29141715 0.7085828 ]
 [0.30294693 0.6970531 ]
 [0.65621996 0.34378   ]
 [0.6957735  0.30422652]
 [0.5938144  0.40618557]
 [0.29429203 0.70570797]
 [0.7521662  0.2478338 ]
 [0.28971297 0.710287  ]
 [0.29221216 0.7077878 ]
 [0.70931995 0.29068005]
 [0.6915439  0.30845618]
 [0.6966321  0.30336794]
 [0.30939624 0.6906038 ]
 [0.32214978 0.67785025]
 [0.69749117 0.30250883]
 [0.60281444 0.39718553]
 [0.3195773  0.68042266]
 [0.40981326 0.5901868 ]
 [0.6976057  0.3023942 ]
 [0.66635525 0.33364472]
 [0.69711214 0.30288783]
 [0.3482757  0.6517243 ]
 [0.88873607 0.11126393]
 [0.7093371  0.29066285]
 [0.30286556 0.6971345 ]
 [0.29566705 0.704333  ]
 [0.30305672 0.6969432 ]
 [0.28847384 0.71152616]
 [0.28825164 0.71174836]
 [0.06850715 0.9314928 ]
 [0.32358804 0.6764119 ]
 [0.47171235 0.52828765]
 [0.6971275  0.3028725 ]
 [0.29191652 0.70808345]
 [0.41022018 0.58977985]
 [0.52932733 0.47067267]
 [0.74841964 0.25158042]
 [0.57405514 0.42594486]
 [0.30304605 0.69695395]
 [0.45877704 0.541223  ]
 [0.3030019  0.6969981 ]
 [0.29122898 0.70877105]
 [0.27824005 0.72176003]
 [0.29110593 0.7088941 ]
 [0.6677412  0.33225882]
 [0.5357731  0.46422693]
 [0.68791133 0.3120887 ]
 [0.69667256 0.3033274 ]
 [0.29809576 0.70190424]
 [0.30271077 0.69728917]
 [0.3072883  0.6927117 ]
 [0.70868033 0.2913197 ]
 [0.69767684 0.30232313]
 [0.29493293 0.70506716]
 [0.2596065  0.74039346]
 [0.69697076 0.30302915]
 [0.87427014 0.12572989]
 [0.7085591  0.29144084]
 [0.68486685 0.31513312]
 [0.5459846  0.45401543]
 [0.29099765 0.7090023 ]
 [0.20280033 0.7971997 ]
 [0.41753143 0.58246857]
 [0.362296   0.6377041 ]
 [0.7089104  0.29108953]
 [0.7064648  0.29353517]
 [0.70848763 0.2915124 ]
 [0.90296286 0.0970372 ]
 [0.5260129  0.4739871 ]
 [0.39236045 0.6076395 ]
 [0.7106738  0.28932622]
 [0.29151514 0.7084848 ]
 [0.6768974  0.32310265]
 [0.6687621  0.3312379 ]
 [0.30307284 0.6969272 ]
 [0.07905636 0.9209437 ]
 [0.6587111  0.34128898]
 [0.87488097 0.12511906]
 [0.3586403  0.6413597 ]
 [0.7211088  0.27889118]
 [0.42811188 0.5718881 ]
 [0.29168153 0.7083185 ]
 [0.2900955  0.7099045 ]
 [0.5018163  0.49818373]
 [0.6896087  0.31039125]
 [0.31760755 0.6823924 ]
 [0.18282352 0.81717646]
 [0.2910634  0.70893663]
 [0.7027201  0.2972799 ]
 [0.27310422 0.72689575]
 [0.70852154 0.29147848]
 [0.70956004 0.29044002]
 [0.70860225 0.2913977 ]
 [0.696963   0.30303702]
 [0.85821193 0.14178804]
 [0.69155043 0.3084496 ]
 [0.70671105 0.29328895]
 [0.519703   0.48029703]
 [0.70897657 0.29102346]
 [0.525095   0.47490495]
 [0.32026187 0.67973816]
 [0.30482927 0.69517076]
 [0.7184309  0.2815691 ]
 [0.6946845  0.30531546]
 [0.6967818  0.3032182 ]
 [0.71124494 0.28875503]
 [0.30805343 0.69194657]
 [0.6308837  0.36911637]
 [0.29418156 0.7058185 ]
 [0.7085119  0.29148805]
 [0.3090237  0.6909763 ]
 [0.70705074 0.2929493 ]
 [0.2914825  0.70851743]
 [0.7092243  0.2907757 ]
 [0.7087359  0.2912641 ]
 [0.8700488  0.12995113]
 [0.63136667 0.36863333]
 [0.30222675 0.6977733 ]
 [0.30373988 0.6962601 ]
 [0.498074   0.50192595]
 [0.7152414  0.28475872]
 [0.3020862  0.69791377]
 [0.27362248 0.72637755]
 [0.7622774  0.23772256]
 [0.46150598 0.5384941 ]
 [0.26520607 0.734794  ]
 [0.2881003  0.71189976]
 [0.7180756  0.28192437]
 [0.7119587  0.28804123]
 [0.2914649  0.70853513]
 [0.71033347 0.28966647]
 [0.8074525  0.19254752]
 [0.86115265 0.13884734]
 [0.4824776  0.51752234]
 [0.29137236 0.70862764]
 [0.291375   0.708625  ]
 [0.7156639  0.28433606]
 [0.7443867  0.25561336]
 [0.30148813 0.6985119 ]
 [0.30299756 0.6970024 ]
 [0.16001144 0.8399886 ]
 [0.3362427  0.6637573 ]
 [0.7111663  0.28883362]
 [0.30541015 0.69458985]
 [0.2878645  0.7121355 ]
 [0.7086031  0.29139692]
 [0.69818777 0.3018122 ]
 [0.8832797  0.11672024]
 [0.3031263  0.69687366]
 [0.7471957  0.25280425]
 [0.70198685 0.29801312]
 [0.5984643  0.40153566]
 [0.11368076 0.8863192 ]
 [0.83147466 0.1685254 ]
 [0.31005293 0.6899471 ]
 [0.29097897 0.70902103]
 [0.26597977 0.7340203 ]
 [0.69736767 0.30263236]
 [0.2929924  0.70700765]
 [0.5385831  0.461417  ]
 [0.30307144 0.6969285 ]
 [0.6970278  0.30297214]
 [0.7086026  0.29139733]
 [0.37248874 0.6275113 ]
 [0.2903089  0.7096911 ]
 [0.2941123  0.7058877 ]
 [0.29139695 0.70860296]
 [0.45135385 0.5486461 ]
 [0.2915585  0.70844156]
 [0.30302998 0.69697   ]
 [0.2570563  0.74294364]
 [0.13245559 0.8675444 ]
 [0.824559   0.17544106]
 [0.28981346 0.7101866 ]
 [0.72277486 0.27722517]
 [0.33086303 0.66913694]
 [0.7050369  0.29496315]
 [0.6973889  0.30261108]
 [0.63154644 0.36845356]
 [0.18424089 0.81575906]
 [0.5526202  0.44737983]
 [0.29213154 0.70786846]
 [0.6967883  0.30321166]
 [0.706468   0.293532  ]
 [0.81513065 0.1848694 ]
 [0.82661104 0.17338891]
 [0.6969712  0.30302882]
 [0.29139552 0.70860445]
 [0.25188497 0.74811506]
 [0.2852526  0.71474737]
 [0.68233514 0.31766486]
 [0.30319172 0.6968083 ]
 [0.2540712  0.7459288 ]
 [0.6967592  0.30324078]
 [0.6964495  0.3035504 ]
 [0.6968967  0.30310336]
 [0.30319    0.69681   ]
 [0.6996027  0.3003973 ]
 [0.67511654 0.32488346]
 [0.2593483  0.7406517 ]
 [0.7285689  0.2714311 ]
 [0.70557266 0.2944274 ]
 [0.2945405  0.7054595 ]
 [0.28374645 0.7162535 ]
 [0.18906847 0.8109315 ]
 [0.5964749  0.40352514]
 [0.29106802 0.708932  ]
 [0.69455683 0.3054432 ]
 [0.67787015 0.32212985]
 [0.72012633 0.2798737 ]
 [0.55106026 0.44893974]
 [0.649995   0.35000497]
 [0.6823167  0.3176833 ]
 [0.30303237 0.6969676 ]
 [0.86518264 0.13481739]
 [0.8322217  0.16777836]
 [0.71161735 0.2883826 ]
 [0.30318302 0.696817  ]
 [0.24173349 0.75826645]
 [0.6771511  0.32284892]
 [0.7099636  0.2900364 ]
 [0.60380363 0.39619634]
 [0.27450633 0.7254937 ]
 [0.8394672  0.16053271]
 [0.711824   0.28817603]
 [0.70859236 0.29140767]
 [0.34637022 0.6536298 ]
 [0.87926203 0.12073804]
 [0.46375653 0.5362435 ]
 [0.29212224 0.70787776]
 [0.70863926 0.2913607 ]
 [0.7112239  0.28877607]
 [0.30322516 0.6967749 ]
 [0.29164523 0.7083547 ]
 [0.3407248  0.6592752 ]
 [0.3485117  0.6514883 ]
 [0.53389704 0.466103  ]
 [0.29246908 0.7075309 ]
 [0.40320852 0.59679145]
 [0.29133052 0.7086694 ]
 [0.7092235  0.29077646]
 [0.30411282 0.69588715]
 [0.7949352  0.20506473]
 [0.7093365  0.29066345]
 [0.3030269  0.696973  ]
 [0.7104471  0.28955293]
 [0.70456874 0.29543123]
 [0.3263917  0.6736083 ]
 [0.14818232 0.8518176 ]
 [0.2740801  0.7259199 ]
 [0.7089406  0.29105935]
 [0.7293381  0.27066192]
 [0.2990283  0.70097166]
 [0.30291793 0.6970821 ]
 [0.31490037 0.68509966]
 [0.8240636  0.17593645]
 [0.7084556  0.29154435]
 [0.3032951  0.6967049 ]
 [0.3078301  0.69216985]
 [0.30329463 0.6967054 ]
 [0.54602796 0.45397198]
 [0.29140052 0.7085995 ]
 [0.19329871 0.8067013 ]
 [0.4527997  0.5472003 ]
 [0.736773   0.263227  ]
 [0.29295924 0.7070408 ]
 [0.29141474 0.70858526]
 [0.30215806 0.6978419 ]
 [0.84164    0.15836003]
 [0.33068603 0.669314  ]
 [0.69919866 0.30080137]
 [0.70358384 0.29641613]
 [0.6974665  0.3025335 ]
 [0.6969696  0.3030304 ]
 [0.29145247 0.7085475 ]
 [0.70881945 0.29118055]
 [0.78467375 0.21532626]
 [0.7056502  0.29434982]
 [0.29139704 0.70860296]
 [0.3136477  0.6863524 ]
 [0.2913828  0.7086172 ]
 [0.71302646 0.2869735 ]
 [0.6978385  0.30216143]
 [0.30288714 0.69711286]
 [0.22738262 0.77261734]
 [0.6959172  0.3040828 ]
 [0.27370185 0.7262981 ]
 [0.70923394 0.29076603]
 [0.6943549  0.3056452 ]
 [0.29203588 0.7079642 ]
 [0.710457   0.28954303]
 [0.3047819  0.695218  ]
 [0.29127386 0.7087261 ]
 [0.72747344 0.2725266 ]
 [0.6716902  0.3283098 ]
 [0.7165258  0.28347427]
 [0.29140612 0.7085939 ]
 [0.2916504  0.7083496 ]
 [0.69717735 0.30282262]
 [0.6969817  0.30301827]
 [0.7086081  0.29139194]
 [0.38172677 0.61827326]
 [0.28605145 0.71394855]
 [0.6931189  0.30688116]
 [0.30413365 0.69586635]
 [0.2749031  0.72509694]
 [0.7079818  0.2920182 ]
 [0.27602136 0.72397864]
 [0.69033915 0.30966085]
 [0.7057315  0.29426855]
 [0.30820474 0.6917953 ]
 [0.2589417  0.7410583 ]
 [0.29288635 0.7071136 ]
 [0.6988169  0.3011831 ]
 [0.30284795 0.697152  ]
 [0.5701258  0.4298742 ]
 [0.1597226  0.84027743]
 [0.29095042 0.7090496 ]
 [0.696991   0.30300894]
 [0.3002804  0.6997196 ]
 [0.70179796 0.29820198]
 [0.69721764 0.30278242]
 [0.63926107 0.36073893]
 [0.30916882 0.69083124]
 [0.27688295 0.723117  ]
 [0.27234012 0.7276599 ]
 [0.7078256  0.2921744 ]
 [0.8721786  0.12782139]
 [0.7047939  0.29520613]
 [0.697499   0.302501  ]
 [0.4315994  0.5684006 ]
 [0.7152754  0.28472462]
 [0.8998855  0.10011455]
 [0.2619523  0.7380476 ]
 [0.89552677 0.10447322]
 [0.29126677 0.7087332 ]
 [0.2588287  0.7411713 ]
 [0.30520386 0.6947962 ]
 [0.71776026 0.28223974]
 [0.4519857  0.5480143 ]
 [0.70413476 0.29586524]
 [0.30466148 0.6953385 ]
 [0.26751763 0.7324824 ]
 [0.25314787 0.74685216]
 [0.22838801 0.7716119 ]
 [0.30988467 0.69011533]
 [0.7114205  0.2885795 ]
 [0.30781513 0.69218487]
 [0.23756376 0.7624363 ]
 [0.29285765 0.7071423 ]
 [0.8711147  0.12888528]
 [0.42173466 0.5782653 ]
 [0.46449825 0.53550184]
 [0.36135772 0.63864225]
 [0.34258378 0.6574162 ]
 [0.29102266 0.70897734]
 [0.8851153  0.11488464]
 [0.29011926 0.7098807 ]
 [0.70853245 0.29146746]
 [0.7087355  0.29126444]
 [0.7405148  0.2594852 ]
 [0.3029117  0.6970883 ]
 [0.28645733 0.71354276]
 [0.2884456  0.7115544 ]
 [0.32615337 0.6738466 ]
 [0.7885844  0.21141553]
 [0.22959755 0.7704025 ]
 [0.16628014 0.8337199 ]
 [0.2926734  0.70732665]
 [0.6786734  0.32132664]
 [0.6969051  0.30309492]
 [0.73928    0.26071995]
 [0.65620303 0.34379703]
 [0.4029945  0.5970055 ]
 [0.410477   0.589523  ]
 [0.29136452 0.7086355 ]
 [0.7698974  0.23010261]
 [0.30522835 0.69477165]
 [0.37768507 0.6223149 ]
 [0.59993756 0.40006238]
 [0.32228714 0.6777128 ]
 [0.69472617 0.30527386]
 [0.36824802 0.63175195]
 [0.7632188  0.23678121]
 [0.68500453 0.31499544]
 [0.29928184 0.70071816]
 [0.28235844 0.71764153]
 [0.7012936  0.2987064 ]
 [0.70000523 0.29999477]
 [0.59925264 0.4007473 ]
 [0.698957   0.3010429 ]
 [0.12141448 0.8785855 ]
 [0.566604   0.43339598]
 [0.8094564  0.19054356]
 [0.29309648 0.7069036 ]
 [0.6952789  0.3047211 ]
 [0.31078383 0.6892162 ]
 [0.6920139  0.30798605]
 [0.67012596 0.32987407]
 [0.6731857  0.3268143 ]
 [0.3161035  0.68389654]
 [0.40215293 0.59784704]
 [0.2402226  0.75977737]
 [0.17766902 0.82233095]
 [0.6737706  0.32622936]
 [0.31623164 0.6837684 ]
 [0.82334834 0.17665163]
 [0.6718747  0.3281253 ]
 [0.2944601  0.70553994]
 [0.23248452 0.7675155 ]
 [0.3151332  0.6848668 ]
 [0.36785445 0.6321455 ]
 [0.67574275 0.3242573 ]
 [0.23599006 0.7640099 ]
 [0.3052791  0.69472086]
 [0.6923255  0.3076745 ]
 [0.68499494 0.31500506]
 [0.6946433  0.30535665]
 [0.36163464 0.63836545]
 [0.68370956 0.3162904 ]
 [0.94119567 0.05880431]
 [0.54795    0.45204997]
 [0.7090536  0.29094642]
 [0.69476277 0.30523723]
 [0.3217245  0.6782755 ]
 [0.69384074 0.30615926]
 [0.2842749  0.7157252 ]
 [0.64756185 0.35243812]
 [0.6949207  0.3050793 ]
 [0.6837643  0.31623578]
 [0.30244285 0.6975572 ]
 [0.2516373  0.7483627 ]
 [0.38807723 0.6119228 ]
 [0.6946105  0.3053895 ]
 [0.31521273 0.6847873 ]
 [0.6947629  0.3052371 ]
 [0.31648433 0.6835157 ]
 [0.67151827 0.32848173]
 [0.251528   0.74847203]
 [0.68860364 0.31139633]
 [0.3162793  0.68372065]
 [0.675533   0.32446697]
 [0.309121   0.69087905]
 [0.29395396 0.70604604]
 [0.30522263 0.69477737]
 [0.30276048 0.69723946]
 [0.59794164 0.4020584 ]
 [0.69472903 0.30527103]
 [0.31188866 0.6881113 ]
 [0.3507036  0.6492964 ]
 [0.6837336  0.3162664 ]
 [0.31404826 0.68595177]
 [0.30886313 0.6911369 ]
 [0.32495466 0.6750453 ]
 [0.3132873  0.68671274]
 [0.2859313  0.7140687 ]
 [0.31579968 0.68420035]
 [0.30417585 0.6958242 ]
 [0.30613586 0.69386417]
 [0.6920053  0.30799475]
 [0.835801   0.16419895]
 [0.67801946 0.32198054]
 [0.33204696 0.66795313]
 [0.67822254 0.3217774 ]
 [0.27547333 0.7245267 ]
 [0.31767097 0.68232906]
 [0.3019094  0.6980906 ]
 [0.6946869  0.30531317]
 [0.31631485 0.6836852 ]
 [0.30728585 0.6927142 ]
 [0.6914376  0.30856243]
 [0.31598368 0.68401635]
 [0.35306606 0.6469339 ]
 [0.3015188  0.69848114]
 [0.2991029  0.7008971 ]
 [0.3148942  0.6851058 ]
 [0.3227627  0.67723733]
 [0.8824334  0.11756654]
 [0.71653533 0.28346464]
 [0.6750556  0.32494432]
 [0.23755853 0.76244146]
 [0.32427543 0.67572457]
 [0.44389725 0.55610275]
 [0.69278264 0.30721733]
 [0.67723185 0.3227682 ]
 [0.2729718  0.72702825]
 [0.30512545 0.6948745 ]
 [0.6262092  0.37379083]
 [0.69439304 0.30560693]
 [0.25965965 0.7403403 ]
 [0.62746453 0.37253556]
 [0.69477147 0.30522856]
 [0.6911531  0.30884692]
 [0.68385154 0.31614846]
 [0.6875596  0.3124404 ]
 [0.1444476  0.8555524 ]
 [0.27171817 0.72828186]
 [0.68535256 0.31464744]
 [0.31608343 0.6839166 ]
 [0.31250498 0.68749505]
 [0.31171715 0.6882829 ]
 [0.67733246 0.32266754]
 [0.3119241  0.68807584]
 [0.7091517  0.29084828]
 [0.7539525  0.24604748]
 [0.65122056 0.34877944]
 [0.41115397 0.5888461 ]
 [0.68818706 0.31181297]
 [0.08008486 0.91991514]
 [0.32265192 0.6773481 ]
 [0.68804437 0.31195563]
 [0.3129874  0.6870126 ]
 [0.6773661  0.32263392]
 [0.68625003 0.31374994]
 [0.7046999  0.29530007]
 [0.6804587  0.31954128]
 [0.6862416  0.31375834]
 [0.35273406 0.6472659 ]
 [0.6915866  0.3084134 ]
 [0.69733053 0.30266947]
 [0.3189375  0.68106246]
 [0.76373285 0.23626718]
 [0.6880663  0.31193367]
 [0.73844576 0.2615542 ]
 [0.3086844  0.69131553]
 [0.66087186 0.33912817]
 [0.47734576 0.5226542 ]
 [0.6741923  0.32580772]
 [0.23383576 0.76616424]
 [0.5998077  0.40019226]
 [0.68403333 0.31596664]
 [0.4564186  0.5435813 ]
 [0.6782341  0.32176593]
 [0.69562274 0.30437723]
 [0.32266843 0.67733157]
 [0.68226343 0.31773654]
 [0.4032044  0.5967955 ]
 [0.6883683  0.31163165]
 [0.66902596 0.33097407]
 [0.35104302 0.6489569 ]
 [0.32273754 0.6772624 ]
 [0.6880728  0.31192723]
 [0.8126275  0.18737249]
 [0.34989554 0.6501044 ]
 [0.5771521  0.42284796]
 [0.67819184 0.32180813]
 [0.31102505 0.6889749 ]
 [0.67718536 0.32281467]
 [0.17281279 0.8271872 ]
 [0.5285552  0.47144482]
 [0.69215554 0.30784446]
 [0.30655828 0.69344175]
 [0.67740464 0.3225953 ]
 [0.31162366 0.68837637]
 [0.32266915 0.67733085]
 [0.6755926  0.3244073 ]
 [0.3234401  0.6765599 ]
 [0.25861478 0.7413852 ]
 [0.19331163 0.80668837]
 [0.30137977 0.6986202 ]
 [0.30971122 0.69028884]
 [0.33101618 0.6689838 ]
 [0.3409315  0.6590685 ]
 [0.677333   0.32266697]
 [0.82142407 0.17857593]
 [0.31189576 0.6881043 ]
 [0.67723083 0.32276922]
 [0.31493992 0.68506014]
 [0.6936968  0.30630326]
 [0.6772775  0.32272252]
 [0.69040495 0.30959508]
 [0.94124967 0.05875034]
 [0.28571388 0.71428615]
 [0.54443175 0.45556816]
 [0.34010836 0.6598916 ]
 [0.35304096 0.646959  ]
 [0.6859839  0.31401613]
 [0.3232478  0.67675227]
 [0.7384104  0.2615896 ]
 [0.6755153  0.3244847 ]
 [0.30221665 0.69778335]
 [0.22229819 0.77770185]
 [0.677248   0.32275206]
 [0.3278267  0.6721733 ]
 [0.7075277  0.29247236]
 [0.32268488 0.6773151 ]
 [0.68824077 0.31175926]
 [0.6771403  0.32285973]
 [0.32276165 0.6772384 ]
 [0.66458666 0.33541334]
 [0.67804    0.32196   ]
 [0.31196052 0.68803954]
 [0.6775256  0.3224744 ]
 [0.20607735 0.79392266]
 [0.68721366 0.3127864 ]
 [0.67739105 0.32260898]
 [0.67733085 0.32266915]
 [0.49142715 0.5085729 ]
 [0.6081158  0.39188427]
 [0.10496859 0.89503133]
 [0.30817413 0.69182587]
 [0.4280872  0.57191277]
 [0.3115874  0.6884126 ]
 [0.657302   0.342698  ]
 [0.6887975  0.3112025 ]
 [0.3158997  0.6841003 ]
 [0.661614   0.33838603]
 [0.3154642  0.68453586]
 [0.32268953 0.67731047]
 [0.28125829 0.71874166]
 [0.29415384 0.70584613]
 [0.66162884 0.33837122]
 [0.32172924 0.6782707 ]
 [0.20169938 0.7983007 ]
 [0.32270423 0.6772958 ]
 [0.4997219  0.5002781 ]
 [0.311276   0.68872404]
 [0.6774122  0.3225878 ]
 [0.3042632  0.6957368 ]
 [0.68808126 0.31191877]
 [0.33010882 0.6698912 ]
 [0.31203032 0.6879697 ]
 [0.6537502  0.34624988]
 [0.85366917 0.14633085]
 [0.32077265 0.67922735]
 [0.6888654  0.3111345 ]
 [0.32700613 0.67299396]
 [0.76405084 0.23594917]
 [0.16827841 0.8317216 ]
 [0.51306134 0.48693871]
 [0.86991376 0.13008629]
 [0.75316584 0.24683416]
 [0.6878056  0.31219444]
 [0.8265528  0.1734471 ]
 [0.6283571  0.37164286]
 [0.15154035 0.8484596 ]
 [0.64568156 0.35431853]
 [0.58083034 0.41916963]
 [0.67334265 0.32665738]
 [0.8448828  0.15511721]
 [0.30888438 0.6911156 ]
 [0.6874176  0.31258237]
 [0.68829304 0.31170696]
 [0.32277948 0.6772206 ]
 [0.38138908 0.6186109 ]
 [0.6212692  0.37873077]
 [0.68314475 0.31685525]
 [0.6793341  0.32066584]
 [0.30886766 0.6911323 ]
 [0.6831379  0.31686214]
 [0.3294548  0.67054516]
 [0.28158578 0.7184142 ]
 [0.33166316 0.66833687]
 [0.53670585 0.46329412]
 [0.7441394  0.2558606 ]
 [0.31643143 0.68356854]
 [0.16789964 0.83210033]
 [0.32187217 0.6781278 ]
 [0.4150587  0.58494127]
 [0.683514   0.31648603]
 [0.29394436 0.7060557 ]
 [0.3231667  0.6768333 ]
 [0.67688674 0.32311323]
 [0.677028   0.32297206]
 [0.6780791  0.32192087]
 [0.31642297 0.68357706]
 [0.14829935 0.85170066]
 [0.30912697 0.690873  ]
 [0.67774636 0.32225367]
 [0.3226692  0.67733073]
 [0.32773906 0.672261  ]
 [0.7248369  0.27516314]
 [0.32356414 0.6764358 ]
 [0.6077003  0.3922997 ]
 [0.6475183  0.3524817 ]
 [0.68620974 0.31379026]
 [0.3117045  0.68829554]
 [0.6226483  0.37735167]
 [0.32168788 0.6783122 ]
 [0.6796948  0.3203052 ]
 [0.32615846 0.67384154]
 [0.8015611  0.19843885]
 [0.23887296 0.76112705]
 [0.32284033 0.67715967]
 [0.6786691  0.32133088]
 [0.7125193  0.28748068]
 [0.7341547  0.2658453 ]
 [0.35523623 0.6447638 ]
 [0.68294454 0.31705546]
 [0.72181344 0.2781866 ]
 [0.60283136 0.39716867]
 [0.28747034 0.71252966]
 [0.67509884 0.32490113]
 [0.31260094 0.687399  ]
 [0.47716805 0.5228319 ]
 [0.6935244  0.30647564]
 [0.5172821  0.4827178 ]
 [0.32205263 0.6779474 ]
 [0.65987843 0.34012157]
 [0.6771755  0.3228245 ]
 [0.2941816  0.7058184 ]
 [0.6456004  0.3543996 ]
 [0.30199516 0.69800484]
 [0.3132209  0.68677914]
 [0.6880175  0.31198248]
 [0.780536   0.21946394]
 [0.6354179  0.36458203]
 [0.3118927  0.6881074 ]
 [0.3222397  0.6777603 ]
 [0.5530048  0.44699517]
 [0.3225406  0.67745936]
 [0.33274886 0.66725117]
 [0.31122524 0.6887747 ]
 [0.28811848 0.7118816 ]
 [0.3020089  0.69799113]
 [0.37135562 0.62864435]
 [0.6994396  0.30056038]
 [0.6750431  0.32495695]
 [0.3183473  0.68165267]
 [0.2714089  0.72859114]
 [0.5390855  0.46091446]
 [0.6923997  0.30760035]
 [0.83421963 0.16578043]
 [0.68807083 0.3119292 ]
 [0.6880645  0.31193548]
 [0.8661001  0.13389991]
 [0.26553872 0.73446125]
 [0.32287648 0.6771235 ]
 [0.6777549  0.32224512]
 [0.5438453  0.45615464]
 [0.3226755  0.6773245 ]
 [0.591931   0.408069  ]
 [0.6767455  0.3232545 ]
 [0.51835966 0.48164037]
 [0.6775308  0.32246917]
 [0.31217122 0.6878287 ]
 [0.31539345 0.6846065 ]
 [0.27351058 0.7264895 ]
 [0.7327307  0.26726928]
 [0.2673224  0.73267764]
 [0.6777893  0.32221073]
 [0.15033658 0.8496634 ]
 [0.34006763 0.65993243]
 [0.6399219  0.36007813]
 [0.7456287  0.25437126]
 [0.3111785  0.6888215 ]
 [0.6701025  0.32989752]
 [0.51095486 0.48904517]
 [0.2950607  0.7049393 ]
 [0.18583365 0.81416637]
 [0.32274646 0.67725354]
 [0.33368513 0.66631484]
 [0.33371547 0.6662845 ]
 [0.25280327 0.74719673]
 [0.31975788 0.6802421 ]
 [0.6821338  0.3178662 ]
 [0.23128848 0.76871157]
 [0.6826408  0.3173592 ]
 [0.3955112  0.6044888 ]
 [0.6095325  0.39046752]
 [0.32835045 0.6716496 ]
 [0.52235    0.47765   ]
 [0.6828971  0.31710297]
 [0.6716621  0.32833794]
 [0.31672156 0.68327844]
 [0.22707891 0.77292114]
 [0.3222117  0.6777882 ]
 [0.67314625 0.32685378]
 [0.78366965 0.21633038]
 [0.63314635 0.36685362]
 [0.3613877  0.63861233]
 [0.6718085  0.3281915 ]
 [0.3007847  0.69921523]
 [0.3826769  0.6173231 ]
 [0.4486015  0.5513985 ]
 [0.32653314 0.6734669 ]
 [0.523863   0.47613698]
 [0.30001798 0.69998205]
 [0.6402242  0.35977572]
 [0.7392922  0.2607078 ]
 [0.42855105 0.57144886]
 [0.32886755 0.67113245]
 [0.31671047 0.6832895 ]
 [0.23771796 0.762282  ]
 [0.32624692 0.6737531 ]
 [0.73898935 0.2610107 ]
 [0.27075094 0.7292491 ]
 [0.78593874 0.21406125]
 [0.6712394  0.32876062]
 [0.31896767 0.6810323 ]
 [0.6836135  0.31638652]
 [0.3169649  0.6830351 ]
 [0.1419765  0.8580236 ]
 [0.4614534  0.53854656]
 [0.3281874  0.6718126 ]
 [0.32832178 0.67167825]
 [0.31811553 0.68188447]
 [0.31972474 0.6802753 ]
 [0.30250865 0.69749135]
 [0.30309445 0.6969056 ]
 [0.31733686 0.6826631 ]
 [0.32340306 0.67659694]
 [0.65675676 0.34324318]
 [0.68347853 0.31652153]
 [0.6824072  0.3175928 ]
 [0.31750703 0.6824929 ]
 [0.40533972 0.5946603 ]
 [0.543633   0.45636708]
 [0.32861522 0.6713848 ]
 [0.6716588  0.3283412 ]
 [0.23263176 0.76736826]
 [0.31716672 0.68283325]
 [0.27166083 0.7283392 ]
 [0.7669852  0.23301487]
 [0.7593513  0.24064867]
 [0.60170406 0.39829597]
 [0.721401   0.278599  ]
 [0.47494563 0.52505434]
 [0.3696824  0.63031757]
 [0.3283419  0.6716581 ]
 [0.32549584 0.67450416]
 [0.7128457  0.28715438]
 [0.32833955 0.6716605 ]
 [0.45261452 0.5473855 ]
 [0.30977413 0.69022584]
 [0.30934265 0.6906574 ]
 [0.33017033 0.6698296 ]
 [0.318705   0.681295  ]
 [0.6702822  0.3297178 ]
 [0.3559728  0.64402723]
 [0.52058566 0.47941434]
 [0.6531895  0.3468105 ]
 [0.6822295  0.31777045]
 [0.6749319  0.32506815]
 [0.6716933  0.3283067 ]
 [0.33679917 0.6632008 ]
 [0.31658927 0.68341076]
 [0.31629616 0.68370384]
 [0.5768157  0.42318425]
 [0.5758566  0.42414334]
 [0.5168002  0.4831998 ]
 [0.67297286 0.3270271 ]
 [0.57688016 0.4231199 ]
 [0.33023515 0.6697649 ]
 [0.4668552  0.53314483]
 [0.61810654 0.3818935 ]
 [0.48495424 0.51504576]
 [0.72028303 0.2797169 ]
 [0.795781   0.20421895]]
/home/gb21553/miniconda3/envs/jax/lib/python3.12/multiprocessing/popen_fork.py:66: RuntimeWarning: os.fork() was called. os.fork() is incompatible with multithreaded code, and JAX is multithreaded, so this will likely lead to a deadlock.
  self.pid = os.fork()
        Validation Criterion: 3436.50170898
